371875 349401 336151 316528 284846 301091 291116 251705 278805 258984 225335 236367 229081 222778 215891 206429 188795 186977 153698 167342 163970 155001 143707 129787 136493 128420 125093 117113 113245 105391 104002 100964 97402 99858 91505 94396 89971 85767 83012 72772 77822 77955 77280 73542 71007 70189 66104 61629 63937 56869 56779 50974 53252 52939 50862 50862 44652 45854 44702 43710 39271 39411 37829 37888 38054 34790 37524 33039 33465 32227 32874 31793 30698 28244 27177 27098 25586 26336 25908 24281 23537 22904 21926 20491 19721 20082 18887 18162 18390 16937 17513 16357 16476 14681 15805 14901 15070 14131 12958 13101 12281 12829 12618 11609 12338 12034 11400 10569 10466 10937 10422 10417 9868 9811 9583 8813 8784 8203 7347 8245 7107 7382 7486 7088 7449 6348 6479 6223 6372 6254 5736 5651 5615 5643 5526 5389 5349 4962 4500 4726 4456 4114 4265 4276 4243 3891 3725 3557 3537 3470 3709 3213 3280 3185 3133 3069 2964 2795 2634 2693 2615 2578 2584 2470 2332 2258 2387 2332 2231 2119 2149 1928 1966 1907 1856 1753 1809 1737 1660 1434 1515 1561 1525 1464 1426 1368 1362 1349 1312 1224 1132 1117 1110 1132 1109 1072 1007 1041 1022 936 941 918 910 865 846 783 785 793 781 758 732 711 686 663 658 633 614 579 557 547 543 520 537 500 497 459 452 462 432 426 393 426 407 399 385 356 363 365 320 353 307 295 303 305 300 271 268 247 246 256 239 232 220 226 212 217 209 206 198 177 192 188 172 174 164 164 162 161 147 146 145 136 133 133 133 129 120 122 123 121 111 108 107 106 103 97 96 97 96 92 91 90 82 81 78 78 70 75 68 69 68 62 61 62 58 54 58 55 56 53 50 49 48 47 45 43 43 43 40 38 34 35 35 34 31 32 31 29 32 31 29 29 30 28 27 26 27 26 25 24 23 23 22 21 21 20 19 19 19 18 19 18 17 16 16 15 15 15 15 14 14 13 13 12 12 12 10 11 10 11 11 9 10 10 9 9 9 8 9 8 8 7 8 7 7 7 7 6 7 6 6 6 6 6 6 5 5 5 5 5 5 5 4 4 4 4 4 4 4 4 4 4 4 3 3 3 3 3 3 3 3 2 2 2 2 2 2 2 2 2 2 2 2 2 2 2 2 2 2 1 1 1 1 1 1 1 1 1 1 1 1 1 1 1 1 1 1 1 1 1 1 1 1 1 1 1 1 1 1 1 1 1 1 1 1 1 1 1 1 1 1 1 1 1
82 56 71 95 70 46 89 68 91 72 99 84 64 25 63 28 88 20 55 40 58 65 44 90 75 97 39 74 24 48 96 13 53 78 32 57 29 51 8 6 83 45 22 30 73 87 5 59 81 49 86 34 17 54 36 3 12 43 69 76 60 85 33 47 1 10 37 52 94 27 80 92 35 21 26 41 79 50 15 61 67 11 62 2 14 77 9 100 31 98 66 19 23 18 93 16 38 42 7 4
87 58 30 47 68 25 29 48 34 39 99 84 18 10 63 36 75 20 14 65 41 92 23 90 21 6 74 45 19 3 56 2 16 46 98 33 78 64 62 38 40 24 79 88 86 22 8 72 44 82 17 1 97 70 69 60 26 50 80 55 4 94 85 27 59 9 71 52 73 28 100 37 12 53 67 7 83 13 95 61 35 43 49 51 32 91 76 77 15 66 11 54 96 81 93 57 89 42 31 5
28 55 29 67 12 17 71 64 49 41 3 69 81 66 63 99 57 86 35 70 90 56 48 45 37 1 94 82 30 11 51 96 100 87 40 60 62 39 76 92 24 33 84 93 38 46 80 68 89 26 75 9 83 20 36 8 65 13 98 77 14 85 54 27 97 34 2 16 52 5 53 21 10 44 73 91 42 50 32 6 23 78 47 59 61 79 43 22 74 72 95 15 31 18 4 58 7 25 19 88
12 79 98 9 13 54 93 29 7 6 22 20 64 90 1 46 52 69 34 72 26 70 76 56 14 83 41 24 77 97 68 61 63 15 8 33 71 28 57 100 73 50 4 81 75 85 5 18 66 30 67 25 44 11 43 17 89 3 39 62 88 86 23 47 45 96 19 65 55 58 21 40 16 38 95 53 35 80 94 31 78 87 42 74 82 36 84 10 59 48 32 27 92 37 49 51 91 2 99 60
7 45 85 20 76 48 12 35 89 67 6 98 14 8 71 42 41 23 70 18 33 79 57 3 2 39 40 36 47 49 63 13 81 28 86 19 46 51 59 44 69 9 87 43 96 92 37 83 53 56 60 99 88 15 100 25 24 52 30 21 58 64 16 77 1 75 80 74 73 54 94 22 68 93 32 10 26 91 66 78 38 61 90 55 5 72 27 65 84 95 11 17 82 50 31 4 34 62 97 29
58 22 30 82 61 2 49 6 19 90 64 72 24 79 81 17 36 86 85 41 44 84 13 94 45 95 23 35 3 67 92 54 50 40 18 70 48 27 20 37 73 55 51 5 7 87 47 78 56 65 57 89 9 14 28 68 52 10 80 97 77 32 33 12 75 21 31 63 62 74 16 8 42 43 83 59 99 100 38 91 53 11 76 71 66 88 4 46 1 25 29 34 96 15 26 93 39 98 60 69
26 65 59 69 50 39 22 84 45 48 52 76 97 71 38 85 75 17 55 13 58 16 47 51 74 99 1 60 23 21 91 78 28 46 57 30 96 2 81 62 9 33 86 3 25 10 37 68 14 87 90 72 53 89 66 40 12 35 67 82 98 100 44 73 43 6 56 88 20 34 80 36 79 64 11 41 15 63 27 29 24 18 83 92 19 94 8 70 95 42 7 4 93 31 77 32 54 49 5 61
39 42 71 97 20 23 55 45 17 70 98 87 48 88 35 90 66 31 77 26 5 95 30 32 40 56 60 62 65 72 16 9 79 1 50 57 68 59 94 63 7 85 2 91 69 75 64 29 76 78 54 28 37 38 34 82 58 80 13 14 12 25 18 27 22 92 33 73 53 46 93 6 4 81 41 19 52 89 36 3 84 51 61 10 47 8 99 24 100 21 15 43 67 44 83 74 11 86 49 96
34 83 41 14 23 28 8 93 66 40 99 2 7 24 29 94 98 21 52 4 72 12 10 35 30 63 81 74 43 38 3 22 64 54 97 67 39 60 82 11 58 68 79 73 36 5 80 15 16 57 45 31 65 75 19 32 87 69 50 26 53 48 55 6 25 37 86 96 59 78 27 95 62 70 92 20 51 77 89 90 47 88 85 76 56 17 13 84 18 61 71 9 46 91 42 100 33 1 44 49
85 56 35 70 52 77 24 71 96 49 14 31 19 40 5 51 13 6 4 23 39 44 26 8 7 57 33 99 45 37 94 73 12 87 82 72 46 11 36 15 67 92 64 83 60 28 62 16 34 59 69 1 21 68 41 29 88 65 38 55 54 42 50 91 48 18 2 97 61 100 89 3 84 78 90 22 53 30 43 93 27 47 98 79 10 66 9 74 20 76 86 95 75 58 81 17 80 63 32 25
44 53 49 45 57 55 96 46 36 69 9 95 50 97 63 72 6 34 37 90 85 47 19 86 71 7 11 93 15 64 62 80 54 79 43 35 56 70 75 81 24 28 31 30 51 48 12 59 99 65 18 3 74 94 25 26 1 8 2 16 39 27 87 84 92 68 60 13 4 76 61 41 58 66 91 21 100 22 32 82 89 5 42 38 14 77 78 40 29 88 52 33 23 73 67 83 98 10 17 20
5 9 95 31 8 79 52 28 87 77 65 100 60 39 64 4 16 15 91 32 66 72 37 47 44 85 71 41 24 62 34 86 43 80 83 94 19 25 11 17 54 59 55 75 6 46 99 35 18 56 74 78 1 67 3 13 51 30 20 42 49 63 10 2 76 88 70 26 68 98 14 7 36 21 45 69 40 61 23 84 96 82 50 90 48 89 92 12 57 97 53 22 33 81 58 27 38 73 29 93
12 71 54 10 19 36 70 21 34 81 49 45 66 68 79 23 88 42 85 67 80 3 5 41 27 72 46 16 75 96 20 57 39 92 4 47 97 64 13 38 77 9 44 11 40 32 43 73 78 33 22 50 94 100 6 52 63 14 37 91 76 35 1 82 8 25 84 69 30 48 17 31 99 87 59 7 24 95 28 98 55 74 18 65 60 56 89 29 2 62 61 83 90 86 93 51 26 58 53 15
87 57 85 30 83 65 38 25 18 11 66 42 33 56 1 64 100 5 23 39 94 50 99 46 4 34 36 44 76 13 67 20 80 24 89 90 51 19 78 28 15 88 70 79 17 29 71 81 68 82 97 37 58 54 49 92 93 86 47 6 63 14 95 22 98 48 9 3 7 69 32 53 8 2 73 74 91 60 52 61 59 26 62 35 40 96 41 72 31 27 43 77 84 55 16 75 12 45 21 10
16 55 26 96 58 59 68 19 32 92 91 8 10 69 20 93 89 85 94 28 56 67 9 14 49 97 95 24 51 31 18 76 65 7 73 54 47 75 33 39 41 48 13 87 64 90 6 100 44 99 79 98 72 78 21 81 82 71 53 52 23 50 80 88 1 12 29 43 34 62 30 35 45 60 84 63 61 57 15 37 66 40 36 70 46 11 3 86 83 38 74 2 42 77 17 25 22 5 27 4
77 48 98 28 73 87 89 92 78 22 43 29 70 10 59 37 11 40 30 83 18 17 27 24 31 46 80 33 90 71 61 95 1 14 5 65 79 52 68 96 44 6 3 39 35 66 81 74 63 19 32 21 25 20 51 91 36 12 69 88 67 94 38 86 57 8 49 75 72 23 2 85 41 45 55 76 13 7 56 4 42 54 58 47 34 93 100 97 16 9 50 26 82 60 15 64 62 53 99 84
81 89 3 5 16 38 25 87 43 33 83 52 67 98 53 6 42 66 12 76 11 1 72 97 22 91 39 80 19 24 63 48 99 70 92 9 7 44 84 34 14 2 90 31 23 55 60 75 94 49 88 56 41 26 36 59 50 93 30 58 69 95 86 68 20 62 13 32 10 35 47 77 54 96 18 100 79 29 85 57 82 46 27 61 17 74 4 71 64 45 8 21 15 37 73 40 51 28 65 78
9 59 77 99 54 46 23 53 17 18 36 20 22 51 71 62 95 75 47 57 8 31 24 90 56 96 15 66 87 70 6 84 88 83 94 80 49 72 69 41 74 3 1 7 67 26 42 12 13 30 86 91 81 32 98 60 10 16 27 63 34 78 39 76 82 79 58 21 33 43 100 73 2 37 65 92 44 93 97 40 29 35 64 45 25 85 68 38 52 5 11 19 4 28 55 14 61 50 89 48
64 70 50 54 80 20 26 40 97 47 13 84 44 21 2 35 65 32 82 91 63 41 22 96 68 8 28 75 33 79 56 46 85 5 88 15 71 78 67 4 83 62 61 100 86 7 59 89 66 29 23 9 49 99 57 77 72 74 24 53 60 52 98 95 18 36 69 16 55 27 45 11 30 14 10 19 42 25 76 34 73 39 37 51 38 87 94 58 12 81 1 93 92 3 43 90 48 17 6 31
61 32 46 16 10 11 79 88 69 30 4 48 37 55 33 41 57 20 26 98 82 42 49 21 65 89 67 22 9 76 51 2 83 62 17 8 86 39 93 74 59 60 29 12 73 96 72 34 14 31 71 92 38 7 97 3 25 91 100 66 80 24 5 64 77 50 15 6 52 63 1 36 19 47 54 85 81 58 94 78 40 84 95 44 87 13 27 68 53 99 90 28 43 45 75 35 70 56 23 18
86 11 9 71 44 96 87 47 81 85 58 23 79 88 92 98 94 56 5 78 29 57 36 43 51 67 42 34 63 60 35 70 52 73 95 3 32 62 55 26 40 50 2 66 83 17 61 69 54 45 80 22 8 25 75 6 76 39 77 72 13 38 97 89 37 93 27 59 16 28 20 4 64 68 30 10 99 74 21 100 1 24 84 41 15 90 65 33 46 31 49 18 53 19 91 48 14 12 7 82
96 93 49 47 11 27 46 81 52 9 20 53 30 67 80 71 5 36 10 62 45 98 28 88 42 12 13 68 41 73 85 66 29 32 78 18 25 63 61 24 69 82 14 2 70 99 8 48 39 21 75 64 89 15 100 16 65 55 4 35 31 7 54 56 60 76 43 92 38 95 34 22 33 6 86 57 77 40 37 1 83 3 17 50 58 59 90 94 87 23 26 51 72 74 79 97 44 84 19 91
28 72 14 59 85 22 16 67 61 56 47 39 53 79 74 77 84 60 80 15 92 70 93 58 21 55 9 82 8 69 83 6 68 33 87 100 78 41 23 65 30 51 38 89 96 1 76 94 81 12 27 7 50 13 91 86 49 4 57 24 32 73 34 19 46 66 37 64 63 29 48 52 88 20 62 95 18 3 42 97 17 36 45 26 75 43 71 10 5 98 25 54 31 2 44 99 35 40 90 11
88 73 29 19 2 52 82 34 8 55 21 1 72 74 4 12 3 51 60 5 9 16 14 84 32 44 24 61 62 78 77 98 53 81 11 27 57 36 80 87 63 94 22 93 95 25 39 71 89 20 54 68 75 30 17 46 42 50 70 65 90 69 6 33 67 56 76 23 91 99 31 15 59 7 40 43 45 100 66 58 28 83 47 18 13 10 97 37 48 41 85 38 49 26 86 79 96 64 35 92
68 12 79 18 70 78 73 26 31 2 3 64 28 63 43 69 62 9 49 21 22 77 83 59 33 1 38 81 30 74 46 96 13 86 40 56 16 34 47 25 75 58 87 29 61 5 10 99 53 71 20 52 45 23 66 15 24 60 98 51 41 85 48 93 14 7 95 91 76 80 39 94 17 90 82 8 100 65 36 6 97 50 35 19 55 92 84 27 54 37 32 67 44 89 11 4 72 42 57 88
97 46 38 40 12 71 91 14 64 29 6 30 23 96 45 1 21 10 86 84 33 9 39 36 28 65 25 90 88 19 75 42 3 51 8 50 73 77 62 20 80 15 27 47 72 76 58 31 56 98 57 99 78 70 83 13 68 94 35 22 66 89 49 63 61 17 92 81 87 2 16 32 44 41 24 53 59 54 34 52 26 85 4 55 95 79 60 11 74 67 69 100 37 82 48 5 7 43 18 93
95 51 82 61 1 91 19 68 84 39 46 83 42 25 93 10 99 17 54 69 49 80 63 73 48 98 77 36 40 50 87 37 47 15 57 96 13 55 100 6 62 85 5 32 75 34 92 86 33 26 18 65 29 60 89 64 35 81 71 21 88 4 16 66 24 27 94 56 44 30 53 67 20 38 7 78 28 2 14 76 22 58 9 23 11 97 70 59 8 79 41 52 45 90 31 12 74 72 43 3
38 100 63 39 87 10 51 23 88 58 24 74 1 32 34 20 30 57 14 72 79 65 56 93 69 27 53 78 44 35 16 61 59 64 60 33 47 46 90 40 2 99 75 5 31 19 18 76 52 11 3 97 12 36 9 26 85 84 80 8 4 45 73 81 22 96 55 41 42 25 7 6 89 50 98 91 17 68 54 49 62 28 92 48 43 86 83 21 82 66 77 71 94 95 37 29 15 13 67 70
3 61 100 67 64 4 12 16 37 53 73 36 95 60 81 76 52 62 43 46 24 54 79 1 50 6 74 15 38 47 86 13 19 55 32 83 93 10 40 44 71 2 68 88 28 85 21 17 58 75 7 25 97 29 84 82 48 11 42 34 22 77 14 27 87 91 80 94 69 92 35 49 56 63 89 59 66 51 18 31 23 70 41 99 96 57 8 65 33 72 98 30 20 39 90 78 45 26 9 5
92 47 17 89 55 69 88 48 30 7 22 26 5 90 72 27 66 4 70 60 32 33 81 67 82 87 97 94 25 51 15 31 16 41 98 63 46 37 38 35 36 62 23 99 58 77 57 95 61 6 13 79 73 84 43 75 52 3 1 59 11 86 85 2 80 71 40 50 100 54 9 28 53 93 74 12 83 29 19 42 78 49 56 64 68 44 45 34 76 21 20 8 10 18 14 39 65 24 91 96
27 54 60 75 38 8 29 55 89 35 39 25 87 73 32 95 92 14 66 67 41 24 76 7 37 68 1 91 28 42 96 80 30 11 48 57 6 84 36 100 83 98 63 18 45 86 5 72 99 85 52 44 51 90 69 17 97 53 15 49 62 61 82 12 23 16 71 79 31 50 56 40 74 3 46 4 47 22 33 21 58 65 34 81 88 2 43 78 93 19 70 64 13 9 20 26 10 94 77 59
40 88 71 73 68 92 47 78 66 75 1 58 41 82 7 32 10 27 87 81 46 56 86 100 12 5 20 63 96 29 14 99 35 26 19 42 62 97 37 31 76 24 79 17 57 83 69 60 74 8 90 67 23 64 53 25 9 80 34 95 36 21 70 33 38 85 54 55 93 84 77 91 30 44 43 39 65 6 51 2 3 15 49 98 61 45 18 22 11 50 16 89 48 72 4 28 94 59 13 52
25 58 93 24 72 7 27 74 48 44 68 92 18 12 98 67 45 1 32 96 30 55 33 28 9 14 43 79 82 90 37 50 22 78 10 84 85 51 21 66 54 36 17 70 94 61 59 39 86 80 60 3 46 38 11 35 8 13 2 19 49 29 65 40 97 5 23 34 99 81 69 56 16 53 41 6 52 75 77 20 91 4 88 57 71 83 76 89 26 42 15 63 73 100 62 87 64 47 31 95
54 79 7 80 5 34 56 77 36 76 33 91 14 86 3 72 9 46 35 44 38 88 17 30 70 43 37 57 99 27 65 53 73 1 22 61 8 68 51 93 59 45 85 71 69 89 25 52 84 48 67 47 49 97 42 29 21 19 39 32 12 58 92 98 31 78 4 18 15 20 94 81 83 74 26 41 96 13 95 63 87 6 11 2 90 28 24 100 62 82 66 10 40 55 64 16 23 60 50 75
85 53 37 41 51 44 55 38 87 49 50 28 45 72 21 33 36 23 46 80 90 69 57 81 68 77 61 99 31 82 7 24 93 43 56 26 97 86 39 75 16 6 8 11 3 62 95 83 60 94 25 34 47 9 96 1 89 65 13 92 14 2 84 100 48 79 91 74 73 59 18 64 66 42 4 58 29 70 22 12 27 63 78 10 32 71 52 17 15 88 76 35 67 40 98 30 54 19 5 20
43 33 84 26 32 98 4 13 49 70 11 14 64 30 54 42 78 76 83 51 69 79 29 17 63 15 8 50 5 59 12 16 72 44 25 91 96 27 52 45 35 18 6 81 36 82 88 41 48 58 47 60 19 10 34 31 80 74 67 46 7 100 71 73 28 97 2 95 94 56 21 37 86 40 39 3 20 38 68 66 92 9 61 77 62 65 57 55 23 75 24 99 93 22 1 53 85 89 87 90
1 65 99 42 20 55 71 83 63 82 49 75 89 66 61 22 11 93 16 86 59 19 23 3 10 31 85 45 91 64 21 54 51 28 15 12 29 57 41 76 14 95 62 25 38 70 50 56 24 96 69 37 40 7 97 87 26 8 18 13 4 43 27 58 72 9 73 52 84 53 79 92 5 98 67 33 34 44 2 60 35 81 90 94 6 39 77 46 36 74 48 17 30 47 68 100 88 80 78 32
82 31 59 84 33 58 20 99 18 6 37 93 83 53 48 85 25 50 81 91 73 2 22 94 75 10 89 56 13 5 29 79 26 76 86 39 34 71 11 49 69 92 51 3 42 38 24 21 97 9 27 43 8 63 95 40 41 14 32 17 28 30 66 77 100 36 12 46 90 60 80 88 35 67 64 23 45 72 44 7 55 61 68 74 65 78 54 70 87 16 4 15 96 62 19 57 98 52 1 47
4 70 67 57 61 19 96 18 74 89 82 98 56 71 35 2 6 36 41 95 34 78 81 40 79 7 29 43 16 80 94 52 100 42 62 5 31 91 75 21 66 59 73 50 88 48 47 87 20 86 22 51 45 54 55 77 90 63 37 76 9 23 33 39 99 28 53 92 25 65 97 84 12 10 14 27 85 15 58 69 83 1 44 3 26 32 72 24 30 17 68 49 60 13 46 93 11 38 64 8
37 16 30 65 42 79 75 76 1 87 97 89 40 8 36 19 44 47 15 71 74 35 46 14 22 26 11 12 50 100 24 82 54 85 18 60 48 13 25 73 53 51 86 98 78 69 64 7 3 52 17 20 67 41 45 94 58 32 31 62 43 93 23 95 2 84 56 33 4 96 38 21 91 66 83 34 80 63 6 59 9 92 39 72 5 55 99 28 10 68 61 81 88 70 77 90 29 57 49 27
73 90 13 100 97 36 49 82 19 51 54 60 7 22 68 28 43 89 75 74 11 86 44 38 67 39 69 30 1 17 4 63 79 56 55 70 91 59 94 52 96 41 92 62 50 78 35 8 18 65 45 24 98 16 23 99 57 93 25 47 48 12 87 9 64 15 88 76 71 66 58 46 85 29 77 81 26 53 84 5 6 10 83 80 14 37 61 40 34 31 2 21 32 27 95 72 42 20 3 33
44 64 54 4 13 85 100 21 24 15 12 80 19 47 96 46 60 66 74 70 89 92 45 99 28 1 7 35 65 48 43 94 33 68 36 77 79 50 67 55 90 53 18 73 25 75 51 78 23 97 59 72 16 3 49 69 6 52 86 57 40 56 34 83 88 10 30 2 98 71 26 76 9 87 37 61 14 41 29 17 84 95 27 91 38 11 42 32 81 8 82 5 22 63 93 58 20 39 62 31
64 22 73 54 83 35 57 86 97 67 100 12 50 31 38 44 55 21 88 40 19 7 32 47 49 17 93 14 18 39 11 62 92 72 43 76 37 70 56 63 91 96 53 16 82 10 94 65 45 81 51 23 99 28 25 9 77 4 36 71 20 66 6 84 89 3 78 59 41 42 61 8 90 2 95 24 15 87 27 79 34 75 30 13 48 46 5 52 60 85 1 33 58 74 26 98 80 29 68 69
71 92 74 37 77 16 26 91 96 48 52 90 59 58 30 6 95 20 73 76 18 70 31 54 2 8 32 13 83 97 67 55 63 79 64 35 56 100 14 7 19 87 21 43 12 57 86 28 40 47 41 89 34 99 94 80 72 3 4 84 42 17 85 11 44 69 33 39 1 27 45 93 22 75 10 15 53 61 60 50 29 23 38 51 49 36 46 98 25 81 78 88 68 82 5 62 66 65 24 9
7 39 25 47 84 100 2 66 34 19 99 56 80 15 92 17 3 32 96 18 63 58 59 46 72 44 78 42 27 16 54 30 11 10 50 94 70 14 69 23 67 40 4 91 65 64 43 6 22 28 74 45 38 8 1 48 61 81 33 83 87 95 97 88 98 90 76 13 20 9 37 41 36 21 12 71 79 35 73 77 24 5 60 82 93 52 85 29 26 57 53 51 62 89 49 86 31 75 55 68
15 7 80 90 52 25 87 46 29 88 85 72 77 11 63 91 33 5 48 65 47 41 18 84 51 86 73 55 3 40 32 93 60 61 74 64 4 81 76 71 1 10 39 54 6 23 12 9 27 78 57 98 75 96 19 21 62 99 24 36 2 20 100 22 35 44 69 68 45 26 50 16 42 13 97 17 8 28 43 58 59 66 37 79 31 67 95 56 82 53 34 38 92 14 83 89 70 30 94 49
11 59 82 9 7 87 45 93 92 61 56 15 48 19 79 36 1 34 55 57 5 72 10 81 40 73 27 4 52 8 53 97 94 35 20 67 60 44 50 51 78 25 84 100 13 71 99 18 76 63 3 49 41 42 39 66 38 16 30 14 89 31 43 85 77 32 70 83 62 74 33 95 88 65 91 22 90 80 24 6 37 54 28 17 58 98 2 12 64 47 75 46 29 69 86 68 96 23 21 26
32 19 90 68 1 59 15 50 85 20 44 11 24 6 84 30 41 69 22 26 54 83 89 56 71 55 12 93 77 72 34 95 80 38 3 25 51 94 13 62 73 79 64 42 7 63 76 88 46 66 10 82 37 67 57 52 31 35 60 99 98 91 61 47 43 21 27 65 48 87 40 86 81 39 23 96 49 18 70 9 28 78 36 4 16 5 53 14 33 92 29 2 100 97 75 74 8 17 45 58
76 6 39 85 28 62 50 65 20 34 45 55 94 86 33 90 38 42 80 13 26 46 51 75 4 89 24 69 47 41 18 36 83 40 88 72 74 2 15 37 27 97 12 31 8 22 96 59 67 29 98 95 44 11 9 58 19 92 54 63 100 57 73 81 71 82 25 21 32 5 70 3 78 52 99 35 61 30 48 91 1 53 87 84 60 49 7 68 66 10 93 43 16 23 56 64 77 14 17 79
39 75 11 70 25 54 30 79 69 90 72 49 65 84 5 1 61 6 82 22 80 9 48 63 86 85 10 74 26 20 62 41 27 33 44 4 53 64 43 32 29 28 13 66 100 56 55 3 15 46 24 21 88 94 17 97 67 73 91 77 57 47 40 68 92 60 37 23 76 19 93 7 51 78 81 52 2 58 16 34 96 31 18 59 83 87 14 50 12 99 98 95 89 45 36 35 71 8 42 38
9 55 94 20 93 41 33 30 80 66 60 84 35 42 65 5 13 51 76 83 27 82 72 71 14 98 4 39 12 46 63 22 8 49 97 85 77 56 79 99 44 69 58 15 59 29 90 89 96 67 23 81 78 73 28 17 47 10 21 6 91 64 25 54 26 48 52 61 53 43 1 31 57 3 11 38 18 7 100 19 16 87 95 32 68 70 74 37 2 45 88 62 86 24 40 92 34 50 75 36
13 3 41 74 68 20 52 97 47 25 88 54 100 73 4 10 67 75 77 90 91 26 98 55 33 96 9 62 60 85 27 57 17 21 92 19 86 36 83 15 38 82 28 87 40 31 56 93 32 14 30 70 72 49 7 34 1 61 23 65 58 24 51 76 8 18 39 6 22 12 81 5 99 37 78 64 42 95 59 46 89 2 80 63 11 45 94 69 35 48 44 71 66 50 43 79 16 84 29 53
77 94 5 21 8 32 82 7 22 57 98 73 25 45 59 4 89 16 37 88 52 67 30 72 31 83 38 71 68 79 3 51 85 97 87 47 63 53 58 70 41 29 44 33 39 92 80 75 55 54 1 28 61 26 10 2 36 91 35 24 60 14 49 56 6 65 13 69 34 81 12 62 17 9 86 95 40 50 64 93 11 96 42 78 46 66 99 15 76 23 20 27 18 90 84 19 48 100 74 43
5 98 17 51 10 91 92 56 16 65 63 77 46 12 2 99 84 15 45 41 31 62 19 86 1 54 25 60 38 58 39 69 88 36 71 81 21 11 57 43 64 34 68 82 32 7 6 79 44 30 97 78 50 80 3 8 87 55 70 85 90 94 18 49 76 59 95 37 72 48 4 47 33 14 28 29 27 23 66 20 53 74 89 22 75 96 24 93 100 73 52 42 83 26 67 13 35 40 9 61
87 28 77 71 57 24 44 35 91 40 41 62 79 94 81 18 42 8 60 17 68 3 86 51 12 46 36 99 10 11 93 59 43 65 82 14 49 34 84 9 15 75 27 7 83 1 66 61 98 5 16 80 73 25 6 54 78 30 20 67 63 48 32 64 50 92 29 70 39 100 2 4 19 90 13 21 37 89 38 23 33 88 31 52 47 74 45 58 53 95 69 22 72 76 55 96 26 85 97 56
81 56 68 99 26 14 32 2 43 69 64 1 17 96 18 35 45 70 53 54 9 98 47 49 37 72 65 58 11 23 51 19 12 66 10 15 20 22 82 100 7 67 85 77 95 46 83 34 13 90 75 88 74 84 21 59 16 41 50 60 76 42 93 89 91 94 40 73 30 36 92 48 71 6 24 78 31 57 63 80 52 33 55 97 87 86 39 38 29 62 8 28 5 3 79 27 61 25 44 4
80 42 8 73 2 69 22 51 50 32 7 18 60 74 95 11 98 85 34 4 66 47 36 26 56 97 59 63 33 15 68 5 99 31 83 54 78 72 90 81 79 57 39 12 86 3 16 30 94 20 88 48 89 23 41 37 76 67 19 53 70 27 9 65 75 62 71 43 61 46 24 13 64 55 82 91 1 25 52 49 38 35 45 92 21 77 84 87 28 58 40 100 96 44 17 14 10 93 6 29
2 73 35 89 38 80 25 87 40 41 42 29 23 7 8 61 65 86 36 98 12 57 43 100 11 13 79 78 48 26 83 4 68 88 17 49 71 28 55 92 74 33 90 9 45 94 10 91 66 75 77 1 93 70 37 32 24 96 27 95 69 6 19 72 58 53 97 5 46 76 14 81 54 22 31 20 56 60 85 21 67 47 3 18 34 59 64 39 63 30 16 84 50 15 82 99 51 44 52 62
28 30 15 61 80 38 23 9 33 11 39 95 67 41 75 54 26 73 31 78 44 17 5 7 47 12 40 100 96 49 72 46 69 14 4 32 36 74 29 77 43 88 86 89 70 87 58 90 16 27 53 63 21 81 91 92 65 50 3 42 34 25 98 6 24 66 19 64 55 94 20 59 8 60 62 57 99 37 76 56 82 93 1 85 10 71 13 97 84 52 22 68 79 2 18 83 45 51 35 48
79 45 38 1 70 23 89 6 37 72 24 87 28 13 29 69 97 31 86 33 94 63 49 35 99 53 95 82 15 2 90 76 65 80 42 43 68 77 18 34 40 60 41 83 96 8 57 19 61 71 56 50 81 88 75 44 12 21 47 55 66 52 16 4 59 46 92 91 7 78 27 25 58 20 98 48 67 5 11 3 73 51 84 54 17 93 62 74 22 9 85 64 10 39 30 32 14 26 36 100
88 96 98 19 64 48 8 40 31 9 78 2 97 21 74 37 10 65 66 6 45 12 56 58 18 34 28 68 63 24 41 84 44 75 94 22 25 62 47 35 77 55 38 72 60 86 85 92 89 26 20 73 39 1 87 71 100 82 69 52 54 4 46 16 7 76 93 81 33 99 30 15 95 50 32 67 13 3 36 5 17 79 23 11 43 57 90 27 51 61 49 83 80 29 91 59 53 70 14 42
61 89 99 48 17 10 69 42 7 33 58 46 37 90 55 34 70 9 43 27 82 22 92 97 15 63 60 81 62 4 95 78 16 83 79 87 57 49 68 98 47 5 75 1 67 2 72 35 19 25 13 56 94 32 36 26 88 11 65 51 23 45 28 80 73 50 74 3 77 96 84 29 20 64 40 39 24 38 41 31 71 12 85 100 66 8 86 21 54 76 14 93 6 18 44 52 59 53 91 30
52 40 69 78 54 56 63 45 81 47 28 50 53 82 80 48 68 43 70 62 85 1 27 41 23 91 99 44 64 67 88 33 21 26 57 9 5 39 16 10 84 31 22 75 61 55 30 15 29 87 79 14 83 92 98 86 13 76 17 93 36 11 95 32 3 34 58 96 59 20 100 37 97 38 18 12 77 42 35 94 66 46 6 65 71 2 51 72 74 90 7 89 24 8 73 4 60 19 49 25
26 37 14 39 44 8 62 64 57 98 65 100 52 79 66 83 16 99 87 84 58 31 33 96 30 21 46 61 74 90 42 77 1 70 81 63 9 89 36 91 94 3 23 55 51 38 5 69 50 17 80 85 92 56 68 75 27 12 2 20 22 86 54 82 25 88 43 29 10 35 34 60 41 45 59 53 6 71 15 4 47 18 32 93 19 72 76 11 48 97 95 67 73 49 28 40 7 24 13 78
3 41 9 45 72 82 93 89 95 92 61 34 18 2 64 13 57 22 32 28 7 16 24 83 62 67 23 15 66 5 56 48 73 78 77 33 98 75 59 4 36 70 21 97 1 79 53 31 63 85 39 68 86 14 58 99 50 25 100 35 11 44 80 19 49 8 60 17 52 88 29 27 65 96 30 54 76 12 94 42 40 26 81 71 69 10 37 20 55 84 74 91 51 43 47 6 87 46 90 38
96 26 71 43 11 4 79 92 25 3 8 76 70 72 16 52 94 30 14 39 13 95 63 88 44 40 74 34 41 21 6 9 19 62 89 65 32 58 78 31 100 15 55 45 75 66 18 86 33 49 54 87 53 20 84 48 22 60 57 82 17 68 35 93 38 51 80 24 91 50 46 77 2 85 7 69 81 90 23 1 56 37 47 36 67 83 29 59 42 27 73 99 12 98 61 97 28 64 5 10
12 32 4 94 87 88 98 63 26 30 66 42 95 85 90 23 39 40 79 15 43 44 99 73 27 56 67 5 28 13 35 21 74 81 48 8 14 46 38 1 55 17 18 93 9 41 60 45 34 31 78 58 25 57 51 6 49 84 71 59 53 82 70 86 37 83 50 16 64 29 22 80 89 68 65 92 69 91 97 2 77 11 62 61 96 47 33 7 52 3 24 19 20 10 76 75 36 72 100 54
62 21 100 93 58 68 54 90 64 39 83 94 40 16 15 98 86 60 38 22 24 33 26 1 50 6 80 91 88 31 52 47 81 57 76 55 7 61 10 14 75 32 65 30 3 89 69 2 71 45 82 17 23 36 92 72 96 29 28 66 46 59 41 63 95 56 42 97 8 37 99 53 4 70 34 85 51 77 5 43 49 20 74 73 13 79 27 84 11 19 25 18 87 9 78 48 44 35 67 12
34 83 37 16 85 7 38 49 63 71 22 48 1 46 72 64 96 87 52 94 92 28 79 24 73 68 86 75 40 84 61 66 53 11 19 6 99 3 93 58 30 9 70 27 8 18 21 17 2 33 62 55 51 90 89 4 59 80 77 41 95 35 14 74 23 13 15 26 42 32 31 44 76 43 54 10 39 69 82 97 100 56 98 47 5 29 78 67 88 25 50 60 45 81 20 36 91 12 57 65
68 49 31 88 79 11 52 99 30 87 37 8 44 71 1 9 73 14 26 7 90 50 93 27 42 3 55 13 32 70 16 6 29 47 98 57 19 4 33 74 2 24 94 64 58 20 91 21 56 59 86 92 48 46 100 84 40 53 97 5 81 69 82 61 63 17 89 60 38 23 62 85 80 15 45 66 35 96 65 12 78 43 72 22 95 28 75 10 83 67 41 54 25 34 51 76 39 18 77 36
38 16 95 72 5 2 73 34 89 100 84 30 66 40 22 62 20 53 54 58 49 42 14 6 69 23 48 79 87 76 96 61 59 60 75 83 52 88 21 24 80 94 63 4 57 85 8 81 36 3 65 9 17 29 32 1 10 86 68 97 99 50 55 12 67 64 82 15 51 28 47 11 45 7 74 19 44 13 56 71 43 25 39 35 77 41 26 78 93 98 70 31 37 46 90 91 33 92 27 18
98 23 26 76 67 22 51 53 61 58 9 21 5 75 14 41 88 4 35 72 29 84 50 32 7 27 45 6 86 95 36 70 3 85 33 30 39 37 62 20 87 68 8 10 28 97 2 71 79 57 18 94 12 15 66 25 42 69 13 44 80 19 77 73 81 11 31 47 65 63 56 40 82 17 60 43 64 93 89 83 38 24 99 90 74 34 92 100 46 54 91 52 49 16 48 78 55 1 59 96
47 4 65 24 20 46 77 11 53 5 67 36 42 32 69 94 99 10 97 18 88 74 37 43 66 57 14 41 30 35 75 98 70 82 50 84 15 78 3 76 71 29 17 21 64 25 92 44 87 96 7 12 6 100 2 27 51 54 48 34 31 72 86 91 61 52 68 89 56 49 95 39 59 81 8 73 93 45 79 38 58 83 55 16 63 13 9 33 85 40 90 26 23 60 19 80 22 62 1 28
60 85 29 40 37 3 42 71 78 77 73 70 33 83 26 20 9 27 30 23 5 35 28 82 6 95 53 36 34 51 86 81 52 32 18 99 16 10 96 67 24 50 79 94 87 11 39 100 8 72 2 4 58 59 74 7 54 66 98 88 45 89 12 69 22 14 49 93 48 90 64 75 56 47 92 1 57 68 25 76 46 44 17 19 61 91 97 65 62 21 55 63 41 80 38 43 15 13 31 84
42 78 70 57 19 44 91 4 8 17 80 74 48 62 45 95 30 54 49 97 33 24 76 53 21 29 20 37 25 73 77 5 26 87 23 27 94 52 86 66 22 55 64 14 47 61 98 16 81 82 40 31 18 34 83 56 85 13 6 58 1 38 50 92 79 12 99 75 63 84 35 2 69 93 71 46 28 100 59 89 67 39 65 72 9 90 36 51 96 41 3 10 88 32 15 11 68 43 7 60
14 29 49 18 76 71 70 59 88 67 4 85 81 8 91 89 52 57 47 69 72 56 13 39 82 36 94 12 5 75 24 17 40 46 100 20 30 96 2 45 62 34 53 98 23 99 61 87 55 73 32 54 31 10 93 80 25 6 43 33 3 63 38 27 65 7 86 50 22 66 9 64 21 92 84 74 58 51 19 95 26 90 35 97 79 44 68 42 78 16 48 77 1 37 11 41 83 28 60 15
5 57 50 82 43 27 24 88 87 19 13 83 11 60 20 79 44 64 10 41 52 69 61 36 32 34 90 97 80 78 92 2 47 51 31 7 12 65 66 21 68 14 73 18 100 28 22 74 86 98 15 33 46 30 96 85 93 71 38 72 39 81 48 40 84 75 56 63 99 53 17 67 16 77 58 8 9 70 3 59 94 29 4 45 26 55 23 89 1 6 76 35 91 95 37 25 54 42 62 49
6 19 63 15 41 17 80 84 62 2 3 64 56 97 53 70 36 88 89 30 83 27 66 67 81 65 77 55 31 47 38 82 50 92 96 61 48 35 23 40 16 58 60 99 13 98 9 93 20 86 71 49 29 75 7 34 39 85 37 46 12 78 24 95 45 68 21 79 69 54 73 91 28 44 90 72 26 74 33 52 8 59 1 10 18 100 57 22 43 42 87 11 4 25 14 51 5 76 32 94
58 72 41 75 34 1 71 76 84 48 68 69 31 53 32 43 40 26 16 83 79 85 60 3 74 28 33 35 99 54 93 37 24 7 56 67 27 19 61 11 63 45 14 87 98 51 50 12 78 9 90 70 97 89 18 82 8 2 39 49 77 96 23 10 80 25 55 5 20 15 91 36 44 73 62 6 30 81 100 13 42 17 64 59 88 46 52 95 94 38 66 4 22 86 21 65 47 57 29 92
35 61 32 17 54 78 20 87 3 44 19 52 72 25 71 7 74 33 4 76 38 18 9 28 65 46 75 77 13 37 12 1 97 86 11 80 85 63 92 8 96 67 55 47 73 70 24 89 39 15 48 99 94 60 43 40 66 90 23 22 49 42 51 2 93 45 84 88 34 31 69 21 29 41 53 59 91 6 83 68 16 82 58 81 56 62 50 5 57 79 14 30 64 100 36 26 27 10 98 95
16 51 5 84 64 47 75 38 66 70 32 20 98 36 48 71 21 56 81 90 4 2 83 8 92 76 85 45 44 82 91 10 30 15 24 50 68 13 100 25 29 46 34 79 43 19 95 96 53 11 26 1 99 27 69 97 9 78 35 40 14 3 61 33 60 6 73 57 87 80 7 49 39 74 17 58 72 22 86 18 89 93 42 41 55 94 67 28 23 37 77 12 31 59 88 54 62 63 65 52
95 48 94 97 93 98 68 28 1 29 6 89 36 69 35 51 67 17 44 71 8 19 46 15 9 18 59 42 23 62 26 20 87 76 70 54 37 40 39 73 53 82 31 2 78 49 55 63 24 52 61 81 10 13 45 60 57 74 83 21 88 85 65 25 11 43 91 99 84 30 90 56 79 33 7 50 96 75 14 66 41 58 80 38 86 92 4 47 5 72 32 34 77 12 16 22 100 27 64 3
86 11 79 38 68 61 2 47 67 55 97 26 45 98 34 27 35 23 93 81 74 30 57 90 48 87 100 14 92 46 70 13 72 24 36 85 49 80 99 6 58 88 4 95 31 83 78 76 54 12 25 65 7 37 41 94 20 75 42 9 33 21 10 96 19 16 44 51 1 71 18 28 84 53 59 3 17 60 29 63 82 52 77 64 32 89 43 40 91 50 15 8 62 73 5 39 56 69 22 66
87 24 13 30 50 57 15 46 48 7 69 51 10 68 98 19 62 90 23 74 54 47 49 21 17 26 43 20 82 29 37 80 28 25 78 5 53 86 85 75 9 36 92 60 94 44 42 56 58 14 1 3 79 38 40 35 71 65 67 91 41 27 96 100 97 93 12 70 76 95 16 22 31 66 89 61 52 32 6 11 72 2 18 99 34 39 83 45 8 88 33 81 84 77 4 63 64 59 55 73
40 50 48 60 61 96 33 51 52 56 21 55 41 22 36 77 100 31 91 19 46 86 27 30 57 97 15 26 35 69 14 73 54 59 93 90 74 25 13 65 11 10 1 17 12 82 37 83 99 5 42 7 88 9 39 45 89 8 80 32 67 71 92 53 4 84 94 6 62 98 75 43 2 63 81 34 20 29 95 79 3 47 76 70 72 68 18 24 16 85 28 66 44 58 64 87 38 49 78 23
80 58 30 59 51 45 83 78 32 49 7 98 64 66 12 3 63 85 34 86 68 88 91 93 27 43 42 62 75 100 21 99 5 9 60 47 56 41 14 44 19 81 6 16 50 17 11 8 84 65 52 79 67 77 53 15 35 55 70 13 25 4 31 39 57 37 92 61 73 69 89 94 97 36 82 23 1 18 28 29 96 22 38 48 90 20 72 71 95 10 2 87 46 40 33 74 76 54 24 26
85 3 74 8 13 65 27 97 47 34 1 53 92 63 21 57 79 70 75 95 30 83 98 14 44 38 58 90 9 16 15 96 22 54 64 19 73 36 50 41 7 18 12 81 59 76 62 77 46 29 17 88 45 94 20 87 26 39 31 48 28 68 66 11 56 10 23 2 91 25 93 6 4 55 78 100 49 40 24 69 33 51 86 52 35 5 71 80 67 99 61 32 60 84 43 37 72 89 42 82
88 39 25 67 8 92 96 7 17 66 12 62 87 30 3 93 22 5 48 54 69 78 10 55 33 99 41 56 4 60 68 86 35 73 95 26 77 57 83 49 75 85 84 100 71 6 59 27 74 81 45 20 98 2 91 21 52 61 63 16 32 14 1 51 82 9 97 13 53 19 38 23 64 42 34 24 80 72 44 50 28 94 36 76 15 37 65 29 31 90 11 40 43 70 46 79 89 47 18 58
90 53 66 86 16 79 19 68 45 15 43 39 83 51 54 76 41 65 94 57 32 62 17 38 25 85 36 30 8 88 34 63 64 22 55 4 21 31 75 96 77 6 87 69 42 26 71 82 48 97 72 80 1 78 28 95 67 14 91 92 70 73 84 9 99 59 29 56 100 18 81 35 33 40 98 52 2 5 60 37 24 49 44 50 3 11 47 46 10 23 7 61 93 13 58 12 74 20 89 27
63 94 85 14 80 75 30 25 36 6 47 31 24 42 55 12 66 46 15 13 22 41 92 99 73 5 61 57 50 68 51 59 79 10 8 48 90 60 67 26 38 96 62 70 72 77 56 95 3 76 97 91 78 49 11 69 27 19 81 64 34 52 100 93 2 71 39 33 4 74 37 88 53 29 83 7 45 54 16 17 1 84 9 23 82 32 89 86 18 44 43 21 40 28 98 35 65 58 87 20
70 9 84 95 12 77 26 29 18 90 36 91 38 19 86 5 78 20 55 4 41 96 89 16 14 13 60 33 1 48 62 24 93 79 73 25 57 85 51 87 66 27 61 11 69 63 88 7 94 99 54 23 92 68 75 3 82 10 21 74 58 6 59 83 31 28 52 32 44 56 50 76 65 39 37 22 42 98 64 100 53 35 45 80 67 17 46 34 40 47 71 15 30 81 49 72 43 2 97 8
37 55 11 96 91 52 100 93 29 35 94 45 30 7 61 28 92 21 10 32 31 12 44 17 62 83 1 72 43 50 87 51 68 64 74 49 79 84 20 38 4 41 70 75 36 69 97 88 59 63 47 24 65 99 6 9 95 67 60 19 54 86 57 77 18 27 2 39 71 42 66 46 76 78 80 90 85 89 22 16 73 40 3 13 25 58 14 8 15 48 26 5 53 34 81 23 98 56 82 33
77 42 90 44 2 19 45 27 24 61 50 58 22 55 38 32 60 1 96 98 11 80 47 91 95 54 97 93 88 83 20 65 33 43 40 29 78 34 37 86 100 48 51 71 82 74 25 3 67 6 13 28 16 64 17 81 36 41 30 8 21 69 12 79 87 85 10 84 68 46 63 73 99 62 26 76 59 57 70 7 23 9 31 92 66 56 5 52 39 75 4 49 89 72 94 18 35 14 15 53
39 59 77 69 70 28 16 82 49 22 33 87 14 47 7 44 94 6 42 96 18 46 48 40 30 55 11 24 91 27 85 15 99 56 32 100 51 68 76 54 41 75 65 50 17 29 80 73 72 58 43 37 19 92 84 52 21 60 1 26 9 64 71 66 20 62 53 83 45 34 12 5 89 35 31 81 25 63 38 57 4 79 78 74 13 88 61 2 36 8 86 10 67 98 95 97 23 93 3 90
97 36 46 37 42 85 49 43 22 25 14 11 68 88 63 10 70 51 2 40 56 92 39 90 94 91 38 50 71 74 83 16 13 89 86 76 60 100 69 64 3 95 75 20 33 31 1 18 12 67 79 44 93 80 57 59 48 32 53 72 6 24 35 98 84 15 61 23 55 26 45 8 41 21 73 96 81 58 66 78 87 28 82 4 47 65 54 17 30 27 52 9 29 19 77 7 34 5 99 62
13 31 39 5 1 20 57 35 74 82 56 15 80 21 59 85 55 86 70 26 63 49 36 88 50 14 81 94 62 17 27 76 10 44 22 42 100 93 28 52 79 53 41 66 60 96 99 30 23 19 67 38 71 90 68 77 69 24 18 51 3 47 25 58 46 34 4 73 98 65 33 91 54 2 43 64 83 7 48 61 11 12 37 78 40 97 8 89 87 92 95 45 32 9 6 16 29 84 72 75
2 68 93 22 15 54 12 79 19 37 82 80 46 67 9 96 38 73 74 88 91 65 23 94 86 6 4 66 18 8 7 36 81 28 61 56 50 27 58 17 78 97 13 55 70 21 24 29 52 47 77 90 40 26 3 64 43 51 25 76 100 11 60 59 48 92 71 72 41 5 1 62 85 10 99 35 14 95 32 44 69 34 84 63 98 87 83 30 20 53 49 89 33 75 42 57 16 39 45 31
61 79 14 26 32 80 31 6 68 65 85 54 19 39 5 33 43 42 71 17 23 24 58 59 47 89 37 22 51 20 9 52 44 1 15 96 75 50 56 62 84 98 29 92 7 48 90 34 91 8 88 21 4 63 78 10 76 30 86 55 83 94 97 82 72 36 28 74 93 60 53 16 81 64 40 38 77 25 2 99 66 87 49 3 46 45 95 18 27 57 70 100 13 73 67 11 12 41 35 69
86 22 100 65 38 16 56 19 96 89 44 2 13 41 74 79 68 12 46 50 75 95 45 15 69 10 63 43 20 39 18 42 1 53 3 35 32 94 11 55 47 99 28 33 40 62 4 52 60 78 30 73 49 67 87 54 72 76 9 58 57 48 37 80 66 24 88 64 25 36 92 59 14 98 84 29 6 23 61 34 71 7 90 26 83 77 85 93 81 97 91 17 82 31 27 70 51 8 21 5
15 88 7 77 33 5 39 18 84 75 54 73 76 72 64 46 23 66 22 27 50 60 3 63 45 68 10 16 52 49 41 55 100 97 94 12 96 59 25 34 69 28 58 62 38 56 37 99 17 80 78 82 81 48 19 53 1 91 24 57 4 35 40 85 11 20 93 36 32 87 26 47 95 70 67 21 29 44 30 98 9 90 89 65 43 31 42 14 51 61 13 2 71 86 74 83 8 92 6 79
94 45 82 100 57 36 88 30 85 99 72 49 65 73 93 2 32 75 14 5 26 84 18 22 80 40 28 39 24 41 3 79 21 33 91 60 4 20 55 70 44 25 83 7 35 34 64 47 15 46 10 92 11 42 23 74 63 12 58 66 13 61 98 81 8 76 54 43 17 9 77 31 51 52 86 27 48 53 67 19 97 71 87 37 96 90 69 56 29 78 16 62 95 1 68 59 6 38 50 89
82 75 99 31 10 59 50 40 11 57 76 33 100 15 66 9 61 47 12 21 97 26 25 77 56 67 19 74 98 42 37 41 24 88 83 81 86 71 52 91 20 87 73 27 96 92 13 72 45 89 80 35 8 16 38 65 79 64 54 62 48 23 17 68 14 18 60 3 7 39 2 32 22 63 55 28 95 78 51 46 29 70 69 44 6 36 84 94 34 58 93 4 90 49 1 5 85 30 53 43
44 73 67 42 55 41 29 23 91 20 46 1 11 49 80 45 57 16 27 70 19 32 5 21 22 39 86 8 26 58 63 30 3 61 97 59 71 64 40 35 81 60 79 25 83 7 76 28 18 66 24 89 33 14 10 31 88 38 51 17 36 50 52 84 99 96 9 65 77 12 100 2 74 43 13 15 47 92 34 37 90 69 6 54 62 78 94 87 53 82 85 93 48 95 56 4 72 98 75 68
71 93 9 3 11 10 47 50 17 79 49 28 54 82 90 95 89 61 83 78 7 67 30 27 66 44 99 4 12 38 53 22 39 36 25 72 20 51 80 15 74 57 5 42 86 43 81 59 98 56 40 48 58 88 70 68 62 87 55 33 60 77 14 16 26 21 69 96 24 92 8 84 37 73 18 63 13 41 65 94 91 85 23 34 64 1 2 32 35 76 29 46 75 6 31 45 97 100 52 19
91 6 3 93 25 13 92 64 16 26 52 12 89 56 75 67 11 59 66 65 80 58 51 30 18 99 50 34 83 96 86 62 60 42 2 14 36 53 68 28 76 44 72 97 45 55 98 78 22 88 73 95 41 1 21 61 100 82 15 35 81 31 79 10 7 48 20 94 46 4 9 27 57 54 23 71 8 87 77 63 19 5 85 32 69 49 70 24 33 17 90 40 47 37 84 43 38 29 74 39
52 65 69 62 26 48 24 42 80 32 20 22 94 90 56 89 1 34 17 64 47 72 33 82 23 8 13 12 16 97 46 7 40 35 43 18 5 55 15 93 73 2 37 3 25 87 58 39 44 95 86 41 27 57 98 66 38 63 36 71 49 59 54 92 79 78 19 81 10 76 61 60 50 67 28 4 51 9 53 77 85 31 83 84 21 91 99 70 96 30 74 11 100 29 75 6 68 45 14 88
79 70 38 80 72 18 87 2 34 21 42 23 43 20 4 1 25 9 49 66 57 55 22 45 16 12 69 37 60 19 24 46 47 31 62 94 98 56 81 99 86 59 53 5 29 10 6 35 97 28 15 14 89 95 36 8 68 90 32 93 11 44 33 65 75 82 13 76 74 84 27 7 30 92 58 91 100 71 73 40 52 78 50 39 48 67 41 51 54 26 3 64 17 77 83 63 96 85 88 61
76 7 98 40 62 81 17 16 69 53 78 34 50 2 91 36 10 43 82 56 24 57 19 97 49 96 90 68 84 70 6 85 65 72 20 32 9 44 86 46 35 51 31 1 39 23 83 38 89 11 75 52 73 41 14 29 13 21 27 48 45 67 93 22 92 79 25 12 59 88 99 61 5 3 54 47 18 30 26 64 37 63 95 100 87 74 4 77 55 66 8 33 15 58 71 28 60 80 94 42
32 98 17 68 7 100 22 89 92 81 10 50 97 24 84 77 86 25 31 6 73 87 59 8 99 3 78 75 38 80 48 57 55 95 58 13 63 90 47 23 64 33 20 83 51 46 52 42 96 54 69 85 61 36 49 2 28 94 34 67 12 45 70 4 44 88 76 29 30 27 14 21 79 16 71 5 53 15 18 1 35 11 56 93 9 37 72 40 39 62 82 91 66 43 26 19 41 60 65 74
98 82 37 47 14 19 89 92 48 76 88 100 38 74 33 4 75 69 77 62 34 3 56 53 81 66 26 83 64 85 95 9 70 41 57 87 6 2 54 68 24 31 90 73 65 11 36 79 99 61 16 5 72 8 42 28 97 39 20 44 50 1 18 32 10 94 63 46 80 58 21 22 35 7 30 67 40 12 17 93 59 96 27 15 71 52 13 84 78 45 25 51 86 60 55 91 49 23 43 29
34 96 95 57 44 94 91 48 20 41 98 77 60 63 69 52 6 36 30 79 85 22 37 51 15 53 29 16 76 7 88 93 90 83 39 43 31 14 66 32 55 84 24 82 81 99 9 68 80 26 23 50 21 70 74 58 19 35 33 61 62 72 87 49 100 65 78 97 64 2 4 3 17 13 12 92 67 42 27 5 47 89 28 8 38 59 71 45 25 73 40 54 18 10 86 1 11 75 46 56
56 30 80 8 23 3 19 75 43 63 11 46 40 13 95 42 98 15 73 84 45 54 24 16 2 38 20 57 77 90 67 31 17 55 49 48 97 86 29 51 21 83 94 91 6 1 85 92 14 7 60 68 34 96 58 37 87 71 4 52 66 88 28 53 65 44 74 93 39 78 64 41 69 50 32 12 27 61 9 89 72 36 47 82 79 70 18 33 26 81 22 99 5 25 62 76 10 35 100 59
3 62 60 30 17 87 16 21 97 9 4 84 33 75 96 19 26 32 41 44 99 98 86 56 6 57 24 20 66 67 39 70 63 38 79 15 7 74 10 27 94 48 8 54 88 22 92 77 81 72 29 78 12 73 1 13 47 11 65 25 76 82 46 64 31 5 59 69 61 90 34 95 71 68 36 40 35 28 52 43 49 37 53 85 14 2 45 58 100 55 50 42 51 18 93 89 80 83 23 91
81 47 54 86 52 58 82 8 50 98 96 76 24 79 45 71 33 99 4 53 27 1 41 26 63 62 67 39 48 15 65 19 12 34 42 64 14 97 78 77 40 5 38 72 55 57 16 90 51 94 22 25 18 84 92 21 80 13 89 49 2 95 85 6 28 32 30 37 29 59 73 23 56 87 46 74 61 3 35 69 17 20 60 11 10 66 31 100 43 68 88 83 36 93 91 75 7 70 44 9
28 64 73 38 58 39 20 66 31 51 15 56 8 76 29 34 9 62 47 80 82 7 83 43 1 21 65 13 41 2 72 77 26 75 87 99 70 25 79 98 67 69 23 93 46 89 86 74 90 49 53 45 44 81 100 92 96 50 85 42 33 19 27 88 54 12 37 55 52 48 91 6 59 97 14 78 22 35 84 95 5 24 61 18 16 57 60 10 71 3 68 63 4 30 11 40 94 17 36 32
96 89 35 9 28 55 75 56 70 18 60 25 7 6 16 98 63 50 43 99 66 79 26 41 12 92 46 30 15 23 90 54 72 14 44 22 8 81 49 10 1 40 5 29 61 2 32 94 84 48 82 4 38 59 19 87 58 47 3 21 77 17 86 76 45 69 39 95 51 100 80 13 42 85 97 33 31 37 36 73 27 88 68 71 11 83 53 65 57 74 20 67 34 62 78 52 91 64 24 93
39 100 59 24 37 25 96 9 77 88 55 18 35 83 65 63 99 72 53 91 13 50 28 7 70 26 12 61 40 4 82 97 52 57 89 19 30 62 73 81 95 3 6 15 22 86 33 20 76 21 71 43 47 51 85 69 31 66 79 32 1 56 49 11 87 46 27 68 38 94 17 67 45 90 92 75 93 34 58 8 54 14 41 36 74 44 64 5 23 84 48 60 16 80 2 29 42 10 98 78
60 78 15 51 79 38 94 45 7 80 41 29 81 85 13 54 97 67 87 5 71 44 93 32 82 55 39 50 33 59 96 3 75 49 92 70 58 10 99 14 43 76 84 89 69 28 91 95 86 30 2 98 6 20 37 35 16 57 63 53 25 12 34 47 19 66 23 24 8 62 40 18 36 22 65 1 21 90 42 17 26 74 88 61 72 48 56 4 31 9 46 77 68 100 73 64 83 52 27 11
5 49 26 1 98 65 79 14 45 83 64 72 59 71 15 35 42 8 54 28 94 82 76 81 24 73 53 56 47 84 29 78 85 11 12 57 25 70 3 4 36 6 86 30 7 66 69 63 33 90 32 67 74 100 87 17 50 96 55 41 23 93 95 91 58 38 80 21 31 19 13 75 88 61 9 62 99 20 97 60 34 43 92 51 89 39 77 27 16 52 44 68 40 2 37 46 48 18 22 10
21 11 29 85 87 88 4 13 1 3 99 60 70 35 55 51 30 89 23 52 92 17 38 24 42 31 74 77 68 64 61 50 22 80 26 9 48 69 96 43 27 79 39 45 36 32 72 7 58 75 18 56 83 46 66 91 71 19 98 5 90 25 16 54 6 37 95 59 33 49 84 28 20 76 10 73 34 86 63 97 40 53 81 57 65 93 62 78 2 15 41 8 12 44 82 14 100 94 67 47
68 4 65 17 85 96 54 26 36 47 28 94 25 84 3 64 44 60 48 75 78 14 50 38 67 15 8 69 9 51 52 95 88 21 82 5 34 57 33 92 83 70 18 43 71 79 66 91 2 27 20 37 31 56 89 45 22 73 19 97 98 7 42 39 59 55 24 6 90 35 30 77 80 81 11 10 12 72 41 16 58 46 87 99 61 13 23 86 1 93 53 32 29 76 40 62 74 63 49 100
23 39 68 76 97 62 55 74 3 33 45 53 66 40 1 30 13 57 32 19 58 35 43 36 38 98 79 26 73 21 54 14 46 92 8 42 41 61 90 71 15 81 63 4 67 94 95 82 29 85 48 72 80 7 2 52 49 22 34 59 89 20 9 56 70 60 86 99 16 50 24 93 12 96 100 69 64 77 37 18 78 65 11 17 75 10 27 6 87 31 28 88 83 84 47 25 44 51 91 5
74 54 71 41 42 34 62 49 29 6 3 90 44 45 2 61 52 94 36 33 89 81 5 46 32 27 55 91 19 10 77 47 8 25 11 65 99 31 23 1 14 100 22 50 72 20 96 75 87 79 7 12 70 53 83 88 60 84 97 82 85 30 69 35 9 51 58 15 63 66 48 64 78 93 39 43 24 80 68 76 67 56 4 21 95 86 57 98 18 37 92 38 13 16 28 17 26 40 59 73
62 17 57 78 8 52 27 81 54 11 65 95 67 46 20 70 93 10 16 94 28 33 29 99 7 56 89 3 96 79 4 84 30 51 88 26 12 36 77 74 63 9 1 31 42 71 60 48 50 98 90 34 5 37 39 75 6 69 23 19 22 91 73 25 18 97 44 41 53 64 35 86 58 15 45 72 76 68 21 14 100 83 32 38 49 47 43 92 66 59 24 87 82 40 61 80 2 13 55 85
27 71 63 82 16 28 83 65 52 92 73 48 77 60 53 20 21 4 46 7 43 70 18 93 89 87 80 72 86 37 66 5 59 94 24 84 29 100 41 31 2 85 64 88 78 69 35 6 68 96 39 22 19 11 13 95 40 8 1 9 99 32 38 75 56 50 33 98 55 25 62 49 91 14 74 17 44 23 76 79 3 61 57 10 97 34 51 47 36 54 26 81 67 15 30 90 45 12 42 58
47 24 36 88 80 27 33 4 78 71 61 6 37 53 48 57 65 22 76 93 79 31 9 35 21 42 23 85 74 73 94 81 28 70 25 29 15 63 43 58 62 18 17 55 50 3 2 19 20 59 41 14 51 10 95 64 12 16 38 13 39 89 82 100 67 11 49 60 46 96 90 68 83 45 91 66 69 87 86 52 56 44 98 72 26 92 75 97 8 40 7 30 77 32 34 99 54 1 5 84
35 40 79 5 73 44 71 86 49 22 19 51 52 89 21 93 84 91 63 58 7 56 99 14 10 1 45 81 27 24 75 4 11 65 18 100 67 9 16 38 46 96 68 64 95 6 42 8 53 3 62 87 48 29 55 32 20 25 57 88 80 78 41 2 61 90 97 26 72 37 70 92 82 47 60 85 17 69 94 12 33 30 36 34 77 28 74 50 83 98 76 66 31 59 54 39 15 43 13 23
1 72 5 60 55 23 93 90 85 26 83 34 48 64 7 62 100 27 80 56 39 19 63 10 11 50 25 44 8 78 36 98 43 47 4 58 94 96 59 24 54 32 21 12 82 29 61 41 71 45 74 97 99 30 9 15 65 6 69 16 14 66 77 40 81 13 89 52 42 31 95 37 84 38 46 57 20 75 33 2 87 22 86 91 18 79 92 67 76 28 73 35 53 3 17 51 88 49 68 70
37 1 49 73 4 71 70 19 47 89 13 39 87 86 41 43 16 34 42 22 18 28 78 67 31 85 95 35 58 76 92 33 80 56 38 96 52 75 84 29 10 82 60 63 12 64 30 2 66 55 6 17 53 15 51 68 59 81 54 20 91 57 46 61 93 72 50 79 45 99 97 5 21 44 24 100 88 40 25 11 94 3 23 26 32 98 9 7 74 65 77 27 48 8 90 36 14 69 62 83
95 48 70 10 67 57 2 84 18 41 80 31 28 12 85 72 71 87 26 86 59 74 66 100 75 65 94 45 32 39 21 64 50 24 76 27 16 11 93 7 30 62 4 46 44 51 14 61 79 15 98 47 25 34 43 53 9 54 68 40 88 96 6 89 82 35 99 91 23 69 37 81 29 17 55 56 92 36 83 58 1 19 77 73 63 20 52 8 60 13 38 5 49 90 42 22 33 97 78 3
92 56 8 52 1 91 15 3 32 76 84 75 45 30 36 7 40 42 88 13 9 20 48 71 17 97 73 93 87 31 44 53 29 81 98 90 19 85 55 67 22 59 51 10 89 61 47 83 24 82 27 63 79 99 14 60 57 86 100 34 28 38 21 12 80 25 68 39 94 43 69 35 66 37 4 54 72 70 16 50 2 26 74 33 5 41 78 95 62 6 11 23 58 46 18 65 64 96 77 49
7 50 31 84 83 17 40 99 66 75 100 46 10 25 72 41 74 76 81 8 21 42 32 55 9 58 77 97 35 13 38 12 16 86 93 49 91 51 37 57 87 36 29 98 73 82 22 56 78 33 26 48 23 60 94 3 61 1 18 70 67 43 14 96 4 64 15 47 65 63 79 52 44 53 69 24 39 2 5 59 28 54 6 45 68 88 85 71 11 19 34 95 80 27 20 92 89 62 90 30
58 92 50 20 62 11 52 83 64 57 27 70 41 94 37 6 22 40 45 96 38 16 54 28 48 72 33 42 3 82 26 46 53 23 55 39 85 68 36 100 71 87 65 18 74 98 89 88 34 9 25 24 14 97 93 44 10 75 2 4 31 63 43 73 60 84 29 51 99 30 7 56 19 77 8 95 15 81 79 66 13 17 49 90 86 1 5 80 12 67 69 21 91 47 35 78 61 76 32 59
25 90 48 89 14 75 9 95 87 91 67 71 31 27 43 13 62 23 52 30 69 2 61 3 79 29 7 36 37 26 35 94 74 15 40 85 24 4 5 63 68 53 45 70 39 19 78 96 1 57 42 20 86 88 44 54 41 65 64 22 92 81 34 21 49 28 73 100 17 46 56 11 16 60 77 99 80 51 55 83 6 10 72 47 8 33 50 59 82 76 32 84 98 97 38 93 66 58 18 12
9 21 4 90 51 78 30 57 89 58 70 14 19 8 98 99 96 54 86 72 80 69 13 1 37 39 93 24 28 35 47 20 48 68 60 83 5 45 94 55 16 41 2 81 87 74 43 18 10 73 59 33 49 32 23 29 77 92 12 91 95 100 50 27 76 75 42 63 7 71 46 44 88 6 17 61 56 53 3 31 97 25 85 79 15 11 36 22 40 38 66 52 84 82 67 26 62 34 64 65
12 2 30 54 70 85 67 42 19 100 46 20 72 16 14 68 73 17 55 50 44 52 81 6 65 86 48 79 4 40 11 66 51 64 22 77 98 91 80 45 99 24 92 37 43 34 57 27 36 93 61 5 69 38 28 82 26 53 13 83 41 1 87 74 3 88 84 25 56 95 47 97 31 75 90 29 9 7 89 49 23 33 63 94 35 71 10 21 15 62 78 18 96 39 58 32 76 59 60 8
54 61 32 14 84 45 26 38 8 37 6 92 98 22 12 73 88 64 60 23 19 9 79 68 71 76 62 33 50 43 91 99 69 59 78 47 27 89 85 66 80 58 70 7 17 95 10 16 3 86 72 31 1 28 11 40 35 52 51 74 87 2 24 67 97 83 41 5 15 81 20 36 39 65 75 53 90 96 34 13 77 18 30 25 82 100 46 29 93 21 94 55 44 63 49 48 56 42 57 4
14 41 91 37 76 68 98 71 81 85 10 49 39 36 61 3 17 26 78 15 22 27 23 96 90 95 83 99 65 5 51 86 94 62 31 30 6 55 18 34 58 45 42 77 60 44 21 59 35 87 19 52 16 9 32 2 25 80 24 73 43 67 48 63 57 53 92 33 100 74 75 29 8 28 40 7 1 93 54 38 84 50 89 70 56 72 47 11 64 66 13 12 79 69 4 82 20 46 97 88
63 57 13 4 38 7 73 51 34 40 37 55 79 62 30 83 3 33 15 6 90 36 17 47 68 14 9 59 52 72 16 42 35 22 81 25 96 84 92 44 91 10 50 100 98 97 11 86 8 46 56 99 39 67 20 66 88 78 53 64 75 93 54 26 2 76 43 18 48 32 94 69 60 74 31 23 85 41 82 71 24 1 58 80 19 87 65 12 28 95 49 61 45 70 21 5 77 27 29 89
31 26 39 15 11 61 49 64 100 79 21 74 1 69 81 94 35 90 14 88 34 30 72 83 92 63 19 66 51 95 85 37 5 76 10 6 58 99 13 75 77 68 12 62 32 25 8 73 16 20 17 80 89 41 96 86 78 2 36 47 7 59 23 71 98 45 40 57 24 53 93 43 9 33 18 48 65 91 38 4 29 82 42 54 3 55 67 28 84 97 52 46 50 22 44 27 70 56 87 60
11 51 7 33 10 2 44 14 57 82 85 45 56 32 38 22 36 31 35 74 12 86 60 17 4 77 40 90 24 69 87 55 92 66 64 91 39 28 62 49 53 98 27 1 70 83 94 81 13 71 65 41 34 23 25 9 21 15 47 8 79 88 80 76 73 16 52 75 93 18 29 46 84 20 37 3 96 50 59 30 43 58 78 100 89 63 97 42 67 99 61 48 6 26 68 54 5 72 19 95
26 12 46 18 57 56 45 91 40 72 76 94 83 19 71 11 66 30 93 90 4 87 44 49 80 36 27 100 1 75 43 61 73 60 15 20 41 22 2 25 7 92 62 69 35 96 39 9 89 52 51 50 78 42 53 84 24 74 77 65 17 64 98 33 47 23 21 70 68 34 16 85 28 54 97 58 79 63 67 3 8 81 38 13 88 32 14 55 95 82 29 31 37 10 6 86 59 5 99 48
43 55 85 74 20 1 25 77 96 21 32 30 5 39 86 27 72 93 44 64 52 18 36 58 67 17 75 8 82 84 14 2 97 9 62 33 100 60 50 26 94 11 57 42 31 78 12 87 61 54 3 28 45 10 69 4 48 29 83 95 46 24 70 51 63 71 91 92 59 56 22 40 80 66 99 76 37 13 19 7 16 6 65 35 90 68 89 38 81 79 98 34 73 49 15 41 23 47 88 53
42 83 14 69 43 47 80 89 30 77 49 87 92 55 26 76 79 62 84 66 8 78 45 54 24 34 58 82 23 41 15 10 99 32 2 4 36 3 39 65 1 97 61 9 29 63 5 71 74 19 88 7 11 16 18 72 13 85 50 60 40 21 93 86 95 6 70 64 73 98 31 53 91 52 67 96 28 38 48 100 35 59 44 81 46 56 90 68 94 25 33 22 75 12 51 37 27 57 17 20
87 85 84 43 12 77 56 7 61 44 8 54 36 58 35 28 45 66 91 81 94 47 89 40 21 5 1 32 30 92 46 73 19 78 95 3 97 72 11 70 67 75 55 79 25 17 64 52 48 27 2 82 37 80 98 59 100 76 9 99 63 14 41 69 22 93 88 13 71 15 38 4 42 39 10 50 49 29 20 6 83 23 18 74 60 62 68 34 51 57 86 26 90 24 16 96 53 65 31 33
64 58 35 19 61 4 69 50 33 25 14 26 30 31 79 37 78 6 38 62 49 63 39 84 57 43 100 40 10 11 56 82 83 73 91 59 7 65 52 76 90 51 28 54 75 18 55 34 32 3 80 9 74 77 45 94 93 67 81 41 89 86 95 72 20 24 12 17 44 5 98 16 21 36 13 8 66 22 97 23 96 29 99 48 87 85 42 2 88 68 15 71 60 1 27 70 47 53 46 92
80 37 11 75 33 14 32 88 24 65 54 100 64 97 8 17 20 51 22 26 83 46 31 73 27 18 36 62 63 47 12 13 87 10 74 56 67 93 82 96 35 76 34 66 38 90 28 30 60 78 41 44 2 25 40 71 69 55 58 4 70 48 19 95 1 52 53 50 98 42 45 86 99 3 84 81 6 57 43 29 59 39 9 23 91 94 77 72 5 61 16 68 92 21 79 49 85 89 7 15
40 89 60 97 13 92 100 18 88 61 98 77 23 38 54 44 95 75 96 71 72 55 58 74 28 73 63 22 20 50 4 6 85 43 86 35 51 59 56 11 9 99 83 17 3 49 76 29 62 21 10 79 47 48 36 8 52 87 37 26 32 69 27 93 91 94 2 16 25 39 1 15 12 70 53 34 42 5 41 80 82 84 31 78 64 90 7 46 30 81 24 57 66 45 33 68 65 67 14 19
73 29 100 96 72 79 68 4 62 35 42 76 53 2 5 18 84 56 49 95 31 83 97 39 10 67 14 94 90 16 70 17 88 87 32 80 12 58 61 9 11 25 41 89 47 48 81 65 46 45 20 21 7 66 6 99 63 93 60 51 98 91 55 19 43 38 82 23 22 28 26 75 59 40 54 27 33 78 24 57 85 52 37 50 36 77 86 74 34 8 64 15 30 13 1 92 71 44 3 69
38 53 68 72 15 16 39 11 67 7 50 65 42 82 18 70 97 59 83 99 33 35 27 96 69 23 85 6 44 80 93 24 79 26 71 60 9 64 100 46 19 57 13 25 86 75 98 47 40 88 1 81 29 14 78 74 66 51 43 90 20 12 73 77 37 3 76 31 84 87 8 41 48 94 92 22 30 32 56 34 4 5 45 63 17 36 61 52 10 58 2 49 89 55 95 62 28 54 21 91
16 19 74 26 2 5 38 61 63 81 68 93 22 41 92 90 76 53 97 17 30 82 3 35 70 13 15 95 12 49 88 7 75 44 83 14 11 50 72 73 96 28 87 33 40 4 80 99 39 79 67 85 98 36 57 31 8 24 27 84 1 52 32 9 46 18 54 89 10 23 34 77 66 78 86 64 45 58 100 21 91 60 56 37 55 65 29 69 20 48 71 43 47 6 62 59 51 25 94 42
34 28 79 100 50 9 42 78 25 53 39 1 95 47 68 12 55 5 82 40 26 33 49 81 11 98 37 14 92 48 18 63 54 29 75 87 99 20 58 52 38 27 86 71 83 21 66 44 23 90 97 46 41 96 70 10 51 30 15 13 77 89 31 85 4 62 94 88 69 35 2 80 36 64 65 6 57 60 61 76 73 7 3 93 67 59 8 17 91 45 43 84 32 19 74 16 22 24 72 56
6 22 59 65 58 20 87 23 80 99 9 2 13 49 32 35 44 14 75 57 97 81 51 10 12 3 11 74 76 19 7 77 27 82 94 63 34 37 28 54 69 15 79 21 100 56 91 72 52 85 24 89 70 1 84 43 68 64 30 55 92 71 86 16 38 66 93 36 62 88 18 48 83 47 5 41 25 8 42 60 53 40 90 39 61 17 26 67 29 78 4 96 33 31 98 46 95 73 45 50
85 98 25 99 52 69 57 30 53 48 36 83 14 42 3 5 67 20 37 18 63 54 59 88 89 92 32 34 16 100 41 96 64 28 70 72 50 13 8 21 47 2 75 11 58 62 45 76 15 56 90 68 17 49 10 77 82 60 86 97 22 61 33 80 71 79 24 46 4 38 84 9 44 55 23 19 91 74 51 78 66 87 35 65 40 43 39 27 12 26 73 95 93 29 81 7 6 94 1 31
63 3 93 45 19 35 51 82 27 88 44 50 17 84 59 96 42 61 79 46 23 1 14 22 40 10 90 78 83 73 67 47 43 71 97 69 15 34 25 87 100 33 72 16 94 55 37 91 98 12 75 38 65 70 49 28 32 77 31 58 99 4 52 66 81 60 56 20 41 36 92 39 53 13 7 21 48 54 18 68 9 85 26 76 74 5 62 86 11 24 57 30 95 2 64 89 8 80 6 29
43 4 57 95 32 11 88 2 22 20 58 33 84 76 21 34 13 16 27 79 5 14 41 75 38 54 10 55 71 42 68 78 93 53 61 90 63 40 69 8 29 60 85 99 64 46 50 3 18 6 30 73 83 59 17 97 89 74 25 66 62 23 65 91 48 7 86 56 1 26 24 94 98 81 9 39 51 45 15 12 37 47 80 44 49 96 92 87 35 72 70 67 100 77 31 19 36 28 52 82
40 7 65 94 44 91 77 16 11 47 69 8 54 96 15 30 87 67 89 70 32 79 25 71 66 27 24 43 99 59 6 84 39 34 36 18 37 78 21 86 64 95 4 68 33 41 51 60 2 31 45 23 38 26 1 56 72 73 28 57 12 82 17 35 63 9 80 83 90 20 14 93 85 61 81 48 13 92 22 53 19 74 62 3 75 49 76 97 55 42 46 88 10 58 5 98 29 100 50 52
76 42 9 16 26 98 29 25 95 87 72 84 46 7 50 48 10 8 41 83 56 31 57 99 30 40 28 15 60 17 32 4 13 24 23 55 86 80 68 6 20 44 63 5 96 38 2 39 47 66 22 54 33 3 82 27 79 78 21 70 49 35 71 73 14 36 43 61 77 65 90 67 51 45 12 59 18 100 58 19 11 88 69 64 34 97 94 92 85 53 91 81 52 62 37 1 74 93 89 75
68 36 67 35 4 34 23 66 74 83 33 15 80 24 22 32 93 1 86 27 50 49 19 72 54 28 81 5 98 10 39 52 11 21 12 64 30 56 3 40 41 70 84 94 45 31 13 100 96 57 60 58 51 20 42 61 47 99 89 85 91 77 18 88 8 55 59 2 87 9 53 7 90 37 78 63 14 6 44 97 38 46 82 71 62 29 69 95 76 16 92 17 25 43 48 65 73 26 75 79
74 96 82 22 5 65 66 32 36 30 88 72 97 11 34 64 23 43 35 75 78 60 10 41 49 62 45 71 26 27 29 95 8 70 50 57 14 94 51 17 81 3 21 83 67 85 18 28 56 58 48 92 80 13 68 7 87 61 42 40 53 47 9 33 73 12 31 84 63 54 77 59 79 98 91 24 100 44 86 46 69 89 1 4 6 2 37 20 52 93 55 38 15 76 19 99 16 39 90 25
97 31 77 59 7 88 63 86 57 5 41 36 50 21 72 46 74 9 66 91 27 70 47 38 18 65 96 3 11 64 48 51 1 92 43 12 13 35 40 62 78 34 58 4 61 26 60 93 55 33 32 67 81 84 75 6 54 87 80 95 69 45 49 10 89 82 25 24 16 76 100 8 22 29 73 90 99 20 30 79 42 44 17 98 14 19 2 15 83 52 68 28 71 37 56 23 94 85 53 39
26 62 98 67 93 54 94 45 3 15 78 58 11 72 91 83 40 99 65 39 75 74 92 56 1 44 95 24 18 29 42 69 46 47 73 61 70 52 20 64 76 14 22 30 71 89 97 77 17 80 82 55 31 7 38 81 19 12 33 59 48 50 100 79 23 51 60 43 88 32 13 37 5 68 36 28 35 25 6 16 90 96 86 8 9 66 57 4 27 84 41 21 87 85 2 53 34 63 49 10
13 88 49 61 25 78 86 6 83 9 1 98 67 15 64 85 65 73 81 80 62 24 56 55 82 42 97 91 38 51 53 93 90 33 3 70 8 41 76 4 44 99 94 27 46 7 52 69 72 59 5 35 10 75 96 89 28 92 37 18 57 58 79 68 66 14 40 21 48 39 30 11 19 16 45 47 12 34 26 20 71 100 50 77 95 31 60 22 2 17 63 54 43 23 36 32 87 29 84 74
95 33 66 42 64 57 31 75 68 56 24 29 18 51 86 93 100 21 34 84 47 2 30 49 7 72 73 40 80 54 52 16 55 79 77 50 53 19 10 35 36 92 44 91 23 70 4 38 59 99 74 25 67 37 41 65 76 96 17 22 85 6 82 89 58 69 28 12 81 94 63 88 78 9 14 5 61 26 45 11 62 43 46 48 32 13 27 98 8 3 87 60 1 71 83 97 39 20 15 90
77 24 15 70 73 32 79 56 17 19 82 62 59 98 80 57 41 46 45 78 13 26 93 91 50 96 61 81 25 2 34 21 68 1 39 84 72 65 14 23 43 51 90 20 88 10 6 12 54 75 69 4 40 27 89 58 67 86 3 9 31 44 37 47 60 48 36 99 64 63 33 49 16 7 11 38 29 18 95 35 52 66 92 85 97 83 74 53 5 30 76 42 22 28 71 87 55 8 100 94
60 32 8 21 23 38 87 74 40 63 47 11 81 86 93 72 6 36 70 98 71 80 48 59 33 12 46 61 5 7 65 25 52 54 96 22 77 90 43 68 83 88 24 75 1 2 69 31 97 28 29 78 79 100 37 85 62 94 20 82 76 30 42 58 57 17 49 41 53 19 95 92 56 67 4 15 16 3 27 89 34 35 64 99 26 45 51 50 39 55 44 91 18 84 73 13 10 14 9 66
3 57 70 44 98 24 46 40 78 49 4 56 37 88 5 51 99 95 71 69 92 65 63 100 6 68 8 90 31 38 96 97 72 89 33 13 20 77 84 27 55 29 50 43 79 87 9 15 14 94 23 45 75 48 53 34 1 91 32 17 67 7 85 12 25 21 10 60 39 80 81 64 82 93 59 73 52 35 36 2 47 30 76 61 83 58 41 18 16 74 11 66 62 86 26 28 42 19 22 54
87 23 73 84 37 55 24 49 45 98 7 28 89 71 13 43 22 25 77 94 11 50 76 46 91 38 29 32 66 4 92 79 30 97 100 54 68 44 47 10 21 9 57 2 81 48 99 83 16 17 15 3 12 64 58 80 85 65 6 33 90 20 69 86 70 5 19 74 8 59 40 61 35 34 26 52 27 42 63 1 67 39 88 56 96 93 82 14 95 41 53 62 72 60 75 78 31 51 36 18
56 59 48 77 79 36 12 9 32 66 52 80 5 13 30 98 71 89 78 54 45 44 33 93 23 8 67 69 88 70 90 65 50 11 58 76 31 84 92 41 24 25 87 82 6 94 1 68 27 7 57 49 99 46 21 72 96 14 39 26 17 85 97 63 37 15 4 29 34 60 16 18 20 53 100 95 2 61 28 64 22 81 83 19 86 40 75 47 74 73 38 35 42 3 55 51 91 10 43 62
5 70 31 33 57 22 69 93 91 3 63 60 76 79 26 73 72 12 38 32 99 30 98 17 56 86 43 68 62 67 61 85 100 51 28 48 94 27 83 15 66 11 18 92 59 58 71 42 24 9 16 65 4 78 7 25 36 29 14 34 75 19 84 40 47 44 53 96 45 87 50 81 8 97 80 20 21 89 23 52 49 6 37 82 10 39 64 55 54 2 95 77 88 90 46 74 41 13 35 1
73 45 38 90 77 59 50 13 97 18 22 69 100 35 71 54 25 94 74 53 66 7 9 12 44 15 42 99 84 8 20 81 21 4 17 49 46 70 33 37 27 79 65 60 51 23 83 63 78 55 85 43 58 92 95 86 11 75 2 19 39 3 57 96 67 56 89 91 31 62 48 6 29 87 28 1 34 68 64 61 16 93 41 52 30 32 72 10 40 80 88 26 24 14 47 76 5 98 82 36
31 75 29 37 91 44 33 97 49 32 56 23 94 90 66 99 21 50 22 52 89 16 39 47 72 55 53 100 64 79 82 41 12 88 92 58 25 59 54 14 74 67 73 93 7 96 36 35 19 8 71 51 48 68 69 6 38 81 65 62 40 11 1 2 77 46 84 76 80 5 70 3 45 42 95 57 26 30 85 83 27 63 4 15 13 10 78 28 60 9 20 87 17 34 86 18 98 43 24 61
98 93 80 26 55 17 73 87 33 70 84 25 7 66 9 3 63 10 76 97 82 69 78 6 2 83 48 45 47 21 16 22 81 14 89 100 29 53 18 57 4 75 28 95 36 5 42 94 20 30 40 88 50 8 74 71 12 41 67 46 43 56 38 64 11 91 13 32 72 92 35 68 58 60 39 62 24 90 77 99 54 79 61 51 65 44 23 37 1 15 85 31 86 19 34 52 59 49 27 96
92 47 20 16 83 18 23 21 70 17 96 85 72 12 74 22 1 69 63 44 58 41 46 67 42 99 89 82 75 60 54 3 33 49 4 81 32 2 90 91 84 5 62 29 9 77 56 19 45 61 26 94 8 73 100 28 31 57 48 36 79 78 51 6 59 65 55 97 71 95 64 13 86 38 30 10 76 15 35 50 24 34 98 11 93 37 43 39 66 40 7 27 25 80 88 14 53 52 87 68
21 49 4 19 17 100 39 29 47 80 64 52 79 83 20 41 5 70 60 93 24 67 43 36 45 50 9 33 77 97 94 15 59 65 82 7 75 99 81 87 10 6 92 3 22 1 95 86 34 89 13 98 61 54 25 40 16 53 35 42 88 31 28 26 72 85 27 18 30 12 66 69 14 44 71 91 58 37 68 73 96 51 55 90 38 63 56 78 62 23 8 32 46 74 76 11 48 2 57 84
47 6 63 4 85 5 89 55 100 72 37 90 53 56 41 94 17 88 84 28 74 9 32 83 31 21 40 59 13 78 24 62 44 86 8 65 19 22 39 46 91 27 61 45 57 76 33 96 71 11 52 79 18 51 92 3 97 15 70 93 23 25 10 81 80 20 29 73 38 49 12 35 2 43 60 69 67 95 66 30 82 14 68 16 58 87 54 42 36 50 1 48 34 98 77 64 7 75 99 26
81 37 54 60 34 96 93 8 7 51 66 26 70 89 48 6 30 72 15 65 85 36 99 3 47 1 13 50 41 62 83 80 24 42 20 33 78 10 49 92 75 31 14 97 55 18 57 79 91 98 27 23 76 11 32 9 95 2 4 88 25 68 16 82 22 90 12 63 69 43 94 44 39 21 64 46 59 86 52 5 58 29 74 73 87 67 53 56 28 17 77 71 84 100 61 35 45 40 19 38
11 68 36 88 97 87 32 59 34 53 3 18 46 19 16 20 52 4 12 26 90 77 50 39 99 29 79 6 91 24 9 14 48 80 42 94 62 72 2 25 15 81 51 55 13 66 96 41 8 86 54 60 73 56 85 7 49 84 57 67 95 17 40 74 35 10 92 100 61 30 27 21 89 76 58 75 31 5 70 71 43 1 28 33 63 78 65 38 82 98 69 45 37 44 93 22 83 64 23 47
96 26 3 59 80 71 70 53 54 55 20 87 35 6 90 37 39 60 88 51 73 98 17 97 16 66 12 56 82 85 11 36 74 75 79 43 52 4 67 99 86 28 68 14 32 78 58 45 76 15 7 1 93 30 49 61 42 47 83 21 13 94 25 100 84 89 44 72 22 29 91 62 81 50 24 33 69 63 2 18 92 5 38 10 77 48 9 65 31 95 34 8 64 27 40 57 23 41 46 19
42 78 71 10 68 16 22 81 26 87 73 53 83 20 37 11 96 47 54 21 57 62 91 24 48 6 33 13 25 88 3 59 51 7 23 30 4 14 41 77 95 32 17 5 38 43 35 82 80 63 98 12 46 89 2 56 58 66 55 92 36 27 19 39 93 97 15 94 76 28 9 40 31 85 69 67 64 70 65 49 84 61 99 74 79 72 45 8 34 52 50 18 1 75 90 86 44 60 29 100
37 29 30 76 54 75 100 84 62 25 55 12 39 68 7 61 98 65 10 4 49 19 86 14 74 63 94 8 34 58 27 57 80 85 32 99 48 56 15 26 79 87 1 17 40 83 24 78 81 96 43 91 5 95 6 66 50 35 18 72 46 42 92 69 2 11 97 47 20 71 73 36 60 41 89 23 53 28 21 31 59 22 45 13 16 70 33 51 88 44 3 64 52 9 82 90 77 38 67 93
34 64 50 41 43 92 40 28 88 67 39 95 66 30 45 63 89 57 94 5 56 85 72 27 17 58 78 93 3 76 44 98 10 87 71 29 16 62 77 20 19 18 53 69 42 8 86 61 79 25 51 82 21 15 55 13 65 1 38 6 14 23 48 59 49 37 9 26 24 74 99 22 54 96 90 7 83 12 84 4 46 2 81 36 11 52 70 80 100 31 32 33 68 47 91 75 97 35 60 73
6 72 99 100 84 58 88 68 50 69 60 30 1 75 63 36 16 86 47 40 26 87 38 7 9 89 19 22 51 20 37 54 70 81 74 5 57 49 56 98 62 59 45 12 65 17 94 8 67 46 53 90 97 25 93 4 27 39 79 83 66 95 42 61 82 34 91 55 33 2 80 76 64 35 43 3 14 77 32 44 41 28 31 23 21 11 24 71 10 92 29 52 96 73 78 48 15 18 13 85
16 51 41 31 26 47 25 35 64 90 100 94 23 67 79 13 60 85 44 76 83 46 66 8 63 36 77 75 1 68 38 50 92 62 87 19 24 40 37 6 22 97 42 15 73 49 61 74 29 81 72 99 86 57 91 10 80 32 69 53 34 48 39 71 3 27 70 17 52 96 21 43 88 28 55 58 93 98 11 14 78 33 9 84 18 89 5 7 30 59 82 2 20 95 4 45 54 12 65 56
12 53 26 3 19 52 17 90 30 33 97 89 24 85 18 42 36 6 80 7 31 86 13 1 32 87 99 14 63 37 75 76 29 38 44 83 91 28 62 67 69 10 34 88 50 79 39 20 35 49 78 54 71 81 40 84 22 55 100 16 21 72 60 98 95 96 58 68 46 64 61 73 41 15 82 66 77 65 9 94 2 11 47 45 48 57 4 59 51 27 93 23 92 8 56 5 43 70 74 25
15 55 46 67 5 7 4 83 16 34 11 50 52 40 38 77 3 32 93 33 68 20 24 28 22 97 62 44 73 23 43 1 63 9 49 42 60 37 82 81 87 84 12 98 89 86 53 48 58 71 19 95 88 90 36 31 59 10 25 65 54 57 96 51 64 78 30 39 74 27 26 56 69 75 41 99 47 2 76 66 85 18 72 92 8 17 13 21 94 80 14 61 100 6 79 29 35 45 91 70
70 92 32 1 50 56 45 3 66 11 88 34 44 64 65 89 68 30 55 90 5 57 81 15 75 7 38 39 98 40 62 12 47 94 36 87 14 13 86 52 71 48 20 72 69 63 85 2 61 82 17 67 23 42 43 97 58 21 9 76 28 73 49 4 46 59 33 51 99 53 79 31 37 22 74 54 25 41 60 93 19 24 95 100 35 8 18 29 84 16 78 10 91 26 6 83 80 96 77 27
94 79 37 73 51 2 67 26 19 88 61 92 56 74 43 7 86 46 42 80 23 72 36 58 81 39 83 41 15 35 77 31 16 22 75 27 70 20 55 24 38 57 60 10 95 3 11 59 44 76 65 28 25 49 13 85 87 54 63 64 9 6 66 21 1 68 69 33 100 99 4 97 71 17 34 53 8 96 14 29 52 78 84 47 98 91 50 12 18 45 90 93 62 40 30 82 89 5 32 48
80 41 91 68 8 27 51 63 77 56 45 1 10 62 96 2 33 5 48 17 54 12 79 40 15 95 4 66 74 43 87 70 35 36 86 25 49 97 50 58 76 24 64 31 83 55 22 89 84 67 59 37 39 9 94 44 57 16 28 61 7 71 85 72 99 32 21 3 65 69 47 29 14 90 23 100 6 81 73 38 53 82 78 18 46 92 42 11 20 75 88 34 93 13 19 26 60 30 98 52
7 100 67 69 70 10 68 48 84 82 13 22 14 45 54 1 26 89 52 58 4 27 44 32 65 85 74 36 18 90 72 86 94 57 98 96 20 55 99 11 40 76 31 71 88 25 92 29 33 87 62 56 16 23 9 59 60 63 24 51 80 38 17 95 61 50 39 79 42 34 75 47 28 77 53 35 81 91 37 8 73 3 49 21 19 5 97 46 64 41 66 12 6 30 15 93 2 83 78 43
52 28 5 45 38 1 71 92 67 40 99 74 19 63 81 79 35 33 26 54 62 3 61 86 90 17 7 97 16 72 21 30 65 41 89 15 46 34 59 49 11 70 2 20 64 56 78 75 12 73 18 55 44 60 66 88 39 80 77 48 83 32 24 85 14 13 37 23 51 42 69 91 50 6 4 96 57 9 53 98 8 10 27 25 82 29 84 58 22 93 94 100 87 31 43 36 47 76 68 95
64 90 95 61 52 94 47 79 8 65 83 100 17 32 36 27 62 56 4 6 91 42 14 68 71 57 41 77 11 96 35 5 22 72 15 9 12 78 66 93 54 40 3 37 23 46 21 87 13 48 86 44 53 16 70 58 76 69 31 74 2 89 97 19 26 43 50 98 55 18 38 28 20 73 75 29 67 51 82 34 33 25 60 39 88 59 99 30 81 24 49 63 10 45 1 80 85 84 7 92
88 40 13 24 7 82 2 25 61 29 80 21 64 94 98 46 79 51 83 74 72 96 49 43 4 5 55 34 26 31 66 6 28 23 81 47 71 3 100 54 20 45 27 16 12 22 8 9 86 89 56 92 69 99 1 35 62 90 58 73 42 63 77 67 97 84 41 52 59 37 14 60 30 65 32 78 44 38 48 57 11 70 18 50 15 36 10 93 87 53 33 19 95 39 76 91 68 85 17 75
58 82 94 86 33 8 49 43 81 20 12 55 54 16 2 28 75 22 36 46 97 95 45 24 68 18 23 62 44 13 63 14 73 29 61 32 21 64 93 17 3 96 38 9 100 98 90 71 74 65 47 7 72 53 87 60 51 11 85 4 41 50 31 27 76 89 88 57 25 66 37 84 56 10 77 92 42 80 19 59 83 26 1 91 5 79 39 52 78 99 48 40 30 69 35 6 70 34 67 15
9 2 39 99 13 4 42 51 20 76 70 64 45 49 68 5 73 15 14 98 19 22 59 84 62 53 65 35 10 74 18 82 87 28 12 26 77 81 96 100 30 44 29 50 86 95 47 90 40 93 25 21 27 34 57 8 54 85 36 91 60 69 1 75 38 97 78 92 7 56 17 23 58 33 80 43 48 71 94 6 89 83 63 79 3 41 52 24 67 66 16 55 32 46 11 37 61 72 88 31
23 11 82 38 67 80 75 34 24 48 65 62 92 53 56 68 66 40 17 78 21 52 27 90 37 31 39 79 86 26 51 41 60 88 57 77 96 93 73 63 44 36 13 100 35 61 16 95 1 5 29 50 19 32 20 2 97 22 81 8 45 4 10 83 54 85 99 70 91 58 7 15 89 74 14 12 76 87 33 3 42 9 30 94 71 49 47 6 43 55 25 46 98 59 84 72 64 28 18 69
38 12 98 42 4 14 30 95 87 92 32 73 60 22 55 18 11 70 49 86 50 63 37 67 54 91 27 83 80 15 36 17 19 26 97 69 39 51 13 96 16 94 8 1 46 75 43 7 66 72 3 34 78 59 84 82 90 6 64 47 100 44 21 56 9 10 61 25 62 81 53 48 33 2 99 74 52 40 24 58 35 65 57 41 68 71 31 77 93 79 76 88 89 85 5 23 28 20 45 29
90 22 17 70 44 79 27 65 18 2 91 51 41 8 84 85 88 1 16 96 78 28 83 53 92 77 26 42 30 48 12 9 3 68 94 56 34 80 52 73 64 100 75 11 60 19 62 21 10 98 6 38 49 14 45 81 71 25 47 99 87 61 82 93 4 20 95 50 76 31 29 7 97 63 40 67 24 69 43 23 13 58 46 35 72 74 36 89 33 37 86 5 15 55 54 39 66 57 59 32
82 88 100 95 64 68 98 57 31 99 27 49 8 60 33 17 38 90 43 71 94 18 54 16 28 21 80 30 92 69 91 61 5 55 62 39 13 96 78 86 2 41 83 42 47 85 59 56 3 81 10 9 67 1 44 77 12 93 34 35 11 66 32 22 20 46 74 75 87 23 45 52 84 40 36 72 51 29 79 7 4 19 58 37 25 97 26 70 15 48 24 89 73 63 14 76 65 53 6 50
35 58 25 96 11 61 15 56 48 91 1 71 42 7 8 23 95 60 70 21 38 84 19 63 10 28 86 85 24 67 47 66 69 54 83 64 94 57 75 40 9 98 39 79 29 97 30 92 68 26 82 4 34 89 78 43 36 13 51 20 32 77 73 16 45 72 2 59 41 50 22 88 74 76 37 62 18 6 55 80 90 12 65 81 17 100 14 5 53 3 46 99 44 49 31 87 27 93 52 33
79 36 20 74 98 62 91 18 96 5 67 83 31 25 35 64 78 88 2 75 89 49 58 10 1 23 60 4 65 71 7 13 53 59 24 76 51 11 28 9 99 95 37 63 61 57 32 73 48 86 80 46 14 29 3 45 26 52 12 41 6 43 55 84 19 90 42 34 94 15 70 92 81 39 8 50 22 72 21 100 38 17 77 93 56 47 69 87 85 30 44 68 66 16 27 40 33 54 97 82
54 98 70 18 15 77 57 99 69 7 19 80 48 39 75 52 23 91 30 27 8 41 31 74 49 43 93 55 9 95 26 37 83 1 92 6 50 45 94 65 46 2 85 60 3 21 12 81 36 97 5 58 76 28 51 89 40 64 86 25 33 82 100 53 10 44 68 88 73 90 35 16 78 14 13 4 96 20 34 84 66 59 87 38 47 56 67 72 29 42 61 22 79 32 17 63 71 62 24 11
85 30 80 35 23 41 54 76 92 47 69 15 36 73 61 19 45 16 96 8 12 67 29 97 57 56 89 78 87 24 95 42 88 53 60 4 99 71 79 28 63 68 70 39 74 31 25 18 32 14 98 72 51 66 10 27 48 82 13 55 50 58 43 65 7 17 52 81 84 100 34 59 86 21 11 40 90 75 3 46 62 37 26 64 6 33 83 94 91 38 22 77 49 93 2 1 20 44 5 9
39 19 3 72 61 69 38 47 52 30 49 75 68 27 1 95 9 36 31 70 22 83 51 81 74 12 46 94 35 82 86 33 54 64 48 59 8 63 29 66 41 53 55 92 78 99 89 16 23 87 42 24 40 26 28 80 20 67 15 13 2 45 84 88 91 56 73 93 32 4 18 5 76 60 7 10 37 57 44 77 6 50 11 34 43 98 85 17 25 65 71 62 58 97 21 90 96 100 14 79
1 7 11 97 12 3 66 23 29 19 41 36 87 42 92 44 21 67 75 30 33 56 60 51 69 40 25 13 37 50 4 94 99 32 93 35 78 91 5 62 73 82 2 47 58 74 10 27 22 71 61 68 45 38 18 64 43 8 53 49 63 59 52 81 98 96 20 16 15 48 46 85 57 65 84 34 79 89 70 17 9 54 6 72 90 86 95 100 55 26 28 83 80 76 77 14 88 24 31 39
91 83 7 28 93 9 77 19 25 35 15 56 30 98 50 41 57 59 76 18 24 55 23 40 79 62 20 12 38 21 52 81 1 66 11 61 37 58 16 74 78 88 3 14 43 2 5 65 39 47 73 97 4 67 89 99 10 51 42 44 32 96 27 54 100 71 63 95 17 46 8 86 48 85 31 6 45 22 29 68 87 84 69 80 36 94 90 34 60 82 92 49 75 70 33 13 72 26 64 53
62 31 93 52 10 13 56 81 85 79 36 65 33 69 4 83 96 14 60 39 27 78 24 47 73 44 50 16 77 54 6 53 26 35 43 70 75 74 20 38 29 3 5 25 98 89 72 100 99 82 88 87 58 63 17 91 95 66 71 92 21 48 28 9 18 34 23 15 68 76 90 46 2 41 97 61 30 7 59 37 94 49 80 32 40 19 8 45 57 67 64 11 42 12 51 86 22 1 55 84
28 39 63 71 87 20 9 91 43 83 42 45 95 38 59 89 84 61 37 99 92 57 97 94 48 26 36 5 4 60 90 80 52 15 50 8 68 41 58 21 35 69 79 75 25 10 24 34 51 96 86 78 6 46 19 74 85 30 27 32 66 7 18 49 77 11 82 13 93 98 31 81 53 67 12 22 33 3 56 40 29 23 17 70 62 55 100 2 76 47 73 54 88 1 44 64 16 14 72 65
27 50 59 80 58 19 29 66 1 57 44 11 65 82 32 2 67 31 91 22 34 98 25 73 51 96 33 20 23 16 70 3 79 21 78 55 48 9 61 75 100 14 86 99 45 38 13 88 53 63 71 94 10 97 39 15 35 87 89 90 81 30 12 77 93 64 76 6 4 28 24 95 17 92 5 8 72 54 83 43 37 36 56 52 49 85 46 68 26 74 40 84 47 62 18 7 41 69 60 42
25 71 49 5 79 23 44 6 53 100 50 98 22 47 12 67 20 26 93 95 74 32 81 3 86 66 75 15 96 4 68 99 85 14 40 91 9 52 41 8 36 60 39 18 72 70 55 30 89 73 24 63 17 92 42 94 77 61 80 21 34 78 37 51 43 83 59 31 88 84 1 2 35 90 54 27 28 45 38 19 69 46 82 76 10 13 7 97 11 57 87 64 33 29 16 48 56 65 62 58
92 61 4 22 42 25 96 16 37 75 52 85 76 31 29 45 55 12 10 79 63 70 56 49 95 14 40 26 33 17 24 59 46 86 77 80 100 35 36 34 43 83 72 73 1 20 28 93 90 66 65 88 8 68 2 21 47 41 30 67 60 94 50 11 23 91 99 64 98 54 81 53 9 7 78 19 58 13 51 97 3 87 32 74 48 89 62 69 71 84 15 57 18 82 38 27 6 39 44 5
14 62 69 94 72 10 19 21 17 37 9 91 25 24 41 33 3 47 32 57 52 85 22 83 11 6 63 43 27 84 56 51 93 73 5 18 30 75 23 71 58 92 4 68 87 7 35 28 46 49 45 81 12 64 82 48 67 38 60 65 42 95 79 66 89 8 97 76 1 88 100 39 99 55 59 96 29 44 16 20 77 40 36 78 13 70 54 74 34 61 26 15 31 2 86 53 98 80 50 90
21 54 9 30 1 2 55 50 48 71 4 90 98 86 53 12 89 94 82 84 41 96 91 8 40 73 74 72 32 51 15 85 24 43 28 81 63 61 11 7 68 34 92 95 31 76 16 39 87 59 13 33 38 10 83 75 25 47 97 5 36 57 6 69 99 18 56 37 44 80 62 3 60 29 46 52 100 35 22 93 67 20 88 65 79 66 64 14 23 19 70 17 45 77 42 58 26 27 49 78
77 21 71 15 57 45 89 97 69 70 85 52 80 76 96 62 60 75 66 91 32 3 98 14 22 68 12 74 88 59 29 19 40 61 8 94 4 36 38 44 95 33 84 81 82 51 6 41 50 7 18 25 79 78 11 34 65 99 17 48 83 47 86 72 35 37 54 46 24 92 64 49 5 73 9 20 13 93 58 53 28 31 39 26 63 10 56 27 87 2 55 42 16 23 90 43 100 67 1 30
56 16 99 43 20 94 26 8 96 61 78 60 38 51 66 34 93 53 73 19 75 86 18 59 33 50 13 95 5 29 88 15 97 82 58 3 32 40 72 55 24 46 14 30 7 87 90 44 63 48 79 35 80 41 23 52 1 81 91 85 70 12 9 39 2 27 25 36 10 74 77 11 31 98 45 71 49 42 6 89 100 69 92 57 64 83 76 67 54 68 4 28 22 84 37 17 65 47 21 62
2 48 79 78 25 69 92 45 81 98 6 54 13 36 38 93 87 10 41 83 44 80 57 46 63 34 67 3 60 75 20 55 12 70 31 84 11 86 76 24 47 15 27 66 17 82 1 42 52 8 97 73 74 7 14 32 88 90 19 99 9 68 40 71 26 16 89 56 77 37 33 4 51 22 100 59 65 95 61 49 5 53 64 85 58 39 29 30 96 72 43 18 50 21 94 35 62 23 91 28
60 89 77 75 28 8 16 93 27 63 84 2 43 55 80 11 33 21 79 72 71 87 86 12 6 83 42 82 99 10 46 57 64 24 26 7 5 50 69 81 94 58 23 4 70 34 32 17 62 30 51 31 29 20 92 37 19 35 54 88 13 85 38 74 48 78 15 65 56 9 97 67 45 96 18 3 59 53 66 1 91 52 44 90 14 68 61 98 39 25 41 95 40 22 36 49 76 73 100 47
98 9 68 47 77 28 83 84 80 15 58 70 81 46 74 48 39 50 45 94 66 63 92 56 27 87 79 37 52 64 93 73 65 71 3 54 53 69 14 51 55 67 38 62 96 41 5 82 33 6 85 89 31 8 7 26 11 19 43 91 100 20 57 40 44 32 4 61 29 18 95 13 90 35 17 1 12 25 42 30 34 24 76 99 21 72 78 86 22 97 2 60 23 10 88 16 36 59 75 49
32 42 36 65 2 4 80 90 18 9 64 93 67 97 81 96 6 76 84 52 79 54 66 45 47 86 48 61 20 70 34 98 63 10 88 58 31 14 99 23 53 24 60 94 39 44 51 12 55 11 77 22 75 100 40 29 82 69 50 73 28 72 16 25 95 68 37 5 17 49 56 8 19 62 26 57 21 92 85 13 27 7 41 59 30 1 43 33 74 78 91 38 71 15 46 83 87 89 35 3
97 78 30 89 32 82 2 71 31 66 33 23 59 58 22 57 98 20 34 13 69 14 37 36 7 46 61 100 47 39 92 52 11 56 19 96 79 90 80 49 1 81 8 27 67 4 45 6 17 15 43 48 99 70 74 54 38 24 21 72 88 86 51 64 3 55 94 16 73 60 93 75 83 9 10 28 95 50 41 63 84 65 42 91 18 62 77 40 5 76 85 35 87 25 68 26 44 29 53 12
9 65 66 82 68 79 22 55 87 89 72 29 84 21 64 35 42 17 47 28 90 31 38 41 23 63 58 81 76 100 39 24 13 34 96 12 27 77 67 70 14 51 5 54 6 62 78 74 86 80 1 49 50 2 85 53 16 10 98 36 45 11 46 95 60 7 73 20 32 99 69 93 59 44 83 75 91 30 18 56 97 88 3 4 26 40 92 8 52 15 57 71 43 37 48 19 33 25 94 61
13 70 26 77 73 61 20 11 84 49 56 42 89 68 90 18 76 93 27 15 58 72 50 82 81 54 29 24 8 19 53 16 22 4 91 60 86 94 3 45 10 32 17 64 59 23 14 47 48 31 78 98 97 30 41 65 79 63 33 83 95 35 34 80 57 43 44 69 74 96 2 40 85 36 92 66 99 100 5 52 71 75 62 39 67 88 37 21 1 6 7 87 12 28 55 25 51 46 9 38
38 59 57 20 85 47 70 82 25 22 54 46 97 88 2 79 68 27 26 93 11 19 76 32 90 89 37 45 84 5 42 21 8 49 95 30 98 44 73 17 83 50 12 3 33 58 52 35 56 29 72 51 48 96 75 92 6 77 14 74 7 24 87 100 67 53 63 41 80 71 9 64 39 61 62 99 16 34 23 66 40 94 65 15 69 31 86 10 18 28 13 91 4 43 81 78 55 60 36 1
47 24 15 76 84 14 87 74 89 77 21 28 50 11 65 5 30 72 48 66 85 88 10 54 9 1 38 68 64 96 61 31 51 57 39 20 25 60 82 93 7 62 34 83 55 26 4 78 59 19 75 3 86 36 37 99 41 73 67 46 80 56 69 98 70 79 92 63 90 12 13 6 22 42 81 100 17 32 35 44 33 95 53 16 97 45 23 71 27 58 52 8 94 40 49 18 2 43 29 91
76 17 35 85 62 92 40 87 61 3 99 77 94 2 37 63 1 65 86 44 46 22 28 39 72 42 78 97 83 7 67 25 27 79 4 57 6 19 43 96 80 10 90 55 75 66 47 52 32 56 23 5 71 54 68 95 49 12 70 51 20 88 73 89 84 82 31 59 91 38 30 9 16 45 24 15 64 18 100 69 26 14 50 98 34 58 41 53 33 21 11 81 48 60 93 74 29 8 13 36
87 23 54 5 38 1 46 88 16 67 96 8 28 12 79 27 73 25 80 32 9 62 89 93 56 98 99 55 75 42 41 97 39 72 82 33 19 81 40 11 66 29 31 21 13 90 36 86 53 57 22 45 7 77 58 71 69 14 20 6 76 64 95 59 49 15 24 94 100 30 47 37 65 50 91 85 61 70 2 78 92 17 4 44 35 43 51 84 83 26 74 48 60 18 34 52 10 63 3 68
26 90 31 86 91 88 71 75 11 65 46 76 25 83 63 4 41 8 53 97 49 17 13 55 66 95 43 6 48 40 72 79 5 38 70 87 7 28 96 73 81 57 68 89 22 29 59 77 54 20 74 85 21 51 98 69 32 84 35 52 14 27 33 92 80 9 39 47 45 19 50 61 44 37 60 56 34 15 30 94 23 3 18 10 16 2 99 93 12 62 1 67 36 24 64 82 42 58 78 100
39 33 8 10 16 80 52 86 70 90 73 31 11 85 18 30 97 99 44 62 13 9 72 88 14 27 55 59 50 2 3 1 74 78 17 22 41 34 100 29 96 79 6 91 94 77 25 87 76 75 7 43 37 56 38 45 42 21 83 61 49 81 71 19 58 51 84 57 23 26 40 35 12 15 95 5 92 36 60 64 24 47 69 63 93 48 89 20 53 54 68 66 82 32 67 46 28 98 65 4
15 57 29 44 43 27 49 3 40 87 24 72 22 90 16 70 100 9 88 51 30 60 39 28 18 55 85 4 62 47 32 12 73 89 10 14 67 63 25 31 79 48 41 93 36 94 71 2 23 45 19 80 92 13 6 91 50 76 81 53 46 52 59 83 61 21 74 97 64 42 66 68 82 34 69 7 26 78 84 38 1 33 35 56 86 65 75 5 8 37 20 99 77 58 98 11 95 96 17 54
44 73 48 51 37 9 27 63 95 18 68 20 31 89 21 7 26 57 12 64 88 42 78 99 91 8 100 34 71 79 82 62 70 83 23 50 36 56 90 14 87 96 55 46 81 1 53 76 22 61 30 41 93 75 17 66 52 15 24 16 11 25 32 4 47 6 69 3 65 59 84 80 98 33 58 43 40 28 77 35 72 85 86 54 19 67 45 92 2 13 49 10 29 39 74 97 60 38 5 94
61 4 85 21 34 75 12 13 29 58 47 39 17 35 95 32 63 86 55 19 45 1 41 7 30 15 28 77 65 78 94 36 43 92 20 100 72 31 54 98 84 87 37 70 38 96 50 48 14 88 40 79 18 3 91 56 80 16 53 62 6 42 49 2 11 25 23 46 99 69 26 27 8 68 89 64 66 90 67 76 73 10 60 97 5 93 9 51 81 44 82 33 24 74 71 22 83 52 57 59
88 85 91 60 4 16 24 46 22 44 63 58 83 20 34 77 86 95 54 96 29 36 5 6 37 99 94 39 66 90 87 69 80 9 76 13 56 45 51 100 74 25 1 7 79 92 64 38 67 65 15 52 61 73 21 3 72 2 55 59 33 31 19 27 8 14 49 12 71 62 98 18 42 70 32 23 35 40 97 57 11 28 26 84 75 78 82 17 93 48 50 30 53 81 47 68 89 41 43 10
23 56 38 84 97 85 62 27 64 5 14 53 48 75 7 54 61 4 63 50 28 95 99 91 80 67 9 40 13 49 96 76 55 60 42 72 16 70 15 92 21 46 29 12 57 43 88 94 39 58 69 25 1 81 87 52 68 22 31 34 89 93 18 6 45 59 2 33 30 36 37 44 79 77 82 35 83 71 65 11 17 26 74 51 8 90 24 78 66 73 3 100 86 98 20 41 47 10 32 19
70 45 50 69 19 7 42 4 8 41 37 25 18 79 55 76 10 33 81 88 57 30 46 86 71 13 14 56 12 27 54 22 47 44 38 32 62 68 85 67 16 6 24 15 9 3 43 72 98 52 60 65 73 11 93 29 89 78 51 84 87 17 48 21 59 35 61 39 34 20 92 31 36 97 90 53 1 91 64 83 58 2 49 100 82 63 74 77 28 99 26 5 95 75 40 80 66 94 23 96
12 6 65 45 1 62 38 59 66 40 98 95 24 56 20 13 35 69 94 52 72 44 93 77 32 18 39 90 5 76 26 70 87 7 71 67 29 10 55 41 4 99 51 97 89 48 8 15 81 85 17 9 46 37 19 2 78 92 3 42 58 23 96 61 82 84 36 25 88 31 80 73 30 63 64 33 27 60 86 79 54 22 57 47 11 49 68 50 16 53 34 21 100 14 28 91 43 75 74 83
52 49 37 3 61 98 47 30 36 34 32 73 70 67 85 46 71 66 35 4 59 20 17 100 89 39 65 93 43 72 18 50 69 81 87 83 57 51 86 64 99 84 21 45 44 62 22 79 24 76 53 48 33 80 55 15 63 94 19 40 54 14 41 58 9 13 10 88 1 78 12 5 29 74 28 91 2 8 68 31 82 56 27 11 96 77 60 6 25 92 38 23 90 16 95 75 7 97 42 26
42 64 5 4 80 87 39 79 92 81 82 84 37 15 30 1 44 85 77 90 68 7 32 22 24 97 86 75 28 11 48 54 21 51 33 65 52 93 10 63 100 69 45 43 40 83 58 96 66 46 20 98 41 27 49 94 31 29 17 76 53 91 70 56 14 50 60 34 38 95 73 16 19 6 55 74 9 26 36 3 47 59 23 25 89 57 18 12 88 67 78 2 72 71 61 62 35 13 99 8
80 100 84 38 42 71 19 83 24 32 28 18 76 6 33 36 25 62 89 69 47 35 14 75 17 72 77 26 88 85 65 46 53 11 64 43 58 55 59 40 29 97 20 2 51 63 92 73 15 94 67 41 23 95 66 34 96 86 48 70 98 3 60 16 1 5 52 79 4 81 22 21 37 54 30 39 93 68 27 50 78 9 99 13 61 44 31 7 10 8 90 49 91 45 82 57 12 56 87 74
94 68 39 52 33 54 29 48 57 100 10 12 19 30 3 61 40 64 74 18 83 27 43 26 44 5 7 42 41 97 38 20 92 32 79 99 24 89 84 62 67 85 58 82 25 31 86 8 80 28 56 55 70 90 51 13 9 60 47 4 63 73 6 76 72 36 50 23 59 34 21 53 45 17 65 69 22 37 95 14 2 78 87 81 98 11 71 46 35 16 77 96 1 91 75 93 88 49 15 66
7 75 41 18 54 56 79 78 34 21 3 42 13 66 48 94 72 32 46 40 4 28 49 43 50 57 97 14 31 58 47 64 19 87 22 26 15 52 8 1 86 45 44 17 71 76 12 61 84 9 16 73 81 99 96 37 24 51 39 25 23 67 92 82 100 65 30 60 55 53 20 69 95 10 5 29 88 74 89 6 59 90 63 77 38 91 2 11 36 85 33 27 83 80 62 98 70 35 68 93
62 93 54 1 11 44 56 49 3 80 66 26 92 69 36 20 74 59 87 81 91 79 30 17 65 58 83 50 90 68 63 4 10 33 32 47 96 37 5 43 27 14 61 72 45 55 39 16 35 67 25 88 53 60 97 21 28 6 77 82 41 100 98 85 38 75 12 51 42 2 94 76 71 52 99 24 57 86 9 8 29 18 78 34 15 19 70 95 84 40 73 31 13 23 46 89 22 64 7 48
25 3 95 99 26 41 91 35 67 48 7 33 87 73 71 37 79 30 78 86 43 12 29 38 2 28 11 44 58 80 51 93 16 53 49 19 39 84 92 4 22 75 62 77 69 34 94 90 46 55 52 89 88 32 23 68 66 1 6 47 85 56 100 10 97 24 13 21 20 50 14 60 5 64 98 76 81 63 45 18 42 70 72 82 17 74 65 15 57 9 8 61 96 31 83 36 59 40 27 54
11 51 32 100 23 68 50 7 53 72 20 6 10 40 13 3 36 14 15 67 82 16 47 1 25 76 45 91 52 83 42 86 90 56 44 48 41 49 29 34 2 18 64 71 46 99 97 65 58 17 57 78 69 88 28 35 19 80 63 60 31 21 12 93 22 94 33 92 84 87 75 43 54 66 74 95 85 38 37 98 8 89 81 61 9 96 39 24 62 79 55 4 73 30 26 59 27 70 77 5
16 1 90 74 83 96 82 92 78 89 60 87 35 84 93 17 70 26 4 13 31 47 44 27 38 7 41 8 23 88 21 10 30 75 19 9 36 80 66 77 73 40 53 5 86 64 85 71 18 33 54 24 11 15 14 28 52 55 37 97 67 6 50 22 76 12 42 68 51 29 79 91 69 20 43 81 45 61 48 2 49 25 98 3 65 100 57 56 94 59 95 63 34 62 58 99 39 72 46 32
81 47 60 31 7 52 30 2 77 55 65 74 80 63 91 6 17 76 49 62 73 24 61 72 45 10 1 5 16 35 66 95 44 97 100 90 51 3 83 54 9 28 42 37 67 38 11 34 68 25 41 46 21 57 70 86 27 39 36 8 43 88 93 26 71 92 20 56 22 23 99 48 50 75 14 58 79 98 53 59 85 19 84 18 87 94 13 4 40 82 69 32 64 29 78 96 15 12 89 33
95 11 35 88 58 13 33 28 1 2 91 100 45 39 14 98 66 43 71 22 5 26 23 68 67 42 27 36 62 8 52 30 60 80 74 15 7 46 37 76 75 53 63 10 32 44 56 9 40 99 47 4 83 16 57 77 78 54 21 93 50 24 86 12 25 69 70 89 87 94 61 59 64 38 73 41 20 72 29 34 96 82 90 92 3 55 84 18 31 81 48 17 6 49 79 65 97 51 19 85
3 40 36 24 87 39 57 19 47 82 97 89 14 72 15 71 52 54 42 74 26 81 45 16 31 17 25 66 27 37 35 5 28 85 56 6 53 9 23 86 90 11 13 69 1 41 21 100 99 93 73 58 65 84 18 80 22 67 4 49 79 20 34 75 64 62 76 50 61 43 91 94 44 2 46 78 48 7 32 60 83 12 68 8 77 29 33 59 95 38 98 51 10 63 88 92 96 30 55 70
96 28 14 61 25 77 54 68 30 69 49 52 60 22 45 42 16 50 97 7 24 58 19 15 82 36 53 85 76 20 75 33 1 41 70 39 67 72 93 44 78 100 83 98 17 57 2 99 3 56 59 35 5 48 95 10 89 32 12 26 40 63 79 86 66 23 91 6 81 64 4 13 8 43 71 92 21 51 55 90 9 11 38 80 88 87 27 47 29 65 94 62 46 34 31 37 74 84 18 73
1 2 15 80 12 18 100 43 74 11 22 29 77 96 72 99 55 6 52 53 56 84 31 24 16 91 8 78 86 19 36 62 75 59 73 69 71 57 81 65 40 94 70 21 60 97 66 89 13 5 48 34 47 49 42 7 41 93 50 64 25 32 46 54 63 10 95 98 44 27 38 67 88 87 39 90 37 9 76 4 35 61 30 79 83 33 26 58 51 3 92 45 68 82 17 28 85 23 14 20
68 96 74 73 14 81 15 40 7 51 8 80 89 32 86 9 99 16 22 97 44 2 25 63 4 92 23 79 38 31 46 17 35 65 5 59 60 11 77 24 3 88 87 29 100 95 30 20 62 12 27 85 49 70 78 6 61 57 34 33 91 64 52 67 54 48 93 13 98 39 53 41 56 94 37 21 18 69 28 58 43 83 47 50 72 71 10 42 82 19 66 55 84 76 36 45 26 1 90 75
64 32 13 78 10 3 51 18 50 37 21 70 8 41 98 23 57 56 17 71 34 52 48 96 42 38 60 30 87 74 44 36 81 26 88 27 99 58 39 7 15 67 28 25 95 49 83 75 97 59 2 72 16 53 45 84 80 11 54 92 90 77 65 47 31 66 9 43 33 100 63 46 85 40 4 61 69 12 73 91 6 35 89 19 14 86 24 94 76 55 93 22 20 1 5 79 68 29 82 62
34 72 8 89 55 58 77 64 63 92 24 23 43 16 56 68 11 51 83 94 33 82 27 46 75 53 50 57 60 7 6 19 59 47 2 49 85 4 14 38 71 70 18 73 29 78 61 31 74 80 3 90 39 26 84 81 1 96 42 21 22 86 87 79 91 52 40 99 15 66 48 88 36 93 45 54 13 65 20 12 62 44 17 35 95 37 97 28 100 25 41 9 32 69 30 5 76 67 98 10
54 37 79 96 93 11 31 9 19 57 69 49 66 21 84 62 45 20 65 15 58 74 51 56 12 77 80 22 4 41 91 24 100 14 10 55 5 59 13 99 38 34 85 88 70 86 33 3 89 52 90 60 44 78 94 97 25 50 64 18 39 71 27 63 7 72 82 81 68 35 16 92 98 28 75 17 47 2 42 73 67 1 83 36 46 8 53 87 30 76 32 40 23 95 48 29 61 26 6 43
90 53 73 72 8 25 9 23 26 33 19 45 30 13 68 28 92 40 31 57 88 77 79 14 99 65 81 83 37 43 85 63 94 35 55 20 91 78 16 10 7 58 22 89 61 70 95 18 51 29 39 97 27 3 82 74 87 71 98 67 75 52 66 84 46 38 80 93 24 56 17 47 4 76 62 12 64 96 11 21 69 49 6 32 60 59 41 100 15 50 86 34 5 44 42 54 48 2 1 36
40 62 66 67 17 100 55 65 85 99 83 48 98 27 21 69 75 15 38 79 54 49 59 35 24 12 4 33 74 92 11 97 68 22 50 58 86 91 2 28 30 5 73 63 36 10 18 60 44 26 32 37 7 9 89 8 88 13 70 20 76 81 39 96 19 45 78 52 25 90 1 56 53 16 31 46 29 77 82 23 94 34 61 41 6 47 72 80 43 57 87 42 93 3 64 51 71 14 84 95
37 92 49 42 15 59 93 26 20 19 55 30 40 46 9 72 76 22 81 39 99 69 54 84 44 56 32 60 80 23 83 66 48 25 74 61 77 96 58 75 21 82 41 14 31 1 89 29 71 6 5 47 4 36 3 27 8 64 97 90 88 2 57 68 10 78 28 17 7 63 62 35 65 13 24 38 53 70 33 16 87 51 95 94 67 79 100 34 85 98 52 11 50 86 43 12 91 73 45 18
58 42 82 22 98 36 17 99 68 70 67 56 44 25 43 3 5 88 89 6 23 18 76 45 65 31 46 20 64 78 86 1 54 10 81 29 49 50 21 55 11 83 79 33 75 74 60 92 61 15 26 95 51 63 100 40 69 91 2 57 62 47 84 53 37 85 41 32 94 4 13 28 90 66 8 19 96 87 77 71 16 52 9 38 35 97 14 39 48 30 7 93 24 12 73 72 80 34 59 27
82 22 57 41 64 91 86 53 17 66 27 65 1 74 8 98 13 60 44 84 85 62 83 7 2 89 69 35 11 70 14 52 33 73 48 4 94 97 68 23 19 76 24 30 58 87 10 63 12 95 20 3 72 54 9 75 50 25 38 32 40 45 37 49 18 21 88 96 39 15 56 36 28 43 78 47 51 81 26 99 34 100 46 93 71 5 90 29 55 80 61 67 79 59 16 6 77 42 31 92
91 82 69 59 67 5 32 57 97 15 1 55 81 19 75 22 95 17 76 99 13 50 24 86 73 54 93 71 77 38 7 21 83 36 11 63 98 61 79 35 14 31 3 70 74 89 96 30 8 20 78 68 45 100 43 60 42 87 18 9 85 12 28 25 44 34 58 2 72 48 27 84 33 64 40 6 39 29 41 80 90 37 56 23 49 46 4 65 26 66 16 88 92 47 51 52 94 10 62 53
74 3 67 95 79 20 80 29 45 26 64 76 68 89 69 51 23 10 84 44 46 83 56 54 7 85 19 12 18 13 41 98 99 24 32 42 8 36 33 9 63 60 86 16 81 61 37 27 96 73 40 94 17 59 11 48 39 82 30 71 2 35 55 65 4 75 43 70 93 5 92 22 31 78 77 34 66 25 15 100 53 58 88 72 21 62 47 38 91 97 28 52 49 90 6 87 14 57 50 1
35 12 77 15 51 45 44 34 83 98 100 93 33 49 5 85 41 67 74 27 66 56 58 90 6 1 20 16 24 10 53 7 26 89 3 54 31 2 47 32 84 59 23 4 87 71 62 81 79 48 75 38 92 46 69 61 96 52 43 55 99 11 40 9 70 28 68 29 76 65 21 86 82 39 80 64 14 57 97 95 13 50 36 37 25 88 78 72 60 42 63 19 30 8 91 17 73 18 22 94
79 89 48 30 5 19 66 47 33 17 10 51 65 53 64 61 42 91 16 8 22 14 26 41 56 73 96 37 32 40 12 9 3 15 20 77 100 86 49 81 46 36 75 18 13 58 99 88 52 90 74 50 97 7 21 82 63 85 57 62 1 27 23 80 67 11 55 83 29 25 70 4 59 2 34 72 31 6 35 84 38 24 76 71 68 92 94 45 78 95 43 54 87 93 98 39 44 28 60 69
6 79 63 28 70 96 75 38 100 3 66 11 39 58 54 7 98 47 88 83 12 1 41 73 69 86 95 99 20 2 4 59 50 42 91 87 25 74 36 26 53 27 94 97 35 18 9 68 34 31 60 51 80 77 32 43 67 30 65 82 14 78 17 21 23 71 29 37 16 81 84 49 57 44 10 52 90 22 85 61 5 46 62 76 8 56 89 55 40 93 13 48 45 72 33 19 64 92 24 15
31 70 85 71 13 1 98 6 52 35 3 90 95 40 50 34 78 53 14 33 63 87 36 77 49 26 89 94 8 64 43 86 46 54 82 25 57 75 28 74 69 68 21 62 47 5 42 91 10 99 88 12 29 67 39 59 60 24 80 93 32 66 51 2 48 97 19 76 41 58 16 23 9 38 81 7 61 92 30 17 4 20 11 73 96 45 56 37 84 27 22 83 15 55 18 65 72 100 44 79
96 29 84 16 32 24 20 51 37 65 39 83 64 60 3 99 40 5 23 95 79 46 9 58 38 6 26 61 33 42 77 94 88 28 78 14 12 27 18 71 74 15 4 100 7 82 76 59 36 81 47 31 34 13 10 72 68 75 86 41 17 85 35 92 98 54 44 73 69 2 66 8 48 87 67 22 30 50 56 52 19 63 80 45 55 1 62 89 11 21 70 57 43 25 90 53 49 93 97 91
14 24 4 62 20 43 68 56 49 91 11 46 67 45 59 70 97 21 34 72 57 55 33 75 79 23 85 41 65 48 92 37 90 61 87 35 6 71 50 58 80 98 2 82 94 7 66 83 60 30 29 44 18 51 1 88 32 19 9 8 89 3 38 64 81 16 25 5 31 76 99 93 17 74 100 15 12 13 63 42 22 84 28 26 86 36 69 52 95 47 40 10 77 73 27 96 54 39 53 78
28 40 94 75 76 14 45 84 3 9 58 54 59 71 81 13 1 8 2 91 27 47 60 49 16 87 10 66 35 29 61 55 17 92 33 5 73 22 11 68 36 41 83 64 12 23 18 7 50 72 6 80 93 38 25 89 79 53 100 52 43 57 31 98 77 65 4 95 56 20 63 39 74 42 86 85 24 30 34 19 37 48 44 21 82 32 46 70 51 78 15 26 88 97 67 99 62 69 90 96
13 50 59 70 57 85 63 32 88 29 2 39 38 97 74 71 62 1 36 93 90 7 43 53 89 98 34 69 96 26 16 64 52 66 49 99 37 14 94 6 35 92 84 79 78 25 33 95 24 65 23 87 86 30 83 31 100 21 67 44 58 73 77 82 80 60 40 55 10 46 18 75 12 81 17 56 91 45 5 76 27 54 42 48 47 28 51 22 8 61 4 15 11 9 68 41 20 19 72 3
5 26 30 35 62 17 89 42 70 47 7 71 54 76 4 88 22 73 60 75 92 44 13 21 81 46 43 23 48 11 95 93 29 55 57 18 50 100 20 15 99 24 87 39 28 79 2 45 38 19 1 63 33 34 41 32 49 61 69 84 98 72 9 59 8 96 16 91 52 27 97 64 51 40 53 74 58 80 65 37 66 10 77 82 90 85 86 14 67 31 83 68 36 6 94 78 56 25 3 12
85 78 39 43 72 92 4 14 63 61 80 22 42 8 33 48 10 23 12 65 30 5 38 91 82 34 94 32 75 50 93 20 16 1 31 83 19 84 76 87 81 3 51 9 73 77 98 69 2 28 57 99 6 56 36 53 26 74 15 17 45 59 54 40 58 13 21 100 62 66 46 68 60 47 18 90 49 96 79 44 41 7 55 64 97 67 29 95 52 24 71 35 37 70 86 25 11 89 27 88
46 93 71 97 30 34 92 76 47 88 82 91 7 42 61 19 87 86 27 70 74 49 50 51 78 3 83 33 73 17 67 12 60 4 39 80 9 96 52 21 57 2 28 99 59 22 55 77 90 58 45 43 38 11 98 44 72 14 85 5 13 68 10 89 35 66 24 84 63 95 31 6 79 62 54 40 100 32 18 29 56 75 37 81 65 64 36 69 41 15 1 25 48 26 20 23 16 53 94 8
56 21 68 33 52 23 26 25 74 67 78 69 41 30 53 73 9 77 71 51 45 16 89 93 27 14 65 22 66 97 29 70 79 44 96 94 34 35 61 91 1 8 72 2 88 4 57 86 99 11 43 49 75 81 92 54 6 32 28 47 7 19 20 10 84 55 95 31 48 36 100 80 83 15 60 62 40 42 64 90 24 87 82 3 98 13 76 39 12 58 46 38 17 85 37 63 50 5 18 59
40 68 17 47 2 55 16 28 54 58 56 33 23 73 29 35 38 31 32 98 41 27 49 67 30 8 13 72 26 83 88 14 21 57 79 76 24 99 80 70 87 62 9 43 15 46 95 19 1 75 61 92 12 90 20 48 66 78 71 22 63 94 82 91 11 37 74 36 64 5 50 3 86 97 7 59 6 34 60 69 84 53 45 44 18 89 42 51 81 52 85 96 25 77 4 93 10 65 100 39
73 54 65 37 77 35 70 45 57 83 6 60 51 94 80 32 89 25 86 68 52 19 78 88 15 50 29 71 9 79 27 53 10 34 18 84 30 64 67 20 41 100 63 7 98 56 8 42 96 22 62 82 48 99 58 72 47 66 91 49 46 33 69 85 38 36 93 24 81 39 90 40 14 16 92 4 59 5 95 11 28 31 1 97 13 43 23 55 26 44 76 21 12 2 3 75 87 17 74 61
21 19 29 20 33 44 24 50 91 79 12 84 36 66 85 22 30 61 37 26 38 88 10 83 99 15 67 77 90 49 58 73 48 78 4 7 96 41 56 46 94 51 57 47 65 2 86 52 40 76 25 45 14 92 87 74 16 71 68 1 100 69 80 93 63 32 13 72 53 64 98 62 39 17 89 27 42 54 59 8 3 5 60 70 11 34 43 18 23 75 82 81 31 95 55 28 6 97 35 9
98 51 9 94 68 7 88 13 10 44 46 58 97 36 72 28 21 75 54 5 11 81 63 71 23 29 42 15 89 90 37 50 100 76 86 70 26 3 38 65 20 48 14 92 39 12 83 4 27 85 16 22 79 95 74 60 82 96 32 73 67 25 24 49 66 17 59 18 87 78 93 61 84 77 91 57 19 53 6 56 1 69 41 33 30 2 80 47 55 62 64 8 52 43 40 35 34 45 99 31
76 48 31 96 44 98 94 49 26 75 84 95 50 67 35 37 16 66 82 78 43 80 47 22 25 62 69 100 92 59 34 42 99 70 97 3 79 40 54 45 24 9 61 93 23 21 1 17 55 86 85 33 19 41 7 4 11 51 27 6 87 38 39 88 20 90 10 15 8 63 30 29 81 56 58 91 77 89 2 64 73 14 32 18 5 65 83 28 71 72 53 12 60 46 74 57 36 52 13 68
68 2 80 22 50 75 25 30 19 77 52 98 84 88 71 45 96 85 73 17 69 67 37 99 94 43 36 62 10 39 56 4 13 81 64 12 46 90 78 49 55 32 1 11 83 20 6 44 87 47 72 91 31 42 57 58 28 41 14 60 79 82 16 63 3 48 9 26 65 34 7 95 76 35 59 33 92 51 24 53 97 23 86 8 61 70 54 21 5 40 74 18 66 15 93 89 100 27 29 38
95 96 11 21 85 78 67 53 89 71 32 73 39 2 12 76 44 70 77 66 75 60 48 38 68 40 26 74 63 4 3 6 30 72 83 47 27 65 43 9 90 97 18 10 55 19 37 8 17 49 56 7 81 16 51 64 93 35 20 59 80 91 25 86 57 15 36 61 1 88 24 22 42 28 99 50 33 87 84 13 82 79 31 54 62 41 5 92 100 45 14 46 94 69 34 98 23 58 52 29
37 55 70 76 11 61 83 26 30 7 98 8 100 35 92 17 63 93 45 64 32 20 86 36 4 97 27 44 19 80 24 79 28 23 73 81 72 94 40 51 58 18 68 1 6 90 39 99 71 33 67 52 25 29 96 53 38 60 89 66 41 48 43 22 82 84 56 5 46 62 47 85 16 75 12 95 34 65 9 78 2 88 3 10 69 74 77 15 57 54 91 87 42 13 14 49 31 59 21 50
3 23 45 99 84 39 73 9 8 87 68 77 24 98 1 18 86 94 70 30 49 54 22 100 42 53 90 83 47 16 15 78 26 33 76 56 4 89 41 43 10 85 31 81 38 51 60 74 66 7 13 28 50 80 91 40 59 12 79 88 36 95 21 32 71 27 55 75 17 69 29 97 20 93 82 34 67 44 14 46 52 6 35 19 58 48 92 72 64 65 11 2 5 63 61 37 96 62 57 25
34 31 25 26 97 88 93 65 40 63 70 85 56 84 7 77 20 87 41 46 50 33 92 6 48 44 73 13 68 72 82 22 74 60 58 91 32 10 49 28 79 95 37 27 43 29 61 78 81 14 69 23 76 2 75 9 57 86 35 4 11 17 55 47 18 5 54 99 39 12 53 15 21 45 71 1 83 8 16 98 100 94 90 59 36 52 64 38 30 42 3 66 96 24 19 62 51 80 67 89
64 32 100 28 38 18 23 2 24 25 50 74 72 7 63 20 67 65 80 86 9 79 17 59 14 55 53 81 84 62 39 61 70 49 71 96 13 51 75 8 54 87 22 94 82 11 97 90 29 45 77 56 78 1 85 88 35 93 60 26 21 30 95 76 89 46 91 37 99 43 12 48 5 68 98 69 52 15 19 57 92 3 47 34 16 31 27 4 66 6 73 33 40 10 44 58 42 41 36 83
16 47 46 42 73 10 96 90 37 30 4 25 94 85 86 67 88 12 63 54 29 36 97 1 31 27 28 5 99 69 53 76 92 68 100 43 62 57 3 26 71 75 44 45 64 66 72 2 84 61 80 21 65 14 40 81 22 15 13 34 50 7 70 33 49 56 39 93 51 59 89 52 41 6 9 19 95 23 38 83 77 18 58 55 79 17 60 87 48 8 20 91 32 74 35 82 98 24 78 11
32 28 37 3 34 79 46 18 33 81 9 2 52 12 95 57 73 36 35 56 7 78 39 43 90 65 19 45 13 47 83 54 1 86 44 50 16 72 25 66 64 40 62 15 96 17 30 63 14 87 53 5 41 23 6 26 27 8 58 51 70 4 85 74 97 24 92 55 77 100 38 11 91 10 69 20 99 75 61 94 89 82 42 98 48 93 67 59 31 84 88 60 68 21 71 80 29 76 22 49
44 83 7 73 87 62 52 95 29 40 88 12 42 20 45 43 68 46 55 32 82 86 93 27 47 26 4 57 30 71 41 85 33 21 15 67 11 37 51 99 91 84 92 72 3 94 96 6 18 89 17 81 58 10 13 59 9 69 24 35 22 14 28 16 64 25 70 31 90 48 79 5 80 36 39 76 8 63 23 38 53 61 50 78 34 98 65 100 1 74 2 77 75 49 56 97 60 54 19 66
70 90 95 19 79 27 12 99 36 56 47 62 11 24 20 52 6 57 10 21 83 30 3 55 91 63 61 97 18 82 94 25 73 43 92 39 75 49 86 40 4 28 29 54 44 98 5 48 80 88 59 51 1 32 69 84 87 2 9 16 31 93 100 58 60 68 41 64 74 42 34 37 78 33 65 38 76 72 67 77 71 81 53 85 17 96 45 50 35 13 8 22 89 26 15 14 66 46 7 23
62 49 5 65 1 80 82 7 100 21 85 94 25 38 84 42 39 64 15 90 71 57 32 17 45 76 86 36 50 68 20 30 81 79 23 60 78 69 93 55 77 99 13 12 51 8 24 41 74 54 19 31 70 97 95 27 61 73 18 46 33 58 37 53 22 14 28 96 59 87 40 44 35 29 83 75 48 2 43 4 16 11 92 26 3 10 52 6 34 9 66 63 67 72 47 91 89 98 88 56
1 9 50 77 55 41 100 88 68 80 45 31 67 63 32 93 74 27 87 81 28 26 66 94 57 5 78 8 43 76 91 95 75 29 19 13 71 4 72 14 16 53 60 3 89 85 62 12 46 17 15 38 83 20 44 65 48 92 33 70 39 42 6 11 79 23 37 36 84 54 69 21 99 52 97 10 35 22 86 18 96 40 64 61 56 58 7 24 82 73 25 51 90 34 49 59 2 47 98 30
27 75 98 71 62 100 57 40 11 48 14 20 79 82 90 30 60 99 94 4 80 12 19 26 54 28 58 3 34 5 70 46 87 88 93 65 29 91 16 52 66 81 64 68 72 22 21 35 51 9 39 95 47 73 49 8 13 77 86 36 6 96 97 61 59 18 53 74 33 37 45 43 31 55 41 67 2 69 25 89 83 85 17 56 32 78 50 7 10 92 24 23 44 84 76 1 38 63 15 42
92 85 3 61 28 16 55 19 80 76 54 87 68 69 65 36 66 53 91 96 8 35 30 32 18 62 25 40 41 24 72 57 44 26 5 49 70 88 90 4 47 11 38 75 22 56 13 21 45 94 79 63 67 37 93 31 10 1 14 97 34 23 86 12 6 7 27 98 15 60 73 77 17 50 74 81 39 100 58 42 33 78 84 51 9 71 82 20 2 99 48 89 29 59 95 46 83 43 64 52
97 72 90 74 5 25 2 64 66 49 65 1 87 15 38 9 99 22 4 18 73 41 91 39 80 10 46 95 98 27 96 69 51 32 12 33 48 77 82 92 53 44 55 83 57 71 56 94 3 67 52 37 16 8 100 54 88 76 47 13 23 31 17 6 93 59 89 24 34 50 61 60 30 14 84 43 28 70 36 35 40 29 62 79 19 11 75 78 20 21 63 42 58 86 81 68 7 85 45 26
81 59 26 37 93 13 51 97 45 99 28 6 33 75 98 94 3 62 48 40 91 31 79 12 66 21 32 60 5 54 86 77 85 7 61 100 15 36 84 34 73 10 58 69 88 96 14 76 56 57 24 70 89 64 17 92 25 16 63 42 20 71 1 72 19 50 23 41 80 30 4 9 8 67 53 35 22 78 68 2 47 83 95 52 87 90 39 46 29 27 44 43 18 55 38 11 74 49 65 82
25 73 99 41 83 3 33 11 92 85 63 36 10 68 55 27 84 72 78 76 19 28 51 47 50 18 14 79 23 67 9 31 59 64 38 42 58 22 39 98 96 29 6 77 40 5 69 93 54 97 30 1 61 60 66 89 24 82 71 48 12 43 65 56 95 94 2 100 20 35 75 81 53 62 90 17 80 86 52 7 87 37 88 13 15 44 26 34 91 16 57 32 46 70 21 74 45 8 49 4
94 88 91 59 43 4 15 55 67 26 73 92 8 31 34 12 57 5 75 19 47 74 98 72 17 14 48 24 51 58 56 65 68 22 42 30 21 13 10 38 63 60 53 46 50 69 52 16 78 93 7 79 39 27 23 85 41 6 81 40 90 61 87 96 25 35 33 20 45 32 95 49 97 70 11 66 1 29 89 3 9 36 28 80 64 37 84 86 76 2 77 99 82 44 54 18 71 83 62 100
91 6 69 85 70 77 87 43 1 51 61 26 17 11 30 54 42 90 96 52 68 95 99 28 67 31 7 16 58 15 44 13 24 94 22 32 39 59 81 86 2 5 27 71 35 79 50 56 20 55 97 92 37 75 41 80 19 10 38 53 60 63 98 83 72 12 88 21 62 18 64 76 14 73 4 46 57 9 45 100 78 34 36 47 89 66 74 29 25 3 33 49 93 82 84 48 8 40 23 65
52 61 32 62 25 81 9 21 83 53 22 18 41 86 26 79 100 33 49 71 94 70 29 88 28 95 24 90 87 85 67 10 97 51 55 63 56 80 8 44 27 31 12 60 23 92 11 65 13 46 42 45 74 57 84 68 77 39 20 64 54 50 35 19 14 6 76 17 73 38 91 59 2 7 30 3 69 98 66 34 43 1 4 15 93 72 99 37 36 82 78 40 16 58 75 5 48 96 89 47
7 11 93 72 17 36 31 77 43 82 37 22 54 6 2 1 71 16 47 39 78 84 23 40 32 58 99 12 28 21 18 14 88 65 56 57 52 9 66 63 3 50 70 20 59 4 64 45 98 8 48 60 46 96 97 10 85 80 67 74 25 100 41 26 76 51 86 29 30 53 94 13 44 34 73 24 81 35 27 19 69 89 38 92 95 5 33 42 15 62 87 61 49 91 83 79 68 75 55 90
11 41 63 10 91 68 30 86 52 19 15 21 92 90 56 23 61 67 22 50 59 42 27 82 12 6 100 43 74 96 88 33 39 38 24 55 99 20 85 64 83 34 8 66 95 57 9 87 35 71 73 65 69 28 36 97 31 13 89 76 48 32 93 79 47 62 29 70 25 4 2 7 37 98 54 5 26 18 14 60 58 44 78 72 46 40 53 77 94 81 16 17 80 3 1 45 49 51 75 84
60 16 38 35 67 69 91 81 17 2 36 34 59 55 13 83 26 40 30 79 72 3 31 53 71 86 93 50 4 75 51 63 27 82 70 90 97 78 5 6 43 57 65 98 33 23 94 18 89 14 41 20 99 15 9 25 39 29 85 88 49 21 92 66 37 45 12 52 68 56 80 46 28 54 32 96 44 77 48 1 19 100 61 84 10 47 8 58 87 24 22 95 73 76 11 7 62 64 42 74
74 64 49 44 26 54 47 78 25 20 96 72 40 79 91 5 93 21 43 53 56 18 45 3 24 7 89 85 10 42 4 82 69 59 8 48 51 46 92 35 67 33 34 50 70 29 58 52 76 63 22 99 14 84 37 32 80 57 6 61 95 2 27 75 1 9 19 97 98 15 77 62 71 39 17 41 16 38 94 30 23 65 81 11 83 87 68 12 60 66 90 88 86 100 28 36 55 13 31 73
35 1 29 68 51 87 62 3 34 41 13 15 98 56 79 46 55 30 53 54 22 65 44 16 75 23 97 91 24 76 11 5 43 83 2 69 63 14 36 73 86 96 45 31 100 20 99 47 48 7 90 12 88 89 39 21 71 94 25 58 66 19 60 4 61 92 82 81 38 80 26 28 64 42 67 72 18 74 32 40 8 49 9 37 77 33 57 93 85 78 50 84 10 6 17 70 27 52 59 95
6 100 7 86 13 94 17 35 85 34 49 75 23 39 41 44 65 43 46 28 89 69 57 67 37 38 11 30 60 73 66 15 47 80 88 27 78 93 33 21 10 36 20 16 3 99 42 96 97 82 18 68 5 56 55 87 1 90 77 91 81 58 54 51 31 52 50 76 72 92 8 2 59 63 95 62 53 12 83 71 24 70 98 4 40 79 61 45 74 25 32 64 84 9 48 22 26 19 14 29
12 58 67 90 23 17 86 29 87 32 56 55 60 83 36 6 35 50 10 22 52 2 18 96 63 46 39 78 37 100 14 62 64 11 77 76 34 81 79 41 15 24 5 91 13 95 92 31 16 26 3 54 71 48 42 99 89 84 69 85 57 7 73 27 9 43 80 51 4 98 20 53 19 61 75 21 65 25 44 66 49 59 74 45 38 8 70 30 88 97 93 28 47 1 82 40 72 94 68 33
82 57 45 1 12 8 32 87 50 33 91 48 44 53 15 90 79 23 97 66 99 72 25 21 62 68 38 75 71 95 63 80 35 47 17 9 5 11 28 31 40 70 39 55 74 46 85 60 34 76 26 7 73 49 2 43 69 81 3 83 42 14 96 65 100 89 78 94 61 19 22 27 20 10 92 52 13 6 58 59 67 51 37 41 88 86 36 84 54 93 98 4 64 30 16 29 56 24 77 18
15 4 79 95 61 57 40 92 49 90 60 100 7 16 14 64 5 32 52 78 33 58 56 99 1 34 81 6 86 8 47 41 55 42 94 59 50 70 13 74 38 27 85 63 29 26 36 3 44 54 51 80 11 88 28 82 66 25 2 72 45 35 84 67 91 10 69 73 23 96 48 18 9 65 77 22 24 89 21 17 46 12 83 93 75 19 37 98 62 31 68 30 71 39 76 43 97 20 87 53
23 65 15 78 52 11 50 68 95 18 97 20 70 49 66 63 22 76 42 58 4 82 61 41 86 99 80 35 3 60 87 17 46 55 40 64 53 27 96 71 75 88 90 37 36 74 32 73 47 89 7 94 10 13 45 44 8 38 51 19 9 6 34 100 2 91 84 83 93 25 81 56 98 29 31 92 21 54 24 16 5 33 85 77 72 57 62 67 43 30 28 26 79 12 14 39 59 69 1 48
2 33 17 80 10 58 56 48 64 69 19 70 66 96 93 51 11 60 65 99 29 52 59 8 40 13 1 39 76 54 12 84 83 28 75 35 24 31 73 32 30 41 14 5 98 7 89 100 86 25 97 50 49 63 92 77 42 87 34 71 53 45 79 9 46 72 94 15 44 23 37 36 22 78 43 61 47 3 55 20 6 90 68 57 21 91 85 74 16 67 38 62 4 18 81 27 95 26 82 88
90 42 31 70 37 24 89 59 18 5 72 49 77 47 48 69 62 88 66 74 50 85 26 100 95 67 55 93 12 84 75 16 3 7 60 19 79 58 83 20 44 6 41 21 64 87 22 27 15 97 54 82 23 53 11 86 78 91 30 9 99 81 57 25 4 38 68 92 29 94 14 80 33 13 8 39 96 36 73 52 17 35 65 76 43 63 2 10 28 98 34 71 1 40 56 51 61 45 46 32
56 7 35 84 80 47 77 75 48 57 99 42 65 24 18 4 20 31 93 98 62 96 14 63 74 85 8 34 16 13 38 10 50 41 26 15 46 97 2 87 1 79 73 33 6 49 59 88 36 19 45 44 72 25 68 61 12 67 27 40 54 64 51 76 43 82 30 3 69 90 17 86 29 94 28 78 66 53 70 21 11 60 39 91 55 100 71 5 83 52 95 9 23 81 37 92 22 89 32 58
63 39 74 67 14 5 71 91 97 100 80 53 30 20 96 41 25 4 17 64 8 83 24 36 69 73 45 99 92 26 77 19 11 1 10 72 37 85 15 76 9 62 29 98 7 94 43 82 61 88 2 3 40 68 18 75 58 52 28 33 50 86 66 21 87 93 31 32 16 49 48 47 78 56 23 12 42 81 51 79 22 95 57 38 60 55 46 65 27 59 70 34 6 90 44 13 54 35 84 89
71 37 25 82 7 2 29 74 77 67 66 52 80 51 16 68 70 17 79 33 63 24 72 49 9 91 50 42 35 75 85 47 40 4 28 61 8 86 55 1 22 92 58 73 81 18 78 15 39 96 48 87 45 14 38 6 26 19 57 97 69 59 46 88 44 53 21 89 32 84 94 3 65 60 64 99 56 20 23 5 41 93 76 36 62 83 100 11 10 95 13 27 34 98 30 90 12 54 43 31
61 56 70 97 15 22 26 83 53 88 39 29 81 42 20 96 45 47 35 80 18 77 46 40 73 36 60 82 27 74 92 99 12 71 31 7 49 44 21 62 54 76 79 95 32 66 16 75 8 94 1 23 98 10 19 28 51 11 100 64 2 67 52 68 48 69 43 84 41 65 33 91 4 87 24 6 25 90 37 3 34 17 30 63 58 59 72 89 78 57 55 93 13 85 5 86 14 38 9 50
87 53 100 89 50 55 66 27 16 11 69 71 31 32 37 72 88 51 75 46 92 9 5 15 49 77 96 41 26 19 34 65 8 76 95 29 86 35 68 93 36 94 44 25 28 21 90 42 79 47 24 52 74 81 10 7 63 85 58 48 20 56 12 84 67 83 61 2 22 99 62 4 82 97 13 3 17 57 59 14 54 30 80 73 64 98 18 70 39 38 1 45 91 23 33 40 43 60 6 78
77 22 80 40 16 3 45 61 84 9 54 93 64 72 68 89 41 6 38 70 12 56 76 27 66 83 74 59 1 97 29 51 17 34 78 5 30 71 37 11 69 67 86 100 43 98 25 79 24 57 82 90 53 8 21 13 95 50 4 18 91 96 33 58 7 20 15 65 55 88 35 73 85 44 46 23 92 60 26 99 62 2 87 32 63 49 42 94 52 48 14 81 36 47 31 19 10 39 75 28
79 98 46 100 8 59 27 93 61 72 33 76 45 88 69 62 13 66 94 67 7 78 41 86 11 96 23 22 38 58 32 21 54 75 97 14 6 2 99 15 68 3 42 10 12 43 55 89 63 87 29 81 44 57 1 35 82 53 65 25 90 30 9 95 70 34 73 50 31 36 64 16 48 74 26 47 51 37 28 40 91 56 18 71 49 77 80 52 20 19 92 5 24 60 4 83 39 84 17 85
14 45 30 60 58 71 88 4 31 89 55 46 28 7 8 90 78 9 16 83 79 62 92 6 51 57 33 37 84 82 48 54 19 81 15 22 29 74 18 23 99 59 24 17 87 44 1 86 68 85 27 47 2 26 32 66 65 63 70 35 36 94 50 39 64 21 97 13 42 12 75 67 95 38 34 20 77 61 43 91 56 52 11 100 40 10 76 80 93 41 49 96 98 25 3 72 73 53 5 69
31 21 59 51 44 35 49 38 10 75 11 56 13 27 5 64 23 95 96 30 26 17 98 94 14 66 63 69 83 85 65 50 80 87 92 99 19 68 52 70 78 15 90 79 61 97 57 72 58 86 60 67 29 20 82 48 6 22 32 1 62 3 18 71 81 7 42 43 88 74 9 41 12 76 89 8 93 34 84 73 37 25 46 2 91 39 54 40 33 55 4 100 45 16 77 53 47 28 24 36
28 54 4 16 98 9 92 79 7 15 83 51 19 22 53 11 95 1 48 75 41 80 99 84 56 87 85 66 33 96 37 78 5 38 91 65 67 100 76 77 24 82 39 63 44 70 45 59 12 73 32 34 27 64 20 2 49 14 68 74 17 52 31 81 23 93 60 6 94 62 40 69 57 36 86 10 72 42 89 29 3 88 55 90 71 13 47 8 30 61 26 21 58 97 46 43 35 18 50 25
80 79 14 15 20 56 4 16 54 44 65 11 36 19 98 95 9 69 78 26 24 55 57 73 2 12 62 30 32 51 46 3 53 85 48 8 60 63 84 25 66 68 92 88 96 77 99 17 50 75 5 72 58 34 7 82 40 90 35 41 6 38 10 74 97 43 49 23 52 76 29 64 86 37 100 81 59 93 42 61 1 39 45 21 13 67 89 22 94 47 71 31 83 28 18 87 33 70 91 27
5 23 82 18 87 57 24 42 49 58 27 8 84 74 7 94 1 86 83 65 31 46 28 22 72 39 77 32 30 38 16 59 63 70 44 13 100 50 81 68 11 14 21 60 47 51 10 71 53 99 88 43 34 75 3 52 67 61 15 55 48 25 80 54 20 85 33 69 91 96 12 29 90 6 78 4 37 45 2 95 92 19 56 35 36 62 9 17 64 26 76 40 66 73 79 89 41 98 97 93
39 85 65 47 97 45 70 57 88 22 82 69 24 71 29 20 10 15 87 86 34 36 33 1 89 42 40 90 11 27 6 37 94 51 38 80 13 19 50 58 95 83 64 16 73 61 32 4 60 93 30 49 17 100 43 81 79 55 12 52 75 48 96 77 26 78 54 18 56 28 7 35 21 98 5 76 8 92 66 23 72 9 44 25 3 46 99 14 2 68 41 67 84 31 74 63 91 62 53 59
94 90 57 4 32 82 39 6 63 87 7 45 18 12 30 33 98 10 49 15 74 54 9 83 75 3 20 61 89 17 26 86 52 25 79 50 96 99 69 67 64 2 34 62 60 8 11 44 59 5 73 56 51 41 70 84 47 24 91 13 28 93 23 92 77 55 27 95 71 46 22 88 76 66 58 43 19 80 100 68 38 81 72 97 14 78 29 21 16 85 53 48 31 37 42 35 36 40 65 1
81 62 73 38 76 34 40 82 20 7 42 30 51 90 48 54 89 65 70 27 45 74 83 71 44 17 95 75 13 47 93 53 72 35 58 3 32 41 96 29 57 25 1 92 31 86 66 78 52 61 77 28 8 67 18 97 10 94 43 21 60 12 98 69 80 6 2 91 24 63 99 23 88 39 55 59 9 68 33 56 85 22 49 50 15 36 4 84 87 79 46 19 37 14 26 16 5 100 64 11
42 71 13 88 2 91 33 34 78 90 100 98 95 86 65 27 3 77 55 69 94 32 18 43 54 50 11 26 66 37 36 30 81 64 57 70 9 89 47 75 20 8 17 31 79 12 76 19 67 48 62 25 21 59 83 40 60 84 24 63 14 85 49 61 6 72 82 68 16 29 4 92 51 73 45 96 99 44 41 46 52 53 1 39 93 58 23 56 74 80 15 35 87 10 38 22 28 97 7 5
74 64 66 93 77 98 38 63 48 47 28 54 40 36 90 83 97 73 30 51 5 20 37 68 21 56 9 8 99 50 43 55 29 94 49 84 27 61 14 91 41 96 12 3 17 25 71 39 62 22 6 33 19 23 58 4 24 57 80 32 87 78 65 59 35 46 89 26 10 34 2 81 45 92 7 72 79 95 86 44 42 31 82 16 67 52 13 53 1 15 69 11 100 75 88 18 85 76 60 70
58 70 95 33 51 28 80 14 24 77 88 74 83 60 1 5 17 87 31 23 75 30 27 59 82 29 99 68 9 2 61 42 11 53 62 12 91 10 56 45 81 46 6 97 65 3 18 38 48 15 13 98 50 36 25 8 100 54 39 16 21 4 20 96 47 92 84 72 22 26 73 40 69 90 37 66 85 32 79 34 35 63 57 78 86 89 7 93 67 76 94 52 64 71 55 41 44 43 49 19
13 26 85 30 61 23 94 51 53 37 96 75 97 25 35 72 52 12 22 17 27 44 81 47 79 83 41 39 62 59 54 9 21 36 8 43 7 3 80 10 14 84 63 70 82 19 16 77 1 95 90 4 65 28 78 15 71 64 60 46 89 33 38 32 45 88 92 34 73 31 91 93 74 2 40 48 67 50 5 76 100 49 99 57 87 68 69 20 66 58 86 55 18 24 6 11 29 42 98 56
54 6 41 20 57 81 23 83 34 40 78 84 1 64 93 70 36 59 45 72 32 88 97 51 16 8 12 55 48 62 58 13 85 73 100 25 4 96 67 99 87 98 5 27 15 82 24 69 3 71 22 91 31 9 28 74 43 35 21 17 80 47 42 10 63 79 94 60 38 2 95 39 56 33 18 53 29 26 19 37 66 14 89 44 30 65 92 7 11 75 90 68 49 77 86 76 50 46 52 61
85 96 11 31 43 52 68 56 16 35 49 2 50 75 22 63 73 91 37 44 82 67 89 72 30 1 7 3 19 15 90 76 65 14 23 94 26 93 20 98 46 40 9 99 78 55 36 83 38 45 57 97 48 77 84 59 87 47 42 4 33 95 32 80 25 53 69 64 100 71 24 6 60 21 62 5 58 41 61 12 13 66 27 10 18 70 86 92 81 54 28 8 17 39 51 74 34 29 88 79
46 61 60 52 26 7 12 71 29 70 13 58 38 98 16 43 67 36 91 68 30 5 50 55 10 54 48 20 47 80 3 57 44 23 74 87 14 94 33 65 35 69 53 81 25 2 96 9 86 72 42 90 78 51 89 92 76 21 19 22 39 77 24 11 95 83 4 88 93 64 31 75 79 45 59 1 100 8 34 63 84 6 18 82 56 28 41 97 40 37 85 99 73 27 49 62 15 17 32 66
92 17 71 5 42 14 73 48 27 29 67 18 43 30 59 79 99 46 53 13 21 84 10 38 47 98 39 91 52 24 95 70 64 44 40 60 62 11 8 81 100 87 4 54 9 96 94 7 32 31 86 22 33 78 2 65 68 74 50 36 41 72 77 63 66 37 58 12 76 49 1 28 83 85 80 75 61 15 6 89 26 90 69 3 97 34 56 55 35 45 20 25 16 19 93 51 88 57 82 23
11 19 9 69 30 92 20 23 70 61 50 87 76 67 15 37 74 56 47 96 97 57 3 58 48 89 42 62 63 71 7 33 10 24 2 90 73 65 59 100 21 27 8 55 1 83 88 91 29 28 18 35 75 60 39 85 25 41 79 5 12 66 82 6 72 36 86 16 32 54 26 68 81 34 99 22 45 51 53 31 4 40 77 13 38 64 14 98 43 93 52 84 44 46 95 17 94 80 78 49
3 31 68 96 91 19 2 42 64 99 20 48 37 45 84 12 87 26 41 57 43 69 63 93 78 17 58 4 73 21 15 85 39 11 70 33 25 75 54 24 80 34 13 9 55 62 98 8 23 56 51 89 76 32 38 88 52 53 1 66 79 82 28 47 60 14 16 59 72 5 50 97 36 35 10 61 49 65 22 7 94 46 6 71 95 40 74 86 18 81 83 77 92 90 67 27 100 44 29 30
88 32 3 43 28 10 9 81 95 17 22 62 100 76 92 30 40 70 82 5 49 18 72 56 27 38 79 93 77 41 52 12 90 66 55 96 31 84 85 46 19 45 57 4 83 78 2 74 54 80 23 21 86 97 75 94 16 39 13 47 34 69 59 33 99 35 24 51 61 58 89 53 42 20 36 50 6 98 64 60 29 7 63 15 48 1 65 68 26 44 8 87 71 37 73 14 11 25 67 91
96 49 48 24 25 44 16 59 74 81 3 12 92 84 21 4 66 89 54 56 88 2 36 45 6 39 60 43 20 79 37 82 17 22 32 100 99 70 61 64 40 33 27 71 38 90 42 29 78 46 67 72 80 1 14 69 35 8 31 34 7 91 87 26 93 28 76 94 55 30 63 15 50 9 65 73 52 23 18 53 97 51 83 11 98 85 75 47 62 57 95 10 86 58 19 5 77 41 13 68
64 24 54 95 85 88 63 86 18 65 15 1 22 73 9 46 57 94 80 90 47 33 5 28 7 34 62 59 31 72 35 77 79 82 50 56 58 20 3 8 76 81 60 14 39 38 97 61 2 11 53 55 4 42 66 10 32 92 98 6 25 68 48 75 89 51 36 99 74 69 30 44 91 67 37 19 27 13 16 71 96 23 41 93 83 45 84 78 100 26 40 43 52 29 21 70 87 49 17 12
76 73 99 94 37 20 79 91 40 83 52 25 5 13 26 45 84 64 4 21 44 72 61 46 90 15 24 60 65 68 27 6 69 92 22 18 75 71 86 7 77 70 31 50 17 34 14 96 66 9 47 82 49 29 55 54 39 11 57 59 63 32 1 19 3 62 10 74 53 78 100 16 41 42 81 58 30 87 38 80 28 85 56 98 89 2 33 67 51 95 93 12 88 8 35 97 48 23 36 43
82 12 8 90 93 75 54 47 1 56 36 77 14 21 45 96 44 99 15 32 28 16 78 35 18 86 38 23 64 29 24 95 59 65 33 49 11 80 100 27 4 10 87 20 94 89 6 2 13 52 41 25 7 70 98 61 48 30 42 26 67 57 97 85 76 91 53 79 69 66 37 43 84 63 60 46 88 58 68 50 73 3 81 92 5 31 51 17 71 19 22 83 40 62 34 39 74 72 55 9
25 47 37 100 34 62 44 63 19 79 73 23 35 89 18 3 86 93 77 88 69 28 51 26 71 96 78 81 43 67 42 98 92 33 76 39 85 52 10 68 55 57 61 91 31 17 9 6 14 29 59 60 1 30 13 72 20 2 54 53 22 50 84 4 49 24 99 97 41 87 46 48 95 40 74 7 12 5 45 64 90 94 32 70 8 56 83 11 36 65 38 66 75 80 15 58 16 27 21 82
27 9 94 75 1 4 71 79 8 76 14 83 98 53 41 36 72 33 63 95 46 81 66 17 28 50 29 100 88 70 20 61 47 43 87 26 12 64 23 67 96 85 65 77 86 11 92 90 74 55 39 34 6 80 40 99 69 38 24 62 13 73 21 51 18 56 44 32 7 59 97 49 16 52 84 54 31 37 25 30 22 82 45 19 35 48 10 5 91 68 2 15 89 93 78 57 60 58 42 3
9 11 98 86 13 1 67 3 83 30 8 64 56 94 80 77 6 25 46 69 90 19 54 82 99 58 93 71 18 95 32 73 33 21 75 63 72 55 28 43 91 36 62 29 79 85 12 68 16 66 10 92 81 96 74 87 57 76 4 44 49 17 35 89 61 38 50 70 42 27 45 52 97 14 26 100 37 7 65 84 59 78 39 23 34 41 24 22 60 40 88 5 20 31 47 48 51 2 53 15
44 48 39 18 84 78 15 65 81 3 85 28 54 35 34 1 21 20 52 93 9 7 47 14 32 57 36 42 90 83 38 4 24 29 94 30 16 13 51 66 58 95 70 82 89 64 22 19 79 33 62 67 25 92 97 26 27 10 100 73 11 71 6 86 37 17 59 75 56 43 53 8 99 55 12 74 40 60 76 98 49 50 61 63 72 88 45 69 41 80 68 46 77 2 91 23 31 5 87 96
71 28 5 21 68 69 30 14 61 33 47 94 95 16 86 41 96 85 32 62 72 98 59 12 23 42 100 24 75 4 63 31 87 88 17 6 39 57 36 73 74 97 55 7 82 58 60 92 53 65 15 44 79 99 11 43 13 66 80 51 83 1 93 22 19 9 52 2 25 81 18 67 56 77 45 35 34 91 48 78 89 10 37 54 46 90 27 70 76 50 3 64 29 40 20 26 49 8 84 38
97 53 32 16 67 85 87 61 92 55 84 33 10 38 79 88 76 75 23 17 83 50 30 39 81 91 37 40 68 11 54 15 1 9 43 69 57 51 25 96 7 62 45 46 65 18 59 99 98 49 19 80 89 3 6 21 77 12 70 42 95 63 100 27 31 52 56 73 4 48 34 2 22 93 5 41 14 78 35 13 82 58 72 74 90 86 64 24 29 8 66 71 94 60 28 36 20 47 44 26
60 55 26 10 33 100 25 32 36 66 21 6 31 49 37 34 16 69 88 40 22 3 29 54 63 56 45 12 80 73 11 20 97 57 96 81 48 62 79 92 86 99 23 15 51 41 64 47 35 58 61 87 39 90 44 68 19 13 50 76 46 43 85 2 71 94 28 83 77 42 8 59 5 7 91 38 95 53 52 1 27 70 78 72 17 93 82 14 84 74 24 67 4 30 75 98 89 65 9 18
62 59 90 88 4 11 51 97 3 92 61 26 45 39 50 35 95 72 74 81 80 65 48 77 42 68 14 41 16 5 34 25 53 54 64 91 9 46 13 21 94 32 38 66 60 49 86 87 99 8 17 85 71 73 36 89 93 19 28 83 70 24 27 79 98 18 55 33 63 20 56 22 69 47 7 67 76 2 29 6 37 1 58 100 75 96 57 12 15 31 44 52 82 84 40 78 23 30 43 10
15 68 49 45 70 5 19 7 87 26 46 85 42 66 91 44 92 61 14 56 33 35 39 53 94 99 97 50 34 88 36 37 43 83 86 48 71 40 77 38 95 59 3 69 47 10 30 17 20 67 79 65 12 2 9 58 72 6 51 18 76 100 25 16 54 82 31 81 84 60 27 13 64 75 98 21 90 74 63 57 52 24 55 8 96 29 78 28 23 41 32 89 22 73 11 1 80 93 62 4
63 29 84 76 73 13 52 75 66 91 58 89 94 11 36 69 17 40 34 70 71 14 93 32 25 77 23 97 74 100 96 5 83 78 24 64 15 88 2 62 79 44 37 12 46 26 4 65 10 82 43 51 92 27 42 80 59 22 68 57 98 21 86 53 1 8 41 20 31 38 61 60 39 81 28 99 72 30 56 35 67 95 87 47 9 33 50 45 55 3 16 49 90 18 54 7 6 85 19 48
34 50 77 74 16 87 98 21 89 41 45 80 59 58 13 6 5 57 76 67 73 86 44 3 40 29 96 37 71 69 46 63 27 60 93 4 7 49 39 51 47 79 18 75 78 19 85 48 68 81 26 56 11 38 94 64 1 32 2 72 31 61 43 95 22 10 23 24 20 84 92 91 14 17 90 52 33 42 82 100 53 54 35 99 65 62 97 30 88 55 70 28 12 9 36 25 66 83 15 8
79 41 50 4 12 94 42 46 47 100 6 73 7 85 3 57 22 17 93 26 68 1 31 10 37 13 95 36 96 39 21 66 75 49 61 32 14 2 5 71 16 9 20 18 40 63 80 35 44 30 74 23 99 48 45 34 11 78 97 65 88 27 92 82 58 69 29 56 91 90 77 76 8 70 55 24 81 86 15 43 62 87 38 64 60 72 52 51 53 59 33 19 25 28 84 54 98 67 89 83
52 1 20 60 14 22 57 35 77 32 44 34 89 31 55 93 11 5 43 23 78 70 17 90 91 40 73 13 86 16 29 41 74 61 88 83 21 36 75 49 38 24 79 37 58 92 53 12 81 6 69 68 47 9 85 7 28 51 19 82 100 59 39 72 10 27 63 98 30 15 66 18 45 50 62 56 48 96 67 2 8 65 4 80 71 97 26 87 54 25 64 33 95 3 94 99 76 42 46 84
91 2 38 70 83 25 46 99 84 5 64 95 24 79 54 52 60 56 97 76 59 42 86 49 22 73 15 16 98 37 77 80 40 47 19 20 41 78 11 29 63 100 51 94 87 12 13 18 34 26 85 88 61 66 68 28 9 1 53 14 32 67 55 71 8 89 74 69 44 35 90 4 21 65 82 27 96 45 36 17 58 33 30 81 10 57 43 6 48 72 50 31 93 23 62 75 7 92 3 39
5 83 36 24 52 2 93 68 45 85 12 72 44 41 4 98 30 32 73 6 13 95 19 16 65 97 67 56 58 48 94 7 99 89 71 77 63 22 37 86 14 50 17 64 69 8 35 79 47 59 78 20 18 46 87 3 26 91 21 70 53 42 40 88 57 66 80 15 81 92 38 84 76 54 100 23 9 75 27 90 11 61 28 51 49 43 39 34 25 82 74 55 60 10 1 29 96 62 31 33
1 75 70 33 62 68 82 43 52 34 91 92 48 22 2 76 9 54 65 97 66 12 32 88 50 3 19 44 8 42 18 69 13 71 4 55 20 81 93 40 73 14 63 45 28 99 90 30 39 98 56 94 72 49 37 86 31 15 36 60 17 23 41 83 59 25 78 21 10 80 47 7 89 61 58 64 35 100 95 38 77 11 46 84 16 74 67 29 85 6 87 57 96 24 27 79 26 51 5 53
47 100 65 20 23 14 24 40 25 21 60 49 33 6 12 68 55 89 86 88 45 83 91 22 31 92 81 99 87 17 16 93 26 56 82 27 70 59 41 10 76 28 75 43 32 51 8 42 52 63 5 1 53 7 57 9 61 29 37 71 66 2 79 69 73 50 30 3 98 4 80 11 35 62 97 39 18 90 85 94 72 36 84 38 19 44 77 58 96 67 78 54 46 15 48 13 64 34 74 95
42 3 17 99 64 27 32 6 85 48 41 36 87 82 96 19 10 4 79 71 89 92 25 7 57 43 55 94 9 90 24 53 73 14 77 54 26 56 78 28 75 31 22 1 33 70 58 100 97 29 52 49 69 23 91 44 50 86 81 67 62 11 51 66 84 12 13 46 45 39 20 95 88 37 30 15 83 40 60 8 5 47 65 21 68 63 72 18 34 76 98 38 80 16 61 93 2 59 35 74
21 39 46 40 19 16 75 87 97 49 70 22 30 15 69 85 52 10 42 84 4 31 56 63 67 12 8 6 62 78 65 9 68 26 28 72 5 90 66 14 83 41 94 93 88 86 50 81 24 7 98 3 17 59 51 27 89 25 58 76 91 35 57 54 100 23 20 55 80 36 48 61 74 43 71 29 1 18 11 95 2 44 64 33 32 47 53 37 82 92 77 60 34 13 79 45 38 96 99 73
7 30 14 35 79 96 55 4 31 37 63 21 70 97 38 23 93 65 17 68 99 82 13 75 45 66 9 74 89 92 51 24 54 86 42 47 49 10 83 34 27 58 85 5 1 22 61 76 67 20 88 46 73 84 53 32 80 81 18 40 43 56 16 12 11 59 39 95 8 19 98 41 28 3 78 62 2 29 94 77 33 60 44 36 69 87 71 50 57 52 48 26 15 25 6 91 72 64 100 90
35 33 66 44 72 7 86 64 30 57 98 100 41 8 71 51 89 90 37 65 11 54 79 68 12 10 34 78 88 60 26 46 55 36 18 67 97 50 49 23 22 75 21 83 73 3 43 94 84 81 2 45 5 63 19 52 58 87 1 91 85 25 95 56 14 13 61 96 24 62 16 27 9 15 31 69 53 38 42 59 40 48 92 4 77 17 70 80 28 99 29 93 32 74 20 82 39 76 6 47
31 37 3 68 5 10 100 92 32 63 1 15 28 55 14 99 38 95 71 46 54 41 58 59 72 36 74 22 66 26 86 94 51 24 60 57 62 9 90 25 20 67 42 2 44 89 33 7 87 17 80 43 97 11 49 13 88 50 48 21 40 78 73 64 70 75 12 84 23 18 69 85 4 96 39 34 29 35 76 16 91 93 98 56 6 19 61 77 27 79 82 30 47 81 83 65 8 53 45 52
90 4 54 51 38 23 96 11 43 69 10 92 46 72 85 62 75 53 12 44 26 47 22 91 80 87 13 77 32 29 3 64 70 28 76 9 52 45 73 93 15 48 58 66 89 1 55 78 59 5 6 99 34 67 7 25 95 82 35 63 2 31 60 39 20 84 42 50 33 98 81 21 86 16 40 8 88 36 30 19 41 17 74 94 61 79 37 65 83 97 57 18 24 100 71 49 27 14 68 56
98 22 79 52 87 45 70 74 11 25 2 91 65 68 95 67 3 86 78 13 23 26 37 56 24 46 20 34 50 62 6 1 35 80 39 42 100 27 58 44 84 60 72 47 96 57 69 29 15 66 40 12 16 36 92 77 51 75 64 61 81 33 71 93 9 54 76 88 99 32 97 73 53 28 4 85 17 89 19 18 43 30 49 59 82 83 8 10 31 38 7 21 48 55 5 90 41 63 14 94
61 51 93 67 98 43 91 78 50 72 32 54 36 96 63 9 41 27 70 8 18 77 49 21 38 76 69 33 26 35 87 42 19 53 73 22 37 14 92 58 81 5 86 30 71 82 28 4 62 90 25 7 83 15 3 75 79 16 65 20 57 45 80 84 23 44 10 100 64 99 17 94 66 68 46 12 59 34 6 40 47 2 89 85 56 11 60 39 29 48 55 95 13 1 74 52 88 97 24 31
80 92 59 30 55 39 47 66 67 18 72 90 52 69 68 73 65 36 22 91 38 96 60 45 54 44 27 85 51 24 48 16 12 70 95 81 99 74 94 11 3 25 28 17 7 5 37 9 50 56 23 58 93 53 78 6 41 63 20 33 14 82 49 35 4 64 43 31 62 100 79 86 71 10 34 40 19 57 21 97 87 83 1 61 26 32 42 15 76 84 13 2 89 98 88 46 29 8 77 75
73 88 13 84 7 80 17 82 100 51 37 31 60 83 66 71 35 30 36 64 74 87 46 96 86 95 4 15 28 49 47 59 8 97 12 20 53 77 21 32 43 29 9 62 61 78 52 72 55 22 48 38 67 92 41 89 85 93 98 44 1 19 69 58 26 45 40 68 65 94 24 23 33 81 10 57 99 63 2 76 16 34 3 18 11 56 90 27 39 54 25 91 79 14 42 6 70 75 50 5
40 57 63 47 76 56 4 29 66 71 9 60 11 89 7 42 79 34 83 94 85 62 28 43 49 67 80 35 41 50 82 52 16 32 3 6 58 19 99 15 2 68 39 54 12 25 95 21 72 45 30 33 88 78 96 48 10 77 13 55 23 86 24 91 38 20 70 36 1 65 93 46 81 14 75 90 69 61 64 5 17 100 31 73 87 8 18 74 84 27 53 51 37 44 26 59 22 98 97 92
87 78 82 85 80 59 26 16 33 67 4 69 13 2 74 94 61 43 49 72 57 17 41 99 56 65 1 45 30 51 75 36 3 25 62 64 27 86 50 70 24 11 6 39 15 44 83 71 18 8 32 81 40 28 21 35 38 73 60 84 98 96 20 10 79 90 68 93 46 88 89 29 48 7 14 54 76 95 77 37 92 12 9 91 63 58 31 52 66 47 34 22 42 97 55 53 5 100 23 19
77 65 100 15 17 8 83 93 26 53 7 89 39 42 13 2 36 22 55 50 24 46 99 86 95 92 28 57 5 64 85 84 63 72 31 59 75 68 40 87 90 82 44 29 25 69 21 74 51 33 10 97 41 16 70 37 67 54 27 19 76 66 23 98 91 71 88 61 94 81 14 47 79 60 43 20 52 80 35 56 34 18 6 32 3 78 9 38 48 30 73 4 11 49 58 96 45 12 1 62
32 16 68 65 97 61 49 95 17 11 24 94 77 51 43 98 63 62 54 83 19 27 81 1 33 14 53 79 64 59 12 20 46 42 26 56 13 4 29 31 9 15 38 73 67 87 10 44 36 99 3 47 50 34 89 45 76 96 39 25 69 58 40 74 80 48 60 57 88 23 70 5 2 21 92 6 8 22 28 93 78 84 82 37 55 52 7 72 41 85 71 35 91 86 90 75 66 30 18 100
6 82 31 80 20 9 54 56 78 2 100 55 97 76 81 95 1 87 16 28 94 44 10 47 14 7 32 72 63 38 43 22 50 92 83 48 19 99 18 41 53 8 3 75 13 98 64 39 61 30 15 73 37 26 58 86 49 85 34 93 36 52 42 65 84 96 24 60 90 74 62 69 51 45 77 33 91 25 79 4 46 29 11 35 67 89 23 59 12 66 88 27 5 21 40 68 71 17 57 70
2 58 41 62 10 77 31 51 92 7 3 65 8 74 4 18 70 21 38 86 91 63 24 71 15 23 26 95 98 84 39 55 5 44 64 27 85 100 81 75 30 88 73 20 94 61 25 93 60 12 78 52 19 54 14 53 22 67 79 17 90 48 35 89 97 32 49 72 87 29 13 9 80 33 11 47 57 6 83 69 42 28 50 34 43 68 56 46 96 37 76 40 45 82 16 99 36 1 59 66
81 72 73 1 8 54 80 34 96 29 27 71 19 7 32 48 45 51 87 39 31 58 14 40 4 18 61 57 33 47 67 76 93 66 79 30 11 60 55 63 99 10 83 95 38 21 89 59 91 46 16 5 70 41 100 65 42 24 43 22 6 64 97 49 82 15 25 26 52 53 9 3 90 75 74 17 13 50 37 68 69 35 88 77 86 36 2 56 85 78 20 62 23 12 98 92 44 84 94 28
28 62 30 93 84 18 39 27 24 9 56 53 64 63 38 90 42 15 74 99 7 79 45 35 17 6 65 82 20 21 58 33 81 29 5 4 51 85 69 40 96 3 34 72 43 77 78 16 12 52 73 50 76 97 10 88 60 80 32 66 48 94 31 67 87 37 19 89 68 25 8 92 57 2 86 71 26 44 41 13 54 75 95 55 14 46 36 100 83 61 11 23 1 47 49 98 91 70 22 59
16 42 67 72 2 55 98 18 49 56 14 45 50 46 86 88 39 77 10 51 79 35 43 27 81 54 90 26 83 96 7 78 40 23 94 19 31 91 82 74 44 75 24 89 9 48 62 95 22 25 61 28 58 29 93 60 63 52 12 36 21 1 65 68 76 34 33 17 15 92 38 84 30 64 13 4 80 70 97 66 71 59 85 41 47 5 100 8 57 53 3 32 87 6 11 37 20 73 99 69
54 57 95 82 13 58 87 55 89 22 42 33 37 86 20 32 97 31 88 90 34 74 76 6 10 72 77 85 27 11 92 17 52 21 75 5 67 44 80 4 100 94 53 68 39 64 30 3 8 19 43 70 46 51 1 2 12 14 83 49 45 7 84 81 73 60 93 18 48 50 98 35 36 96 24 59 47 9 26 23 56 79 99 38 25 71 69 40 15 16 41 61 66 63 78 28 62 29 91 65
12 24 4 89 11 17 56 81 29 70 78 39 84 45 53 54 68 73 76 75 41 55 9 83 1 85 63 99 37 8 20 62 21 64 86 43 25 3 15 26 94 18 92 31 57 2 90 27 46 98 74 22 33 100 69 87 96 71 30 52 60 47 6 59 67 66 91 13 51 28 7 77 44 61 95 72 16 93 34 79 35 19 80 48 36 97 14 42 5 58 49 10 88 32 82 40 50 38 65 23
44 79 15 22 58 52 62 90 3 66 88 98 81 19 96 72 25 9 97 27 5 56 26 73 40 83 99 33 38 10 41 30 100 54 11 57 60 31 16 20 35 45 87 14 86 71 51 8 1 49 82 4 65 70 32 28 24 55 17 6 42 77 34 92 46 94 61 23 39 63 50 64 37 47 80 74 21 12 29 84 89 53 76 18 75 59 85 2 67 13 69 48 36 91 68 78 95 43 7 93
14 45 25 5 15 44 77 40 81 18 49 6 1 36 12 35 87 8 73 19 75 9 48 54 51 31 86 78 99 4 62 79 97 43 96 70 91 63 47 52 80 53 41 16 83 17 61 82 58 95 39 98 11 38 20 10 66 60 55 74 13 30 46 100 7 56 21 65 71 84 27 88 42 93 59 76 22 3 32 64 29 69 90 50 89 67 24 94 23 2 26 34 33 85 37 72 28 92 57 68
74 23 69 38 51 34 45 84 7 82 8 85 11 32 37 62 13 59 31 30 88 36 86 67 79 28 50 94 47 58 93 19 80 57 18 61 12 40 72 76 71 33 70 100 22 55 56 77 27 48 41 21 2 96 43 75 20 66 15 99 9 4 10 63 6 24 73 52 16 54 1 81 83 87 53 35 49 92 5 90 97 26 68 78 91 65 64 89 25 44 98 17 29 95 46 14 42 39 60 3
88 75 85 61 32 71 15 77 57 76 19 23 80 96 3 37 26 1 48 18 33 86 54 94 44 67 41 20 35 83 52 51 10 4 87 50 16 89 14 45 69 11 68 7 17 46 39 73 56 55 27 79 21 99 25 31 65 84 91 58 28 93 70 9 2 5 30 34 22 66 29 97 12 92 64 95 24 72 38 98 100 63 36 90 13 49 74 53 82 81 78 8 6 40 47 62 43 60 59 42
39 26 7 47 42 41 92 11 53 3 68 83 51 56 65 20 71 60 45 32 29 80 44 17 94 40 24 35 52 2 4 86 28 88 33 77 48 90 43 1 74 84 23 46 55 95 5 15 63 58 85 89 78 66 98 82 13 96 38 64 70 72 87 25 8 16 54 76 34 31 61 36 50 6 67 91 79 30 22 99 19 14 69 81 93 100 62 21 27 73 57 9 10 37 75 97 59 18 49 12
70 56 94 31 38 28 75 48 91 88 69 64 25 60 61 11 100 12 86 5 97 3 30 51 2 99 29 15 43 73 37 66 44 22 74 83 34 41 10 77 21 87 18 81 36 62 76 63 89 72 17 95 6 90 57 54 47 16 9 8 7 85 93 80 65 68 58 92 98 96 40 13 82 39 32 1 67 26 59 46 24 49 23 52 79 55 78 20 53 42 33 45 50 71 4 19 14 27 35 84
3 17 91 28 50 36 44 45 74 87 52 58 18 25 79 13 88 16 47 80 82 78 33 39 57 21 89 22 19 27 53 97 72 59 93 49 4 64 56 11 68 2 14 94 95 90 24 75 48 65 7 35 81 37 83 43 61 73 69 34 31 12 54 67 98 71 92 6 76 46 99 8 85 40 23 10 42 77 70 63 1 9 60 84 62 96 41 30 51 38 66 100 20 26 15 86 55 5 29 32
76 49 35 73 26 81 86 2 80 20 65 8 83 84 34 93 23 64 60 7 27 85 98 77 11 87 33 32 3 19 15 50 94 51 61 47 96 13 54 55 40 6 4 70 100 43 12 69 17 82 24 90 39 42 95 99 52 67 25 46 89 57 21 16 1 72 28 41 29 9 92 31 59 36 30 78 58 53 48 14 66 56 63 10 88 91 97 71 62 45 38 68 37 75 18 22 74 44 5 79
90 89 45 43 83 88 96 71 54 58 39 22 23 66 72 99 78 46 82 21 62 32 50 12 6 27 11 95 84 5 61 53 75 79 49 67 36 28 76 93 55 69 1 60 29 34 92 87 80 73 98 33 10 30 13 64 100 86 3 51 41 14 85 91 57 65 31 74 59 38 35 94 19 42 81 48 56 20 9 7 17 37 47 26 97 70 68 4 16 24 44 18 52 8 2 63 15 40 77 25
2 71 8 67 4 19 94 99 84 57 96 28 76 24 56 6 74 70 14 15 63 98 66 22 89 95 46 81 75 79 42 54 48 83 50 3 32 35 68 17 41 5 27 33 64 11 37 60 45 80 72 49 51 1 87 21 82 93 77 73 53 69 92 47 43 88 97 91 20 26 90 44 65 52 9 7 12 78 25 30 13 31 86 39 40 34 10 59 55 62 16 38 100 29 61 23 85 58 18 36
64 7 80 59 33 91 30 50 20 47 55 42 66 71 36 57 62 67 15 22 52 81 23 93 21 97 25 69 16 70 35 99 29 32 24 100 39 19 90 54 58 92 5 79 40 4 85 41 18 87 26 94 89 73 38 74 6 13 31 48 46 68 9 53 45 14 78 12 84 76 17 49 60 56 65 3 77 75 86 44 83 10 98 2 8 88 27 95 28 37 63 51 11 34 43 1 61 72 82 96
58 51 48 69 61 24 93 88 63 19 84 62 40 38 5 44 66 6 26 57 21 20 92 36 23 1 10 14 60 41 67 94 53 35 56 87 73 22 11 65 78 83 55 50 81 7 86 31 71 54 42 72 8 80 28 3 39 76 79 90 33 95 82 75 59 32 9 29 30 4 16 15 97 74 37 43 25 68 100 91 85 89 18 45 96 77 99 2 52 98 46 64 17 70 34 12 47 49 13 27
37 28 29 76 1 47 51 23 22 72 83 12 19 35 71 9 30 88 41 96 44 60 39 58 82 46 26 68 4 48 27 70 87 78 20 14 57 69 52 86 11 97 13 15 79 49 95 34 54 93 45 5 7 75 40 32 67 10 85 62 50 24 66 21 89 55 56 64 81 43 2 6 84 16 98 53 100 90 63 42 3 25 77 99 61 92 18 38 36 74 8 91 94 80 17 59 33 65 31 73
23 30 60 74 17 11 91 87 37 35 21 73 43 88 54 5 98 26 34 78 22 52 36 38 95 8 40 16 24 80 44 13 65 33 4 55 56 70 94 6 19 46 12 93 3 58 97 92 76 96 29 99 53 14 2 27 1 77 32 9 83 50 57 79 64 59 15 81 62 48 63 75 41 20 7 71 51 69 82 49 42 18 84 25 90 28 61 72 100 47 86 66 31 45 67 39 89 85 68 10
97 83 9 10 62 98 50 42 69 40 46 74 30 20 2 51 6 91 53 81 57 24 93 90 73 56 7 77 12 76 66 59 99 94 44 72 8 49 3 28 87 67 65 18 70 85 4 86 78 88 5 52 31 27 23 92 68 21 55 41 80 32 60 33 22 75 82 25 64 37 34 11 71 63 89 38 45 61 14 1 16 39 26 79 35 48 13 100 54 15 43 95 58 84 19 36 96 47 17 29
61 22 71 99 44 1 89 16 8 81 50 56 79 11 41 67 96 94 43 95 28 70 29 14 9 26 78 97 13 17 47 5 27 82 23 15 86 55 75 24 77 60 45 12 31 20 35 6 72 59 19 54 92 3 39 69 87 64 91 85 58 73 37 93 49 10 36 98 90 18 4 68 2 62 84 66 40 65 33 38 34 7 30 32 46 57 80 42 74 53 52 63 83 76 51 48 100 25 21 88
56 40 84 77 34 13 88 76 61 44 82 70 8 72 80 85 5 9 66 33 69 1 38 24 62 18 97 39 87 16 14 3 92 42 73 91 37 59 20 32 4 68 29 64 35 83 99 89 90 15 51 43 25 60 96 81 48 75 27 26 79 21 52 86 54 53 63 57 46 49 31 47 78 55 12 50 28 7 45 58 71 6 95 94 98 41 65 17 2 67 74 11 30 22 36 93 10 23 100 19
32 54 67 3 64 92 25 93 87 71 28 49 38 21 50 19 76 99 63 40 18 65 89 55 22 73 96 42 74 100 82 14 83 72 43 58 62 97 13 15 7 51 8 4 46 57 45 95 23 31 77 85 79 88 94 68 11 1 60 53 66 91 16 26 10 90 44 75 52 20 12 9 29 37 36 17 6 81 56 78 47 61 27 59 30 39 5 70 34 48 24 2 86 69 35 80 98 41 84 33
47 93 99 19 16 5 63 3 26 33 20 75 51 82 85 2 67 50 55 53 49 7 32 41 72 89 94 40 1 95 88 42 24 34 22 12 79 100 18 81 36 76 61 77 78 10 28 30 59 90 60 14 80 48 74 29 71 69 86 13 11 17 98 83 66 8 37 97 56 87 46 62 64 9 54 39 44 23 68 35 84 52 31 73 65 43 57 15 91 27 70 4 92 58 21 25 6 96 45 38
13 70 49 78 93 79 23 57 11 48 22 30 68 47 21 63 44 51 96 84 91 14 3 82 31 43 36 34 86 72 12 98 16 53 60 54 24 46 83 92 10 40 37 17 71 38 42 52 81 67 56 73 99 32 75 15 95 6 69 5 20 2 100 77 35 25 55 33 1 39 45 4 80 76 28 58 64 41 65 89 94 88 50 85 19 66 29 18 26 61 87 9 90 62 27 7 97 59 74 8
94 1 74 21 72 20 19 4 88 90 99 34 10 2 35 68 86 60 93 98 46 30 47 91 69 13 62 24 5 7 9 6 73 61 100 25 50 52 23 70 64 28 75 82 96 92 55 65 51 14 59 12 45 77 85 44 8 87 17 42 32 3 95 40 63 89 80 26 31 78 66 22 79 15 97 81 39 37 18 29 49 58 76 16 11 33 54 27 71 84 48 57 67 43 38 41 56 83 36 53
92 19 20 94 68 82 32 13 10 89 98 36 54 16 91 42 40 59 80 97 8 17 18 53 67 57 79 23 96 39 90 37 5 65 71 7 70 84 33 25 86 99 62 3 73 75 88 48 29 63 47 46 49 95 66 34 43 15 9 4 100 81 38 6 44 27 69 72 87 58 22 56 51 77 41 85 93 74 55 52 11 24 83 61 26 45 60 21 78 2 14 12 64 30 31 76 35 28 50 1
27 4 77 97 70 62 57 29 48 7 85 25 46 22 59 33 79 40 23 72 30 83 31 26 42 76 81 45 52 60 91 63 1 86 95 39 78 65 55 87 67 96 20 88 98 41 43 38 99 6 13 47 14 49 17 58 69 82 34 16 75 100 71 61 3 12 74 51 68 56 64 80 36 35 5 90 37 18 53 50 9 66 11 8 21 44 84 24 10 92 73 93 32 19 28 54 2 94 89 15
5 78 59 51 77 85 33 64 36 98 60 91 39 94 55 73 21 34 30 79 80 62 25 46 49 42 14 44 15 88 54 93 19 70 10 65 63 68 41 35 38 27 22 97 72 96 53 45 47 9 86 50 61 89 18 66 24 71 12 83 57 6 48 76 11 7 2 17 100 90 26 37 99 43 67 92 31 8 16 20 87 1 56 74 32 13 75 28 29 3 40 81 4 82 84 58 23 69 52 95
77 65 37 20 73 75 82 86 25 92 15 26 14 13 95 89 71 43 35 21 83 88 97 100 99 72 67 3 32 68 87 12 64 28 8 80 90 81 78 41 63 70 85 69 6 66 22 59 74 5 79 45 27 46 55 61 93 52 33 47 49 11 50 96 48 38 84 24 51 94 56 40 98 54 53 62 57 58 36 18 23 17 9 91 16 10 76 7 31 19 1 60 42 39 30 29 34 2 44 4
96 16 90 40 12 87 47 51 19 85 61 72 98 15 33 71 92 23 45 4 11 42 22 59 28 10 93 79 41 37 7 52 74 9 82 69 30 58 56 66 46 81 57 83 50 94 36 88 84 17 75 20 18 64 44 97 26 25 24 60 39 63 27 32 31 78 70 76 73 62 91 95 86 65 8 21 34 38 67 6 5 100 68 54 48 29 53 14 35 99 55 89 49 2 1 13 77 80 3 43
95 48 98 86 25 36 26 14 85 49 41 51 60 42 29 69 20 21 17 6 5 96 27 15 78 7 38 56 65 31 83 64 100 11 77 33 9 75 39 10 66 44 94 2 32 79 8 99 91 28 62 63 19 68 84 37 35 55 13 18 87 61 1 72 47 50 89 52 4 12 53 76 16 70 45 59 30 40 24 80 43 22 57 23 67 74 92 97 81 82 93 54 46 3 71 90 73 34 88 58
46 29 100 96 54 4 68 95 64 5 44 65 23 40 92 18 61 33 77 71 43 72 51 84 74 58 69 62 48 15 52 82 30 87 26 42 98 80 73 38 91 41 31 10 47 56 6 17 55 86 97 3 1 67 11 9 28 81 14 32 2 27 34 22 45 79 12 20 7 19 37 59 35 50 90 99 66 13 60 57 78 70 36 76 88 63 89 53 8 21 85 25 75 49 94 83 16 93 24 39
73 53 38 45 76 27 24 97 30 77 10 46 50 41 69 3 68 75 65 91 66 92 78 16 7 39 32 37 11 13 95 4 17 88 70 84 20 9 93 21 54 98 72 25 74 99 71 90 60 56 22 89 29 8 6 80 40 94 15 55 12 19 96 82 67 36 42 61 48 34 100 85 33 28 83 5 14 57 58 59 2 81 35 51 18 86 43 52 1 31 64 87 44 63 26 79 49 62 23 47
62 33 7 72 10 100 20 35 43 30 13 77 92 85 1 76 70 53 27 51 24 95 79 71 75 65 28 8 73 67 38 31 47 21 55 26 29 78 50 34 2 59 64 5 87 97 32 83 63 61 69 4 12 11 36 25 41 22 81 19 99 96 86 66 93 84 52 37 44 42 80 46 58 98 18 57 90 15 89 16 6 23 49 3 9 17 82 39 88 40 68 45 60 91 54 74 94 56 14 48
28 3 39 75 55 56 12 9 83 17 2 60 87 31 32 23 25 66 52 62 73 63 19 72 38 44 4 100 77 92 11 24 43 76 58 59 6 57 99 49 29 85 86 95 67 74 69 35 20 45 90 21 16 51 97 84 42 8 48 70 22 68 41 71 37 18 50 96 33 27 81 36 54 34 14 10 79 5 15 61 26 94 1 82 64 47 46 65 40 78 53 88 98 93 91 89 80 13 7 30
25 55 93 33 19 71 42 34 50 69 12 100 41 98 22 95 88 20 38 80 29 16 63 3 65 77 58 13 92 82 75 46 79 44 28 8 15 91 10 23 47 36 84 43 61 5 14 21 62 11 2 7 86 26 70 40 31 60 39 72 17 67 59 64 9 97 68 94 99 35 18 52 89 85 24 27 81 87 66 73 56 51 6 4 49 1 37 74 76 45 83 30 96 32 48 57 54 53 78 90
76 12 95 88 5 78 46 38 7 63 36 15 31 39 84 45 99 90 10 54 21 19 60 28 86 3 55 72 80 74 16 61 29 73 32 9 67 20 49 96 1 34 17 11 25 22 52 71 14 26 53 44 47 100 37 8 57 91 65 97 92 43 18 56 89 35 13 79 41 64 48 27 4 66 23 75 59 98 85 69 40 2 81 33 58 62 50 68 87 30 82 83 77 6 93 70 51 24 42 94
42 50 69 60 14 52 66 55 32 67 70 1 36 64 45 41 84 47 4 74 9 5 24 43 25 86 80 26 8 62 39 16 33 15 40 35 97 88 37 57 73 76 63 29 22 71 13 72 98 19 7 28 23 2 91 48 27 78 18 65 54 38 79 12 81 21 99 34 17 30 20 61 53 3 75 96 92 95 11 100 89 59 85 56 83 90 94 6 93 58 77 10 82 44 68 87 31 51 46 49
35 37 29 84 2 88 27 7 40 11 47 87 44 68 8 34 38 4 79 50 72 46 83 49 56 98 53 74 9 75 32 25 70 54 76 13 5 45 82 91 21 62 39 1 57 18 33 96 66 58 52 78 48 20 51 59 16 14 67 17 63 24 28 85 60 6 41 23 10 80 30 93 81 90 95 15 65 86 61 94 69 3 92 97 36 19 77 89 64 55 71 99 22 31 73 26 42 12 43 100
87 98 5 52 28 35 16 21 97 37 54 80 89 55 26 36 23 31 70 7 92 33 13 68 12 14 15 30 3 90 58 65 63 41 42 99 49 62 72 44 22 29 73 45 9 51 60 61 67 88 24 1 4 66 32 77 38 47 43 59 76 81 25 10 91 20 53 83 74 100 93 18 57 17 78 69 85 34 95 19 46 11 82 2 56 40 39 84 94 8 50 48 79 27 86 96 71 64 6 75
40 21 63 85 30 59 29 78 70 80 58 76 56 49 7 1 11 57 42 69 34 47 28 75 66 6 13 41 24 54 4 55 60 89 2 32 72 31 36 62 74 48 90 37 65 61 50 18 35 71 97 38 17 84 9 94 10 92 83 52 23 25 77 51 26 45 19 3 88 99 14 73 20 68 46 12 33 96 27 95 100 53 39 44 15 64 86 8 43 79 22 5 93 16 81 82 87 67 98 91
1 2 68 41 58 8 40 30 67 83 9 90 35 69 15 7 26 95 32 81 52 36 37 96 71 23 12 6 62 50 85 21 13 25 19 18 46 94 66 45 16 31 28 47 60 86 98 74 39 49 29 97 75 78 42 72 63 38 3 61 34 44 24 89 100 92 59 99 76 65 79 43 48 14 11 22 27 91 73 53 77 33 88 70 82 93 51 80 20 54 4 55 84 10 5 17 64 57 87 56
80 59 45 68 67 61 9 79 16 2 1 48 66 30 18 22 41 27 12 86 19 56 91 63 10 38 34 43 28 76 94 15 88 23 17 60 7 44 77 75 71 50 53 72 33 95 21 47 97 89 25 58 74 57 100 26 85 24 54 82 20 35 55 84 99 96 49 46 65 98 69 29 39 36 73 64 42 51 52 5 8 93 3 92 87 37 4 78 81 6 32 31 40 14 62 13 11 70 90 83
88 42 11 35 37 18 79 6 1 34 63 69 77 67 68 46 75 61 94 83 99 24 72 7 45 50 85 90 71 2 53 80 55 47 78 96 26 27 86 14 58 100 21 98 28 20 25 81 13 52 40 87 93 59 82 4 22 54 30 57 62 3 49 65 38 9 39 84 29 15 66 5 95 73 43 19 44 32 51 8 41 36 64 10 17 31 70 56 60 97 92 33 12 76 16 74 48 23 91 89
82 11 80 44 23 96 55 61 17 65 67 95 81 53 98 52 57 30 46 32 88 41 99 58 27 54 100 93 26 69 86 73 39 49 91 63 75 89 79 31 14 25 51 71 12 70 24 94 10 8 1 92 21 13 74 7 72 19 28 36 85 33 43 35 2 34 16 59 77 60 47 48 5 20 40 4 6 42 9 37 22 56 78 64 62 66 83 87 84 68 29 15 18 90 3 45 38 76 97 50
98 39 20 62 7 94 17 46 45 55 64 11 65 12 14 27 92 85 44 93 90 26 59 24 21 29 37 57 34 78 18 10 52 80 31 6 36 60 84 43 68 97 42 91 82 3 1 69 87 99 30 56 89 88 19 53 79 35 25 33 40 71 51 49 61 23 4 41 63 76 73 86 28 70 32 47 58 50 48 2 72 54 38 100 5 8 67 77 96 13 66 22 15 81 83 16 95 75 9 74
15 31 50 16 87 2 4 53 47 79 37 45 100 74 35 12 42 62 91 94 71 81 49 8 54 96 19 75 18 85 24 36 26 60 20 22 52 10 29 7 69 92 44 30 38 58 66 9 3 55 67 65 41 70 23 97 51 61 64 40 43 59 39 98 72 17 86 6 25 32 95 88 90 76 99 73 21 80 5 83 33 48 28 34 14 11 56 93 78 57 13 27 68 77 84 46 89 63 1 82
60 47 74 4 8 22 31 19 27 53 66 71 52 56 92 79 100 70 49 58 32 2 23 99 63 17 89 68 90 40 43 7 51 24 97 33 41 36 16 26 64 57 20 9 95 48 6 93 44 75 13 81 38 3 14 85 59 30 98 84 88 86 73 39 76 82 10 29 34 5 50 69 83 35 91 54 67 25 42 21 96 78 61 37 77 87 72 12 18 65 94 28 80 46 55 11 45 1 15 62
71 100 82 90 85 20 23 27 31 25 45 93 33 51 16 4 72 22 37 67 38 12 57 96 17 36 73 66 19 35 65 98 10 59 3 84 58 50 8 64 75 40 29 92 39 69 62 78 86 87 32 79 5 34 41 6 77 13 63 49 14 42 9 11 70 83 43 95 15 53 7 2 30 44 81 48 24 54 94 56 91 28 89 99 97 88 26 46 74 80 76 61 47 21 1 52 68 60 55 18
26 72 15 30 43 98 20 65 96 51 32 18 28 89 53 64 16 86 71 84 31 82 9 67 80 91 24 50 38 48 3 57 21 85 92 94 60 14 76 58 10 81 23 54 29 55 2 4 8 25 61 22 83 63 68 52 19 74 97 35 87 45 12 27 95 44 88 73 93 59 77 39 42 7 17 41 56 6 11 34 66 46 99 47 79 78 33 37 40 75 69 49 13 1 90 5 36 100 62 70
6 58 41 65 42 55 71 43 49 99 20 21 13 32 33 96 45 36 83 27 7 87 66 84 47 62 8 4 51 70 35 85 50 38 24 57 98 86 68 54 15 88 34 39 44 26 59 2 61 81 80 91 73 16 95 89 60 63 37 48 25 78 23 19 77 14 29 93 94 69 64 67 31 56 82 3 18 9 30 17 53 12 74 52 72 5 90 11 1 76 28 40 10 100 79 97 22 46 75 92
54 57 84 82 33 34 83 75 20 15 6 2 37 73 4 30 93 64 74 70 85 27 17 56 50 12 61 5 31 80 26 47 11 55 81 3 100 77 14 63 40 99 24 7 86 62 94 91 79 48 18 87 72 28 45 21 49 39 53 1 90 52 10 95 58 13 76 43 71 88 9 41 8 67 89 46 69 23 22 60 19 66 44 98 38 32 68 92 35 16 25 96 36 59 42 51 97 29 65 78
34 73 17 24 52 58 45 8 88 21 7 84 94 75 48 57 22 5 31 33 78 77 14 47 18 67 27 12 30 49 41 1 68 56 39 13 6 63 80 4 90 79 9 62 55 11 51 16 89 76 10 70 2 54 53 44 50 66 35 85 91 82 42 74 25 28 20 36 23 29 37 97 69 60 71 95 26 96 83 43 38 19 65 81 3 72 100 40 87 93 15 32 92 86 46 99 59 98 64 61
23 82 79 70 51 81 62 83 77 35 44 55 48 90 36 64 39 93 75 17 47 49 61 86 37 89 50 3 84 42 11 9 40 26 5 8 53 56 15 76 30 95 14 73 1 25 16 12 58 7 45 20 92 29 78 74 6 32 38 67 57 72 69 59 18 88 24 68 22 63 13 21 60 10 4 66 19 98 33 99 54 65 46 80 43 85 97 34 52 41 2 100 71 28 94 91 27 96 87 31
39 24 25 18 79 43 70 47 34 49 73 89 72 58 29 33 55 88 87 56 26 50 41 6 90 92 20 36 27 71 62 17 74 4 64 35 19 51 28 52 100 82 8 63 69 85 96 3 76 12 75 95 78 53 10 2 32 80 31 13 11 48 1 9 7 54 94 15 42 23 46 16 59 81 98 40 61 57 14 44 97 30 37 21 60 68 45 86 67 99 93 77 91 84 38 65 5 83 22 66
16 88 38 1 32 41 30 82 74 66 72 53 70 19 63 54 62 77 76 39 79 28 56 10 40 13 90 33 98 97 48 69 87 36 44 49 86 52 5 73 11 24 75 100 7 2 85 8 22 95 78 51 67 25 21 94 80 12 20 64 58 61 46 68 4 96 23 18 45 9 31 3 50 6 84 91 17 81 65 71 37 14 55 15 47 92 42 29 57 26 34 43 89 60 35 27 83 93 99 59
64 32 4 76 80 77 67 56 53 33 52 8 24 79 13 89 36 87 88 19 59 14 26 75 30 21 48 44 11 10 61 97 12 51 23 58 27 81 69 55 46 45 68 70 15 29 35 41 50 85 57 38 1 7 83 40 20 94 47 91 42 95 66 63 71 84 43 31 39 54 99 60 37 65 9 6 96 2 18 93 90 82 62 3 25 100 92 22 28 72 86 34 16 73 49 78 74 17 98 5
9 79 85 28 57 17 49 45 29 22 13 31 67 8 43 3 97 32 16 5 63 18 76 38 70 15 42 20 58 59 68 19 46 33 12 81 39 4 25 11 44 53 6 66 51 75 94 89 56 30 41 23 88 14 93 37 35 96 36 71 1 50 65 54 98 69 27 100 72 78 92 91 21 61 34 99 48 74 86 77 82 40 80 84 10 83 2 47 64 24 7 62 73 55 95 90 87 26 60 52
14 92 49 15 64 16 100 43 11 88 91 23 76 46 74 1 13 65 60 22 4 55 44 3 78 31 63 95 50 58 93 6 85 66 33 18 71 40 61 51 27 32 57 68 36 87 8 39 48 80 98 79 37 10 38 35 96 81 86 41 99 56 21 2 19 97 54 70 94 20 75 7 9 77 59 67 45 30 73 12 24 89 69 47 34 52 84 5 62 28 90 17 25 26 82 83 72 42 53 29
81 7 13 40 91 11 38 68 100 25 32 30 18 63 65 70 74 73 54 52 50 69 45 15 16 97 9 14 75 23 46 22 35 57 17 27 72 3 43 6 41 2 61 31 94 8 5 92 53 29 26 34 71 99 44 82 66 86 1 58 39 96 98 21 20 51 93 89 24 48 56 64 84 47 80 33 83 60 19 79 28 90 4 78 55 67 62 10 36 42 95 87 49 37 77 76 12 85 59 88
21 56 57 5 26 24 2 66 52 58 61 98 59 75 41 32 16 12 14 46 62 20 3 53 33 17 25 22 47 42 34 54 28 71 82 39 31 78 40 81 35 96 37 89 43 7 36 30 15 97 86 1 50 23 11 10 13 51 77 99 49 27 38 100 79 48 91 60 80 87 18 8 85 73 65 92 72 44 67 6 4 83 90 55 63 29 9 45 93 84 74 68 88 95 76 64 70 94 19 69
13 23 65 100 42 45 52 18 10 32 4 39 25 7 54 28 20 46 75 30 44 79 27 93 15 12 60 37 68 41 77 51 99 97 40 19 48 2 81 1 53 69 5 47 3 94 83 29 24 11 72 55 58 64 49 66 9 67 85 34 70 17 96 33 82 62 95 56 61 50 89 6 22 98 86 76 16 36 26 57 84 88 87 74 91 59 71 78 43 92 8 35 31 80 21 63 14 73 90 38
44 85 73 59 43 28 47 2 18 20 80 12 30 45 16 4 76 54 37 15 33 9 46 41 32 68 23 35 60 26 51 77 24 87 62 65 78 75 67 38 36 10 79 14 17 19 88 86 1 96 90 3 31 49 69 99 40 50 13 6 7 11 27 83 57 52 21 64 55 25 22 84 56 29 97 72 100 70 82 89 92 34 63 48 93 94 8 98 5 66 91 81 95 71 58 53 61 39 74 42
70 64 26 3 16 54 71 74 89 9 21 42 40 36 56 18 10 8 48 53 11 30 5 17 4 38 1 55 35 19 44 41 80 59 77 7 20 93 51 46 67 6 94 97 83 34 76 60 86 90 82 25 99 96 98 45 12 29 37 22 95 31 32 27 23 78 92 65 84 81 47 43 66 15 39 24 49 13 2 63 73 79 57 72 68 91 69 50 100 85 87 61 52 58 75 62 33 14 88 28
7 41 31 93 44 9 33 75 3 51 68 90 80 88 1 61 30 16 15 65 82 67 43 39 48 66 73 24 63 5 94 84 8 79 96 56 21 99 2 86 87 46 83 37 98 4 95 19 27 57 85 22 10 11 25 28 76 38 6 18 89 42 54 92 14 64 40 12 81 36 17 53 45 13 69 23 77 100 32 35 91 52 60 50 71 74 29 97 55 59 70 49 34 47 20 58 62 72 78 26
71 62 36 22 93 69 56 76 64 3 97 58 28 40 50 77 73 1 94 18 41 84 54 16 24 34 39 82 4 37 96 86 72 78 2 5 51 11 85 29 43 98 90 20 87 49 9 27 46 33 47 99 44 42 7 92 52 6 21 25 67 14 17 19 66 15 60 13 59 31 91 35 12 74 100 81 80 38 70 68 83 63 53 26 8 79 10 95 88 75 61 32 48 45 30 57 55 65 89 23
97 30 32 74 1 91 44 3 80 41 24 54 94 6 90 88 66 67 36 95 49 96 78 82 14 62 29 13 16 51 42 79 48 11 19 77 85 61 21 92 86 60 38 83 40 43 10 99 34 93 56 35 98 15 84 72 25 76 17 63 9 7 31 69 8 68 70 5 20 2 53 81 65 52 55 100 22 87 23 4 59 26 45 39 89 71 57 37 33 73 64 46 47 12 27 28 50 58 75 18
58 6 8 90 50 77 67 59 54 56 42 75 33 20 96 62 98 86 43 28 12 92 10 46 23 91 74 85 19 17 63 99 65 35 79 100 30 94 52 66 95 84 13 3 78 1 72 88 18 82 22 68 70 16 97 60 57 61 71 83 48 4 80 11 64 89 25 55 38 39 24 73 76 2 31 34 53 40 37 14 27 47 32 45 69 36 41 87 51 81 26 21 5 15 93 49 7 44 29 9
31 61 48 78 83 100 89 63 24 17 73 1 84 97 85 72 60 15 66 68 13 52 93 86 95 96 99 71 51 39 6 76 90 22 70 94 56 58 77 8 38 44 65 88 81 82 92 79 80 67 16 98 69 9 75 3 43 64 53 14 36 12 87 4 46 37 74 32 42 59 29 28 91 21 62 57 47 45 27 20 19 10 23 25 40 33 7 34 54 50 49 26 30 18 2 35 41 5 55 11
63 68 46 96 73 87 86 92 100 81 98 85 22 76 79 17 61 25 77 44 97 80 29 72 91 83 41 93 1 88 4 62 69 10 39 90 99 71 54 24 55 14 64 60 74 12 56 42 36 65 32 78 34 48 3 84 95 21 43 47 75 66 70 40 6 28 89 50 15 18 45 27 19 33 7 20 51 35 59 52 53 9 58 94 13 2 67 5 8 16 57 23 11 30 31 37 26 38 49 82
37 47 90 80 67 19 73 97 66 76 88 74 11 35 72 83 44 10 41 78 34 86 33 59 68 85 61 43 99 79 15 30 92 32 48 50 25 96 18 98 84 28 70 95 39 38 57 52 45 22 16 91 65 75 89 31 51 87 27 17 69 21 6 58 77 60 94 81 71 53 2 93 42 40 26 7 64 12 55 23 3 5 56 36 49 13 100 46 82 9 63 8 20 24 4 14 29 54 62 1
85 49 35 47 37 92 88 19 91 61 50 77 64 98 2 95 39 76 78 96 26 60 48 32 79 36 7 99 13 24 20 55 43 83 4 59 57 84 93 71 9 27 73 11 89 21 97 63 81 46 62 14 18 80 40 54 65 10 15 72 28 6 42 53 31 75 86 74 17 90 70 23 44 45 30 56 25 22 29 16 33 87 68 41 34 100 82 69 67 38 52 66 58 8 1 51 12 5 3 94
96 16 91 78 61 27 46 23 68 55 99 36 42 15 80 9 1 72 22 98 31 58 97 21 89 40 33 81 83 48 88 64 3 29 79 69 30 85 47 74 75 67 45 43 12 63 51 94 34 54 60 52 7 41 17 13 82 35 70 53 66 57 86 59 19 56 73 92 4 28 26 18 14 39 10 8 2 32 95 11 37 50 76 77 38 44 71 20 84 62 49 5 24 25 90 87 6 100 65 93
3 45 99 100 33 4 57 50 43 37 49 46 83 11 9 62 6 15 71 8 47 65 89 14 82 77 38 97 86 80 92 61 39 22 26 32 7 27 58 20 79 41 60 17 70 10 53 44 23 72 59 54 16 30 66 81 28 76 63 88 48 19 18 84 67 24 78 21 69 56 73 5 31 55 64 74 52 12 85 42 90 87 35 51 68 2 75 93 36 25 34 95 29 40 94 91 98 13 1 96
95 2 60 38 17 94 92 11 26 34 47 83 35 51 5 7 55 77 87 40 19 1 61 90 37 62 46 56 18 67 41 3 16 64 76 42 24 74 36 65 66 82 27 10 32 97 28 12 15 14 22 50 81 89 13 48 58 39 25 57 21 86 69 6 4 68 9 20 72 59 70 85 30 93 54 75 33 63 43 53 49 44 99 73 79 78 31 80 71 52 88 100 45 29 98 23 96 8 84 91
39 59 98 16 87 43 79 57 33 82 72 34 10 47 21 20 63 26 97 56 45 7 76 36 11 58 48 32 99 69 67 66 100 55 42 96 50 65 8 17 81 15 4 3 31 92 62 52 61 22 23 28 5 75 85 86 27 19 70 9 6 78 80 35 49 38 12 46 71 64 53 73 74 2 13 41 40 54 37 30 29 60 83 93 25 88 51 77 94 44 24 89 18 1 14 68 95 84 91 90
92 82 90 89 50 80 57 8 47 77 88 64 76 79 22 27 75 87 30 97 18 49 14 43 38 3 36 23 84 2 66 37 26 81 19 54 11 41 20 35 24 68 72 60 65 17 4 83 53 28 48 7 34 67 6 29 31 55 39 51 32 33 12 9 25 44 59 15 73 46 69 21 42 56 74 78 93 5 63 71 62 70 58 99 95 10 61 52 16 40 98 96 100 13 86 1 91 45 94 85
46 89 70 97 15 59 9 79 67 30 65 55 45 39 37 12 35 47 34 84 27 42 17 71 74 44 19 40 43 24 53 13 54 26 88 99 14 20 21 100 73 87 41 68 51 56 16 7 48 75 6 81 69 29 18 52 8 25 57 63 62 3 10 2 80 60 49 50 64 66 4 31 82 28 83 58 76 23 61 5 77 95 36 85 86 72 90 38 33 78 1 11 98 93 91 96 94 92 22 32
74 26 67 41 91 62 55 84 48 15 24 2 97 58 53 20 44 23 71 90 52 54 22 45 17 56 37 40 76 27 51 82 68 73 61 14 34 9 11 43 7 59 38 33 75 64 78 6 50 65 19 21 86 30 66 31 72 47 3 35 46 77 70 49 18 83 28 32 42 60 63 16 5 36 8 96 99 92 25 12 13 69 39 79 10 98 57 94 1 95 85 4 29 100 81 93 88 80 87 89
26 42 25 30 79 36 66 65 17 80 22 28 48 53 59 72 70 6 35 67 23 58 51 10 2 7 27 41 62 50 3 4 64 61 5 55 57 19 37 63 38 32 14 15 89 21 69 78 18 52 74 44 29 34 94 54 49 11 20 46 12 73 33 68 71 8 84 16 45 9 98 56 97 43 77 47 39 91 24 95 40 60 31 100 13 1 99 92 87 81 76 93 96 90 88 86 85 75 82 83
34 39 63 76 30 18 50 27 8 29 64 11 65 32 84 85 86 10 36 33 22 16 59 14 23 15 81 72 20 13 6 19 60 51 70 90 46 71 28 21 9 48 31 5 40 25 98 38 24 7 56 95 47 54 53 26 42 41 83 55 43 57 73 77 35 66 74 93 99 49 45 91 69 44 80 61 37 58 100 52 4 1 3 92 97 17 62 87 96 82 2 88 94 12 78 89 68 67 75 79
11 9 15 62 4 55 17 51 34 65 46 53 83 20 30 6 88 22 38 13 56 78 28 27 50 23 26 12 48 54 68 85 21 36 32 72 90 31 49 52 16 8 29 25 95 2 33 75 39 82 97 14 18 89 57 94 71 63 35 42 45 47 77 91 10 24 58 73 7 99 37 61 19 92 43 5 1 87 3 80 96 100 98 44 40 41 86 69 81 93 64 84 66 74 79 59 76 60 67 70
87 73 39 4 19 61 32 38 36 47 45 56 97 6 15 76 11 40 31 86 46 3 72 26 68 29 13 71 52 10 14 30 59 70 58 12 49 57 96 27 24 25 34 7 55 66 42 35 23 20 1 5 2 28 37 77 78 8 18 83 17 63 9 51 54 69 44 33 88 74 48 92 99 16 81 95 53 22 79 50 100 84 41 80 98 90 94 65 91 21 43 89 93 85 67 82 60 62 64 75
6 79 7 20 5 39 45 82 78 21 98 89 72 30 55 90 40 36 26 68 83 12 57 51 18 85 97 4 33 71 48 76 44 38 11 67 29 49 86 10 77 31 13 46 74 43 22 88 8 15 23 87 80 37 19 32 1 52 47 61 41 25 84 100 2 9 99 94 24 92 66 95 16 63 17 91 42 75 34 58 27 93 62 81 35 96 64 14 53 28 69 54 50 3 56 70 73 59 60 65
56 53 54 75 38 13 40 47 80 41 42 69 19 94 33 98 95 27 12 5 63 17 37 46 66 21 34 23 16 11 43 78 88 10 22 20 25 28 39 51 83 45 3 18 35 99 14 4 84 61 32 70 72 73 2 8 77 85 24 49 6 67 48 81 44 93 31 92 30 71 62 36 90 96 55 100 52 89 58 29 1 26 50 82 87 65 9 59 60 76 7 15 91 86 74 79 64 97 57 68
31 32 11 43 84 20 27 53 61 89 58 18 45 49 21 44 42 33 88 6 74 55 38 72 28 50 40 36 37 7 52 46 47 25 56 14 8 35 23 57 3 83 60 94 69 79 10 34 22 66 5 82 17 41 9 15 80 12 19 70 2 4 51 96 99 92 13 98 93 63 100 48 95 90 59 39 24 65 68 76 87 81 1 64 91 86 85 30 26 54 73 77 67 97 71 75 16 29 62 78
16 29 37 72 98 25 19 88 22 48 2 74 5 76 79 69 45 6 23 27 73 52 41 21 67 18 85 34 38 47 20 70 10 35 50 42 26 14 3 66 96 24 17 77 64 83 12 44 99 59 60 56 81 15 43 13 68 51 63 91 33 100 92 32 58 11 4 36 87 65 97 28 39 9 71 46 31 95 53 1 94 7 84 8 82 93 89 86 30 80 78 40 90 75 62 54 49 57 55 61
63 57 9 33 55 34 44 61 20 56 6 54 66 31 4 2 38 32 47 26 13 72 18 7 81 8 45 39 28 70 37 15 1 94 3 80 53 74 52 92 95 14 23 11 71 89 50 99 87 17 29 49 83 46 96 58 19 24 36 60 22 21 42 69 65 91 16 100 25 88 30 86 76 67 82 90 27 93 97 98 5 85 78 10 75 64 68 12 35 79 41 51 84 40 73 48 77 43 59 62
73 21 30 15 51 10 68 35 49 85 67 72 17 84 3 37 41 88 82 32 4 31 47 77 75 43 11 57 71 16 27 52 48 14 28 70 24 80 94 20 19 5 53 79 36 96 99 18 58 12 42 92 8 9 13 6 26 90 65 76 100 38 60 93 22 34 97 81 1 69 95 23 98 87 7 29 91 45 89 61 78 33 86 54 64 63 2 55 39 74 40 66 83 62 44 25 50 56 46 59
54 70 17 74 10 47 26 3 16 40 20 65 11 41 98 79 60 76 55 8 5 69 9 32 27 36 42 90 24 29 21 14 30 83 71 4 15 13 59 87 91 88 12 99 28 63 92 96 56 81 51 94 46 84 89 2 93 22 97 19 50 6 23 95 100 37 82 52 38 35 1 62 33 75 18 7 66 86 77 78 85 44 45 39 61 49 80 58 31 73 57 67 64 34 43 72 48 53 68 25
91 33 32 70 68 82 29 40 88 81 19 48 64 24 18 43 22 25 27 39 78 83 98 47 31 6 12 5 34 21 16 57 17 4 95 26 13 61 92 49 15 9 55 2 96 10 30 87 35 14 69 73 75 53 3 7 100 1 71 97 42 85 41 67 11 79 36 99 80 23 93 77 86 45 90 59 28 20 76 84 66 94 89 38 65 56 74 46 8 72 63 62 58 60 51 37 44 54 52 50
40 6 46 24 20 17 23 14 87 11 41 21 56 13 48 68 9 5 65 81 32 88 26 91 7 10 8 78 19 4 63 62 3 34 94 60 12 70 90 96 99 100 28 83 33 95 86 15 38 98 75 31 49 27 36 25 50 84 80 67 92 93 39 79 1 16 55 97 77 42 35 76 74 64 73 85 2 72 51 66 82 18 69 61 89 71 45 29 54 57 22 43 44 30 37 52 59 47 53 58
94 72 48 82 11 41 16 45 53 83 10 33 22 64 7 23 57 21 78 4 71 70 39 59 74 46 24 50 12 15 35 31 55 85 91 77 32 88 84 62 2 99 75 54 79 86 13 68 52 25 17 20 19 38 97 3 87 92 60 93 90 1 100 6 95 18 89 96 29 98 61 81 8 34 26 73 69 9 66 37 67 28 80 36 63 47 65 51 76 44 14 30 40 49 42 27 43 58 5 56
47 90 82 73 34 23 62 68 24 100 39 6 13 42 2 22 63 64 53 19 30 96 91 56 14 89 20 99 66 51 88 3 94 43 92 25 4 77 83 8 75 40 45 55 81 74 32 16 76 93 80 46 67 97 84 29 79 15 31 1 98 72 95 86 87 65 37 5 48 12 7 59 78 85 54 35 26 18 60 17 28 9 11 21 69 58 33 27 10 50 52 57 71 70 61 41 38 44 36 49
23 24 3 88 25 79 98 90 37 72 33 71 7 85 86 30 65 93 66 44 38 32 19 63 91 28 78 16 13 49 75 9 12 29 55 83 67 96 99 77 10 2 68 92 47 97 1 6 17 73 18 4 61 95 100 80 11 69 51 74 81 82 87 22 59 89 52 84 56 5 8 40 50 14 31 34 57 15 27 94 42 58 64 76 43 70 60 20 41 62 48 21 46 26 54 36 39 35 45 53
3 45 4 35 13 7 12 77 31 90 69 22 92 19 91 88 26 67 17 28 79 44 58 100 72 87 94 81 96 83 18 21 51 47 24 32 99 46 15 73 76 60 84 71 86 78 80 2 54 95 10 97 98 1 39 9 63 93 30 5 14 23 85 25 8 82 70 74 34 37 33 52 20 66 89 27 64 6 41 40 43 29 65 16 55 57 36 53 62 61 38 68 75 59 11 49 56 42 50 48
9 3 60 85 80 57 42 63 54 26 1 75 33 96 93 5 52 90 16 23 66 28 56 22 6 76 29 13 65 88 92 51 69 11 8 87 91 50 79 99 84 70 86 100 15 82 97 17 12 67 39 98 73 77 21 61 32 78 55 62 83 7 71 89 64 14 20 95 44 58 81 41 37 10 34 19 25 2 59 38 72 31 4 45 30 68 27 40 74 24 94 18 53 43 48 35 36 46 49 47
27 89 77 10 85 14 20 78 68 5 63 70 52 90 80 51 66 57 42 76 12 60 50 45 44 83 93 75 41 96 26 95 33 9 18 99 19 56 73 24 71 11 92 98 13 1 58 100 2 86 25 88 53 32 6 34 16 74 81 21 87 69 35 82 97 55 61 91 15 43 79 67 65 62 64 38 22 8 94 23 59 47 72 37 3 46 54 84 48 40 4 17 30 29 36 7 28 49 31 39
12 78 8 80 62 58 70 95 96 2 14 29 94 67 72 83 98 50 22 99 7 77 10 54 79 65 74 85 26 31 86 17 13 32 93 59 9 97 16 4 100 57 51 27 6 92 56 47 81 87 3 35 39 63 1 84 89 82 33 48 25 71 21 66 73 5 30 69 76 19 24 60 91 68 75 64 90 61 23 20 38 49 88 15 11 43 42 18 52 37 53 46 45 55 28 40 41 34 44 36
58 68 93 31 76 96 39 59 92 79 91 49 67 73 63 46 17 61 41 95 90 47 89 84 57 40 9 97 77 8 38 99 83 56 12 50 70 72 100 75 86 81 24 1 60 44 71 65 80 6 2 33 51 78 10 21 85 87 69 82 36 66 34 64 7 45 19 88 98 62 94 11 14 54 13 48 30 35 16 4 22 53 32 52 5 55 37 74 23 3 15 25 20 28 18 29 27 26 42 43
2 58 41 19 70 16 51 30 57 67 37 84 1 12 20 63 78 72 83 96 62 27 86 49 94 54 99 8 87 95 7 64 97 92 10 100 60 85 66 74 81 18 22 82 29 69 39 90 98 89 79 91 93 25 75 59 88 77 32 71 80 45 24 4 47 17 76 61 65 38 9 44 21 42 11 56 14 68 28 73 3 50 23 33 15 48 53 5 34 52 46 55 36 13 26 6 35 40 43 31
88 11 99 65 58 87 82 23 30 57 9 83 77 97 38 52 36 75 49 17 8 35 32 55 47 67 41 62 68 92 85 66 93 86 81 84 96 94 69 98 78 79 1 73 100 90 45 91 16 48 6 89 27 7 95 4 25 71 53 14 21 59 20 40 61 50 15 76 63 2 80 13 64 37 10 12 18 3 29 60 54 46 74 70 72 5 43 56 51 42 44 34 24 22 31 39 26 28 19 33
96 30 100 97 52 75 4 13 84 44 7 51 42 89 66 99 6 53 32 93 57 95 79 67 49 98 86 94 83 59 62 73 92 71 78 9 5 58 14 34 90 85 87 91 1 55 43 63 20 80 61 47 76 48 82 81 41 10 54 26 69 2 50 65 70 72 24 68 22 27 64 46 35 60 36 74 40 77 56 3 11 19 38 25 88 39 18 37 15 31 28 33 23 8 16 17 29 45 21 12
92 1 71 84 12 91 63 48 19 70 11 73 37 25 85 13 72 95 97 94 49 98 99 75 65 86 10 69 27 35 83 16 90 82 87 96 100 64 5 93 54 51 2 81 50 57 55 79 45 76 67 78 14 8 68 89 22 80 38 4 66 58 6 21 43 36 88 3 20 32 77 39 60 33 74 53 56 42 52 59 41 24 61 34 62 44 46 15 40 9 26 31 47 23 17 28 7 18 29 30
74 17 91 67 32 5 80 83 85 76 99 95 81 98 34 71 3 20 86 69 59 87 36 12 51 96 65 100 92 79 90 42 73 89 49 15 97 63 54 64 1 84 70 93 82 61 21 77 78 72 62 58 7 68 45 53 10 75 50 66 31 30 43 11 38 88 25 2 16 94 14 4 48 52 46 57 35 40 44 56 6 39 55 19 60 37 26 8 29 27 33 28 13 9 47 23 22 41 24 18
82 88 35 90 72 44 83 81 1 92 85 87 70 66 36 96 99 69 93 98 43 74 97 40 89 91 77 61 73 84 42 50 52 53 86 94 56 100 78 71 79 95 65 62 7 26 59 76 33 31 54 68 12 80 58 64 60 13 67 8 34 48 57 63 6 46 23 37 39 29 2 75 9 3 32 21 17 51 15 18 24 5 49 4 47 45 41 10 28 30 55 27 16 25 19 22 20 38 14 11
61 93 79 89 77 68 24 87 66 98 82 85 84 86 95 94 96 56 91 40 97 92 29 1 99 57 100 45 90 75 36 47 65 81 83 69 58 4 76 55 80 44 64 72 78 62 2 42 74 54 43 51 71 60 70 88 67 73 48 16 9 52 59 39 37 13 33 20 31 26 34 49 28 50 30 3 12 63 38 14 53 25 46 35 17 32 7 22 27 41 11 8 6 21 5 18 15 19 23 10
98 48 84 94 1 78 100 97 83 99 55 62 24 69 71 67 93 66 96 70 85 82 92 28 86 95 50 91 31 90 65 79 81 88 60 54 75 51 68 76 4 33 58 63 44 46 57 73 89 56 77 80 6 59 87 72 61 64 2 52 23 43 49 74 3 35 42 21 8 53 20 37 17 40 9 22 47 7 45 34 29 10 30 41 18 36 14 39 25 38 32 26 12 16 27 19 11 13 15 5
1 37 94 99 54 81 92 56 77 53 83 76 98 60 69 73 67 86 46 97 88 50 31 96 90 68 95 79 74 78 87 93 75 49 100 47 85 84 80 70 66 58 9 39 61 38 89 82 36 71 45 63 65 16 42 43 57 32 64 20 91 12 55 72 26 27 29 59 52 34 40 22 44 21 62 4 51 41 35 7 17 6 28 23 48 33 13 11 2 25 24 19 5 18 15 14 10 30 3 8
85 100 98 86 97 92 89 64 81 91 70 93 87 83 96 42 84 94 76 57 99 80 78 82 71 39 90 66 30 72 95 1 27 65 74 63 79 69 33 58 47 50 62 88 73 77 25 48 68 49 53 52 45 36 40 60 59 54 14 44 75 32 31 61 46 51 56 55 23 15 38 29 41 17 28 20 19 26 21 43 35 12 37 13 67 11 4 34 18 16 3 22 10 24 2 5 6 8 7 9
97 98 95 96 83 1 88 92 91 87 84 94 100 82 90 48 62 89 74 78 45 85 81 73 80 99 63 77 51 76 66 69 50 68 75 61 71 86 56 54 55 53 42 64 67 12 72 31 79 46 40 65 70 57 41 27 38 21 28 32 60 35 52 58 93 10 39 43 33 30 29 2 59 7 4 8 34 37 36 49 19 22 44 18 6 13 24 47 20 26 25 23 11 15 14 16 5 17 9 3
