Problem,Submitter,Affiliation,Date,Reference,Best Objective Value,Optimality Bound,Modeling Approach,# Decision Variables,# Binary Variables,# Integer Variables,# Continuous Variables,# Non-Zero Coefficients,Coefficients Type,Coefficients Range,Workflow,Algorithm Type,Paradigm,# Runs,# Feasible Runs,# Successful Runs,Success Threshold,Hardware Specifications,Total Runtime,Time to Solution,CPU Runtime,GPU Runtime,QPU Runtime,Other HW Runtime,Remarks
stp_s003_l1_t2_h0_rs97531,4colors Research,4colors Research,2026-09-01,QOBLIB/solvers/steiner — Pathfinder-style negotiated-congestion + rip-up-and-reroute + iterated local search (C++17).,4,4,"Directed multicommodity flow LP relaxation, heuristic packing",N/A,N/A,N/A,N/A,N/A,Integer,1 (unit edge cost),"(1) Parse arcs/terms; (2) Pathfinder negotiated-congestion routing (Takahashi-Matsuyama tree per net + per-node pres/hist penalties); (3) Tree pruning of non-terminal leaves; (4) Rip-up-and-reroute polish on the residual graph; (5) Iterated local search (perturb K nets with tabu + re-polish; acceptance-walk that tolerates small worsening to cross ridges, with adaptive perturbation strength escalated on stall); (6) Multistart over 8 parameter combos (net-order × pres-init × pres-mult × hist-inc) padded with random restarts.",Stochastic,Classical,1,1,1,N/A,"AMD/Intel x86_64 single-threaded, g++ 13, -O3 -march=native",0.000,N/A,0.000,0,0,0,"nets=1 terminals=2; objective is edge count (all weights unit). Classical result: there is no quantum contribution to any objective value in this submission. No QPU, GPU, annealer or quantum simulator was used at any point; QPU runtime is 0 because there was no QPU in the loop."
stp_s003_l1_t2_h3_rs24098,4colors Research,4colors Research,2026-09-01,QOBLIB/solvers/steiner — Pathfinder-style negotiated-congestion + rip-up-and-reroute + iterated local search (C++17).,4,4,"Directed multicommodity flow LP relaxation, heuristic packing",N/A,N/A,N/A,N/A,N/A,Integer,1 (unit edge cost),"(1) Parse arcs/terms; (2) Pathfinder negotiated-congestion routing (Takahashi-Matsuyama tree per net + per-node pres/hist penalties); (3) Tree pruning of non-terminal leaves; (4) Rip-up-and-reroute polish on the residual graph; (5) Iterated local search (perturb K nets with tabu + re-polish; acceptance-walk that tolerates small worsening to cross ridges, with adaptive perturbation strength escalated on stall); (6) Multistart over 8 parameter combos (net-order × pres-init × pres-mult × hist-inc) padded with random restarts.",Stochastic,Classical,1,1,1,N/A,"AMD/Intel x86_64 single-threaded, g++ 13, -O3 -march=native",0.000,N/A,0.000,0,0,0,"nets=1 terminals=2; objective is edge count (all weights unit). Classical result: there is no quantum contribution to any objective value in this submission. No QPU, GPU, annealer or quantum simulator was used at any point; QPU runtime is 0 because there was no QPU in the loop."
stp_s003_l1_t2_h5_rs24098,4colors Research,4colors Research,2026-09-01,QOBLIB/solvers/steiner — Pathfinder-style negotiated-congestion + rip-up-and-reroute + iterated local search (C++17).,4,4,"Directed multicommodity flow LP relaxation, heuristic packing",N/A,N/A,N/A,N/A,N/A,Integer,1 (unit edge cost),"(1) Parse arcs/terms; (2) Pathfinder negotiated-congestion routing (Takahashi-Matsuyama tree per net + per-node pres/hist penalties); (3) Tree pruning of non-terminal leaves; (4) Rip-up-and-reroute polish on the residual graph; (5) Iterated local search (perturb K nets with tabu + re-polish; acceptance-walk that tolerates small worsening to cross ridges, with adaptive perturbation strength escalated on stall); (6) Multistart over 8 parameter combos (net-order × pres-init × pres-mult × hist-inc) padded with random restarts.",Stochastic,Classical,1,1,1,N/A,"AMD/Intel x86_64 single-threaded, g++ 13, -O3 -march=native",0.000,N/A,0.000,0,0,0,"nets=1 terminals=2; objective is edge count (all weights unit). Classical result: there is no quantum contribution to any objective value in this submission. No QPU, GPU, annealer or quantum simulator was used at any point; QPU runtime is 0 because there was no QPU in the loop."
stp_s003_l1_t3_h0_rs24098,4colors Research,4colors Research,2026-09-01,QOBLIB/solvers/steiner — Pathfinder-style negotiated-congestion + rip-up-and-reroute + iterated local search (C++17).,6,6,"Directed multicommodity flow LP relaxation, heuristic packing",N/A,N/A,N/A,N/A,N/A,Integer,1 (unit edge cost),"(1) Parse arcs/terms; (2) Pathfinder negotiated-congestion routing (Takahashi-Matsuyama tree per net + per-node pres/hist penalties); (3) Tree pruning of non-terminal leaves; (4) Rip-up-and-reroute polish on the residual graph; (5) Iterated local search (perturb K nets with tabu + re-polish; acceptance-walk that tolerates small worsening to cross ridges, with adaptive perturbation strength escalated on stall); (6) Multistart over 8 parameter combos (net-order × pres-init × pres-mult × hist-inc) padded with random restarts.",Stochastic,Classical,1,1,1,N/A,"AMD/Intel x86_64 single-threaded, g++ 13, -O3 -march=native",0.000,N/A,0.000,0,0,0,"nets=2 terminals=5; objective is edge count (all weights unit). Classical result: there is no quantum contribution to any objective value in this submission. No QPU, GPU, annealer or quantum simulator was used at any point; QPU runtime is 0 because there was no QPU in the loop."
stp_s003_l1_t3_h1_rs24098,4colors Research,4colors Research,2026-09-01,QOBLIB/solvers/steiner — Pathfinder-style negotiated-congestion + rip-up-and-reroute + iterated local search (C++17).,4,4,"Directed multicommodity flow LP relaxation, heuristic packing",N/A,N/A,N/A,N/A,N/A,Integer,1 (unit edge cost),"(1) Parse arcs/terms; (2) Pathfinder negotiated-congestion routing (Takahashi-Matsuyama tree per net + per-node pres/hist penalties); (3) Tree pruning of non-terminal leaves; (4) Rip-up-and-reroute polish on the residual graph; (5) Iterated local search (perturb K nets with tabu + re-polish; acceptance-walk that tolerates small worsening to cross ridges, with adaptive perturbation strength escalated on stall); (6) Multistart over 8 parameter combos (net-order × pres-init × pres-mult × hist-inc) padded with random restarts.",Stochastic,Classical,1,1,1,N/A,"AMD/Intel x86_64 single-threaded, g++ 13, -O3 -march=native",0.000,N/A,0.000,0,0,0,"nets=1 terminals=3; objective is edge count (all weights unit). Classical result: there is no quantum contribution to any objective value in this submission. No QPU, GPU, annealer or quantum simulator was used at any point; QPU runtime is 0 because there was no QPU in the loop."
stp_s003_l2_t2_h4_rs24098,4colors Research,4colors Research,2026-09-01,QOBLIB/solvers/steiner — Pathfinder-style negotiated-congestion + rip-up-and-reroute + iterated local search (C++17).,4,4,"Directed multicommodity flow LP relaxation, heuristic packing",N/A,N/A,N/A,N/A,N/A,Integer,1 (unit edge cost),"(1) Parse arcs/terms; (2) Pathfinder negotiated-congestion routing (Takahashi-Matsuyama tree per net + per-node pres/hist penalties); (3) Tree pruning of non-terminal leaves; (4) Rip-up-and-reroute polish on the residual graph; (5) Iterated local search (perturb K nets with tabu + re-polish; acceptance-walk that tolerates small worsening to cross ridges, with adaptive perturbation strength escalated on stall); (6) Multistart over 8 parameter combos (net-order × pres-init × pres-mult × hist-inc) padded with random restarts.",Stochastic,Classical,1,1,1,N/A,"AMD/Intel x86_64 single-threaded, g++ 13, -O3 -march=native",0.000,N/A,0.000,0,0,0,"nets=1 terminals=2; objective is edge count (all weights unit). Classical result: there is no quantum contribution to any objective value in this submission. No QPU, GPU, annealer or quantum simulator was used at any point; QPU runtime is 0 because there was no QPU in the loop."
stp_s003_l2_t2_h5_rs37235,4colors Research,4colors Research,2026-09-01,QOBLIB/solvers/steiner — Pathfinder-style negotiated-congestion + rip-up-and-reroute + iterated local search (C++17).,5,5,"Directed multicommodity flow LP relaxation, heuristic packing",N/A,N/A,N/A,N/A,N/A,Integer,1 (unit edge cost),"(1) Parse arcs/terms; (2) Pathfinder negotiated-congestion routing (Takahashi-Matsuyama tree per net + per-node pres/hist penalties); (3) Tree pruning of non-terminal leaves; (4) Rip-up-and-reroute polish on the residual graph; (5) Iterated local search (perturb K nets with tabu + re-polish; acceptance-walk that tolerates small worsening to cross ridges, with adaptive perturbation strength escalated on stall); (6) Multistart over 8 parameter combos (net-order × pres-init × pres-mult × hist-inc) padded with random restarts.",Stochastic,Classical,1,1,1,N/A,"AMD/Intel x86_64 single-threaded, g++ 13, -O3 -march=native",0.000,N/A,0.000,0,0,0,"nets=1 terminals=2; objective is edge count (all weights unit). Classical result: there is no quantum contribution to any objective value in this submission. No QPU, GPU, annealer or quantum simulator was used at any point; QPU runtime is 0 because there was no QPU in the loop."
stp_s004_l1_t2_h4_rs37235,4colors Research,4colors Research,2026-09-01,QOBLIB/solvers/steiner — Pathfinder-style negotiated-congestion + rip-up-and-reroute + iterated local search (C++17).,6,6,"Directed multicommodity flow LP relaxation, heuristic packing",N/A,N/A,N/A,N/A,N/A,Integer,1 (unit edge cost),"(1) Parse arcs/terms; (2) Pathfinder negotiated-congestion routing (Takahashi-Matsuyama tree per net + per-node pres/hist penalties); (3) Tree pruning of non-terminal leaves; (4) Rip-up-and-reroute polish on the residual graph; (5) Iterated local search (perturb K nets with tabu + re-polish; acceptance-walk that tolerates small worsening to cross ridges, with adaptive perturbation strength escalated on stall); (6) Multistart over 8 parameter combos (net-order × pres-init × pres-mult × hist-inc) padded with random restarts.",Stochastic,Classical,1,1,1,N/A,"AMD/Intel x86_64 single-threaded, g++ 13, -O3 -march=native",0.000,N/A,0.000,0,0,0,"nets=1 terminals=2; objective is edge count (all weights unit). Classical result: there is no quantum contribution to any objective value in this submission. No QPU, GPU, annealer or quantum simulator was used at any point; QPU runtime is 0 because there was no QPU in the loop."
stp_s004_l1_t3_h3_rs24098,4colors Research,4colors Research,2026-09-01,QOBLIB/solvers/steiner — Pathfinder-style negotiated-congestion + rip-up-and-reroute + iterated local search (C++17).,6,6,"Directed multicommodity flow LP relaxation, heuristic packing",N/A,N/A,N/A,N/A,N/A,Integer,1 (unit edge cost),"(1) Parse arcs/terms; (2) Pathfinder negotiated-congestion routing (Takahashi-Matsuyama tree per net + per-node pres/hist penalties); (3) Tree pruning of non-terminal leaves; (4) Rip-up-and-reroute polish on the residual graph; (5) Iterated local search (perturb K nets with tabu + re-polish; acceptance-walk that tolerates small worsening to cross ridges, with adaptive perturbation strength escalated on stall); (6) Multistart over 8 parameter combos (net-order × pres-init × pres-mult × hist-inc) padded with random restarts.",Stochastic,Classical,1,1,1,N/A,"AMD/Intel x86_64 single-threaded, g++ 13, -O3 -march=native",0.000,N/A,0.000,0,0,0,"nets=1 terminals=3; objective is edge count (all weights unit). Classical result: there is no quantum contribution to any objective value in this submission. No QPU, GPU, annealer or quantum simulator was used at any point; QPU runtime is 0 because there was no QPU in the loop."
stp_s004_l1_t3_h3_rs97531,4colors Research,4colors Research,2026-09-01,QOBLIB/solvers/steiner — Pathfinder-style negotiated-congestion + rip-up-and-reroute + iterated local search (C++17).,3,3,"Directed multicommodity flow LP relaxation, heuristic packing",N/A,N/A,N/A,N/A,N/A,Integer,1 (unit edge cost),"(1) Parse arcs/terms; (2) Pathfinder negotiated-congestion routing (Takahashi-Matsuyama tree per net + per-node pres/hist penalties); (3) Tree pruning of non-terminal leaves; (4) Rip-up-and-reroute polish on the residual graph; (5) Iterated local search (perturb K nets with tabu + re-polish; acceptance-walk that tolerates small worsening to cross ridges, with adaptive perturbation strength escalated on stall); (6) Multistart over 8 parameter combos (net-order × pres-init × pres-mult × hist-inc) padded with random restarts.",Stochastic,Classical,1,1,1,N/A,"AMD/Intel x86_64 single-threaded, g++ 13, -O3 -march=native",0.000,N/A,0.000,0,0,0,"nets=1 terminals=3; objective is edge count (all weights unit). Classical result: there is no quantum contribution to any objective value in this submission. No QPU, GPU, annealer or quantum simulator was used at any point; QPU runtime is 0 because there was no QPU in the loop."
stp_s020_l2_t3_h2_rs24098,4colors Research,4colors Research,2026-09-01,QOBLIB/solvers/steiner — Pathfinder-style negotiated-congestion + rip-up-and-reroute + iterated local search (C++17).,228,N/A,"Directed multicommodity flow LP relaxation, heuristic packing",N/A,N/A,N/A,N/A,N/A,Integer,1 (unit edge cost),"(1) Parse arcs/terms; (2) Pathfinder negotiated-congestion routing (Takahashi-Matsuyama tree per net + per-node pres/hist penalties); (3) Tree pruning of non-terminal leaves; (4) Rip-up-and-reroute polish on the residual graph; (5) Iterated local search (perturb K nets with tabu + re-polish; acceptance-walk that tolerates small worsening to cross ridges, with adaptive perturbation strength escalated on stall); (6) Multistart over 8 parameter combos (net-order × pres-init × pres-mult × hist-inc) padded with random restarts.",Stochastic,Classical,1,1,1,N/A,"AMD/Intel x86_64 single-threaded, g++ 13, -O3 -march=native",0.000,N/A,0.000,0,0,0,"nets=8 terminals=21; objective is edge count (all weights unit). Classical result: there is no quantum contribution to any objective value in this submission. No QPU, GPU, annealer or quantum simulator was used at any point; QPU runtime is 0 because there was no QPU in the loop."
stp_s020_l2_t3_h3_rs97531,4colors Research,4colors Research,2026-09-01,QOBLIB/solvers/steiner — Pathfinder-style negotiated-congestion + rip-up-and-reroute + iterated local search (C++17).,363,N/A,"Directed multicommodity flow LP relaxation, heuristic packing",N/A,N/A,N/A,N/A,N/A,Integer,1 (unit edge cost),"(1) Parse arcs/terms; (2) Pathfinder negotiated-congestion routing (Takahashi-Matsuyama tree per net + per-node pres/hist penalties); (3) Tree pruning of non-terminal leaves; (4) Rip-up-and-reroute polish on the residual graph; (5) Iterated local search (perturb K nets with tabu + re-polish; acceptance-walk that tolerates small worsening to cross ridges, with adaptive perturbation strength escalated on stall); (6) Multistart over 8 parameter combos (net-order × pres-init × pres-mult × hist-inc) padded with random restarts.",Stochastic,Classical,1,1,1,N/A,"AMD/Intel x86_64 single-threaded, g++ 13, -O3 -march=native",0.000,N/A,0.000,0,0,0,"nets= terminals=; objective is edge count (all weights unit). Classical result: there is no quantum contribution to any objective value in this submission. No QPU, GPU, annealer or quantum simulator was used at any point; QPU runtime is 0 because there was no QPU in the loop."
stp_s020_l2_t4_h0_rs24098,4colors Research,4colors Research,2026-09-01,QOBLIB/solvers/steiner — Pathfinder-style negotiated-congestion + rip-up-and-reroute + iterated local search (C++17).,189,N/A,"Directed multicommodity flow LP relaxation, heuristic packing",N/A,N/A,N/A,N/A,N/A,Integer,1 (unit edge cost),"(1) Parse arcs/terms; (2) Pathfinder negotiated-congestion routing (Takahashi-Matsuyama tree per net + per-node pres/hist penalties); (3) Tree pruning of non-terminal leaves; (4) Rip-up-and-reroute polish on the residual graph; (5) Iterated local search (perturb K nets with tabu + re-polish; acceptance-walk that tolerates small worsening to cross ridges, with adaptive perturbation strength escalated on stall); (6) Multistart over 8 parameter combos (net-order × pres-init × pres-mult × hist-inc) padded with random restarts.",Stochastic,Classical,1,1,1,N/A,"AMD/Intel x86_64 single-threaded, g++ 13, -O3 -march=native",1.997,N/A,1.997,0,0,0,"nets=6 terminals=24; objective is edge count (all weights unit). Classical result: there is no quantum contribution to any objective value in this submission. No QPU, GPU, annealer or quantum simulator was used at any point; QPU runtime is 0 because there was no QPU in the loop."
stp_s020_l2_t4_h3_rs37235,4colors Research,4colors Research,2026-09-01,QOBLIB/solvers/steiner — Pathfinder-style negotiated-congestion + rip-up-and-reroute + iterated local search (C++17).,189,N/A,"Directed multicommodity flow LP relaxation, heuristic packing",N/A,N/A,N/A,N/A,N/A,Integer,1 (unit edge cost),"(1) Parse arcs/terms; (2) Pathfinder negotiated-congestion routing (Takahashi-Matsuyama tree per net + per-node pres/hist penalties); (3) Tree pruning of non-terminal leaves; (4) Rip-up-and-reroute polish on the residual graph; (5) Iterated local search (perturb K nets with tabu + re-polish; acceptance-walk that tolerates small worsening to cross ridges, with adaptive perturbation strength escalated on stall); (6) Multistart over 8 parameter combos (net-order × pres-init × pres-mult × hist-inc) padded with random restarts.",Stochastic,Classical,1,1,1,N/A,"AMD/Intel x86_64 single-threaded, g++ 13, -O3 -march=native",3.948,N/A,3.948,0,0,0,"nets=8 terminals=22; objective is edge count (all weights unit). Classical result: there is no quantum contribution to any objective value in this submission. No QPU, GPU, annealer or quantum simulator was used at any point; QPU runtime is 0 because there was no QPU in the loop."
stp_s020_l3_t3_h2_rs24098,4colors Research,4colors Research,2026-09-01,QOBLIB/solvers/steiner — Pathfinder-style negotiated-congestion + rip-up-and-reroute + iterated local search (C++17).,355,N/A,"Directed multicommodity flow LP relaxation, heuristic packing",N/A,N/A,N/A,N/A,N/A,Integer,1 (unit edge cost),"(1) Parse arcs/terms; (2) Pathfinder negotiated-congestion routing (Takahashi-Matsuyama tree per net + per-node pres/hist penalties); (3) Tree pruning of non-terminal leaves; (4) Rip-up-and-reroute polish on the residual graph; (5) Iterated local search (perturb K nets with tabu + re-polish; acceptance-walk that tolerates small worsening to cross ridges, with adaptive perturbation strength escalated on stall); (6) Multistart over 8 parameter combos (net-order × pres-init × pres-mult × hist-inc) padded with random restarts.",Stochastic,Classical,1,1,1,N/A,"AMD/Intel x86_64 single-threaded, g++ 13, -O3 -march=native",0.000,N/A,0.000,0,0,0,"nets=15 terminals=35; objective is edge count (all weights unit). Classical result: there is no quantum contribution to any objective value in this submission. No QPU, GPU, annealer or quantum simulator was used at any point; QPU runtime is 0 because there was no QPU in the loop."
stp_s020_l3_t4_h0_rs24098,4colors Research,4colors Research,2026-09-01,QOBLIB/solvers/steiner — Pathfinder-style negotiated-congestion + rip-up-and-reroute + iterated local search (C++17).,344,N/A,"Directed multicommodity flow LP relaxation, heuristic packing",N/A,N/A,N/A,N/A,N/A,Integer,1 (unit edge cost),"(1) Parse arcs/terms; (2) Pathfinder negotiated-congestion routing (Takahashi-Matsuyama tree per net + per-node pres/hist penalties); (3) Tree pruning of non-terminal leaves; (4) Rip-up-and-reroute polish on the residual graph; (5) Iterated local search (perturb K nets with tabu + re-polish; acceptance-walk that tolerates small worsening to cross ridges, with adaptive perturbation strength escalated on stall); (6) Multistart over 8 parameter combos (net-order × pres-init × pres-mult × hist-inc) padded with random restarts.",Stochastic,Classical,1,1,1,N/A,"AMD/Intel x86_64 single-threaded, g++ 13, -O3 -march=native",183.650,N/A,183.650,0,0,0,"nets=11 terminals=38; objective is edge count (all weights unit). Classical result: there is no quantum contribution to any objective value in this submission. No QPU, GPU, annealer or quantum simulator was used at any point; QPU runtime is 0 because there was no QPU in the loop."
stp_s020_l3_t4_h2_rs97531,4colors Research,4colors Research,2026-09-01,QOBLIB/solvers/steiner — Pathfinder-style negotiated-congestion + rip-up-and-reroute + iterated local search (C++17).,264,N/A,"Directed multicommodity flow LP relaxation, heuristic packing",N/A,N/A,N/A,N/A,N/A,Integer,1 (unit edge cost),"(1) Parse arcs/terms; (2) Pathfinder negotiated-congestion routing (Takahashi-Matsuyama tree per net + per-node pres/hist penalties); (3) Tree pruning of non-terminal leaves; (4) Rip-up-and-reroute polish on the residual graph; (5) Iterated local search (perturb K nets with tabu + re-polish; acceptance-walk that tolerates small worsening to cross ridges, with adaptive perturbation strength escalated on stall); (6) Multistart over 8 parameter combos (net-order × pres-init × pres-mult × hist-inc) padded with random restarts.",Stochastic,Classical,1,1,1,N/A,"AMD/Intel x86_64 single-threaded, g++ 13, -O3 -march=native",181.307,N/A,181.307,0,0,0,"nets=8 terminals=26; objective is edge count (all weights unit). Classical result: there is no quantum contribution to any objective value in this submission. No QPU, GPU, annealer or quantum simulator was used at any point; QPU runtime is 0 because there was no QPU in the loop."
stp_s020_l3_t4_h3_rs97531,4colors Research,4colors Research,2026-09-01,QOBLIB/solvers/steiner — Pathfinder-style negotiated-congestion + rip-up-and-reroute + iterated local search (C++17).,217,N/A,"Directed multicommodity flow LP relaxation, heuristic packing",N/A,N/A,N/A,N/A,N/A,Integer,1 (unit edge cost),"(1) Parse arcs/terms; (2) Pathfinder negotiated-congestion routing (Takahashi-Matsuyama tree per net + per-node pres/hist penalties); (3) Tree pruning of non-terminal leaves; (4) Rip-up-and-reroute polish on the residual graph; (5) Iterated local search (perturb K nets with tabu + re-polish; acceptance-walk that tolerates small worsening to cross ridges, with adaptive perturbation strength escalated on stall); (6) Multistart over 8 parameter combos (net-order × pres-init × pres-mult × hist-inc) padded with random restarts.",Stochastic,Classical,1,1,1,N/A,"AMD/Intel x86_64 single-threaded, g++ 13, -O3 -march=native",0.000,N/A,0.000,0,0,0,"nets= terminals=; objective is edge count (all weights unit). Classical result: there is no quantum contribution to any objective value in this submission. No QPU, GPU, annealer or quantum simulator was used at any point; QPU runtime is 0 because there was no QPU in the loop."
stp_s020_l4_t3_h3_rs37235,4colors Research,4colors Research,2026-09-01,QOBLIB/solvers/steiner — Pathfinder-style negotiated-congestion + rip-up-and-reroute + iterated local search (C++17).,390,N/A,"Directed multicommodity flow LP relaxation, heuristic packing",N/A,N/A,N/A,N/A,N/A,Integer,1 (unit edge cost),"(1) Parse arcs/terms; (2) Pathfinder negotiated-congestion routing (Takahashi-Matsuyama tree per net + per-node pres/hist penalties); (3) Tree pruning of non-terminal leaves; (4) Rip-up-and-reroute polish on the residual graph; (5) Iterated local search (perturb K nets with tabu + re-polish; acceptance-walk that tolerates small worsening to cross ridges, with adaptive perturbation strength escalated on stall); (6) Multistart over 8 parameter combos (net-order × pres-init × pres-mult × hist-inc) padded with random restarts.",Stochastic,Classical,1,1,1,N/A,"AMD/Intel x86_64 single-threaded, g++ 13, -O3 -march=native",0.000,N/A,0.000,0,0,0,"nets=14 terminals=36; objective is edge count (all weights unit). Classical result: there is no quantum contribution to any objective value in this submission. No QPU, GPU, annealer or quantum simulator was used at any point; QPU runtime is 0 because there was no QPU in the loop."
stp_s020_l4_t4_h0_rs24098,4colors Research,4colors Research,2026-09-01,QOBLIB/solvers/steiner — Pathfinder-style negotiated-congestion + rip-up-and-reroute + iterated local search (C++17).,228,N/A,"Directed multicommodity flow LP relaxation, heuristic packing",N/A,N/A,N/A,N/A,N/A,Integer,1 (unit edge cost),"(1) Parse arcs/terms; (2) Pathfinder negotiated-congestion routing (Takahashi-Matsuyama tree per net + per-node pres/hist penalties); (3) Tree pruning of non-terminal leaves; (4) Rip-up-and-reroute polish on the residual graph; (5) Iterated local search (perturb K nets with tabu + re-polish; acceptance-walk that tolerates small worsening to cross ridges, with adaptive perturbation strength escalated on stall); (6) Multistart over 8 parameter combos (net-order × pres-init × pres-mult × hist-inc) padded with random restarts.",Stochastic,Classical,1,1,1,N/A,"AMD/Intel x86_64 single-threaded, g++ 13, -O3 -march=native",7.151,N/A,7.151,0,0,0,"nets=7 terminals=26; objective is edge count (all weights unit). Classical result: there is no quantum contribution to any objective value in this submission. No QPU, GPU, annealer or quantum simulator was used at any point; QPU runtime is 0 because there was no QPU in the loop."
stp_s020_l4_t4_h3_rs37235,4colors Research,4colors Research,2026-09-01,QOBLIB/solvers/steiner — Pathfinder-style negotiated-congestion + rip-up-and-reroute + iterated local search (C++17).,189,N/A,"Directed multicommodity flow LP relaxation, heuristic packing",N/A,N/A,N/A,N/A,N/A,Integer,1 (unit edge cost),"(1) Parse arcs/terms; (2) Pathfinder negotiated-congestion routing (Takahashi-Matsuyama tree per net + per-node pres/hist penalties); (3) Tree pruning of non-terminal leaves; (4) Rip-up-and-reroute polish on the residual graph; (5) Iterated local search (perturb K nets with tabu + re-polish; acceptance-walk that tolerates small worsening to cross ridges, with adaptive perturbation strength escalated on stall); (6) Multistart over 8 parameter combos (net-order × pres-init × pres-mult × hist-inc) padded with random restarts.",Stochastic,Classical,1,1,1,N/A,"AMD/Intel x86_64 single-threaded, g++ 13, -O3 -march=native",4.438,N/A,4.438,0,0,0,"nets=8 terminals=22; objective is edge count (all weights unit). Classical result: there is no quantum contribution to any objective value in this submission. No QPU, GPU, annealer or quantum simulator was used at any point; QPU runtime is 0 because there was no QPU in the loop."
stp_s020_l5_t3_h3_rs24098,4colors Research,4colors Research,2026-09-01,QOBLIB/solvers/steiner — Pathfinder-style negotiated-congestion + rip-up-and-reroute + iterated local search (C++17).,296,N/A,"Directed multicommodity flow LP relaxation, heuristic packing",N/A,N/A,N/A,N/A,N/A,Integer,1 (unit edge cost),"(1) Parse arcs/terms; (2) Pathfinder negotiated-congestion routing (Takahashi-Matsuyama tree per net + per-node pres/hist penalties); (3) Tree pruning of non-terminal leaves; (4) Rip-up-and-reroute polish on the residual graph; (5) Iterated local search (perturb K nets with tabu + re-polish; acceptance-walk that tolerates small worsening to cross ridges, with adaptive perturbation strength escalated on stall); (6) Multistart over 8 parameter combos (net-order × pres-init × pres-mult × hist-inc) padded with random restarts.",Stochastic,Classical,1,1,1,N/A,"AMD/Intel x86_64 single-threaded, g++ 13, -O3 -march=native",8.045,N/A,8.045,0,0,0,"nets=11 terminals=25; objective is edge count (all weights unit). Classical result: there is no quantum contribution to any objective value in this submission. No QPU, GPU, annealer or quantum simulator was used at any point; QPU runtime is 0 because there was no QPU in the loop."
stp_s020_l5_t4_h0_rs24098,4colors Research,4colors Research,2026-09-01,QOBLIB/solvers/steiner — Pathfinder-style negotiated-congestion + rip-up-and-reroute + iterated local search (C++17).,242,N/A,"Directed multicommodity flow LP relaxation, heuristic packing",N/A,N/A,N/A,N/A,N/A,Integer,1 (unit edge cost),"(1) Parse arcs/terms; (2) Pathfinder negotiated-congestion routing (Takahashi-Matsuyama tree per net + per-node pres/hist penalties); (3) Tree pruning of non-terminal leaves; (4) Rip-up-and-reroute polish on the residual graph; (5) Iterated local search (perturb K nets with tabu + re-polish; acceptance-walk that tolerates small worsening to cross ridges, with adaptive perturbation strength escalated on stall); (6) Multistart over 8 parameter combos (net-order × pres-init × pres-mult × hist-inc) padded with random restarts.",Stochastic,Classical,1,1,1,N/A,"AMD/Intel x86_64 single-threaded, g++ 13, -O3 -march=native",0.000,N/A,0.000,0,0,0,"nets=8 terminals=28; objective is edge count (all weights unit). Classical result: there is no quantum contribution to any objective value in this submission. No QPU, GPU, annealer or quantum simulator was used at any point; QPU runtime is 0 because there was no QPU in the loop."
stp_s020_l5_t4_h3_rs97531,4colors Research,4colors Research,2026-09-01,QOBLIB/solvers/steiner — Pathfinder-style negotiated-congestion + rip-up-and-reroute + iterated local search (C++17).,95,N/A,"Directed multicommodity flow LP relaxation, heuristic packing",N/A,N/A,N/A,N/A,N/A,Integer,1 (unit edge cost),"(1) Parse arcs/terms; (2) Pathfinder negotiated-congestion routing (Takahashi-Matsuyama tree per net + per-node pres/hist penalties); (3) Tree pruning of non-terminal leaves; (4) Rip-up-and-reroute polish on the residual graph; (5) Iterated local search (perturb K nets with tabu + re-polish; acceptance-walk that tolerates small worsening to cross ridges, with adaptive perturbation strength escalated on stall); (6) Multistart over 8 parameter combos (net-order × pres-init × pres-mult × hist-inc) padded with random restarts.",Stochastic,Classical,1,1,1,N/A,"AMD/Intel x86_64 single-threaded, g++ 13, -O3 -march=native",2.266,N/A,2.266,0,0,0,"nets=3 terminals=10; objective is edge count (all weights unit). Classical result: there is no quantum contribution to any objective value in this submission. No QPU, GPU, annealer or quantum simulator was used at any point; QPU runtime is 0 because there was no QPU in the loop."
stp_s030_l2_t3_h1_rs97531,4colors Research,4colors Research,2026-09-01,QOBLIB/solvers/steiner — Pathfinder-style negotiated-congestion + rip-up-and-reroute + iterated local search (C++17).,389,N/A,"Directed multicommodity flow LP relaxation, heuristic packing",N/A,N/A,N/A,N/A,N/A,Integer,1 (unit edge cost),"(1) Parse arcs/terms; (2) Pathfinder negotiated-congestion routing (Takahashi-Matsuyama tree per net + per-node pres/hist penalties); (3) Tree pruning of non-terminal leaves; (4) Rip-up-and-reroute polish on the residual graph; (5) Iterated local search (perturb K nets with tabu + re-polish; acceptance-walk that tolerates small worsening to cross ridges, with adaptive perturbation strength escalated on stall); (6) Multistart over 8 parameter combos (net-order × pres-init × pres-mult × hist-inc) padded with random restarts.",Stochastic,Classical,1,1,1,N/A,"AMD/Intel x86_64 single-threaded, g++ 13, -O3 -march=native",0.000,N/A,0.000,0,0,0,"nets=12 terminals=31; objective is edge count (all weights unit). Classical result: there is no quantum contribution to any objective value in this submission. No QPU, GPU, annealer or quantum simulator was used at any point; QPU runtime is 0 because there was no QPU in the loop."
stp_s030_l2_t3_h3_rs97531,4colors Research,4colors Research,2026-09-01,QOBLIB/solvers/steiner — Pathfinder-style negotiated-congestion + rip-up-and-reroute + iterated local search (C++17).,388,N/A,"Directed multicommodity flow LP relaxation, heuristic packing",N/A,N/A,N/A,N/A,N/A,Integer,1 (unit edge cost),"(1) Parse arcs/terms; (2) Pathfinder negotiated-congestion routing (Takahashi-Matsuyama tree per net + per-node pres/hist penalties); (3) Tree pruning of non-terminal leaves; (4) Rip-up-and-reroute polish on the residual graph; (5) Iterated local search (perturb K nets with tabu + re-polish; acceptance-walk that tolerates small worsening to cross ridges, with adaptive perturbation strength escalated on stall); (6) Multistart over 8 parameter combos (net-order × pres-init × pres-mult × hist-inc) padded with random restarts.",Stochastic,Classical,1,1,1,N/A,"AMD/Intel x86_64 single-threaded, g++ 13, -O3 -march=native",183.797,N/A,183.797,0,0,0,"nets=12 terminals=32; objective is edge count (all weights unit). Classical result: there is no quantum contribution to any objective value in this submission. No QPU, GPU, annealer or quantum simulator was used at any point; QPU runtime is 0 because there was no QPU in the loop."
stp_s030_l2_t4_h2_rs97531,4colors Research,4colors Research,2026-09-01,QOBLIB/solvers/steiner — Pathfinder-style negotiated-congestion + rip-up-and-reroute + iterated local search (C++17).,387,N/A,"Directed multicommodity flow LP relaxation, heuristic packing",N/A,N/A,N/A,N/A,N/A,Integer,1 (unit edge cost),"(1) Parse arcs/terms; (2) Pathfinder negotiated-congestion routing (Takahashi-Matsuyama tree per net + per-node pres/hist penalties); (3) Tree pruning of non-terminal leaves; (4) Rip-up-and-reroute polish on the residual graph; (5) Iterated local search (perturb K nets with tabu + re-polish; acceptance-walk that tolerates small worsening to cross ridges, with adaptive perturbation strength escalated on stall); (6) Multistart over 8 parameter combos (net-order × pres-init × pres-mult × hist-inc) padded with random restarts.",Stochastic,Classical,1,1,1,N/A,"AMD/Intel x86_64 single-threaded, g++ 13, -O3 -march=native",185.327,N/A,185.327,0,0,0,"nets=11 terminals=30; objective is edge count (all weights unit). Classical result: there is no quantum contribution to any objective value in this submission. No QPU, GPU, annealer or quantum simulator was used at any point; QPU runtime is 0 because there was no QPU in the loop."
stp_s030_l2_t5_h1_rs24098,4colors Research,4colors Research,2026-09-01,QOBLIB/solvers/steiner — Pathfinder-style negotiated-congestion + rip-up-and-reroute + iterated local search (C++17).,430,N/A,"Directed multicommodity flow LP relaxation, heuristic packing",N/A,N/A,N/A,N/A,N/A,Integer,1 (unit edge cost),"(1) Parse arcs/terms; (2) Pathfinder negotiated-congestion routing (Takahashi-Matsuyama tree per net + per-node pres/hist penalties); (3) Tree pruning of non-terminal leaves; (4) Rip-up-and-reroute polish on the residual graph; (5) Iterated local search (perturb K nets with tabu + re-polish; acceptance-walk that tolerates small worsening to cross ridges, with adaptive perturbation strength escalated on stall); (6) Multistart over 8 parameter combos (net-order × pres-init × pres-mult × hist-inc) padded with random restarts.",Stochastic,Classical,1,1,1,N/A,"AMD/Intel x86_64 single-threaded, g++ 13, -O3 -march=native",182.949,N/A,182.949,0,0,0,"nets=10 terminals=32; objective is edge count (all weights unit). Classical result: there is no quantum contribution to any objective value in this submission. No QPU, GPU, annealer or quantum simulator was used at any point; QPU runtime is 0 because there was no QPU in the loop."
stp_s030_l3_t3_h1_rs97531,4colors Research,4colors Research,2026-09-01,QOBLIB/solvers/steiner — Pathfinder-style negotiated-congestion + rip-up-and-reroute + iterated local search (C++17).,327,N/A,"Directed multicommodity flow LP relaxation, heuristic packing",N/A,N/A,N/A,N/A,N/A,Integer,1 (unit edge cost),"(1) Parse arcs/terms; (2) Pathfinder negotiated-congestion routing (Takahashi-Matsuyama tree per net + per-node pres/hist penalties); (3) Tree pruning of non-terminal leaves; (4) Rip-up-and-reroute polish on the residual graph; (5) Iterated local search (perturb K nets with tabu + re-polish; acceptance-walk that tolerates small worsening to cross ridges, with adaptive perturbation strength escalated on stall); (6) Multistart over 8 parameter combos (net-order × pres-init × pres-mult × hist-inc) padded with random restarts.",Stochastic,Classical,1,1,1,N/A,"AMD/Intel x86_64 single-threaded, g++ 13, -O3 -march=native",5.921,N/A,5.921,0,0,0,"nets=10 terminals=26; objective is edge count (all weights unit). Classical result: there is no quantum contribution to any objective value in this submission. No QPU, GPU, annealer or quantum simulator was used at any point; QPU runtime is 0 because there was no QPU in the loop."
stp_s030_l3_t3_h2_rs97531,4colors Research,4colors Research,2026-09-01,QOBLIB/solvers/steiner — Pathfinder-style negotiated-congestion + rip-up-and-reroute + iterated local search (C++17).,343,N/A,"Directed multicommodity flow LP relaxation, heuristic packing",N/A,N/A,N/A,N/A,N/A,Integer,1 (unit edge cost),"(1) Parse arcs/terms; (2) Pathfinder negotiated-congestion routing (Takahashi-Matsuyama tree per net + per-node pres/hist penalties); (3) Tree pruning of non-terminal leaves; (4) Rip-up-and-reroute polish on the residual graph; (5) Iterated local search (perturb K nets with tabu + re-polish; acceptance-walk that tolerates small worsening to cross ridges, with adaptive perturbation strength escalated on stall); (6) Multistart over 8 parameter combos (net-order × pres-init × pres-mult × hist-inc) padded with random restarts.",Stochastic,Classical,1,1,1,N/A,"AMD/Intel x86_64 single-threaded, g++ 13, -O3 -march=native",5.456,N/A,5.456,0,0,0,"nets=11 terminals=26; objective is edge count (all weights unit). Classical result: there is no quantum contribution to any objective value in this submission. No QPU, GPU, annealer or quantum simulator was used at any point; QPU runtime is 0 because there was no QPU in the loop."
stp_s030_l3_t4_h0_rs24098,4colors Research,4colors Research,2026-09-01,QOBLIB/solvers/steiner — Pathfinder-style negotiated-congestion + rip-up-and-reroute + iterated local search (C++17).,304,N/A,"Directed multicommodity flow LP relaxation, heuristic packing",N/A,N/A,N/A,N/A,N/A,Integer,1 (unit edge cost),"(1) Parse arcs/terms; (2) Pathfinder negotiated-congestion routing (Takahashi-Matsuyama tree per net + per-node pres/hist penalties); (3) Tree pruning of non-terminal leaves; (4) Rip-up-and-reroute polish on the residual graph; (5) Iterated local search (perturb K nets with tabu + re-polish; acceptance-walk that tolerates small worsening to cross ridges, with adaptive perturbation strength escalated on stall); (6) Multistart over 8 parameter combos (net-order × pres-init × pres-mult × hist-inc) padded with random restarts.",Stochastic,Classical,1,1,1,N/A,"AMD/Intel x86_64 single-threaded, g++ 13, -O3 -march=native",8.941,N/A,8.941,0,0,0,"nets=6 terminals=18; objective is edge count (all weights unit). Classical result: there is no quantum contribution to any objective value in this submission. No QPU, GPU, annealer or quantum simulator was used at any point; QPU runtime is 0 because there was no QPU in the loop."
stp_s030_l4_t3_h1_rs97531,4colors Research,4colors Research,2026-09-01,QOBLIB/solvers/steiner — Pathfinder-style negotiated-congestion + rip-up-and-reroute + iterated local search (C++17).,328,N/A,"Directed multicommodity flow LP relaxation, heuristic packing",N/A,N/A,N/A,N/A,N/A,Integer,1 (unit edge cost),"(1) Parse arcs/terms; (2) Pathfinder negotiated-congestion routing (Takahashi-Matsuyama tree per net + per-node pres/hist penalties); (3) Tree pruning of non-terminal leaves; (4) Rip-up-and-reroute polish on the residual graph; (5) Iterated local search (perturb K nets with tabu + re-polish; acceptance-walk that tolerates small worsening to cross ridges, with adaptive perturbation strength escalated on stall); (6) Multistart over 8 parameter combos (net-order × pres-init × pres-mult × hist-inc) padded with random restarts.",Stochastic,Classical,1,1,1,N/A,"AMD/Intel x86_64 single-threaded, g++ 13, -O3 -march=native",9.656,N/A,9.656,0,0,0,"nets=10 terminals=26; objective is edge count (all weights unit). Classical result: there is no quantum contribution to any objective value in this submission. No QPU, GPU, annealer or quantum simulator was used at any point; QPU runtime is 0 because there was no QPU in the loop."
stp_s030_l4_t4_h0_rs97531,4colors Research,4colors Research,2026-09-01,QOBLIB/solvers/steiner — Pathfinder-style negotiated-congestion + rip-up-and-reroute + iterated local search (C++17).,480,N/A,"Directed multicommodity flow LP relaxation, heuristic packing",N/A,N/A,N/A,N/A,N/A,Integer,1 (unit edge cost),"(1) Parse arcs/terms; (2) Pathfinder negotiated-congestion routing (Takahashi-Matsuyama tree per net + per-node pres/hist penalties); (3) Tree pruning of non-terminal leaves; (4) Rip-up-and-reroute polish on the residual graph; (5) Iterated local search (perturb K nets with tabu + re-polish; acceptance-walk that tolerates small worsening to cross ridges, with adaptive perturbation strength escalated on stall); (6) Multistart over 8 parameter combos (net-order × pres-init × pres-mult × hist-inc) padded with random restarts.",Stochastic,Classical,1,1,1,N/A,"AMD/Intel x86_64 single-threaded, g++ 13, -O3 -march=native",34.860,N/A,34.860,0,0,0,"nets=12 terminals=36; objective is edge count (all weights unit). Classical result: there is no quantum contribution to any objective value in this submission. No QPU, GPU, annealer or quantum simulator was used at any point; QPU runtime is 0 because there was no QPU in the loop."
stp_s030_l4_t4_h2_rs97531,4colors Research,4colors Research,2026-09-01,QOBLIB/solvers/steiner — Pathfinder-style negotiated-congestion + rip-up-and-reroute + iterated local search (C++17).,424,N/A,"Directed multicommodity flow LP relaxation, heuristic packing",N/A,N/A,N/A,N/A,N/A,Integer,1 (unit edge cost),"(1) Parse arcs/terms; (2) Pathfinder negotiated-congestion routing (Takahashi-Matsuyama tree per net + per-node pres/hist penalties); (3) Tree pruning of non-terminal leaves; (4) Rip-up-and-reroute polish on the residual graph; (5) Iterated local search (perturb K nets with tabu + re-polish; acceptance-walk that tolerates small worsening to cross ridges, with adaptive perturbation strength escalated on stall); (6) Multistart over 8 parameter combos (net-order × pres-init × pres-mult × hist-inc) padded with random restarts.",Stochastic,Classical,1,1,1,N/A,"AMD/Intel x86_64 single-threaded, g++ 13, -O3 -march=native",0.000,N/A,0.000,0,0,0,"nets=10 terminals=31; objective is edge count (all weights unit). Classical result: there is no quantum contribution to any objective value in this submission. No QPU, GPU, annealer or quantum simulator was used at any point; QPU runtime is 0 because there was no QPU in the loop."
stp_s030_l5_t3_h1_rs97531,4colors Research,4colors Research,2026-09-01,QOBLIB/solvers/steiner — Pathfinder-style negotiated-congestion + rip-up-and-reroute + iterated local search (C++17).,320,N/A,"Directed multicommodity flow LP relaxation, heuristic packing",N/A,N/A,N/A,N/A,N/A,Integer,1 (unit edge cost),"(1) Parse arcs/terms; (2) Pathfinder negotiated-congestion routing (Takahashi-Matsuyama tree per net + per-node pres/hist penalties); (3) Tree pruning of non-terminal leaves; (4) Rip-up-and-reroute polish on the residual graph; (5) Iterated local search (perturb K nets with tabu + re-polish; acceptance-walk that tolerates small worsening to cross ridges, with adaptive perturbation strength escalated on stall); (6) Multistart over 8 parameter combos (net-order × pres-init × pres-mult × hist-inc) padded with random restarts.",Stochastic,Classical,1,1,1,N/A,"AMD/Intel x86_64 single-threaded, g++ 13, -O3 -march=native",2.172,N/A,2.172,0,0,0,"nets=10 terminals=26; objective is edge count (all weights unit). Classical result: there is no quantum contribution to any objective value in this submission. No QPU, GPU, annealer or quantum simulator was used at any point; QPU runtime is 0 because there was no QPU in the loop."
stp_s030_l5_t4_h0_rs24098,4colors Research,4colors Research,2026-09-01,QOBLIB/solvers/steiner — Pathfinder-style negotiated-congestion + rip-up-and-reroute + iterated local search (C++17).,447,N/A,"Directed multicommodity flow LP relaxation, heuristic packing",N/A,N/A,N/A,N/A,N/A,Integer,1 (unit edge cost),"(1) Parse arcs/terms; (2) Pathfinder negotiated-congestion routing (Takahashi-Matsuyama tree per net + per-node pres/hist penalties); (3) Tree pruning of non-terminal leaves; (4) Rip-up-and-reroute polish on the residual graph; (5) Iterated local search (perturb K nets with tabu + re-polish; acceptance-walk that tolerates small worsening to cross ridges, with adaptive perturbation strength escalated on stall); (6) Multistart over 8 parameter combos (net-order × pres-init × pres-mult × hist-inc) padded with random restarts.",Stochastic,Classical,1,1,1,N/A,"AMD/Intel x86_64 single-threaded, g++ 13, -O3 -march=native",21.267,N/A,21.267,0,0,0,"nets=10 terminals=31; objective is edge count (all weights unit). Classical result: there is no quantum contribution to any objective value in this submission. No QPU, GPU, annealer or quantum simulator was used at any point; QPU runtime is 0 because there was no QPU in the loop."
stp_s040_l2_t3_h0_rs97531,4colors Research,4colors Research,2026-09-01,QOBLIB/solvers/steiner — Pathfinder-style negotiated-congestion + rip-up-and-reroute + iterated local search (C++17).,543,N/A,"Directed multicommodity flow LP relaxation, heuristic packing",N/A,N/A,N/A,N/A,N/A,Integer,1 (unit edge cost),"(1) Parse arcs/terms; (2) Pathfinder negotiated-congestion routing (Takahashi-Matsuyama tree per net + per-node pres/hist penalties); (3) Tree pruning of non-terminal leaves; (4) Rip-up-and-reroute polish on the residual graph; (5) Iterated local search (perturb K nets with tabu + re-polish; acceptance-walk that tolerates small worsening to cross ridges, with adaptive perturbation strength escalated on stall); (6) Multistart over 8 parameter combos (net-order × pres-init × pres-mult × hist-inc) padded with random restarts.",Stochastic,Classical,1,1,1,N/A,"AMD/Intel x86_64 single-threaded, g++ 13, -O3 -march=native",3.631,N/A,3.631,0,0,0,"nets=12 terminals=27; objective is edge count (all weights unit). Classical result: there is no quantum contribution to any objective value in this submission. No QPU, GPU, annealer or quantum simulator was used at any point; QPU runtime is 0 because there was no QPU in the loop."
stp_s040_l2_t3_h2_rs24098,4colors Research,4colors Research,2026-09-01,QOBLIB/solvers/steiner — Pathfinder-style negotiated-congestion + rip-up-and-reroute + iterated local search (C++17).,571,N/A,"Directed multicommodity flow LP relaxation, heuristic packing",N/A,N/A,N/A,N/A,N/A,Integer,1 (unit edge cost),"(1) Parse arcs/terms; (2) Pathfinder negotiated-congestion routing (Takahashi-Matsuyama tree per net + per-node pres/hist penalties); (3) Tree pruning of non-terminal leaves; (4) Rip-up-and-reroute polish on the residual graph; (5) Iterated local search (perturb K nets with tabu + re-polish; acceptance-walk that tolerates small worsening to cross ridges, with adaptive perturbation strength escalated on stall); (6) Multistart over 8 parameter combos (net-order × pres-init × pres-mult × hist-inc) padded with random restarts.",Stochastic,Classical,1,1,1,N/A,"AMD/Intel x86_64 single-threaded, g++ 13, -O3 -march=native",180.671,N/A,180.671,0,0,0,"nets=12 terminals=30; objective is edge count (all weights unit). Classical result: there is no quantum contribution to any objective value in this submission. No QPU, GPU, annealer or quantum simulator was used at any point; QPU runtime is 0 because there was no QPU in the loop."
stp_s040_l2_t4_h0_rs97531,4colors Research,4colors Research,2026-09-01,QOBLIB/solvers/steiner — Pathfinder-style negotiated-congestion + rip-up-and-reroute + iterated local search (C++17).,506,N/A,"Directed multicommodity flow LP relaxation, heuristic packing",N/A,N/A,N/A,N/A,N/A,Integer,1 (unit edge cost),"(1) Parse arcs/terms; (2) Pathfinder negotiated-congestion routing (Takahashi-Matsuyama tree per net + per-node pres/hist penalties); (3) Tree pruning of non-terminal leaves; (4) Rip-up-and-reroute polish on the residual graph; (5) Iterated local search (perturb K nets with tabu + re-polish; acceptance-walk that tolerates small worsening to cross ridges, with adaptive perturbation strength escalated on stall); (6) Multistart over 8 parameter combos (net-order × pres-init × pres-mult × hist-inc) padded with random restarts.",Stochastic,Classical,1,1,1,N/A,"AMD/Intel x86_64 single-threaded, g++ 13, -O3 -march=native",130.773,N/A,130.773,0,0,0,"nets=10 terminals=33; objective is edge count (all weights unit). Classical result: there is no quantum contribution to any objective value in this submission. No QPU, GPU, annealer or quantum simulator was used at any point; QPU runtime is 0 because there was no QPU in the loop."
stp_s040_l2_t4_h3_rs123,4colors Research,4colors Research,2026-09-01,QOBLIB/solvers/steiner — Pathfinder-style negotiated-congestion + rip-up-and-reroute + iterated local search (C++17).,408,N/A,"Directed multicommodity flow LP relaxation, heuristic packing",N/A,N/A,N/A,N/A,N/A,Integer,1 (unit edge cost),"(1) Parse arcs/terms; (2) Pathfinder negotiated-congestion routing (Takahashi-Matsuyama tree per net + per-node pres/hist penalties); (3) Tree pruning of non-terminal leaves; (4) Rip-up-and-reroute polish on the residual graph; (5) Iterated local search (perturb K nets with tabu + re-polish; acceptance-walk that tolerates small worsening to cross ridges, with adaptive perturbation strength escalated on stall); (6) Multistart over 8 parameter combos (net-order × pres-init × pres-mult × hist-inc) padded with random restarts.",Stochastic,Classical,1,1,1,N/A,"AMD/Intel x86_64 single-threaded, g++ 13, -O3 -march=native",0.000,N/A,0.000,0,0,0,"nets= terminals=; objective is edge count (all weights unit). Classical result: there is no quantum contribution to any objective value in this submission. No QPU, GPU, annealer or quantum simulator was used at any point; QPU runtime is 0 because there was no QPU in the loop."
stp_s040_l3_t3_h0_rs97531,4colors Research,4colors Research,2026-09-01,QOBLIB/solvers/steiner — Pathfinder-style negotiated-congestion + rip-up-and-reroute + iterated local search (C++17).,614,N/A,"Directed multicommodity flow LP relaxation, heuristic packing",N/A,N/A,N/A,N/A,N/A,Integer,1 (unit edge cost),"(1) Parse arcs/terms; (2) Pathfinder negotiated-congestion routing (Takahashi-Matsuyama tree per net + per-node pres/hist penalties); (3) Tree pruning of non-terminal leaves; (4) Rip-up-and-reroute polish on the residual graph; (5) Iterated local search (perturb K nets with tabu + re-polish; acceptance-walk that tolerates small worsening to cross ridges, with adaptive perturbation strength escalated on stall); (6) Multistart over 8 parameter combos (net-order × pres-init × pres-mult × hist-inc) padded with random restarts.",Stochastic,Classical,1,1,1,N/A,"AMD/Intel x86_64 single-threaded, g++ 13, -O3 -march=native",186.585,N/A,186.585,0,0,0,"nets=12 terminals=29; objective is edge count (all weights unit). Classical result: there is no quantum contribution to any objective value in this submission. No QPU, GPU, annealer or quantum simulator was used at any point; QPU runtime is 0 because there was no QPU in the loop."
stp_s040_l3_t4_h0_rs97531,4colors Research,4colors Research,2026-09-01,QOBLIB/solvers/steiner — Pathfinder-style negotiated-congestion + rip-up-and-reroute + iterated local search (C++17).,673,N/A,"Directed multicommodity flow LP relaxation, heuristic packing",N/A,N/A,N/A,N/A,N/A,Integer,1 (unit edge cost),"(1) Parse arcs/terms; (2) Pathfinder negotiated-congestion routing (Takahashi-Matsuyama tree per net + per-node pres/hist penalties); (3) Tree pruning of non-terminal leaves; (4) Rip-up-and-reroute polish on the residual graph; (5) Iterated local search (perturb K nets with tabu + re-polish; acceptance-walk that tolerates small worsening to cross ridges, with adaptive perturbation strength escalated on stall); (6) Multistart over 8 parameter combos (net-order × pres-init × pres-mult × hist-inc) padded with random restarts.",Stochastic,Classical,1,1,1,N/A,"AMD/Intel x86_64 single-threaded, g++ 13, -O3 -march=native",201.001,N/A,201.001,0,0,0,"nets=10 terminals=37; objective is edge count (all weights unit). Classical result: there is no quantum contribution to any objective value in this submission. No QPU, GPU, annealer or quantum simulator was used at any point; QPU runtime is 0 because there was no QPU in the loop."
stp_s040_l3_t4_h1_rs24098,4colors Research,4colors Research,2026-09-01,QOBLIB/solvers/steiner — Pathfinder-style negotiated-congestion + rip-up-and-reroute + iterated local search (C++17).,483,N/A,"Directed multicommodity flow LP relaxation, heuristic packing",N/A,N/A,N/A,N/A,N/A,Integer,1 (unit edge cost),"(1) Parse arcs/terms; (2) Pathfinder negotiated-congestion routing (Takahashi-Matsuyama tree per net + per-node pres/hist penalties); (3) Tree pruning of non-terminal leaves; (4) Rip-up-and-reroute polish on the residual graph; (5) Iterated local search (perturb K nets with tabu + re-polish; acceptance-walk that tolerates small worsening to cross ridges, with adaptive perturbation strength escalated on stall); (6) Multistart over 8 parameter combos (net-order × pres-init × pres-mult × hist-inc) padded with random restarts.",Stochastic,Classical,1,1,1,N/A,"AMD/Intel x86_64 single-threaded, g++ 13, -O3 -march=native",0.000,N/A,0.000,0,0,0,"nets= terminals=; objective is edge count (all weights unit). Classical result: there is no quantum contribution to any objective value in this submission. No QPU, GPU, annealer or quantum simulator was used at any point; QPU runtime is 0 because there was no QPU in the loop."
stp_s040_l4_t3_h0_rs97531,4colors Research,4colors Research,2026-09-01,QOBLIB/solvers/steiner — Pathfinder-style negotiated-congestion + rip-up-and-reroute + iterated local search (C++17).,573,N/A,"Directed multicommodity flow LP relaxation, heuristic packing",N/A,N/A,N/A,N/A,N/A,Integer,1 (unit edge cost),"(1) Parse arcs/terms; (2) Pathfinder negotiated-congestion routing (Takahashi-Matsuyama tree per net + per-node pres/hist penalties); (3) Tree pruning of non-terminal leaves; (4) Rip-up-and-reroute polish on the residual graph; (5) Iterated local search (perturb K nets with tabu + re-polish; acceptance-walk that tolerates small worsening to cross ridges, with adaptive perturbation strength escalated on stall); (6) Multistart over 8 parameter combos (net-order × pres-init × pres-mult × hist-inc) padded with random restarts.",Stochastic,Classical,1,1,1,N/A,"AMD/Intel x86_64 single-threaded, g++ 13, -O3 -march=native",199.837,N/A,199.837,0,0,0,"nets=12 terminals=29; objective is edge count (all weights unit). Classical result: there is no quantum contribution to any objective value in this submission. No QPU, GPU, annealer or quantum simulator was used at any point; QPU runtime is 0 because there was no QPU in the loop."
stp_s040_l4_t4_h0_rs123,4colors Research,4colors Research,2026-09-01,QOBLIB/solvers/steiner — Pathfinder-style negotiated-congestion + rip-up-and-reroute + iterated local search (C++17).,492,N/A,"Directed multicommodity flow LP relaxation, heuristic packing",N/A,N/A,N/A,N/A,N/A,Integer,1 (unit edge cost),"(1) Parse arcs/terms; (2) Pathfinder negotiated-congestion routing (Takahashi-Matsuyama tree per net + per-node pres/hist penalties); (3) Tree pruning of non-terminal leaves; (4) Rip-up-and-reroute polish on the residual graph; (5) Iterated local search (perturb K nets with tabu + re-polish; acceptance-walk that tolerates small worsening to cross ridges, with adaptive perturbation strength escalated on stall); (6) Multistart over 8 parameter combos (net-order × pres-init × pres-mult × hist-inc) padded with random restarts.",Stochastic,Classical,1,1,1,N/A,"AMD/Intel x86_64 single-threaded, g++ 13, -O3 -march=native",0.000,N/A,0.000,0,0,0,"nets= terminals=; objective is edge count (all weights unit). Classical result: there is no quantum contribution to any objective value in this submission. No QPU, GPU, annealer or quantum simulator was used at any point; QPU runtime is 0 because there was no QPU in the loop."
stp_s040_l4_t4_h0_rs97531,4colors Research,4colors Research,2026-09-01,QOBLIB/solvers/steiner — Pathfinder-style negotiated-congestion + rip-up-and-reroute + iterated local search (C++17).,669,N/A,"Directed multicommodity flow LP relaxation, heuristic packing",N/A,N/A,N/A,N/A,N/A,Integer,1 (unit edge cost),"(1) Parse arcs/terms; (2) Pathfinder negotiated-congestion routing (Takahashi-Matsuyama tree per net + per-node pres/hist penalties); (3) Tree pruning of non-terminal leaves; (4) Rip-up-and-reroute polish on the residual graph; (5) Iterated local search (perturb K nets with tabu + re-polish; acceptance-walk that tolerates small worsening to cross ridges, with adaptive perturbation strength escalated on stall); (6) Multistart over 8 parameter combos (net-order × pres-init × pres-mult × hist-inc) padded with random restarts.",Stochastic,Classical,1,1,1,N/A,"AMD/Intel x86_64 single-threaded, g++ 13, -O3 -march=native",196.241,N/A,196.241,0,0,0,"nets=10 terminals=35; objective is edge count (all weights unit). Classical result: there is no quantum contribution to any objective value in this submission. No QPU, GPU, annealer or quantum simulator was used at any point; QPU runtime is 0 because there was no QPU in the loop."
stp_s040_l4_t4_h1_rs24098,4colors Research,4colors Research,2026-09-01,QOBLIB/solvers/steiner — Pathfinder-style negotiated-congestion + rip-up-and-reroute + iterated local search (C++17).,610,N/A,"Directed multicommodity flow LP relaxation, heuristic packing",N/A,N/A,N/A,N/A,N/A,Integer,1 (unit edge cost),"(1) Parse arcs/terms; (2) Pathfinder negotiated-congestion routing (Takahashi-Matsuyama tree per net + per-node pres/hist penalties); (3) Tree pruning of non-terminal leaves; (4) Rip-up-and-reroute polish on the residual graph; (5) Iterated local search (perturb K nets with tabu + re-polish; acceptance-walk that tolerates small worsening to cross ridges, with adaptive perturbation strength escalated on stall); (6) Multistart over 8 parameter combos (net-order × pres-init × pres-mult × hist-inc) padded with random restarts.",Stochastic,Classical,1,1,1,N/A,"AMD/Intel x86_64 single-threaded, g++ 13, -O3 -march=native",0.000,N/A,0.000,0,0,0,"nets= terminals=; objective is edge count (all weights unit). Classical result: there is no quantum contribution to any objective value in this submission. No QPU, GPU, annealer or quantum simulator was used at any point; QPU runtime is 0 because there was no QPU in the loop."
stp_s040_l4_t5_h0_rs24098,4colors Research,4colors Research,2026-09-01,QOBLIB/solvers/steiner — Pathfinder-style negotiated-congestion + rip-up-and-reroute + iterated local search (C++17).,907,N/A,"Directed multicommodity flow LP relaxation, heuristic packing",N/A,N/A,N/A,N/A,N/A,Integer,1 (unit edge cost),"(1) Parse arcs/terms; (2) Pathfinder negotiated-congestion routing (Takahashi-Matsuyama tree per net + per-node pres/hist penalties); (3) Tree pruning of non-terminal leaves; (4) Rip-up-and-reroute polish on the residual graph; (5) Iterated local search (perturb K nets with tabu + re-polish; acceptance-walk that tolerates small worsening to cross ridges, with adaptive perturbation strength escalated on stall); (6) Multistart over 8 parameter combos (net-order × pres-init × pres-mult × hist-inc) padded with random restarts.",Stochastic,Classical,1,1,1,N/A,"AMD/Intel x86_64 single-threaded, g++ 13, -O3 -march=native",222.330,N/A,222.330,0,0,0,"nets=14 terminals=46; objective is edge count (all weights unit). Classical result: there is no quantum contribution to any objective value in this submission. No QPU, GPU, annealer or quantum simulator was used at any point; QPU runtime is 0 because there was no QPU in the loop."
stp_s040_l5_t3_h0_rs97531,4colors Research,4colors Research,2026-09-01,QOBLIB/solvers/steiner — Pathfinder-style negotiated-congestion + rip-up-and-reroute + iterated local search (C++17).,518,N/A,"Directed multicommodity flow LP relaxation, heuristic packing",N/A,N/A,N/A,N/A,N/A,Integer,1 (unit edge cost),"(1) Parse arcs/terms; (2) Pathfinder negotiated-congestion routing (Takahashi-Matsuyama tree per net + per-node pres/hist penalties); (3) Tree pruning of non-terminal leaves; (4) Rip-up-and-reroute polish on the residual graph; (5) Iterated local search (perturb K nets with tabu + re-polish; acceptance-walk that tolerates small worsening to cross ridges, with adaptive perturbation strength escalated on stall); (6) Multistart over 8 parameter combos (net-order × pres-init × pres-mult × hist-inc) padded with random restarts.",Stochastic,Classical,1,1,1,N/A,"AMD/Intel x86_64 single-threaded, g++ 13, -O3 -march=native",157.749,N/A,157.749,0,0,0,"nets=11 terminals=27; objective is edge count (all weights unit). Classical result: there is no quantum contribution to any objective value in this submission. No QPU, GPU, annealer or quantum simulator was used at any point; QPU runtime is 0 because there was no QPU in the loop."
stp_s040_l5_t4_h0_rs24098,4colors Research,4colors Research,2026-09-01,QOBLIB/solvers/steiner — Pathfinder-style negotiated-congestion + rip-up-and-reroute + iterated local search (C++17).,661,N/A,"Directed multicommodity flow LP relaxation, heuristic packing",N/A,N/A,N/A,N/A,N/A,Integer,1 (unit edge cost),"(1) Parse arcs/terms; (2) Pathfinder negotiated-congestion routing (Takahashi-Matsuyama tree per net + per-node pres/hist penalties); (3) Tree pruning of non-terminal leaves; (4) Rip-up-and-reroute polish on the residual graph; (5) Iterated local search (perturb K nets with tabu + re-polish; acceptance-walk that tolerates small worsening to cross ridges, with adaptive perturbation strength escalated on stall); (6) Multistart over 8 parameter combos (net-order × pres-init × pres-mult × hist-inc) padded with random restarts.",Stochastic,Classical,1,1,1,N/A,"AMD/Intel x86_64 single-threaded, g++ 13, -O3 -march=native",197.732,N/A,197.732,0,0,0,"nets=12 terminals=36; objective is edge count (all weights unit). Classical result: there is no quantum contribution to any objective value in this submission. No QPU, GPU, annealer or quantum simulator was used at any point; QPU runtime is 0 because there was no QPU in the loop."
stp_s040_l5_t4_h1_rs24098,4colors Research,4colors Research,2026-09-01,QOBLIB/solvers/steiner — Pathfinder-style negotiated-congestion + rip-up-and-reroute + iterated local search (C++17).,623,N/A,"Directed multicommodity flow LP relaxation, heuristic packing",N/A,N/A,N/A,N/A,N/A,Integer,1 (unit edge cost),"(1) Parse arcs/terms; (2) Pathfinder negotiated-congestion routing (Takahashi-Matsuyama tree per net + per-node pres/hist penalties); (3) Tree pruning of non-terminal leaves; (4) Rip-up-and-reroute polish on the residual graph; (5) Iterated local search (perturb K nets with tabu + re-polish; acceptance-walk that tolerates small worsening to cross ridges, with adaptive perturbation strength escalated on stall); (6) Multistart over 8 parameter combos (net-order × pres-init × pres-mult × hist-inc) padded with random restarts.",Stochastic,Classical,1,1,1,N/A,"AMD/Intel x86_64 single-threaded, g++ 13, -O3 -march=native",198.831,N/A,198.831,0,0,0,"nets=10 terminals=32; objective is edge count (all weights unit). Classical result: there is no quantum contribution to any objective value in this submission. No QPU, GPU, annealer or quantum simulator was used at any point; QPU runtime is 0 because there was no QPU in the loop."
stp_s040_l5_t5_h0_rs24098,4colors Research,4colors Research,2026-09-01,QOBLIB/solvers/steiner — Pathfinder-style negotiated-congestion + rip-up-and-reroute + iterated local search (C++17).,697,N/A,"Directed multicommodity flow LP relaxation, heuristic packing",N/A,N/A,N/A,N/A,N/A,Integer,1 (unit edge cost),"(1) Parse arcs/terms; (2) Pathfinder negotiated-congestion routing (Takahashi-Matsuyama tree per net + per-node pres/hist penalties); (3) Tree pruning of non-terminal leaves; (4) Rip-up-and-reroute polish on the residual graph; (5) Iterated local search (perturb K nets with tabu + re-polish; acceptance-walk that tolerates small worsening to cross ridges, with adaptive perturbation strength escalated on stall); (6) Multistart over 8 parameter combos (net-order × pres-init × pres-mult × hist-inc) padded with random restarts.",Stochastic,Classical,1,1,1,N/A,"AMD/Intel x86_64 single-threaded, g++ 13, -O3 -march=native",0.000,N/A,0.000,0,0,0,"nets= terminals=; objective is edge count (all weights unit). Classical result: there is no quantum contribution to any objective value in this submission. No QPU, GPU, annealer or quantum simulator was used at any point; QPU runtime is 0 because there was no QPU in the loop."
stp_s050_l2_t3_h1_rs97531,4colors Research,4colors Research,2026-09-01,QOBLIB/solvers/steiner — Pathfinder-style negotiated-congestion + rip-up-and-reroute + iterated local search (C++17).,834,N/A,"Directed multicommodity flow LP relaxation, heuristic packing",N/A,N/A,N/A,N/A,N/A,Integer,1 (unit edge cost),"(1) Parse arcs/terms; (2) Pathfinder negotiated-congestion routing (Takahashi-Matsuyama tree per net + per-node pres/hist penalties); (3) Tree pruning of non-terminal leaves; (4) Rip-up-and-reroute polish on the residual graph; (5) Iterated local search (perturb K nets with tabu + re-polish; acceptance-walk that tolerates small worsening to cross ridges, with adaptive perturbation strength escalated on stall); (6) Multistart over 8 parameter combos (net-order × pres-init × pres-mult × hist-inc) padded with random restarts.",Stochastic,Classical,1,1,1,N/A,"AMD/Intel x86_64 single-threaded, g++ 13, -O3 -march=native",192.335,N/A,192.335,0,0,0,"nets=11 terminals=28; objective is edge count (all weights unit). Classical result: there is no quantum contribution to any objective value in this submission. No QPU, GPU, annealer or quantum simulator was used at any point; QPU runtime is 0 because there was no QPU in the loop."
stp_s050_l2_t3_h3_rs24098,4colors Research,4colors Research,2026-09-01,QOBLIB/solvers/steiner — Pathfinder-style negotiated-congestion + rip-up-and-reroute + iterated local search (C++17).,499,N/A,"Directed multicommodity flow LP relaxation, heuristic packing",N/A,N/A,N/A,N/A,N/A,Integer,1 (unit edge cost),"(1) Parse arcs/terms; (2) Pathfinder negotiated-congestion routing (Takahashi-Matsuyama tree per net + per-node pres/hist penalties); (3) Tree pruning of non-terminal leaves; (4) Rip-up-and-reroute polish on the residual graph; (5) Iterated local search (perturb K nets with tabu + re-polish; acceptance-walk that tolerates small worsening to cross ridges, with adaptive perturbation strength escalated on stall); (6) Multistart over 8 parameter combos (net-order × pres-init × pres-mult × hist-inc) padded with random restarts.",Stochastic,Classical,1,1,1,N/A,"AMD/Intel x86_64 single-threaded, g++ 13, -O3 -march=native",184.082,N/A,184.082,0,0,0,"nets=10 terminals=25; objective is edge count (all weights unit). Classical result: there is no quantum contribution to any objective value in this submission. No QPU, GPU, annealer or quantum simulator was used at any point; QPU runtime is 0 because there was no QPU in the loop."
stp_s050_l2_t4_h0_rs24098,4colors Research,4colors Research,2026-09-01,QOBLIB/solvers/steiner — Pathfinder-style negotiated-congestion + rip-up-and-reroute + iterated local search (C++17).,806,N/A,"Directed multicommodity flow LP relaxation, heuristic packing",N/A,N/A,N/A,N/A,N/A,Integer,1 (unit edge cost),"(1) Parse arcs/terms; (2) Pathfinder negotiated-congestion routing (Takahashi-Matsuyama tree per net + per-node pres/hist penalties); (3) Tree pruning of non-terminal leaves; (4) Rip-up-and-reroute polish on the residual graph; (5) Iterated local search (perturb K nets with tabu + re-polish; acceptance-walk that tolerates small worsening to cross ridges, with adaptive perturbation strength escalated on stall); (6) Multistart over 8 parameter combos (net-order × pres-init × pres-mult × hist-inc) padded with random restarts.",Stochastic,Classical,1,1,1,N/A,"AMD/Intel x86_64 single-threaded, g++ 13, -O3 -march=native",193.679,N/A,193.679,0,0,0,"nets=12 terminals=36; objective is edge count (all weights unit). Classical result: there is no quantum contribution to any objective value in this submission. No QPU, GPU, annealer or quantum simulator was used at any point; QPU runtime is 0 because there was no QPU in the loop."
stp_s050_l2_t4_h1_rs97531,4colors Research,4colors Research,2026-09-01,QOBLIB/solvers/steiner — Pathfinder-style negotiated-congestion + rip-up-and-reroute + iterated local search (C++17).,756,N/A,"Directed multicommodity flow LP relaxation, heuristic packing",N/A,N/A,N/A,N/A,N/A,Integer,1 (unit edge cost),"(1) Parse arcs/terms; (2) Pathfinder negotiated-congestion routing (Takahashi-Matsuyama tree per net + per-node pres/hist penalties); (3) Tree pruning of non-terminal leaves; (4) Rip-up-and-reroute polish on the residual graph; (5) Iterated local search (perturb K nets with tabu + re-polish; acceptance-walk that tolerates small worsening to cross ridges, with adaptive perturbation strength escalated on stall); (6) Multistart over 8 parameter combos (net-order × pres-init × pres-mult × hist-inc) padded with random restarts.",Stochastic,Classical,1,1,1,N/A,"AMD/Intel x86_64 single-threaded, g++ 13, -O3 -march=native",194.981,N/A,194.981,0,0,0,"nets=11 terminals=32; objective is edge count (all weights unit). Classical result: there is no quantum contribution to any objective value in this submission. No QPU, GPU, annealer or quantum simulator was used at any point; QPU runtime is 0 because there was no QPU in the loop."
stp_s050_l2_t4_h3_rs24098,4colors Research,4colors Research,2026-09-01,QOBLIB/solvers/steiner — Pathfinder-style negotiated-congestion + rip-up-and-reroute + iterated local search (C++17).,817,N/A,"Directed multicommodity flow LP relaxation, heuristic packing",N/A,N/A,N/A,N/A,N/A,Integer,1 (unit edge cost),"(1) Parse arcs/terms; (2) Pathfinder negotiated-congestion routing (Takahashi-Matsuyama tree per net + per-node pres/hist penalties); (3) Tree pruning of non-terminal leaves; (4) Rip-up-and-reroute polish on the residual graph; (5) Iterated local search (perturb K nets with tabu + re-polish; acceptance-walk that tolerates small worsening to cross ridges, with adaptive perturbation strength escalated on stall); (6) Multistart over 8 parameter combos (net-order × pres-init × pres-mult × hist-inc) padded with random restarts.",Stochastic,Classical,1,1,1,N/A,"AMD/Intel x86_64 single-threaded, g++ 13, -O3 -march=native",194.731,N/A,194.731,0,0,0,"nets=12 terminals=36; objective is edge count (all weights unit). Classical result: there is no quantum contribution to any objective value in this submission. No QPU, GPU, annealer or quantum simulator was used at any point; QPU runtime is 0 because there was no QPU in the loop."
stp_s050_l2_t5_h1_rs97531,4colors Research,4colors Research,2026-09-01,QOBLIB/solvers/steiner — Pathfinder-style negotiated-congestion + rip-up-and-reroute + iterated local search (C++17).,981,N/A,"Directed multicommodity flow LP relaxation, heuristic packing",N/A,N/A,N/A,N/A,N/A,Integer,1 (unit edge cost),"(1) Parse arcs/terms; (2) Pathfinder negotiated-congestion routing (Takahashi-Matsuyama tree per net + per-node pres/hist penalties); (3) Tree pruning of non-terminal leaves; (4) Rip-up-and-reroute polish on the residual graph; (5) Iterated local search (perturb K nets with tabu + re-polish; acceptance-walk that tolerates small worsening to cross ridges, with adaptive perturbation strength escalated on stall); (6) Multistart over 8 parameter combos (net-order × pres-init × pres-mult × hist-inc) padded with random restarts.",Stochastic,Classical,1,1,1,N/A,"AMD/Intel x86_64 single-threaded, g++ 13, -O3 -march=native",203.147,N/A,203.147,0,0,0,"nets=12 terminals=42; objective is edge count (all weights unit). Classical result: there is no quantum contribution to any objective value in this submission. No QPU, GPU, annealer or quantum simulator was used at any point; QPU runtime is 0 because there was no QPU in the loop."
stp_s050_l3_t3_h3_rs24098,4colors Research,4colors Research,2026-09-01,QOBLIB/solvers/steiner — Pathfinder-style negotiated-congestion + rip-up-and-reroute + iterated local search (C++17).,744,N/A,"Directed multicommodity flow LP relaxation, heuristic packing",N/A,N/A,N/A,N/A,N/A,Integer,1 (unit edge cost),"(1) Parse arcs/terms; (2) Pathfinder negotiated-congestion routing (Takahashi-Matsuyama tree per net + per-node pres/hist penalties); (3) Tree pruning of non-terminal leaves; (4) Rip-up-and-reroute polish on the residual graph; (5) Iterated local search (perturb K nets with tabu + re-polish; acceptance-walk that tolerates small worsening to cross ridges, with adaptive perturbation strength escalated on stall); (6) Multistart over 8 parameter combos (net-order × pres-init × pres-mult × hist-inc) padded with random restarts.",Stochastic,Classical,1,1,1,N/A,"AMD/Intel x86_64 single-threaded, g++ 13, -O3 -march=native",184.941,N/A,184.941,0,0,0,"nets=15 terminals=37; objective is edge count (all weights unit). Classical result: there is no quantum contribution to any objective value in this submission. No QPU, GPU, annealer or quantum simulator was used at any point; QPU runtime is 0 because there was no QPU in the loop."
stp_s050_l3_t4_h0_rs123,4colors Research,4colors Research,2026-09-01,QOBLIB/solvers/steiner — Pathfinder-style negotiated-congestion + rip-up-and-reroute + iterated local search (C++17).,690,N/A,"Directed multicommodity flow LP relaxation, heuristic packing",N/A,N/A,N/A,N/A,N/A,Integer,1 (unit edge cost),"(1) Parse arcs/terms; (2) Pathfinder negotiated-congestion routing (Takahashi-Matsuyama tree per net + per-node pres/hist penalties); (3) Tree pruning of non-terminal leaves; (4) Rip-up-and-reroute polish on the residual graph; (5) Iterated local search (perturb K nets with tabu + re-polish; acceptance-walk that tolerates small worsening to cross ridges, with adaptive perturbation strength escalated on stall); (6) Multistart over 8 parameter combos (net-order × pres-init × pres-mult × hist-inc) padded with random restarts.",Stochastic,Classical,1,1,1,N/A,"AMD/Intel x86_64 single-threaded, g++ 13, -O3 -march=native",192.941,N/A,192.941,0,0,0,"nets=12 terminals=40; objective is edge count (all weights unit). Classical result: there is no quantum contribution to any objective value in this submission. No QPU, GPU, annealer or quantum simulator was used at any point; QPU runtime is 0 because there was no QPU in the loop."
stp_s050_l3_t4_h0_rs24098,4colors Research,4colors Research,2026-09-01,QOBLIB/solvers/steiner — Pathfinder-style negotiated-congestion + rip-up-and-reroute + iterated local search (C++17).,1017,N/A,"Directed multicommodity flow LP relaxation, heuristic packing",N/A,N/A,N/A,N/A,N/A,Integer,1 (unit edge cost),"(1) Parse arcs/terms; (2) Pathfinder negotiated-congestion routing (Takahashi-Matsuyama tree per net + per-node pres/hist penalties); (3) Tree pruning of non-terminal leaves; (4) Rip-up-and-reroute polish on the residual graph; (5) Iterated local search (perturb K nets with tabu + re-polish; acceptance-walk that tolerates small worsening to cross ridges, with adaptive perturbation strength escalated on stall); (6) Multistart over 8 parameter combos (net-order × pres-init × pres-mult × hist-inc) padded with random restarts.",Stochastic,Classical,1,1,1,N/A,"AMD/Intel x86_64 single-threaded, g++ 13, -O3 -march=native",197.238,N/A,197.238,0,0,0,"nets=14 terminals=40; objective is edge count (all weights unit). Classical result: there is no quantum contribution to any objective value in this submission. No QPU, GPU, annealer or quantum simulator was used at any point; QPU runtime is 0 because there was no QPU in the loop."
stp_s050_l3_t4_h2_rs123,4colors Research,4colors Research,2026-09-01,QOBLIB/solvers/steiner — Pathfinder-style negotiated-congestion + rip-up-and-reroute + iterated local search (C++17).,621,N/A,"Directed multicommodity flow LP relaxation, heuristic packing",N/A,N/A,N/A,N/A,N/A,Integer,1 (unit edge cost),"(1) Parse arcs/terms; (2) Pathfinder negotiated-congestion routing (Takahashi-Matsuyama tree per net + per-node pres/hist penalties); (3) Tree pruning of non-terminal leaves; (4) Rip-up-and-reroute polish on the residual graph; (5) Iterated local search (perturb K nets with tabu + re-polish; acceptance-walk that tolerates small worsening to cross ridges, with adaptive perturbation strength escalated on stall); (6) Multistart over 8 parameter combos (net-order × pres-init × pres-mult × hist-inc) padded with random restarts.",Stochastic,Classical,1,1,1,N/A,"AMD/Intel x86_64 single-threaded, g++ 13, -O3 -march=native",189.444,N/A,189.444,0,0,0,"nets=10 terminals=30; objective is edge count (all weights unit). Classical result: there is no quantum contribution to any objective value in this submission. No QPU, GPU, annealer or quantum simulator was used at any point; QPU runtime is 0 because there was no QPU in the loop."
stp_s050_l3_t4_h2_rs24098,4colors Research,4colors Research,2026-09-01,QOBLIB/solvers/steiner — Pathfinder-style negotiated-congestion + rip-up-and-reroute + iterated local search (C++17).,715,N/A,"Directed multicommodity flow LP relaxation, heuristic packing",N/A,N/A,N/A,N/A,N/A,Integer,1 (unit edge cost),"(1) Parse arcs/terms; (2) Pathfinder negotiated-congestion routing (Takahashi-Matsuyama tree per net + per-node pres/hist penalties); (3) Tree pruning of non-terminal leaves; (4) Rip-up-and-reroute polish on the residual graph; (5) Iterated local search (perturb K nets with tabu + re-polish; acceptance-walk that tolerates small worsening to cross ridges, with adaptive perturbation strength escalated on stall); (6) Multistart over 8 parameter combos (net-order × pres-init × pres-mult × hist-inc) padded with random restarts.",Stochastic,Classical,1,1,1,N/A,"AMD/Intel x86_64 single-threaded, g++ 13, -O3 -march=native",188.508,N/A,188.508,0,0,0,"nets=10 terminals=33; objective is edge count (all weights unit). Classical result: there is no quantum contribution to any objective value in this submission. No QPU, GPU, annealer or quantum simulator was used at any point; QPU runtime is 0 because there was no QPU in the loop."
stp_s050_l3_t5_h1_rs97531,4colors Research,4colors Research,2026-09-01,QOBLIB/solvers/steiner — Pathfinder-style negotiated-congestion + rip-up-and-reroute + iterated local search (C++17).,928,N/A,"Directed multicommodity flow LP relaxation, heuristic packing",N/A,N/A,N/A,N/A,N/A,Integer,1 (unit edge cost),"(1) Parse arcs/terms; (2) Pathfinder negotiated-congestion routing (Takahashi-Matsuyama tree per net + per-node pres/hist penalties); (3) Tree pruning of non-terminal leaves; (4) Rip-up-and-reroute polish on the residual graph; (5) Iterated local search (perturb K nets with tabu + re-polish; acceptance-walk that tolerates small worsening to cross ridges, with adaptive perturbation strength escalated on stall); (6) Multistart over 8 parameter combos (net-order × pres-init × pres-mult × hist-inc) padded with random restarts.",Stochastic,Classical,1,1,1,N/A,"AMD/Intel x86_64 single-threaded, g++ 13, -O3 -march=native",197.191,N/A,197.191,0,0,0,"nets=12 terminals=42; objective is edge count (all weights unit). Classical result: there is no quantum contribution to any objective value in this submission. No QPU, GPU, annealer or quantum simulator was used at any point; QPU runtime is 0 because there was no QPU in the loop."
stp_s050_l3_t6_h2_rs97531,4colors Research,4colors Research,2026-09-01,QOBLIB/solvers/steiner — Pathfinder-style negotiated-congestion + rip-up-and-reroute + iterated local search (C++17).,343,N/A,"Directed multicommodity flow LP relaxation, heuristic packing",N/A,N/A,N/A,N/A,N/A,Integer,1 (unit edge cost),"(1) Parse arcs/terms; (2) Pathfinder negotiated-congestion routing (Takahashi-Matsuyama tree per net + per-node pres/hist penalties); (3) Tree pruning of non-terminal leaves; (4) Rip-up-and-reroute polish on the residual graph; (5) Iterated local search (perturb K nets with tabu + re-polish; acceptance-walk that tolerates small worsening to cross ridges, with adaptive perturbation strength escalated on stall); (6) Multistart over 8 parameter combos (net-order × pres-init × pres-mult × hist-inc) padded with random restarts.",Stochastic,Classical,1,1,1,N/A,"AMD/Intel x86_64 single-threaded, g++ 13, -O3 -march=native",0.000,N/A,0.000,0,0,0,"nets= terminals=; objective is edge count (all weights unit). Classical result: there is no quantum contribution to any objective value in this submission. No QPU, GPU, annealer or quantum simulator was used at any point; QPU runtime is 0 because there was no QPU in the loop."
stp_s050_l4_t4_h0_rs123,4colors Research,4colors Research,2026-09-01,QOBLIB/solvers/steiner — Pathfinder-style negotiated-congestion + rip-up-and-reroute + iterated local search (C++17).,1114,N/A,"Directed multicommodity flow LP relaxation, heuristic packing",N/A,N/A,N/A,N/A,N/A,Integer,1 (unit edge cost),"(1) Parse arcs/terms; (2) Pathfinder negotiated-congestion routing (Takahashi-Matsuyama tree per net + per-node pres/hist penalties); (3) Tree pruning of non-terminal leaves; (4) Rip-up-and-reroute polish on the residual graph; (5) Iterated local search (perturb K nets with tabu + re-polish; acceptance-walk that tolerates small worsening to cross ridges, with adaptive perturbation strength escalated on stall); (6) Multistart over 8 parameter combos (net-order × pres-init × pres-mult × hist-inc) padded with random restarts.",Stochastic,Classical,1,1,1,N/A,"AMD/Intel x86_64 single-threaded, g++ 13, -O3 -march=native",198.404,N/A,198.404,0,0,0,"nets=17 terminals=48; objective is edge count (all weights unit). Classical result: there is no quantum contribution to any objective value in this submission. No QPU, GPU, annealer or quantum simulator was used at any point; QPU runtime is 0 because there was no QPU in the loop."
stp_s050_l4_t4_h2_rs123,4colors Research,4colors Research,2026-09-01,QOBLIB/solvers/steiner — Pathfinder-style negotiated-congestion + rip-up-and-reroute + iterated local search (C++17).,562,N/A,"Directed multicommodity flow LP relaxation, heuristic packing",N/A,N/A,N/A,N/A,N/A,Integer,1 (unit edge cost),"(1) Parse arcs/terms; (2) Pathfinder negotiated-congestion routing (Takahashi-Matsuyama tree per net + per-node pres/hist penalties); (3) Tree pruning of non-terminal leaves; (4) Rip-up-and-reroute polish on the residual graph; (5) Iterated local search (perturb K nets with tabu + re-polish; acceptance-walk that tolerates small worsening to cross ridges, with adaptive perturbation strength escalated on stall); (6) Multistart over 8 parameter combos (net-order × pres-init × pres-mult × hist-inc) padded with random restarts.",Stochastic,Classical,1,1,1,N/A,"AMD/Intel x86_64 single-threaded, g++ 13, -O3 -march=native",146.963,N/A,146.963,0,0,0,"nets=11 terminals=29; objective is edge count (all weights unit). Classical result: there is no quantum contribution to any objective value in this submission. No QPU, GPU, annealer or quantum simulator was used at any point; QPU runtime is 0 because there was no QPU in the loop."
stp_s050_l4_t4_h2_rs24098,4colors Research,4colors Research,2026-09-01,QOBLIB/solvers/steiner — Pathfinder-style negotiated-congestion + rip-up-and-reroute + iterated local search (C++17).,676,N/A,"Directed multicommodity flow LP relaxation, heuristic packing",N/A,N/A,N/A,N/A,N/A,Integer,1 (unit edge cost),"(1) Parse arcs/terms; (2) Pathfinder negotiated-congestion routing (Takahashi-Matsuyama tree per net + per-node pres/hist penalties); (3) Tree pruning of non-terminal leaves; (4) Rip-up-and-reroute polish on the residual graph; (5) Iterated local search (perturb K nets with tabu + re-polish; acceptance-walk that tolerates small worsening to cross ridges, with adaptive perturbation strength escalated on stall); (6) Multistart over 8 parameter combos (net-order × pres-init × pres-mult × hist-inc) padded with random restarts.",Stochastic,Classical,1,1,1,N/A,"AMD/Intel x86_64 single-threaded, g++ 13, -O3 -march=native",0.000,N/A,0.000,0,0,0,"nets= terminals=; objective is edge count (all weights unit). Classical result: there is no quantum contribution to any objective value in this submission. No QPU, GPU, annealer or quantum simulator was used at any point; QPU runtime is 0 because there was no QPU in the loop."
stp_s050_l4_t5_h0_rs97531,4colors Research,4colors Research,2026-09-01,QOBLIB/solvers/steiner — Pathfinder-style negotiated-congestion + rip-up-and-reroute + iterated local search (C++17).,1088,N/A,"Directed multicommodity flow LP relaxation, heuristic packing",N/A,N/A,N/A,N/A,N/A,Integer,1 (unit edge cost),"(1) Parse arcs/terms; (2) Pathfinder negotiated-congestion routing (Takahashi-Matsuyama tree per net + per-node pres/hist penalties); (3) Tree pruning of non-terminal leaves; (4) Rip-up-and-reroute polish on the residual graph; (5) Iterated local search (perturb K nets with tabu + re-polish; acceptance-walk that tolerates small worsening to cross ridges, with adaptive perturbation strength escalated on stall); (6) Multistart over 8 parameter combos (net-order × pres-init × pres-mult × hist-inc) padded with random restarts.",Stochastic,Classical,1,1,1,N/A,"AMD/Intel x86_64 single-threaded, g++ 13, -O3 -march=native",200.497,N/A,200.497,0,0,0,"nets=15 terminals=46; objective is edge count (all weights unit). Classical result: there is no quantum contribution to any objective value in this submission. No QPU, GPU, annealer or quantum simulator was used at any point; QPU runtime is 0 because there was no QPU in the loop."
stp_s050_l5_t4_h0_rs97531,4colors Research,4colors Research,2026-09-01,QOBLIB/solvers/steiner — Pathfinder-style negotiated-congestion + rip-up-and-reroute + iterated local search (C++17).,675,N/A,"Directed multicommodity flow LP relaxation, heuristic packing",N/A,N/A,N/A,N/A,N/A,Integer,1 (unit edge cost),"(1) Parse arcs/terms; (2) Pathfinder negotiated-congestion routing (Takahashi-Matsuyama tree per net + per-node pres/hist penalties); (3) Tree pruning of non-terminal leaves; (4) Rip-up-and-reroute polish on the residual graph; (5) Iterated local search (perturb K nets with tabu + re-polish; acceptance-walk that tolerates small worsening to cross ridges, with adaptive perturbation strength escalated on stall); (6) Multistart over 8 parameter combos (net-order × pres-init × pres-mult × hist-inc) padded with random restarts.",Stochastic,Classical,1,1,1,N/A,"AMD/Intel x86_64 single-threaded, g++ 13, -O3 -march=native",200.389,N/A,200.389,0,0,0,"nets=10 terminals=29; objective is edge count (all weights unit). Classical result: there is no quantum contribution to any objective value in this submission. No QPU, GPU, annealer or quantum simulator was used at any point; QPU runtime is 0 because there was no QPU in the loop."
stp_s050_l5_t4_h2_rs97531,4colors Research,4colors Research,2026-09-01,QOBLIB/solvers/steiner — Pathfinder-style negotiated-congestion + rip-up-and-reroute + iterated local search (C++17).,786,N/A,"Directed multicommodity flow LP relaxation, heuristic packing",N/A,N/A,N/A,N/A,N/A,Integer,1 (unit edge cost),"(1) Parse arcs/terms; (2) Pathfinder negotiated-congestion routing (Takahashi-Matsuyama tree per net + per-node pres/hist penalties); (3) Tree pruning of non-terminal leaves; (4) Rip-up-and-reroute polish on the residual graph; (5) Iterated local search (perturb K nets with tabu + re-polish; acceptance-walk that tolerates small worsening to cross ridges, with adaptive perturbation strength escalated on stall); (6) Multistart over 8 parameter combos (net-order × pres-init × pres-mult × hist-inc) padded with random restarts.",Stochastic,Classical,1,1,1,N/A,"AMD/Intel x86_64 single-threaded, g++ 13, -O3 -march=native",188.384,N/A,188.384,0,0,0,"nets=13 terminals=36; objective is edge count (all weights unit). Classical result: there is no quantum contribution to any objective value in this submission. No QPU, GPU, annealer or quantum simulator was used at any point; QPU runtime is 0 because there was no QPU in the loop."
stp_s060_l2_t4_h0_rs24098,4colors Research,4colors Research,2026-09-01,QOBLIB/solvers/steiner — Pathfinder-style negotiated-congestion + rip-up-and-reroute + iterated local search (C++17).,1005,N/A,"Directed multicommodity flow LP relaxation, heuristic packing",N/A,N/A,N/A,N/A,N/A,Integer,1 (unit edge cost),"(1) Parse arcs/terms; (2) Pathfinder negotiated-congestion routing (Takahashi-Matsuyama tree per net + per-node pres/hist penalties); (3) Tree pruning of non-terminal leaves; (4) Rip-up-and-reroute polish on the residual graph; (5) Iterated local search (perturb K nets with tabu + re-polish; acceptance-walk that tolerates small worsening to cross ridges, with adaptive perturbation strength escalated on stall); (6) Multistart over 8 parameter combos (net-order × pres-init × pres-mult × hist-inc) padded with random restarts.",Stochastic,Classical,1,1,1,N/A,"AMD/Intel x86_64 single-threaded, g++ 13, -O3 -march=native",186.082,N/A,186.082,0,0,0,"nets=14 terminals=35; objective is edge count (all weights unit). Classical result: there is no quantum contribution to any objective value in this submission. No QPU, GPU, annealer or quantum simulator was used at any point; QPU runtime is 0 because there was no QPU in the loop."
stp_s060_l2_t4_h1_rs123,4colors Research,4colors Research,2026-09-01,QOBLIB/solvers/steiner — Pathfinder-style negotiated-congestion + rip-up-and-reroute + iterated local search (C++17).,1056,N/A,"Directed multicommodity flow LP relaxation, heuristic packing",N/A,N/A,N/A,N/A,N/A,Integer,1 (unit edge cost),"(1) Parse arcs/terms; (2) Pathfinder negotiated-congestion routing (Takahashi-Matsuyama tree per net + per-node pres/hist penalties); (3) Tree pruning of non-terminal leaves; (4) Rip-up-and-reroute polish on the residual graph; (5) Iterated local search (perturb K nets with tabu + re-polish; acceptance-walk that tolerates small worsening to cross ridges, with adaptive perturbation strength escalated on stall); (6) Multistart over 8 parameter combos (net-order × pres-init × pres-mult × hist-inc) padded with random restarts.",Stochastic,Classical,1,1,1,N/A,"AMD/Intel x86_64 single-threaded, g++ 13, -O3 -march=native",0.000,N/A,0.000,0,0,0,"nets= terminals=; objective is edge count (all weights unit). Classical result: there is no quantum contribution to any objective value in this submission. No QPU, GPU, annealer or quantum simulator was used at any point; QPU runtime is 0 because there was no QPU in the loop."
stp_s060_l2_t4_h1_rs24098,4colors Research,4colors Research,2026-09-01,QOBLIB/solvers/steiner — Pathfinder-style negotiated-congestion + rip-up-and-reroute + iterated local search (C++17).,1244,N/A,"Directed multicommodity flow LP relaxation, heuristic packing",N/A,N/A,N/A,N/A,N/A,Integer,1 (unit edge cost),"(1) Parse arcs/terms; (2) Pathfinder negotiated-congestion routing (Takahashi-Matsuyama tree per net + per-node pres/hist penalties); (3) Tree pruning of non-terminal leaves; (4) Rip-up-and-reroute polish on the residual graph; (5) Iterated local search (perturb K nets with tabu + re-polish; acceptance-walk that tolerates small worsening to cross ridges, with adaptive perturbation strength escalated on stall); (6) Multistart over 8 parameter combos (net-order × pres-init × pres-mult × hist-inc) padded with random restarts.",Stochastic,Classical,1,1,1,N/A,"AMD/Intel x86_64 single-threaded, g++ 13, -O3 -march=native",0.000,N/A,0.000,0,0,0,"nets= terminals=; objective is edge count (all weights unit). Classical result: there is no quantum contribution to any objective value in this submission. No QPU, GPU, annealer or quantum simulator was used at any point; QPU runtime is 0 because there was no QPU in the loop."
stp_s060_l2_t5_h1_rs24098,4colors Research,4colors Research,2026-09-01,QOBLIB/solvers/steiner — Pathfinder-style negotiated-congestion + rip-up-and-reroute + iterated local search (C++17).,1278,N/A,"Directed multicommodity flow LP relaxation, heuristic packing",N/A,N/A,N/A,N/A,N/A,Integer,1 (unit edge cost),"(1) Parse arcs/terms; (2) Pathfinder negotiated-congestion routing (Takahashi-Matsuyama tree per net + per-node pres/hist penalties); (3) Tree pruning of non-terminal leaves; (4) Rip-up-and-reroute polish on the residual graph; (5) Iterated local search (perturb K nets with tabu + re-polish; acceptance-walk that tolerates small worsening to cross ridges, with adaptive perturbation strength escalated on stall); (6) Multistart over 8 parameter combos (net-order × pres-init × pres-mult × hist-inc) padded with random restarts.",Stochastic,Classical,1,1,1,N/A,"AMD/Intel x86_64 single-threaded, g++ 13, -O3 -march=native",198.852,N/A,198.852,0,0,0,"nets=13 terminals=45; objective is edge count (all weights unit). Classical result: there is no quantum contribution to any objective value in this submission. No QPU, GPU, annealer or quantum simulator was used at any point; QPU runtime is 0 because there was no QPU in the loop."
stp_s060_l3_t3_h2_rs97531,4colors Research,4colors Research,2026-09-01,QOBLIB/solvers/steiner — Pathfinder-style negotiated-congestion + rip-up-and-reroute + iterated local search (C++17).,1132,N/A,"Directed multicommodity flow LP relaxation, heuristic packing",N/A,N/A,N/A,N/A,N/A,Integer,1 (unit edge cost),"(1) Parse arcs/terms; (2) Pathfinder negotiated-congestion routing (Takahashi-Matsuyama tree per net + per-node pres/hist penalties); (3) Tree pruning of non-terminal leaves; (4) Rip-up-and-reroute polish on the residual graph; (5) Iterated local search (perturb K nets with tabu + re-polish; acceptance-walk that tolerates small worsening to cross ridges, with adaptive perturbation strength escalated on stall); (6) Multistart over 8 parameter combos (net-order × pres-init × pres-mult × hist-inc) padded with random restarts.",Stochastic,Classical,1,1,1,N/A,"AMD/Intel x86_64 single-threaded, g++ 13, -O3 -march=native",193.244,N/A,193.244,0,0,0,"nets=14 terminals=41; objective is edge count (all weights unit). Classical result: there is no quantum contribution to any objective value in this submission. No QPU, GPU, annealer or quantum simulator was used at any point; QPU runtime is 0 because there was no QPU in the loop."
stp_s060_l3_t4_h0_rs123,4colors Research,4colors Research,2026-09-01,QOBLIB/solvers/steiner — Pathfinder-style negotiated-congestion + rip-up-and-reroute + iterated local search (C++17).,1763,N/A,"Directed multicommodity flow LP relaxation, heuristic packing",N/A,N/A,N/A,N/A,N/A,Integer,1 (unit edge cost),"(1) Parse arcs/terms; (2) Pathfinder negotiated-congestion routing (Takahashi-Matsuyama tree per net + per-node pres/hist penalties); (3) Tree pruning of non-terminal leaves; (4) Rip-up-and-reroute polish on the residual graph; (5) Iterated local search (perturb K nets with tabu + re-polish; acceptance-walk that tolerates small worsening to cross ridges, with adaptive perturbation strength escalated on stall); (6) Multistart over 8 parameter combos (net-order × pres-init × pres-mult × hist-inc) padded with random restarts.",Stochastic,Classical,1,1,1,N/A,"AMD/Intel x86_64 single-threaded, g++ 13, -O3 -march=native",217.946,N/A,217.946,0,0,0,"nets=22 terminals=63; objective is edge count (all weights unit). Classical result: there is no quantum contribution to any objective value in this submission. No QPU, GPU, annealer or quantum simulator was used at any point; QPU runtime is 0 because there was no QPU in the loop."
stp_s060_l3_t4_h1_rs123,4colors Research,4colors Research,2026-09-01,QOBLIB/solvers/steiner — Pathfinder-style negotiated-congestion + rip-up-and-reroute + iterated local search (C++17).,321,N/A,"Directed multicommodity flow LP relaxation, heuristic packing",N/A,N/A,N/A,N/A,N/A,Integer,1 (unit edge cost),"(1) Parse arcs/terms; (2) Pathfinder negotiated-congestion routing (Takahashi-Matsuyama tree per net + per-node pres/hist penalties); (3) Tree pruning of non-terminal leaves; (4) Rip-up-and-reroute polish on the residual graph; (5) Iterated local search (perturb K nets with tabu + re-polish; acceptance-walk that tolerates small worsening to cross ridges, with adaptive perturbation strength escalated on stall); (6) Multistart over 8 parameter combos (net-order × pres-init × pres-mult × hist-inc) padded with random restarts.",Stochastic,Classical,1,1,1,N/A,"AMD/Intel x86_64 single-threaded, g++ 13, -O3 -march=native",0.065,N/A,0.065,0,0,0,"nets=3 terminals=10; objective is edge count (all weights unit). Classical result: there is no quantum contribution to any objective value in this submission. No QPU, GPU, annealer or quantum simulator was used at any point; QPU runtime is 0 because there was no QPU in the loop."
stp_s060_l3_t4_h1_rs24098,4colors Research,4colors Research,2026-09-01,QOBLIB/solvers/steiner — Pathfinder-style negotiated-congestion + rip-up-and-reroute + iterated local search (C++17).,1355,N/A,"Directed multicommodity flow LP relaxation, heuristic packing",N/A,N/A,N/A,N/A,N/A,Integer,1 (unit edge cost),"(1) Parse arcs/terms; (2) Pathfinder negotiated-congestion routing (Takahashi-Matsuyama tree per net + per-node pres/hist penalties); (3) Tree pruning of non-terminal leaves; (4) Rip-up-and-reroute polish on the residual graph; (5) Iterated local search (perturb K nets with tabu + re-polish; acceptance-walk that tolerates small worsening to cross ridges, with adaptive perturbation strength escalated on stall); (6) Multistart over 8 parameter combos (net-order × pres-init × pres-mult × hist-inc) padded with random restarts.",Stochastic,Classical,1,1,1,N/A,"AMD/Intel x86_64 single-threaded, g++ 13, -O3 -march=native",214.157,N/A,214.157,0,0,0,"nets=15 terminals=50; objective is edge count (all weights unit). Classical result: there is no quantum contribution to any objective value in this submission. No QPU, GPU, annealer or quantum simulator was used at any point; QPU runtime is 0 because there was no QPU in the loop."
stp_s060_l3_t4_h2_rs123,4colors Research,4colors Research,2026-09-01,QOBLIB/solvers/steiner — Pathfinder-style negotiated-congestion + rip-up-and-reroute + iterated local search (C++17).,957,N/A,"Directed multicommodity flow LP relaxation, heuristic packing",N/A,N/A,N/A,N/A,N/A,Integer,1 (unit edge cost),"(1) Parse arcs/terms; (2) Pathfinder negotiated-congestion routing (Takahashi-Matsuyama tree per net + per-node pres/hist penalties); (3) Tree pruning of non-terminal leaves; (4) Rip-up-and-reroute polish on the residual graph; (5) Iterated local search (perturb K nets with tabu + re-polish; acceptance-walk that tolerates small worsening to cross ridges, with adaptive perturbation strength escalated on stall); (6) Multistart over 8 parameter combos (net-order × pres-init × pres-mult × hist-inc) padded with random restarts.",Stochastic,Classical,1,1,1,N/A,"AMD/Intel x86_64 single-threaded, g++ 13, -O3 -march=native",189.584,N/A,189.584,0,0,0,"nets=13 terminals=39; objective is edge count (all weights unit). Classical result: there is no quantum contribution to any objective value in this submission. No QPU, GPU, annealer or quantum simulator was used at any point; QPU runtime is 0 because there was no QPU in the loop."
stp_s060_l3_t4_h2_rs97531,4colors Research,4colors Research,2026-09-01,QOBLIB/solvers/steiner — Pathfinder-style negotiated-congestion + rip-up-and-reroute + iterated local search (C++17).,784,N/A,"Directed multicommodity flow LP relaxation, heuristic packing",N/A,N/A,N/A,N/A,N/A,Integer,1 (unit edge cost),"(1) Parse arcs/terms; (2) Pathfinder negotiated-congestion routing (Takahashi-Matsuyama tree per net + per-node pres/hist penalties); (3) Tree pruning of non-terminal leaves; (4) Rip-up-and-reroute polish on the residual graph; (5) Iterated local search (perturb K nets with tabu + re-polish; acceptance-walk that tolerates small worsening to cross ridges, with adaptive perturbation strength escalated on stall); (6) Multistart over 8 parameter combos (net-order × pres-init × pres-mult × hist-inc) padded with random restarts.",Stochastic,Classical,1,1,1,N/A,"AMD/Intel x86_64 single-threaded, g++ 13, -O3 -march=native",0.000,N/A,0.000,0,0,0,"nets= terminals=; objective is edge count (all weights unit). Classical result: there is no quantum contribution to any objective value in this submission. No QPU, GPU, annealer or quantum simulator was used at any point; QPU runtime is 0 because there was no QPU in the loop."
stp_s060_l3_t5_h0_rs24098,4colors Research,4colors Research,2026-09-01,QOBLIB/solvers/steiner — Pathfinder-style negotiated-congestion + rip-up-and-reroute + iterated local search (C++17).,1373,N/A,"Directed multicommodity flow LP relaxation, heuristic packing",N/A,N/A,N/A,N/A,N/A,Integer,1 (unit edge cost),"(1) Parse arcs/terms; (2) Pathfinder negotiated-congestion routing (Takahashi-Matsuyama tree per net + per-node pres/hist penalties); (3) Tree pruning of non-terminal leaves; (4) Rip-up-and-reroute polish on the residual graph; (5) Iterated local search (perturb K nets with tabu + re-polish; acceptance-walk that tolerates small worsening to cross ridges, with adaptive perturbation strength escalated on stall); (6) Multistart over 8 parameter combos (net-order × pres-init × pres-mult × hist-inc) padded with random restarts.",Stochastic,Classical,1,1,1,N/A,"AMD/Intel x86_64 single-threaded, g++ 13, -O3 -march=native",230.473,N/A,230.473,0,0,0,"nets=19 terminals=55; objective is edge count (all weights unit). Classical result: there is no quantum contribution to any objective value in this submission. No QPU, GPU, annealer or quantum simulator was used at any point; QPU runtime is 0 because there was no QPU in the loop."
stp_s060_l3_t5_h0_rs97531,4colors Research,4colors Research,2026-09-01,QOBLIB/solvers/steiner — Pathfinder-style negotiated-congestion + rip-up-and-reroute + iterated local search (C++17).,849,N/A,"Directed multicommodity flow LP relaxation, heuristic packing",N/A,N/A,N/A,N/A,N/A,Integer,1 (unit edge cost),"(1) Parse arcs/terms; (2) Pathfinder negotiated-congestion routing (Takahashi-Matsuyama tree per net + per-node pres/hist penalties); (3) Tree pruning of non-terminal leaves; (4) Rip-up-and-reroute polish on the residual graph; (5) Iterated local search (perturb K nets with tabu + re-polish; acceptance-walk that tolerates small worsening to cross ridges, with adaptive perturbation strength escalated on stall); (6) Multistart over 8 parameter combos (net-order × pres-init × pres-mult × hist-inc) padded with random restarts.",Stochastic,Classical,1,1,1,N/A,"AMD/Intel x86_64 single-threaded, g++ 13, -O3 -march=native",153.309,N/A,153.309,0,0,0,"nets=12 terminals=37; objective is edge count (all weights unit). Classical result: there is no quantum contribution to any objective value in this submission. No QPU, GPU, annealer or quantum simulator was used at any point; QPU runtime is 0 because there was no QPU in the loop."
stp_s060_l3_t5_h1_rs24098,4colors Research,4colors Research,2026-09-01,QOBLIB/solvers/steiner — Pathfinder-style negotiated-congestion + rip-up-and-reroute + iterated local search (C++17).,1041,N/A,"Directed multicommodity flow LP relaxation, heuristic packing",N/A,N/A,N/A,N/A,N/A,Integer,1 (unit edge cost),"(1) Parse arcs/terms; (2) Pathfinder negotiated-congestion routing (Takahashi-Matsuyama tree per net + per-node pres/hist penalties); (3) Tree pruning of non-terminal leaves; (4) Rip-up-and-reroute polish on the residual graph; (5) Iterated local search (perturb K nets with tabu + re-polish; acceptance-walk that tolerates small worsening to cross ridges, with adaptive perturbation strength escalated on stall); (6) Multistart over 8 parameter combos (net-order × pres-init × pres-mult × hist-inc) padded with random restarts.",Stochastic,Classical,1,1,1,N/A,"AMD/Intel x86_64 single-threaded, g++ 13, -O3 -march=native",198.749,N/A,198.749,0,0,0,"nets=10 terminals=35; objective is edge count (all weights unit). Classical result: there is no quantum contribution to any objective value in this submission. No QPU, GPU, annealer or quantum simulator was used at any point; QPU runtime is 0 because there was no QPU in the loop."
stp_s060_l3_t5_h2_rs24098,4colors Research,4colors Research,2026-09-01,QOBLIB/solvers/steiner — Pathfinder-style negotiated-congestion + rip-up-and-reroute + iterated local search (C++17).,1475,N/A,"Directed multicommodity flow LP relaxation, heuristic packing",N/A,N/A,N/A,N/A,N/A,Integer,1 (unit edge cost),"(1) Parse arcs/terms; (2) Pathfinder negotiated-congestion routing (Takahashi-Matsuyama tree per net + per-node pres/hist penalties); (3) Tree pruning of non-terminal leaves; (4) Rip-up-and-reroute polish on the residual graph; (5) Iterated local search (perturb K nets with tabu + re-polish; acceptance-walk that tolerates small worsening to cross ridges, with adaptive perturbation strength escalated on stall); (6) Multistart over 8 parameter combos (net-order × pres-init × pres-mult × hist-inc) padded with random restarts.",Stochastic,Classical,1,1,1,N/A,"AMD/Intel x86_64 single-threaded, g++ 13, -O3 -march=native",219.244,N/A,219.244,0,0,0,"nets=17 terminals=54; objective is edge count (all weights unit). Classical result: there is no quantum contribution to any objective value in this submission. No QPU, GPU, annealer or quantum simulator was used at any point; QPU runtime is 0 because there was no QPU in the loop."
stp_s060_l3_t5_h2_rs97531,4colors Research,4colors Research,2026-09-01,QOBLIB/solvers/steiner — Pathfinder-style negotiated-congestion + rip-up-and-reroute + iterated local search (C++17).,1037,N/A,"Directed multicommodity flow LP relaxation, heuristic packing",N/A,N/A,N/A,N/A,N/A,Integer,1 (unit edge cost),"(1) Parse arcs/terms; (2) Pathfinder negotiated-congestion routing (Takahashi-Matsuyama tree per net + per-node pres/hist penalties); (3) Tree pruning of non-terminal leaves; (4) Rip-up-and-reroute polish on the residual graph; (5) Iterated local search (perturb K nets with tabu + re-polish; acceptance-walk that tolerates small worsening to cross ridges, with adaptive perturbation strength escalated on stall); (6) Multistart over 8 parameter combos (net-order × pres-init × pres-mult × hist-inc) padded with random restarts.",Stochastic,Classical,1,1,1,N/A,"AMD/Intel x86_64 single-threaded, g++ 13, -O3 -march=native",0.000,N/A,0.000,0,0,0,"nets= terminals=; objective is edge count (all weights unit). Classical result: there is no quantum contribution to any objective value in this submission. No QPU, GPU, annealer or quantum simulator was used at any point; QPU runtime is 0 because there was no QPU in the loop."
stp_s060_l3_t6_h2_rs24098,4colors Research,4colors Research,2026-09-01,QOBLIB/solvers/steiner — Pathfinder-style negotiated-congestion + rip-up-and-reroute + iterated local search (C++17).,1186,N/A,"Directed multicommodity flow LP relaxation, heuristic packing",N/A,N/A,N/A,N/A,N/A,Integer,1 (unit edge cost),"(1) Parse arcs/terms; (2) Pathfinder negotiated-congestion routing (Takahashi-Matsuyama tree per net + per-node pres/hist penalties); (3) Tree pruning of non-terminal leaves; (4) Rip-up-and-reroute polish on the residual graph; (5) Iterated local search (perturb K nets with tabu + re-polish; acceptance-walk that tolerates small worsening to cross ridges, with adaptive perturbation strength escalated on stall); (6) Multistart over 8 parameter combos (net-order × pres-init × pres-mult × hist-inc) padded with random restarts.",Stochastic,Classical,1,1,1,N/A,"AMD/Intel x86_64 single-threaded, g++ 13, -O3 -march=native",195.176,N/A,195.176,0,0,0,"nets=11 terminals=49; objective is edge count (all weights unit). Classical result: there is no quantum contribution to any objective value in this submission. No QPU, GPU, annealer or quantum simulator was used at any point; QPU runtime is 0 because there was no QPU in the loop."
stp_s060_l4_t3_h0_rs24098,4colors Research,4colors Research,2026-09-01,QOBLIB/solvers/steiner — Pathfinder-style negotiated-congestion + rip-up-and-reroute + iterated local search (C++17).,629,N/A,"Directed multicommodity flow LP relaxation, heuristic packing",N/A,N/A,N/A,N/A,N/A,Integer,1 (unit edge cost),"(1) Parse arcs/terms; (2) Pathfinder negotiated-congestion routing (Takahashi-Matsuyama tree per net + per-node pres/hist penalties); (3) Tree pruning of non-terminal leaves; (4) Rip-up-and-reroute polish on the residual graph; (5) Iterated local search (perturb K nets with tabu + re-polish; acceptance-walk that tolerates small worsening to cross ridges, with adaptive perturbation strength escalated on stall); (6) Multistart over 8 parameter combos (net-order × pres-init × pres-mult × hist-inc) padded with random restarts.",Stochastic,Classical,1,1,1,N/A,"AMD/Intel x86_64 single-threaded, g++ 13, -O3 -march=native",181.903,N/A,181.903,0,0,0,"nets=16 terminals=35; objective is edge count (all weights unit). Classical result: there is no quantum contribution to any objective value in this submission. No QPU, GPU, annealer or quantum simulator was used at any point; QPU runtime is 0 because there was no QPU in the loop."
stp_s060_l4_t3_h1_rs97531,4colors Research,4colors Research,2026-09-01,QOBLIB/solvers/steiner — Pathfinder-style negotiated-congestion + rip-up-and-reroute + iterated local search (C++17).,801,N/A,"Directed multicommodity flow LP relaxation, heuristic packing",N/A,N/A,N/A,N/A,N/A,Integer,1 (unit edge cost),"(1) Parse arcs/terms; (2) Pathfinder negotiated-congestion routing (Takahashi-Matsuyama tree per net + per-node pres/hist penalties); (3) Tree pruning of non-terminal leaves; (4) Rip-up-and-reroute polish on the residual graph; (5) Iterated local search (perturb K nets with tabu + re-polish; acceptance-walk that tolerates small worsening to cross ridges, with adaptive perturbation strength escalated on stall); (6) Multistart over 8 parameter combos (net-order × pres-init × pres-mult × hist-inc) padded with random restarts.",Stochastic,Classical,1,1,1,N/A,"AMD/Intel x86_64 single-threaded, g++ 13, -O3 -march=native",10.396,N/A,10.396,0,0,0,"nets=10 terminals=27; objective is edge count (all weights unit). Classical result: there is no quantum contribution to any objective value in this submission. No QPU, GPU, annealer or quantum simulator was used at any point; QPU runtime is 0 because there was no QPU in the loop."
stp_s060_l4_t3_h2_rs24098,4colors Research,4colors Research,2026-09-01,QOBLIB/solvers/steiner — Pathfinder-style negotiated-congestion + rip-up-and-reroute + iterated local search (C++17).,1962,N/A,"Directed multicommodity flow LP relaxation, heuristic packing",N/A,N/A,N/A,N/A,N/A,Integer,1 (unit edge cost),"(1) Parse arcs/terms; (2) Pathfinder negotiated-congestion routing (Takahashi-Matsuyama tree per net + per-node pres/hist penalties); (3) Tree pruning of non-terminal leaves; (4) Rip-up-and-reroute polish on the residual graph; (5) Iterated local search (perturb K nets with tabu + re-polish; acceptance-walk that tolerates small worsening to cross ridges, with adaptive perturbation strength escalated on stall); (6) Multistart over 8 parameter combos (net-order × pres-init × pres-mult × hist-inc) padded with random restarts.",Stochastic,Classical,1,1,1,N/A,"AMD/Intel x86_64 single-threaded, g++ 13, -O3 -march=native",216.131,N/A,216.131,0,0,0,"nets=30 terminals=76; objective is edge count (all weights unit). Classical result: there is no quantum contribution to any objective value in this submission. No QPU, GPU, annealer or quantum simulator was used at any point; QPU runtime is 0 because there was no QPU in the loop."
stp_s060_l4_t4_h0_rs123,4colors Research,4colors Research,2026-09-01,QOBLIB/solvers/steiner — Pathfinder-style negotiated-congestion + rip-up-and-reroute + iterated local search (C++17).,709,N/A,"Directed multicommodity flow LP relaxation, heuristic packing",N/A,N/A,N/A,N/A,N/A,Integer,1 (unit edge cost),"(1) Parse arcs/terms; (2) Pathfinder negotiated-congestion routing (Takahashi-Matsuyama tree per net + per-node pres/hist penalties); (3) Tree pruning of non-terminal leaves; (4) Rip-up-and-reroute polish on the residual graph; (5) Iterated local search (perturb K nets with tabu + re-polish; acceptance-walk that tolerates small worsening to cross ridges, with adaptive perturbation strength escalated on stall); (6) Multistart over 8 parameter combos (net-order × pres-init × pres-mult × hist-inc) padded with random restarts.",Stochastic,Classical,1,1,1,N/A,"AMD/Intel x86_64 single-threaded, g++ 13, -O3 -march=native",0.152,N/A,0.152,0,0,0,"nets=13 terminals=28; objective is edge count (all weights unit). Classical result: there is no quantum contribution to any objective value in this submission. No QPU, GPU, annealer or quantum simulator was used at any point; QPU runtime is 0 because there was no QPU in the loop."
stp_s060_l4_t4_h0_rs24098,4colors Research,4colors Research,2026-09-01,QOBLIB/solvers/steiner — Pathfinder-style negotiated-congestion + rip-up-and-reroute + iterated local search (C++17).,930,N/A,"Directed multicommodity flow LP relaxation, heuristic packing",N/A,N/A,N/A,N/A,N/A,Integer,1 (unit edge cost),"(1) Parse arcs/terms; (2) Pathfinder negotiated-congestion routing (Takahashi-Matsuyama tree per net + per-node pres/hist penalties); (3) Tree pruning of non-terminal leaves; (4) Rip-up-and-reroute polish on the residual graph; (5) Iterated local search (perturb K nets with tabu + re-polish; acceptance-walk that tolerates small worsening to cross ridges, with adaptive perturbation strength escalated on stall); (6) Multistart over 8 parameter combos (net-order × pres-init × pres-mult × hist-inc) padded with random restarts.",Stochastic,Classical,1,1,1,N/A,"AMD/Intel x86_64 single-threaded, g++ 13, -O3 -march=native",186.605,N/A,186.605,0,0,0,"nets=12 terminals=31; objective is edge count (all weights unit). Classical result: there is no quantum contribution to any objective value in this submission. No QPU, GPU, annealer or quantum simulator was used at any point; QPU runtime is 0 because there was no QPU in the loop."
stp_s060_l4_t4_h1_rs123,4colors Research,4colors Research,2026-09-01,QOBLIB/solvers/steiner — Pathfinder-style negotiated-congestion + rip-up-and-reroute + iterated local search (C++17).,595,N/A,"Directed multicommodity flow LP relaxation, heuristic packing",N/A,N/A,N/A,N/A,N/A,Integer,1 (unit edge cost),"(1) Parse arcs/terms; (2) Pathfinder negotiated-congestion routing (Takahashi-Matsuyama tree per net + per-node pres/hist penalties); (3) Tree pruning of non-terminal leaves; (4) Rip-up-and-reroute polish on the residual graph; (5) Iterated local search (perturb K nets with tabu + re-polish; acceptance-walk that tolerates small worsening to cross ridges, with adaptive perturbation strength escalated on stall); (6) Multistart over 8 parameter combos (net-order × pres-init × pres-mult × hist-inc) padded with random restarts.",Stochastic,Classical,1,1,1,N/A,"AMD/Intel x86_64 single-threaded, g++ 13, -O3 -march=native",0.102,N/A,0.102,0,0,0,"nets=11 terminals=24; objective is edge count (all weights unit). Classical result: there is no quantum contribution to any objective value in this submission. No QPU, GPU, annealer or quantum simulator was used at any point; QPU runtime is 0 because there was no QPU in the loop."
stp_s060_l4_t4_h1_rs24098,4colors Research,4colors Research,2026-09-01,QOBLIB/solvers/steiner — Pathfinder-style negotiated-congestion + rip-up-and-reroute + iterated local search (C++17).,960,N/A,"Directed multicommodity flow LP relaxation, heuristic packing",N/A,N/A,N/A,N/A,N/A,Integer,1 (unit edge cost),"(1) Parse arcs/terms; (2) Pathfinder negotiated-congestion routing (Takahashi-Matsuyama tree per net + per-node pres/hist penalties); (3) Tree pruning of non-terminal leaves; (4) Rip-up-and-reroute polish on the residual graph; (5) Iterated local search (perturb K nets with tabu + re-polish; acceptance-walk that tolerates small worsening to cross ridges, with adaptive perturbation strength escalated on stall); (6) Multistart over 8 parameter combos (net-order × pres-init × pres-mult × hist-inc) padded with random restarts.",Stochastic,Classical,1,1,1,N/A,"AMD/Intel x86_64 single-threaded, g++ 13, -O3 -march=native",191.864,N/A,191.864,0,0,0,"nets=11 terminals=33; objective is edge count (all weights unit). Classical result: there is no quantum contribution to any objective value in this submission. No QPU, GPU, annealer or quantum simulator was used at any point; QPU runtime is 0 because there was no QPU in the loop."
stp_s060_l4_t5_h1_rs24098,4colors Research,4colors Research,2026-09-01,QOBLIB/solvers/steiner — Pathfinder-style negotiated-congestion + rip-up-and-reroute + iterated local search (C++17).,1777,N/A,"Directed multicommodity flow LP relaxation, heuristic packing",N/A,N/A,N/A,N/A,N/A,Integer,1 (unit edge cost),"(1) Parse arcs/terms; (2) Pathfinder negotiated-congestion routing (Takahashi-Matsuyama tree per net + per-node pres/hist penalties); (3) Tree pruning of non-terminal leaves; (4) Rip-up-and-reroute polish on the residual graph; (5) Iterated local search (perturb K nets with tabu + re-polish; acceptance-walk that tolerates small worsening to cross ridges, with adaptive perturbation strength escalated on stall); (6) Multistart over 8 parameter combos (net-order × pres-init × pres-mult × hist-inc) padded with random restarts.",Stochastic,Classical,1,1,1,N/A,"AMD/Intel x86_64 single-threaded, g++ 13, -O3 -march=native",181.972,N/A,181.972,0,0,0,"nets=22 terminals=65; objective is edge count (all weights unit). Classical result: there is no quantum contribution to any objective value in this submission. No QPU, GPU, annealer or quantum simulator was used at any point; QPU runtime is 0 because there was no QPU in the loop."
stp_s060_l5_t3_h0_rs97531,4colors Research,4colors Research,2026-09-01,QOBLIB/solvers/steiner — Pathfinder-style negotiated-congestion + rip-up-and-reroute + iterated local search (C++17).,291,N/A,"Directed multicommodity flow LP relaxation, heuristic packing",N/A,N/A,N/A,N/A,N/A,Integer,1 (unit edge cost),"(1) Parse arcs/terms; (2) Pathfinder negotiated-congestion routing (Takahashi-Matsuyama tree per net + per-node pres/hist penalties); (3) Tree pruning of non-terminal leaves; (4) Rip-up-and-reroute polish on the residual graph; (5) Iterated local search (perturb K nets with tabu + re-polish; acceptance-walk that tolerates small worsening to cross ridges, with adaptive perturbation strength escalated on stall); (6) Multistart over 8 parameter combos (net-order × pres-init × pres-mult × hist-inc) padded with random restarts.",Stochastic,Classical,1,1,1,N/A,"AMD/Intel x86_64 single-threaded, g++ 13, -O3 -march=native",11.670,N/A,11.670,0,0,0,"nets=4 terminals=12; objective is edge count (all weights unit). Classical result: there is no quantum contribution to any objective value in this submission. No QPU, GPU, annealer or quantum simulator was used at any point; QPU runtime is 0 because there was no QPU in the loop."
stp_s060_l5_t3_h1_rs97531,4colors Research,4colors Research,2026-09-01,QOBLIB/solvers/steiner — Pathfinder-style negotiated-congestion + rip-up-and-reroute + iterated local search (C++17).,715,N/A,"Directed multicommodity flow LP relaxation, heuristic packing",N/A,N/A,N/A,N/A,N/A,Integer,1 (unit edge cost),"(1) Parse arcs/terms; (2) Pathfinder negotiated-congestion routing (Takahashi-Matsuyama tree per net + per-node pres/hist penalties); (3) Tree pruning of non-terminal leaves; (4) Rip-up-and-reroute polish on the residual graph; (5) Iterated local search (perturb K nets with tabu + re-polish; acceptance-walk that tolerates small worsening to cross ridges, with adaptive perturbation strength escalated on stall); (6) Multistart over 8 parameter combos (net-order × pres-init × pres-mult × hist-inc) padded with random restarts.",Stochastic,Classical,1,1,1,N/A,"AMD/Intel x86_64 single-threaded, g++ 13, -O3 -march=native",25.332,N/A,25.332,0,0,0,"nets=10 terminals=28; objective is edge count (all weights unit). Classical result: there is no quantum contribution to any objective value in this submission. No QPU, GPU, annealer or quantum simulator was used at any point; QPU runtime is 0 because there was no QPU in the loop."
stp_s060_l5_t4_h0_rs123,4colors Research,4colors Research,2026-09-01,QOBLIB/solvers/steiner — Pathfinder-style negotiated-congestion + rip-up-and-reroute + iterated local search (C++17).,663,N/A,"Directed multicommodity flow LP relaxation, heuristic packing",N/A,N/A,N/A,N/A,N/A,Integer,1 (unit edge cost),"(1) Parse arcs/terms; (2) Pathfinder negotiated-congestion routing (Takahashi-Matsuyama tree per net + per-node pres/hist penalties); (3) Tree pruning of non-terminal leaves; (4) Rip-up-and-reroute polish on the residual graph; (5) Iterated local search (perturb K nets with tabu + re-polish; acceptance-walk that tolerates small worsening to cross ridges, with adaptive perturbation strength escalated on stall); (6) Multistart over 8 parameter combos (net-order × pres-init × pres-mult × hist-inc) padded with random restarts.",Stochastic,Classical,1,1,1,N/A,"AMD/Intel x86_64 single-threaded, g++ 13, -O3 -march=native",0.155,N/A,0.155,0,0,0,"nets=12 terminals=26; objective is edge count (all weights unit). Classical result: there is no quantum contribution to any objective value in this submission. No QPU, GPU, annealer or quantum simulator was used at any point; QPU runtime is 0 because there was no QPU in the loop."
stp_s060_l5_t4_h1_rs123,4colors Research,4colors Research,2026-09-01,QOBLIB/solvers/steiner — Pathfinder-style negotiated-congestion + rip-up-and-reroute + iterated local search (C++17).,595,N/A,"Directed multicommodity flow LP relaxation, heuristic packing",N/A,N/A,N/A,N/A,N/A,Integer,1 (unit edge cost),"(1) Parse arcs/terms; (2) Pathfinder negotiated-congestion routing (Takahashi-Matsuyama tree per net + per-node pres/hist penalties); (3) Tree pruning of non-terminal leaves; (4) Rip-up-and-reroute polish on the residual graph; (5) Iterated local search (perturb K nets with tabu + re-polish; acceptance-walk that tolerates small worsening to cross ridges, with adaptive perturbation strength escalated on stall); (6) Multistart over 8 parameter combos (net-order × pres-init × pres-mult × hist-inc) padded with random restarts.",Stochastic,Classical,1,1,1,N/A,"AMD/Intel x86_64 single-threaded, g++ 13, -O3 -march=native",0.157,N/A,0.157,0,0,0,"nets=11 terminals=24; objective is edge count (all weights unit). Classical result: there is no quantum contribution to any objective value in this submission. No QPU, GPU, annealer or quantum simulator was used at any point; QPU runtime is 0 because there was no QPU in the loop."
stp_s060_l5_t4_h1_rs24098,4colors Research,4colors Research,2026-09-01,QOBLIB/solvers/steiner — Pathfinder-style negotiated-congestion + rip-up-and-reroute + iterated local search (C++17).,836,N/A,"Directed multicommodity flow LP relaxation, heuristic packing",N/A,N/A,N/A,N/A,N/A,Integer,1 (unit edge cost),"(1) Parse arcs/terms; (2) Pathfinder negotiated-congestion routing (Takahashi-Matsuyama tree per net + per-node pres/hist penalties); (3) Tree pruning of non-terminal leaves; (4) Rip-up-and-reroute polish on the residual graph; (5) Iterated local search (perturb K nets with tabu + re-polish; acceptance-walk that tolerates small worsening to cross ridges, with adaptive perturbation strength escalated on stall); (6) Multistart over 8 parameter combos (net-order × pres-init × pres-mult × hist-inc) padded with random restarts.",Stochastic,Classical,1,1,1,N/A,"AMD/Intel x86_64 single-threaded, g++ 13, -O3 -march=native",188.598,N/A,188.598,0,0,0,"nets=10 terminals=31; objective is edge count (all weights unit). Classical result: there is no quantum contribution to any objective value in this submission. No QPU, GPU, annealer or quantum simulator was used at any point; QPU runtime is 0 because there was no QPU in the loop."
stp_s060_l5_t5_h0_rs24098,4colors Research,4colors Research,2026-09-01,QOBLIB/solvers/steiner — Pathfinder-style negotiated-congestion + rip-up-and-reroute + iterated local search (C++17).,1389,N/A,"Directed multicommodity flow LP relaxation, heuristic packing",N/A,N/A,N/A,N/A,N/A,Integer,1 (unit edge cost),"(1) Parse arcs/terms; (2) Pathfinder negotiated-congestion routing (Takahashi-Matsuyama tree per net + per-node pres/hist penalties); (3) Tree pruning of non-terminal leaves; (4) Rip-up-and-reroute polish on the residual graph; (5) Iterated local search (perturb K nets with tabu + re-polish; acceptance-walk that tolerates small worsening to cross ridges, with adaptive perturbation strength escalated on stall); (6) Multistart over 8 parameter combos (net-order × pres-init × pres-mult × hist-inc) padded with random restarts.",Stochastic,Classical,1,1,1,N/A,"AMD/Intel x86_64 single-threaded, g++ 13, -O3 -march=native",210.050,N/A,210.050,0,0,0,"nets=16 terminals=48; objective is edge count (all weights unit). Classical result: there is no quantum contribution to any objective value in this submission. No QPU, GPU, annealer or quantum simulator was used at any point; QPU runtime is 0 because there was no QPU in the loop."
stp_s060_l5_t5_h1_rs24098,4colors Research,4colors Research,2026-09-01,QOBLIB/solvers/steiner — Pathfinder-style negotiated-congestion + rip-up-and-reroute + iterated local search (C++17).,1231,N/A,"Directed multicommodity flow LP relaxation, heuristic packing",N/A,N/A,N/A,N/A,N/A,Integer,1 (unit edge cost),"(1) Parse arcs/terms; (2) Pathfinder negotiated-congestion routing (Takahashi-Matsuyama tree per net + per-node pres/hist penalties); (3) Tree pruning of non-terminal leaves; (4) Rip-up-and-reroute polish on the residual graph; (5) Iterated local search (perturb K nets with tabu + re-polish; acceptance-walk that tolerates small worsening to cross ridges, with adaptive perturbation strength escalated on stall); (6) Multistart over 8 parameter combos (net-order × pres-init × pres-mult × hist-inc) padded with random restarts.",Stochastic,Classical,1,1,1,N/A,"AMD/Intel x86_64 single-threaded, g++ 13, -O3 -march=native",194.651,N/A,194.651,0,0,0,"nets=11 terminals=45; objective is edge count (all weights unit). Classical result: there is no quantum contribution to any objective value in this submission. No QPU, GPU, annealer or quantum simulator was used at any point; QPU runtime is 0 because there was no QPU in the loop."
stp_s060_l5_t6_h2_rs37235,4colors Research,4colors Research,2026-09-01,QOBLIB/solvers/steiner — Pathfinder-style negotiated-congestion + rip-up-and-reroute + iterated local search (C++17).,1404,N/A,"Directed multicommodity flow LP relaxation, heuristic packing",N/A,N/A,N/A,N/A,N/A,Integer,1 (unit edge cost),"(1) Parse arcs/terms; (2) Pathfinder negotiated-congestion routing (Takahashi-Matsuyama tree per net + per-node pres/hist penalties); (3) Tree pruning of non-terminal leaves; (4) Rip-up-and-reroute polish on the residual graph; (5) Iterated local search (perturb K nets with tabu + re-polish; acceptance-walk that tolerates small worsening to cross ridges, with adaptive perturbation strength escalated on stall); (6) Multistart over 8 parameter combos (net-order × pres-init × pres-mult × hist-inc) padded with random restarts.",Stochastic,Classical,1,1,1,N/A,"AMD/Intel x86_64 single-threaded, g++ 13, -O3 -march=native",219.247,N/A,219.247,0,0,0,"nets=13 terminals=55; objective is edge count (all weights unit). Classical result: there is no quantum contribution to any objective value in this submission. No QPU, GPU, annealer or quantum simulator was used at any point; QPU runtime is 0 because there was no QPU in the loop."
stp_s070_l2_t3_h0_rs97531,4colors Research,4colors Research,2026-09-01,QOBLIB/solvers/steiner — Pathfinder-style negotiated-congestion + rip-up-and-reroute + iterated local search (C++17).,1229,N/A,"Directed multicommodity flow LP relaxation, heuristic packing",N/A,N/A,N/A,N/A,N/A,Integer,1 (unit edge cost),"(1) Parse arcs/terms; (2) Pathfinder negotiated-congestion routing (Takahashi-Matsuyama tree per net + per-node pres/hist penalties); (3) Tree pruning of non-terminal leaves; (4) Rip-up-and-reroute polish on the residual graph; (5) Iterated local search (perturb K nets with tabu + re-polish; acceptance-walk that tolerates small worsening to cross ridges, with adaptive perturbation strength escalated on stall); (6) Multistart over 8 parameter combos (net-order × pres-init × pres-mult × hist-inc) padded with random restarts.",Stochastic,Classical,1,1,1,N/A,"AMD/Intel x86_64 single-threaded, g++ 13, -O3 -march=native",0.000,N/A,0.000,0,0,0,"nets= terminals=; objective is edge count (all weights unit). Classical result: there is no quantum contribution to any objective value in this submission. No QPU, GPU, annealer or quantum simulator was used at any point; QPU runtime is 0 because there was no QPU in the loop."
stp_s070_l2_t4_h0_rs123,4colors Research,4colors Research,2026-09-01,QOBLIB/solvers/steiner — Pathfinder-style negotiated-congestion + rip-up-and-reroute + iterated local search (C++17).,857,N/A,"Directed multicommodity flow LP relaxation, heuristic packing",N/A,N/A,N/A,N/A,N/A,Integer,1 (unit edge cost),"(1) Parse arcs/terms; (2) Pathfinder negotiated-congestion routing (Takahashi-Matsuyama tree per net + per-node pres/hist penalties); (3) Tree pruning of non-terminal leaves; (4) Rip-up-and-reroute polish on the residual graph; (5) Iterated local search (perturb K nets with tabu + re-polish; acceptance-walk that tolerates small worsening to cross ridges, with adaptive perturbation strength escalated on stall); (6) Multistart over 8 parameter combos (net-order × pres-init × pres-mult × hist-inc) padded with random restarts.",Stochastic,Classical,1,1,1,N/A,"AMD/Intel x86_64 single-threaded, g++ 13, -O3 -march=native",184.468,N/A,184.468,0,0,0,"nets=12 terminals=33; objective is edge count (all weights unit). Classical result: there is no quantum contribution to any objective value in this submission. No QPU, GPU, annealer or quantum simulator was used at any point; QPU runtime is 0 because there was no QPU in the loop."
stp_s070_l2_t6_h1_rs37235,4colors Research,4colors Research,2026-09-01,QOBLIB/solvers/steiner — Pathfinder-style negotiated-congestion + rip-up-and-reroute + iterated local search (C++17).,1641,N/A,"Directed multicommodity flow LP relaxation, heuristic packing",N/A,N/A,N/A,N/A,N/A,Integer,1 (unit edge cost),"(1) Parse arcs/terms; (2) Pathfinder negotiated-congestion routing (Takahashi-Matsuyama tree per net + per-node pres/hist penalties); (3) Tree pruning of non-terminal leaves; (4) Rip-up-and-reroute polish on the residual graph; (5) Iterated local search (perturb K nets with tabu + re-polish; acceptance-walk that tolerates small worsening to cross ridges, with adaptive perturbation strength escalated on stall); (6) Multistart over 8 parameter combos (net-order × pres-init × pres-mult × hist-inc) padded with random restarts.",Stochastic,Classical,1,1,1,N/A,"AMD/Intel x86_64 single-threaded, g++ 13, -O3 -march=native",218.840,N/A,218.840,0,0,0,"nets=12 terminals=57; objective is edge count (all weights unit). Classical result: there is no quantum contribution to any objective value in this submission. No QPU, GPU, annealer or quantum simulator was used at any point; QPU runtime is 0 because there was no QPU in the loop."
stp_s070_l3_t4_h0_rs24098,4colors Research,4colors Research,2026-09-01,QOBLIB/solvers/steiner — Pathfinder-style negotiated-congestion + rip-up-and-reroute + iterated local search (C++17).,1350,N/A,"Directed multicommodity flow LP relaxation, heuristic packing",N/A,N/A,N/A,N/A,N/A,Integer,1 (unit edge cost),"(1) Parse arcs/terms; (2) Pathfinder negotiated-congestion routing (Takahashi-Matsuyama tree per net + per-node pres/hist penalties); (3) Tree pruning of non-terminal leaves; (4) Rip-up-and-reroute polish on the residual graph; (5) Iterated local search (perturb K nets with tabu + re-polish; acceptance-walk that tolerates small worsening to cross ridges, with adaptive perturbation strength escalated on stall); (6) Multistart over 8 parameter combos (net-order × pres-init × pres-mult × hist-inc) padded with random restarts.",Stochastic,Classical,1,1,1,N/A,"AMD/Intel x86_64 single-threaded, g++ 13, -O3 -march=native",195.430,N/A,195.430,0,0,0,"nets=15 terminals=41; objective is edge count (all weights unit). Classical result: there is no quantum contribution to any objective value in this submission. No QPU, GPU, annealer or quantum simulator was used at any point; QPU runtime is 0 because there was no QPU in the loop."
stp_s070_l3_t4_h2_rs24098,4colors Research,4colors Research,2026-09-01,QOBLIB/solvers/steiner — Pathfinder-style negotiated-congestion + rip-up-and-reroute + iterated local search (C++17).,1450,N/A,"Directed multicommodity flow LP relaxation, heuristic packing",N/A,N/A,N/A,N/A,N/A,Integer,1 (unit edge cost),"(1) Parse arcs/terms; (2) Pathfinder negotiated-congestion routing (Takahashi-Matsuyama tree per net + per-node pres/hist penalties); (3) Tree pruning of non-terminal leaves; (4) Rip-up-and-reroute polish on the residual graph; (5) Iterated local search (perturb K nets with tabu + re-polish; acceptance-walk that tolerates small worsening to cross ridges, with adaptive perturbation strength escalated on stall); (6) Multistart over 8 parameter combos (net-order × pres-init × pres-mult × hist-inc) padded with random restarts.",Stochastic,Classical,1,1,1,N/A,"AMD/Intel x86_64 single-threaded, g++ 13, -O3 -march=native",203.787,N/A,203.787,0,0,0,"nets=13 terminals=41; objective is edge count (all weights unit). Classical result: there is no quantum contribution to any objective value in this submission. No QPU, GPU, annealer or quantum simulator was used at any point; QPU runtime is 0 because there was no QPU in the loop."
stp_s070_l3_t4_h2_rs97531,4colors Research,4colors Research,2026-09-01,QOBLIB/solvers/steiner — Pathfinder-style negotiated-congestion + rip-up-and-reroute + iterated local search (C++17).,1206,N/A,"Directed multicommodity flow LP relaxation, heuristic packing",N/A,N/A,N/A,N/A,N/A,Integer,1 (unit edge cost),"(1) Parse arcs/terms; (2) Pathfinder negotiated-congestion routing (Takahashi-Matsuyama tree per net + per-node pres/hist penalties); (3) Tree pruning of non-terminal leaves; (4) Rip-up-and-reroute polish on the residual graph; (5) Iterated local search (perturb K nets with tabu + re-polish; acceptance-walk that tolerates small worsening to cross ridges, with adaptive perturbation strength escalated on stall); (6) Multistart over 8 parameter combos (net-order × pres-init × pres-mult × hist-inc) padded with random restarts.",Stochastic,Classical,1,1,1,N/A,"AMD/Intel x86_64 single-threaded, g++ 13, -O3 -march=native",195.865,N/A,195.865,0,0,0,"nets=11 terminals=34; objective is edge count (all weights unit). Classical result: there is no quantum contribution to any objective value in this submission. No QPU, GPU, annealer or quantum simulator was used at any point; QPU runtime is 0 because there was no QPU in the loop."
stp_s070_l3_t5_h0_rs24098,4colors Research,4colors Research,2026-09-01,QOBLIB/solvers/steiner — Pathfinder-style negotiated-congestion + rip-up-and-reroute + iterated local search (C++17).,1500,N/A,"Directed multicommodity flow LP relaxation, heuristic packing",N/A,N/A,N/A,N/A,N/A,Integer,1 (unit edge cost),"(1) Parse arcs/terms; (2) Pathfinder negotiated-congestion routing (Takahashi-Matsuyama tree per net + per-node pres/hist penalties); (3) Tree pruning of non-terminal leaves; (4) Rip-up-and-reroute polish on the residual graph; (5) Iterated local search (perturb K nets with tabu + re-polish; acceptance-walk that tolerates small worsening to cross ridges, with adaptive perturbation strength escalated on stall); (6) Multistart over 8 parameter combos (net-order × pres-init × pres-mult × hist-inc) padded with random restarts.",Stochastic,Classical,1,1,1,N/A,"AMD/Intel x86_64 single-threaded, g++ 13, -O3 -march=native",219.983,N/A,219.983,0,0,0,"nets=12 terminals=44; objective is edge count (all weights unit). Classical result: there is no quantum contribution to any objective value in this submission. No QPU, GPU, annealer or quantum simulator was used at any point; QPU runtime is 0 because there was no QPU in the loop."
stp_s070_l3_t5_h2_rs24098,4colors Research,4colors Research,2026-09-01,QOBLIB/solvers/steiner — Pathfinder-style negotiated-congestion + rip-up-and-reroute + iterated local search (C++17).,1701,N/A,"Directed multicommodity flow LP relaxation, heuristic packing",N/A,N/A,N/A,N/A,N/A,Integer,1 (unit edge cost),"(1) Parse arcs/terms; (2) Pathfinder negotiated-congestion routing (Takahashi-Matsuyama tree per net + per-node pres/hist penalties); (3) Tree pruning of non-terminal leaves; (4) Rip-up-and-reroute polish on the residual graph; (5) Iterated local search (perturb K nets with tabu + re-polish; acceptance-walk that tolerates small worsening to cross ridges, with adaptive perturbation strength escalated on stall); (6) Multistart over 8 parameter combos (net-order × pres-init × pres-mult × hist-inc) padded with random restarts.",Stochastic,Classical,1,1,1,N/A,"AMD/Intel x86_64 single-threaded, g++ 13, -O3 -march=native",222.787,N/A,222.787,0,0,0,"nets=15 terminals=49; objective is edge count (all weights unit). Classical result: there is no quantum contribution to any objective value in this submission. No QPU, GPU, annealer or quantum simulator was used at any point; QPU runtime is 0 because there was no QPU in the loop."
stp_s070_l4_t3_h0_rs97531,4colors Research,4colors Research,2026-09-01,QOBLIB/solvers/steiner — Pathfinder-style negotiated-congestion + rip-up-and-reroute + iterated local search (C++17).,1248,N/A,"Directed multicommodity flow LP relaxation, heuristic packing",N/A,N/A,N/A,N/A,N/A,Integer,1 (unit edge cost),"(1) Parse arcs/terms; (2) Pathfinder negotiated-congestion routing (Takahashi-Matsuyama tree per net + per-node pres/hist penalties); (3) Tree pruning of non-terminal leaves; (4) Rip-up-and-reroute polish on the residual graph; (5) Iterated local search (perturb K nets with tabu + re-polish; acceptance-walk that tolerates small worsening to cross ridges, with adaptive perturbation strength escalated on stall); (6) Multistart over 8 parameter combos (net-order × pres-init × pres-mult × hist-inc) padded with random restarts.",Stochastic,Classical,1,1,1,N/A,"AMD/Intel x86_64 single-threaded, g++ 13, -O3 -march=native",192.270,N/A,192.270,0,0,0,"nets=11 terminals=30; objective is edge count (all weights unit). Classical result: there is no quantum contribution to any objective value in this submission. No QPU, GPU, annealer or quantum simulator was used at any point; QPU runtime is 0 because there was no QPU in the loop."
stp_s070_l4_t4_h0_rs97531,4colors Research,4colors Research,2026-09-01,QOBLIB/solvers/steiner — Pathfinder-style negotiated-congestion + rip-up-and-reroute + iterated local search (C++17).,1357,N/A,"Directed multicommodity flow LP relaxation, heuristic packing",N/A,N/A,N/A,N/A,N/A,Integer,1 (unit edge cost),"(1) Parse arcs/terms; (2) Pathfinder negotiated-congestion routing (Takahashi-Matsuyama tree per net + per-node pres/hist penalties); (3) Tree pruning of non-terminal leaves; (4) Rip-up-and-reroute polish on the residual graph; (5) Iterated local search (perturb K nets with tabu + re-polish; acceptance-walk that tolerates small worsening to cross ridges, with adaptive perturbation strength escalated on stall); (6) Multistart over 8 parameter combos (net-order × pres-init × pres-mult × hist-inc) padded with random restarts.",Stochastic,Classical,1,1,1,N/A,"AMD/Intel x86_64 single-threaded, g++ 13, -O3 -march=native",202.463,N/A,202.463,0,0,0,"nets=12 terminals=37; objective is edge count (all weights unit). Classical result: there is no quantum contribution to any objective value in this submission. No QPU, GPU, annealer or quantum simulator was used at any point; QPU runtime is 0 because there was no QPU in the loop."
stp_s070_l4_t4_h1_rs24098,4colors Research,4colors Research,2026-09-01,QOBLIB/solvers/steiner — Pathfinder-style negotiated-congestion + rip-up-and-reroute + iterated local search (C++17).,1529,N/A,"Directed multicommodity flow LP relaxation, heuristic packing",N/A,N/A,N/A,N/A,N/A,Integer,1 (unit edge cost),"(1) Parse arcs/terms; (2) Pathfinder negotiated-congestion routing (Takahashi-Matsuyama tree per net + per-node pres/hist penalties); (3) Tree pruning of non-terminal leaves; (4) Rip-up-and-reroute polish on the residual graph; (5) Iterated local search (perturb K nets with tabu + re-polish; acceptance-walk that tolerates small worsening to cross ridges, with adaptive perturbation strength escalated on stall); (6) Multistart over 8 parameter combos (net-order × pres-init × pres-mult × hist-inc) padded with random restarts.",Stochastic,Classical,1,1,1,N/A,"AMD/Intel x86_64 single-threaded, g++ 13, -O3 -march=native",202.369,N/A,202.369,0,0,0,"nets=16 terminals=44; objective is edge count (all weights unit). Classical result: there is no quantum contribution to any objective value in this submission. No QPU, GPU, annealer or quantum simulator was used at any point; QPU runtime is 0 because there was no QPU in the loop."
stp_s070_l4_t4_h1_rs97531,4colors Research,4colors Research,2026-09-01,QOBLIB/solvers/steiner — Pathfinder-style negotiated-congestion + rip-up-and-reroute + iterated local search (C++17).,839,N/A,"Directed multicommodity flow LP relaxation, heuristic packing",N/A,N/A,N/A,N/A,N/A,Integer,1 (unit edge cost),"(1) Parse arcs/terms; (2) Pathfinder negotiated-congestion routing (Takahashi-Matsuyama tree per net + per-node pres/hist penalties); (3) Tree pruning of non-terminal leaves; (4) Rip-up-and-reroute polish on the residual graph; (5) Iterated local search (perturb K nets with tabu + re-polish; acceptance-walk that tolerates small worsening to cross ridges, with adaptive perturbation strength escalated on stall); (6) Multistart over 8 parameter combos (net-order × pres-init × pres-mult × hist-inc) padded with random restarts.",Stochastic,Classical,1,1,1,N/A,"AMD/Intel x86_64 single-threaded, g++ 13, -O3 -march=native",174.449,N/A,174.449,0,0,0,"nets=10 terminals=28; objective is edge count (all weights unit). Classical result: there is no quantum contribution to any objective value in this submission. No QPU, GPU, annealer or quantum simulator was used at any point; QPU runtime is 0 because there was no QPU in the loop."
stp_s070_l4_t4_h2_rs24098,4colors Research,4colors Research,2026-09-01,QOBLIB/solvers/steiner — Pathfinder-style negotiated-congestion + rip-up-and-reroute + iterated local search (C++17).,1030,N/A,"Directed multicommodity flow LP relaxation, heuristic packing",N/A,N/A,N/A,N/A,N/A,Integer,1 (unit edge cost),"(1) Parse arcs/terms; (2) Pathfinder negotiated-congestion routing (Takahashi-Matsuyama tree per net + per-node pres/hist penalties); (3) Tree pruning of non-terminal leaves; (4) Rip-up-and-reroute polish on the residual graph; (5) Iterated local search (perturb K nets with tabu + re-polish; acceptance-walk that tolerates small worsening to cross ridges, with adaptive perturbation strength escalated on stall); (6) Multistart over 8 parameter combos (net-order × pres-init × pres-mult × hist-inc) padded with random restarts.",Stochastic,Classical,1,1,1,N/A,"AMD/Intel x86_64 single-threaded, g++ 13, -O3 -march=native",194.456,N/A,194.456,0,0,0,"nets=10 terminals=29; objective is edge count (all weights unit). Classical result: there is no quantum contribution to any objective value in this submission. No QPU, GPU, annealer or quantum simulator was used at any point; QPU runtime is 0 because there was no QPU in the loop."
stp_s070_l4_t6_h0_rs97531,4colors Research,4colors Research,2026-09-01,QOBLIB/solvers/steiner — Pathfinder-style negotiated-congestion + rip-up-and-reroute + iterated local search (C++17).,374,N/A,"Directed multicommodity flow LP relaxation, heuristic packing",N/A,N/A,N/A,N/A,N/A,Integer,1 (unit edge cost),"(1) Parse arcs/terms; (2) Pathfinder negotiated-congestion routing (Takahashi-Matsuyama tree per net + per-node pres/hist penalties); (3) Tree pruning of non-terminal leaves; (4) Rip-up-and-reroute polish on the residual graph; (5) Iterated local search (perturb K nets with tabu + re-polish; acceptance-walk that tolerates small worsening to cross ridges, with adaptive perturbation strength escalated on stall); (6) Multistart over 8 parameter combos (net-order × pres-init × pres-mult × hist-inc) padded with random restarts.",Stochastic,Classical,1,1,1,N/A,"AMD/Intel x86_64 single-threaded, g++ 13, -O3 -march=native",0.000,N/A,0.000,0,0,0,"nets= terminals=; objective is edge count (all weights unit). Classical result: there is no quantum contribution to any objective value in this submission. No QPU, GPU, annealer or quantum simulator was used at any point; QPU runtime is 0 because there was no QPU in the loop."
stp_s070_l5_t3_h0_rs97531,4colors Research,4colors Research,2026-09-01,QOBLIB/solvers/steiner — Pathfinder-style negotiated-congestion + rip-up-and-reroute + iterated local search (C++17).,1335,N/A,"Directed multicommodity flow LP relaxation, heuristic packing",N/A,N/A,N/A,N/A,N/A,Integer,1 (unit edge cost),"(1) Parse arcs/terms; (2) Pathfinder negotiated-congestion routing (Takahashi-Matsuyama tree per net + per-node pres/hist penalties); (3) Tree pruning of non-terminal leaves; (4) Rip-up-and-reroute polish on the residual graph; (5) Iterated local search (perturb K nets with tabu + re-polish; acceptance-walk that tolerates small worsening to cross ridges, with adaptive perturbation strength escalated on stall); (6) Multistart over 8 parameter combos (net-order × pres-init × pres-mult × hist-inc) padded with random restarts.",Stochastic,Classical,1,1,1,N/A,"AMD/Intel x86_64 single-threaded, g++ 13, -O3 -march=native",210.533,N/A,210.533,0,0,0,"nets=12 terminals=32; objective is edge count (all weights unit). Classical result: there is no quantum contribution to any objective value in this submission. No QPU, GPU, annealer or quantum simulator was used at any point; QPU runtime is 0 because there was no QPU in the loop."
stp_s070_l5_t4_h0_rs24098,4colors Research,4colors Research,2026-09-01,QOBLIB/solvers/steiner — Pathfinder-style negotiated-congestion + rip-up-and-reroute + iterated local search (C++17).,733,N/A,"Directed multicommodity flow LP relaxation, heuristic packing",N/A,N/A,N/A,N/A,N/A,Integer,1 (unit edge cost),"(1) Parse arcs/terms; (2) Pathfinder negotiated-congestion routing (Takahashi-Matsuyama tree per net + per-node pres/hist penalties); (3) Tree pruning of non-terminal leaves; (4) Rip-up-and-reroute polish on the residual graph; (5) Iterated local search (perturb K nets with tabu + re-polish; acceptance-walk that tolerates small worsening to cross ridges, with adaptive perturbation strength escalated on stall); (6) Multistart over 8 parameter combos (net-order × pres-init × pres-mult × hist-inc) padded with random restarts.",Stochastic,Classical,1,1,1,N/A,"AMD/Intel x86_64 single-threaded, g++ 13, -O3 -march=native",183.080,N/A,183.080,0,0,0,"nets=10 terminals=27; objective is edge count (all weights unit). Classical result: there is no quantum contribution to any objective value in this submission. No QPU, GPU, annealer or quantum simulator was used at any point; QPU runtime is 0 because there was no QPU in the loop."
stp_s070_l5_t4_h1_rs24098,4colors Research,4colors Research,2026-09-01,QOBLIB/solvers/steiner — Pathfinder-style negotiated-congestion + rip-up-and-reroute + iterated local search (C++17).,1513,N/A,"Directed multicommodity flow LP relaxation, heuristic packing",N/A,N/A,N/A,N/A,N/A,Integer,1 (unit edge cost),"(1) Parse arcs/terms; (2) Pathfinder negotiated-congestion routing (Takahashi-Matsuyama tree per net + per-node pres/hist penalties); (3) Tree pruning of non-terminal leaves; (4) Rip-up-and-reroute polish on the residual graph; (5) Iterated local search (perturb K nets with tabu + re-polish; acceptance-walk that tolerates small worsening to cross ridges, with adaptive perturbation strength escalated on stall); (6) Multistart over 8 parameter combos (net-order × pres-init × pres-mult × hist-inc) padded with random restarts.",Stochastic,Classical,1,1,1,N/A,"AMD/Intel x86_64 single-threaded, g++ 13, -O3 -march=native",199.019,N/A,199.019,0,0,0,"nets=16 terminals=44; objective is edge count (all weights unit). Classical result: there is no quantum contribution to any objective value in this submission. No QPU, GPU, annealer or quantum simulator was used at any point; QPU runtime is 0 because there was no QPU in the loop."
stp_s070_l5_t4_h2_rs24098,4colors Research,4colors Research,2026-09-01,QOBLIB/solvers/steiner — Pathfinder-style negotiated-congestion + rip-up-and-reroute + iterated local search (C++17).,1262,N/A,"Directed multicommodity flow LP relaxation, heuristic packing",N/A,N/A,N/A,N/A,N/A,Integer,1 (unit edge cost),"(1) Parse arcs/terms; (2) Pathfinder negotiated-congestion routing (Takahashi-Matsuyama tree per net + per-node pres/hist penalties); (3) Tree pruning of non-terminal leaves; (4) Rip-up-and-reroute polish on the residual graph; (5) Iterated local search (perturb K nets with tabu + re-polish; acceptance-walk that tolerates small worsening to cross ridges, with adaptive perturbation strength escalated on stall); (6) Multistart over 8 parameter combos (net-order × pres-init × pres-mult × hist-inc) padded with random restarts.",Stochastic,Classical,1,1,1,N/A,"AMD/Intel x86_64 single-threaded, g++ 13, -O3 -march=native",191.835,N/A,191.835,0,0,0,"nets=13 terminals=37; objective is edge count (all weights unit). Classical result: there is no quantum contribution to any objective value in this submission. No QPU, GPU, annealer or quantum simulator was used at any point; QPU runtime is 0 because there was no QPU in the loop."
stp_s070_l5_t5_h0_rs24098,4colors Research,4colors Research,2026-09-01,QOBLIB/solvers/steiner — Pathfinder-style negotiated-congestion + rip-up-and-reroute + iterated local search (C++17).,1733,N/A,"Directed multicommodity flow LP relaxation, heuristic packing",N/A,N/A,N/A,N/A,N/A,Integer,1 (unit edge cost),"(1) Parse arcs/terms; (2) Pathfinder negotiated-congestion routing (Takahashi-Matsuyama tree per net + per-node pres/hist penalties); (3) Tree pruning of non-terminal leaves; (4) Rip-up-and-reroute polish on the residual graph; (5) Iterated local search (perturb K nets with tabu + re-polish; acceptance-walk that tolerates small worsening to cross ridges, with adaptive perturbation strength escalated on stall); (6) Multistart over 8 parameter combos (net-order × pres-init × pres-mult × hist-inc) padded with random restarts.",Stochastic,Classical,1,1,1,N/A,"AMD/Intel x86_64 single-threaded, g++ 13, -O3 -march=native",211.319,N/A,211.319,0,0,0,"nets=21 terminals=55; objective is edge count (all weights unit). Classical result: there is no quantum contribution to any objective value in this submission. No QPU, GPU, annealer or quantum simulator was used at any point; QPU runtime is 0 because there was no QPU in the loop."
stp_s070_l5_t5_h1_rs97531,4colors Research,4colors Research,2026-09-01,QOBLIB/solvers/steiner — Pathfinder-style negotiated-congestion + rip-up-and-reroute + iterated local search (C++17).,984,N/A,"Directed multicommodity flow LP relaxation, heuristic packing",N/A,N/A,N/A,N/A,N/A,Integer,1 (unit edge cost),"(1) Parse arcs/terms; (2) Pathfinder negotiated-congestion routing (Takahashi-Matsuyama tree per net + per-node pres/hist penalties); (3) Tree pruning of non-terminal leaves; (4) Rip-up-and-reroute polish on the residual graph; (5) Iterated local search (perturb K nets with tabu + re-polish; acceptance-walk that tolerates small worsening to cross ridges, with adaptive perturbation strength escalated on stall); (6) Multistart over 8 parameter combos (net-order × pres-init × pres-mult × hist-inc) padded with random restarts.",Stochastic,Classical,1,1,1,N/A,"AMD/Intel x86_64 single-threaded, g++ 13, -O3 -march=native",0.000,N/A,0.000,0,0,0,"nets= terminals=; objective is edge count (all weights unit). Classical result: there is no quantum contribution to any objective value in this submission. No QPU, GPU, annealer or quantum simulator was used at any point; QPU runtime is 0 because there was no QPU in the loop."
stp_s080_l2_t4_h0_rs123,4colors Research,4colors Research,2026-09-01,QOBLIB/solvers/steiner — Pathfinder-style negotiated-congestion + rip-up-and-reroute + iterated local search (C++17).,949,N/A,"Directed multicommodity flow LP relaxation, heuristic packing",N/A,N/A,N/A,N/A,N/A,Integer,1 (unit edge cost),"(1) Parse arcs/terms; (2) Pathfinder negotiated-congestion routing (Takahashi-Matsuyama tree per net + per-node pres/hist penalties); (3) Tree pruning of non-terminal leaves; (4) Rip-up-and-reroute polish on the residual graph; (5) Iterated local search (perturb K nets with tabu + re-polish; acceptance-walk that tolerates small worsening to cross ridges, with adaptive perturbation strength escalated on stall); (6) Multistart over 8 parameter combos (net-order × pres-init × pres-mult × hist-inc) padded with random restarts.",Stochastic,Classical,1,1,1,N/A,"AMD/Intel x86_64 single-threaded, g++ 13, -O3 -march=native",32.784,N/A,32.784,0,0,0,"nets=11 terminals=30; objective is edge count (all weights unit). Classical result: there is no quantum contribution to any objective value in this submission. No QPU, GPU, annealer or quantum simulator was used at any point; QPU runtime is 0 because there was no QPU in the loop."
stp_s080_l2_t4_h1_rs123,4colors Research,4colors Research,2026-09-01,QOBLIB/solvers/steiner — Pathfinder-style negotiated-congestion + rip-up-and-reroute + iterated local search (C++17).,789,N/A,"Directed multicommodity flow LP relaxation, heuristic packing",N/A,N/A,N/A,N/A,N/A,Integer,1 (unit edge cost),"(1) Parse arcs/terms; (2) Pathfinder negotiated-congestion routing (Takahashi-Matsuyama tree per net + per-node pres/hist penalties); (3) Tree pruning of non-terminal leaves; (4) Rip-up-and-reroute polish on the residual graph; (5) Iterated local search (perturb K nets with tabu + re-polish; acceptance-walk that tolerates small worsening to cross ridges, with adaptive perturbation strength escalated on stall); (6) Multistart over 8 parameter combos (net-order × pres-init × pres-mult × hist-inc) padded with random restarts.",Stochastic,Classical,1,1,1,N/A,"AMD/Intel x86_64 single-threaded, g++ 13, -O3 -march=native",6.602,N/A,6.602,0,0,0,"nets=11 terminals=26; objective is edge count (all weights unit). Classical result: there is no quantum contribution to any objective value in this submission. No QPU, GPU, annealer or quantum simulator was used at any point; QPU runtime is 0 because there was no QPU in the loop."
stp_s080_l2_t4_h1_rs24098,4colors Research,4colors Research,2026-09-01,QOBLIB/solvers/steiner — Pathfinder-style negotiated-congestion + rip-up-and-reroute + iterated local search (C++17).,754,N/A,"Directed multicommodity flow LP relaxation, heuristic packing",N/A,N/A,N/A,N/A,N/A,Integer,1 (unit edge cost),"(1) Parse arcs/terms; (2) Pathfinder negotiated-congestion routing (Takahashi-Matsuyama tree per net + per-node pres/hist penalties); (3) Tree pruning of non-terminal leaves; (4) Rip-up-and-reroute polish on the residual graph; (5) Iterated local search (perturb K nets with tabu + re-polish; acceptance-walk that tolerates small worsening to cross ridges, with adaptive perturbation strength escalated on stall); (6) Multistart over 8 parameter combos (net-order × pres-init × pres-mult × hist-inc) padded with random restarts.",Stochastic,Classical,1,1,1,N/A,"AMD/Intel x86_64 single-threaded, g++ 13, -O3 -march=native",187.978,N/A,187.978,0,0,0,"nets=13 terminals=31; objective is edge count (all weights unit). Classical result: there is no quantum contribution to any objective value in this submission. No QPU, GPU, annealer or quantum simulator was used at any point; QPU runtime is 0 because there was no QPU in the loop."
stp_s080_l2_t5_h0_rs24098,4colors Research,4colors Research,2026-09-01,QOBLIB/solvers/steiner — Pathfinder-style negotiated-congestion + rip-up-and-reroute + iterated local search (C++17).,1904,N/A,"Directed multicommodity flow LP relaxation, heuristic packing",N/A,N/A,N/A,N/A,N/A,Integer,1 (unit edge cost),"(1) Parse arcs/terms; (2) Pathfinder negotiated-congestion routing (Takahashi-Matsuyama tree per net + per-node pres/hist penalties); (3) Tree pruning of non-terminal leaves; (4) Rip-up-and-reroute polish on the residual graph; (5) Iterated local search (perturb K nets with tabu + re-polish; acceptance-walk that tolerates small worsening to cross ridges, with adaptive perturbation strength escalated on stall); (6) Multistart over 8 parameter combos (net-order × pres-init × pres-mult × hist-inc) padded with random restarts.",Stochastic,Classical,1,1,1,N/A,"AMD/Intel x86_64 single-threaded, g++ 13, -O3 -march=native",0.000,N/A,0.000,0,0,0,"nets= terminals=; objective is edge count (all weights unit). Classical result: there is no quantum contribution to any objective value in this submission. No QPU, GPU, annealer or quantum simulator was used at any point; QPU runtime is 0 because there was no QPU in the loop."
stp_s080_l3_t3_h1_rs97531,4colors Research,4colors Research,2026-09-01,QOBLIB/solvers/steiner — Pathfinder-style negotiated-congestion + rip-up-and-reroute + iterated local search (C++17).,819,N/A,"Directed multicommodity flow LP relaxation, heuristic packing",N/A,N/A,N/A,N/A,N/A,Integer,1 (unit edge cost),"(1) Parse arcs/terms; (2) Pathfinder negotiated-congestion routing (Takahashi-Matsuyama tree per net + per-node pres/hist penalties); (3) Tree pruning of non-terminal leaves; (4) Rip-up-and-reroute polish on the residual graph; (5) Iterated local search (perturb K nets with tabu + re-polish; acceptance-walk that tolerates small worsening to cross ridges, with adaptive perturbation strength escalated on stall); (6) Multistart over 8 parameter combos (net-order × pres-init × pres-mult × hist-inc) padded with random restarts.",Stochastic,Classical,1,1,1,N/A,"AMD/Intel x86_64 single-threaded, g++ 13, -O3 -march=native",5.997,N/A,5.997,0,0,0,"nets=10 terminals=26; objective is edge count (all weights unit). Classical result: there is no quantum contribution to any objective value in this submission. No QPU, GPU, annealer or quantum simulator was used at any point; QPU runtime is 0 because there was no QPU in the loop."
stp_s080_l3_t4_h0_rs123,4colors Research,4colors Research,2026-09-01,QOBLIB/solvers/steiner — Pathfinder-style negotiated-congestion + rip-up-and-reroute + iterated local search (C++17).,1033,N/A,"Directed multicommodity flow LP relaxation, heuristic packing",N/A,N/A,N/A,N/A,N/A,Integer,1 (unit edge cost),"(1) Parse arcs/terms; (2) Pathfinder negotiated-congestion routing (Takahashi-Matsuyama tree per net + per-node pres/hist penalties); (3) Tree pruning of non-terminal leaves; (4) Rip-up-and-reroute polish on the residual graph; (5) Iterated local search (perturb K nets with tabu + re-polish; acceptance-walk that tolerates small worsening to cross ridges, with adaptive perturbation strength escalated on stall); (6) Multistart over 8 parameter combos (net-order × pres-init × pres-mult × hist-inc) padded with random restarts.",Stochastic,Classical,1,1,1,N/A,"AMD/Intel x86_64 single-threaded, g++ 13, -O3 -march=native",0.262,N/A,0.262,0,0,0,"nets=17 terminals=35; objective is edge count (all weights unit). Classical result: there is no quantum contribution to any objective value in this submission. No QPU, GPU, annealer or quantum simulator was used at any point; QPU runtime is 0 because there was no QPU in the loop."
stp_s080_l3_t5_h0_rs24098,4colors Research,4colors Research,2026-09-01,QOBLIB/solvers/steiner — Pathfinder-style negotiated-congestion + rip-up-and-reroute + iterated local search (C++17).,1639,N/A,"Directed multicommodity flow LP relaxation, heuristic packing",N/A,N/A,N/A,N/A,N/A,Integer,1 (unit edge cost),"(1) Parse arcs/terms; (2) Pathfinder negotiated-congestion routing (Takahashi-Matsuyama tree per net + per-node pres/hist penalties); (3) Tree pruning of non-terminal leaves; (4) Rip-up-and-reroute polish on the residual graph; (5) Iterated local search (perturb K nets with tabu + re-polish; acceptance-walk that tolerates small worsening to cross ridges, with adaptive perturbation strength escalated on stall); (6) Multistart over 8 parameter combos (net-order × pres-init × pres-mult × hist-inc) padded with random restarts.",Stochastic,Classical,1,1,1,N/A,"AMD/Intel x86_64 single-threaded, g++ 13, -O3 -march=native",186.994,N/A,186.994,0,0,0,"nets=14 terminals=48; objective is edge count (all weights unit). Classical result: there is no quantum contribution to any objective value in this submission. No QPU, GPU, annealer or quantum simulator was used at any point; QPU runtime is 0 because there was no QPU in the loop."
stp_s080_l3_t5_h0_rs97531,4colors Research,4colors Research,2026-09-01,QOBLIB/solvers/steiner — Pathfinder-style negotiated-congestion + rip-up-and-reroute + iterated local search (C++17).,1734,N/A,"Directed multicommodity flow LP relaxation, heuristic packing",N/A,N/A,N/A,N/A,N/A,Integer,1 (unit edge cost),"(1) Parse arcs/terms; (2) Pathfinder negotiated-congestion routing (Takahashi-Matsuyama tree per net + per-node pres/hist penalties); (3) Tree pruning of non-terminal leaves; (4) Rip-up-and-reroute polish on the residual graph; (5) Iterated local search (perturb K nets with tabu + re-polish; acceptance-walk that tolerates small worsening to cross ridges, with adaptive perturbation strength escalated on stall); (6) Multistart over 8 parameter combos (net-order × pres-init × pres-mult × hist-inc) padded with random restarts.",Stochastic,Classical,1,1,1,N/A,"AMD/Intel x86_64 single-threaded, g++ 13, -O3 -march=native",208.038,N/A,208.038,0,0,0,"nets=16 terminals=48; objective is edge count (all weights unit). Classical result: there is no quantum contribution to any objective value in this submission. No QPU, GPU, annealer or quantum simulator was used at any point; QPU runtime is 0 because there was no QPU in the loop."
stp_s080_l4_t3_h0_rs24098,4colors Research,4colors Research,2026-09-01,QOBLIB/solvers/steiner — Pathfinder-style negotiated-congestion + rip-up-and-reroute + iterated local search (C++17).,1110,N/A,"Directed multicommodity flow LP relaxation, heuristic packing",N/A,N/A,N/A,N/A,N/A,Integer,1 (unit edge cost),"(1) Parse arcs/terms; (2) Pathfinder negotiated-congestion routing (Takahashi-Matsuyama tree per net + per-node pres/hist penalties); (3) Tree pruning of non-terminal leaves; (4) Rip-up-and-reroute polish on the residual graph; (5) Iterated local search (perturb K nets with tabu + re-polish; acceptance-walk that tolerates small worsening to cross ridges, with adaptive perturbation strength escalated on stall); (6) Multistart over 8 parameter combos (net-order × pres-init × pres-mult × hist-inc) padded with random restarts.",Stochastic,Classical,1,1,1,N/A,"AMD/Intel x86_64 single-threaded, g++ 13, -O3 -march=native",215.830,N/A,215.830,0,0,0,"nets=14 terminals=34; objective is edge count (all weights unit). Classical result: there is no quantum contribution to any objective value in this submission. No QPU, GPU, annealer or quantum simulator was used at any point; QPU runtime is 0 because there was no QPU in the loop."
stp_s080_l4_t3_h1_rs97531,4colors Research,4colors Research,2026-09-01,QOBLIB/solvers/steiner — Pathfinder-style negotiated-congestion + rip-up-and-reroute + iterated local search (C++17).,1352,N/A,"Directed multicommodity flow LP relaxation, heuristic packing",N/A,N/A,N/A,N/A,N/A,Integer,1 (unit edge cost),"(1) Parse arcs/terms; (2) Pathfinder negotiated-congestion routing (Takahashi-Matsuyama tree per net + per-node pres/hist penalties); (3) Tree pruning of non-terminal leaves; (4) Rip-up-and-reroute polish on the residual graph; (5) Iterated local search (perturb K nets with tabu + re-polish; acceptance-walk that tolerates small worsening to cross ridges, with adaptive perturbation strength escalated on stall); (6) Multistart over 8 parameter combos (net-order × pres-init × pres-mult × hist-inc) padded with random restarts.",Stochastic,Classical,1,1,1,N/A,"AMD/Intel x86_64 single-threaded, g++ 13, -O3 -march=native",188.042,N/A,188.042,0,0,0,"nets=14 terminals=38; objective is edge count (all weights unit). Classical result: there is no quantum contribution to any objective value in this submission. No QPU, GPU, annealer or quantum simulator was used at any point; QPU runtime is 0 because there was no QPU in the loop."
stp_s080_l4_t4_h0_rs123,4colors Research,4colors Research,2026-09-01,QOBLIB/solvers/steiner — Pathfinder-style negotiated-congestion + rip-up-and-reroute + iterated local search (C++17).,1033,N/A,"Directed multicommodity flow LP relaxation, heuristic packing",N/A,N/A,N/A,N/A,N/A,Integer,1 (unit edge cost),"(1) Parse arcs/terms; (2) Pathfinder negotiated-congestion routing (Takahashi-Matsuyama tree per net + per-node pres/hist penalties); (3) Tree pruning of non-terminal leaves; (4) Rip-up-and-reroute polish on the residual graph; (5) Iterated local search (perturb K nets with tabu + re-polish; acceptance-walk that tolerates small worsening to cross ridges, with adaptive perturbation strength escalated on stall); (6) Multistart over 8 parameter combos (net-order × pres-init × pres-mult × hist-inc) padded with random restarts.",Stochastic,Classical,1,1,1,N/A,"AMD/Intel x86_64 single-threaded, g++ 13, -O3 -march=native",0.353,N/A,0.353,0,0,0,"nets=17 terminals=35; objective is edge count (all weights unit). Classical result: there is no quantum contribution to any objective value in this submission. No QPU, GPU, annealer or quantum simulator was used at any point; QPU runtime is 0 because there was no QPU in the loop."
stp_s080_l4_t4_h0_rs24098,4colors Research,4colors Research,2026-09-01,QOBLIB/solvers/steiner — Pathfinder-style negotiated-congestion + rip-up-and-reroute + iterated local search (C++17).,856,N/A,"Directed multicommodity flow LP relaxation, heuristic packing",N/A,N/A,N/A,N/A,N/A,Integer,1 (unit edge cost),"(1) Parse arcs/terms; (2) Pathfinder negotiated-congestion routing (Takahashi-Matsuyama tree per net + per-node pres/hist penalties); (3) Tree pruning of non-terminal leaves; (4) Rip-up-and-reroute polish on the residual graph; (5) Iterated local search (perturb K nets with tabu + re-polish; acceptance-walk that tolerates small worsening to cross ridges, with adaptive perturbation strength escalated on stall); (6) Multistart over 8 parameter combos (net-order × pres-init × pres-mult × hist-inc) padded with random restarts.",Stochastic,Classical,1,1,1,N/A,"AMD/Intel x86_64 single-threaded, g++ 13, -O3 -march=native",185.132,N/A,185.132,0,0,0,"nets=10 terminals=26; objective is edge count (all weights unit). Classical result: there is no quantum contribution to any objective value in this submission. No QPU, GPU, annealer or quantum simulator was used at any point; QPU runtime is 0 because there was no QPU in the loop."
stp_s080_l4_t4_h0_rs97531,4colors Research,4colors Research,2026-09-01,QOBLIB/solvers/steiner — Pathfinder-style negotiated-congestion + rip-up-and-reroute + iterated local search (C++17).,1634,N/A,"Directed multicommodity flow LP relaxation, heuristic packing",N/A,N/A,N/A,N/A,N/A,Integer,1 (unit edge cost),"(1) Parse arcs/terms; (2) Pathfinder negotiated-congestion routing (Takahashi-Matsuyama tree per net + per-node pres/hist penalties); (3) Tree pruning of non-terminal leaves; (4) Rip-up-and-reroute polish on the residual graph; (5) Iterated local search (perturb K nets with tabu + re-polish; acceptance-walk that tolerates small worsening to cross ridges, with adaptive perturbation strength escalated on stall); (6) Multistart over 8 parameter combos (net-order × pres-init × pres-mult × hist-inc) padded with random restarts.",Stochastic,Classical,1,1,1,N/A,"AMD/Intel x86_64 single-threaded, g++ 13, -O3 -march=native",195.579,N/A,195.579,0,0,0,"nets=16 terminals=41; objective is edge count (all weights unit). Classical result: there is no quantum contribution to any objective value in this submission. No QPU, GPU, annealer or quantum simulator was used at any point; QPU runtime is 0 because there was no QPU in the loop."
stp_s080_l4_t5_h0_rs24098,4colors Research,4colors Research,2026-09-01,QOBLIB/solvers/steiner — Pathfinder-style negotiated-congestion + rip-up-and-reroute + iterated local search (C++17).,990,N/A,"Directed multicommodity flow LP relaxation, heuristic packing",N/A,N/A,N/A,N/A,N/A,Integer,1 (unit edge cost),"(1) Parse arcs/terms; (2) Pathfinder negotiated-congestion routing (Takahashi-Matsuyama tree per net + per-node pres/hist penalties); (3) Tree pruning of non-terminal leaves; (4) Rip-up-and-reroute polish on the residual graph; (5) Iterated local search (perturb K nets with tabu + re-polish; acceptance-walk that tolerates small worsening to cross ridges, with adaptive perturbation strength escalated on stall); (6) Multistart over 8 parameter combos (net-order × pres-init × pres-mult × hist-inc) padded with random restarts.",Stochastic,Classical,1,1,1,N/A,"AMD/Intel x86_64 single-threaded, g++ 13, -O3 -march=native",216.802,N/A,216.802,0,0,0,"nets=11 terminals=35; objective is edge count (all weights unit). Classical result: there is no quantum contribution to any objective value in this submission. No QPU, GPU, annealer or quantum simulator was used at any point; QPU runtime is 0 because there was no QPU in the loop."
stp_s080_l4_t5_h1_rs97531,4colors Research,4colors Research,2026-09-01,QOBLIB/solvers/steiner — Pathfinder-style negotiated-congestion + rip-up-and-reroute + iterated local search (C++17).,1113,N/A,"Directed multicommodity flow LP relaxation, heuristic packing",N/A,N/A,N/A,N/A,N/A,Integer,1 (unit edge cost),"(1) Parse arcs/terms; (2) Pathfinder negotiated-congestion routing (Takahashi-Matsuyama tree per net + per-node pres/hist penalties); (3) Tree pruning of non-terminal leaves; (4) Rip-up-and-reroute polish on the residual graph; (5) Iterated local search (perturb K nets with tabu + re-polish; acceptance-walk that tolerates small worsening to cross ridges, with adaptive perturbation strength escalated on stall); (6) Multistart over 8 parameter combos (net-order × pres-init × pres-mult × hist-inc) padded with random restarts.",Stochastic,Classical,1,1,1,N/A,"AMD/Intel x86_64 single-threaded, g++ 13, -O3 -march=native",187.434,N/A,187.434,0,0,0,"nets=11 terminals=33; objective is edge count (all weights unit). Classical result: there is no quantum contribution to any objective value in this submission. No QPU, GPU, annealer or quantum simulator was used at any point; QPU runtime is 0 because there was no QPU in the loop."
stp_s080_l5_t4_h0_rs123,4colors Research,4colors Research,2026-09-01,QOBLIB/solvers/steiner — Pathfinder-style negotiated-congestion + rip-up-and-reroute + iterated local search (C++17).,684,N/A,"Directed multicommodity flow LP relaxation, heuristic packing",N/A,N/A,N/A,N/A,N/A,Integer,1 (unit edge cost),"(1) Parse arcs/terms; (2) Pathfinder negotiated-congestion routing (Takahashi-Matsuyama tree per net + per-node pres/hist penalties); (3) Tree pruning of non-terminal leaves; (4) Rip-up-and-reroute polish on the residual graph; (5) Iterated local search (perturb K nets with tabu + re-polish; acceptance-walk that tolerates small worsening to cross ridges, with adaptive perturbation strength escalated on stall); (6) Multistart over 8 parameter combos (net-order × pres-init × pres-mult × hist-inc) padded with random restarts.",Stochastic,Classical,1,1,1,N/A,"AMD/Intel x86_64 single-threaded, g++ 13, -O3 -march=native",0.121,N/A,0.121,0,0,0,"nets=14 terminals=29; objective is edge count (all weights unit). Classical result: there is no quantum contribution to any objective value in this submission. No QPU, GPU, annealer or quantum simulator was used at any point; QPU runtime is 0 because there was no QPU in the loop."
stp_s080_l5_t4_h0_rs24098,4colors Research,4colors Research,2026-09-01,QOBLIB/solvers/steiner — Pathfinder-style negotiated-congestion + rip-up-and-reroute + iterated local search (C++17).,887,N/A,"Directed multicommodity flow LP relaxation, heuristic packing",N/A,N/A,N/A,N/A,N/A,Integer,1 (unit edge cost),"(1) Parse arcs/terms; (2) Pathfinder negotiated-congestion routing (Takahashi-Matsuyama tree per net + per-node pres/hist penalties); (3) Tree pruning of non-terminal leaves; (4) Rip-up-and-reroute polish on the residual graph; (5) Iterated local search (perturb K nets with tabu + re-polish; acceptance-walk that tolerates small worsening to cross ridges, with adaptive perturbation strength escalated on stall); (6) Multistart over 8 parameter combos (net-order × pres-init × pres-mult × hist-inc) padded with random restarts.",Stochastic,Classical,1,1,1,N/A,"AMD/Intel x86_64 single-threaded, g++ 13, -O3 -march=native",30.488,N/A,30.488,0,0,0,"nets=12 terminals=27; objective is edge count (all weights unit). Classical result: there is no quantum contribution to any objective value in this submission. No QPU, GPU, annealer or quantum simulator was used at any point; QPU runtime is 0 because there was no QPU in the loop."
stp_s090_l2_t3_h0_rs24098,4colors Research,4colors Research,2026-09-01,QOBLIB/solvers/steiner — Pathfinder-style negotiated-congestion + rip-up-and-reroute + iterated local search (C++17).,880,N/A,"Directed multicommodity flow LP relaxation, heuristic packing",N/A,N/A,N/A,N/A,N/A,Integer,1 (unit edge cost),"(1) Parse arcs/terms; (2) Pathfinder negotiated-congestion routing (Takahashi-Matsuyama tree per net + per-node pres/hist penalties); (3) Tree pruning of non-terminal leaves; (4) Rip-up-and-reroute polish on the residual graph; (5) Iterated local search (perturb K nets with tabu + re-polish; acceptance-walk that tolerates small worsening to cross ridges, with adaptive perturbation strength escalated on stall); (6) Multistart over 8 parameter combos (net-order × pres-init × pres-mult × hist-inc) padded with random restarts.",Stochastic,Classical,1,1,1,N/A,"AMD/Intel x86_64 single-threaded, g++ 13, -O3 -march=native",0.000,N/A,0.000,0,0,0,"nets= terminals=; objective is edge count (all weights unit). Classical result: there is no quantum contribution to any objective value in this submission. No QPU, GPU, annealer or quantum simulator was used at any point; QPU runtime is 0 because there was no QPU in the loop."
stp_s090_l2_t3_h1_rs123,4colors Research,4colors Research,2026-09-01,QOBLIB/solvers/steiner — Pathfinder-style negotiated-congestion + rip-up-and-reroute + iterated local search (C++17).,1522,N/A,"Directed multicommodity flow LP relaxation, heuristic packing",N/A,N/A,N/A,N/A,N/A,Integer,1 (unit edge cost),"(1) Parse arcs/terms; (2) Pathfinder negotiated-congestion routing (Takahashi-Matsuyama tree per net + per-node pres/hist penalties); (3) Tree pruning of non-terminal leaves; (4) Rip-up-and-reroute polish on the residual graph; (5) Iterated local search (perturb K nets with tabu + re-polish; acceptance-walk that tolerates small worsening to cross ridges, with adaptive perturbation strength escalated on stall); (6) Multistart over 8 parameter combos (net-order × pres-init × pres-mult × hist-inc) padded with random restarts.",Stochastic,Classical,1,1,1,N/A,"AMD/Intel x86_64 single-threaded, g++ 13, -O3 -march=native",193.757,N/A,193.757,0,0,0,"nets=17 terminals=45; objective is edge count (all weights unit). Classical result: there is no quantum contribution to any objective value in this submission. No QPU, GPU, annealer or quantum simulator was used at any point; QPU runtime is 0 because there was no QPU in the loop."
stp_s090_l2_t3_h1_rs24098,4colors Research,4colors Research,2026-09-01,QOBLIB/solvers/steiner — Pathfinder-style negotiated-congestion + rip-up-and-reroute + iterated local search (C++17).,1369,N/A,"Directed multicommodity flow LP relaxation, heuristic packing",N/A,N/A,N/A,N/A,N/A,Integer,1 (unit edge cost),"(1) Parse arcs/terms; (2) Pathfinder negotiated-congestion routing (Takahashi-Matsuyama tree per net + per-node pres/hist penalties); (3) Tree pruning of non-terminal leaves; (4) Rip-up-and-reroute polish on the residual graph; (5) Iterated local search (perturb K nets with tabu + re-polish; acceptance-walk that tolerates small worsening to cross ridges, with adaptive perturbation strength escalated on stall); (6) Multistart over 8 parameter combos (net-order × pres-init × pres-mult × hist-inc) padded with random restarts.",Stochastic,Classical,1,1,1,N/A,"AMD/Intel x86_64 single-threaded, g++ 13, -O3 -march=native",0.000,N/A,0.000,0,0,0,"nets= terminals=; objective is edge count (all weights unit). Classical result: there is no quantum contribution to any objective value in this submission. No QPU, GPU, annealer or quantum simulator was used at any point; QPU runtime is 0 because there was no QPU in the loop."
stp_s090_l2_t3_h1_rs97531,4colors Research,4colors Research,2026-09-01,QOBLIB/solvers/steiner — Pathfinder-style negotiated-congestion + rip-up-and-reroute + iterated local search (C++17).,1344,N/A,"Directed multicommodity flow LP relaxation, heuristic packing",N/A,N/A,N/A,N/A,N/A,Integer,1 (unit edge cost),"(1) Parse arcs/terms; (2) Pathfinder negotiated-congestion routing (Takahashi-Matsuyama tree per net + per-node pres/hist penalties); (3) Tree pruning of non-terminal leaves; (4) Rip-up-and-reroute polish on the residual graph; (5) Iterated local search (perturb K nets with tabu + re-polish; acceptance-walk that tolerates small worsening to cross ridges, with adaptive perturbation strength escalated on stall); (6) Multistart over 8 parameter combos (net-order × pres-init × pres-mult × hist-inc) padded with random restarts.",Stochastic,Classical,1,1,1,N/A,"AMD/Intel x86_64 single-threaded, g++ 13, -O3 -march=native",186.736,N/A,186.736,0,0,0,"nets=15 terminals=39; objective is edge count (all weights unit). Classical result: there is no quantum contribution to any objective value in this submission. No QPU, GPU, annealer or quantum simulator was used at any point; QPU runtime is 0 because there was no QPU in the loop."
stp_s090_l2_t3_h2_rs24098,4colors Research,4colors Research,2026-09-01,QOBLIB/solvers/steiner — Pathfinder-style negotiated-congestion + rip-up-and-reroute + iterated local search (C++17).,934,N/A,"Directed multicommodity flow LP relaxation, heuristic packing",N/A,N/A,N/A,N/A,N/A,Integer,1 (unit edge cost),"(1) Parse arcs/terms; (2) Pathfinder negotiated-congestion routing (Takahashi-Matsuyama tree per net + per-node pres/hist penalties); (3) Tree pruning of non-terminal leaves; (4) Rip-up-and-reroute polish on the residual graph; (5) Iterated local search (perturb K nets with tabu + re-polish; acceptance-walk that tolerates small worsening to cross ridges, with adaptive perturbation strength escalated on stall); (6) Multistart over 8 parameter combos (net-order × pres-init × pres-mult × hist-inc) padded with random restarts.",Stochastic,Classical,1,1,1,N/A,"AMD/Intel x86_64 single-threaded, g++ 13, -O3 -march=native",20.580,N/A,20.580,0,0,0,"nets=11 terminals=30; objective is edge count (all weights unit). Classical result: there is no quantum contribution to any objective value in this submission. No QPU, GPU, annealer or quantum simulator was used at any point; QPU runtime is 0 because there was no QPU in the loop."
stp_s090_l2_t3_h2_rs97531,4colors Research,4colors Research,2026-09-01,QOBLIB/solvers/steiner — Pathfinder-style negotiated-congestion + rip-up-and-reroute + iterated local search (C++17).,1626,N/A,"Directed multicommodity flow LP relaxation, heuristic packing",N/A,N/A,N/A,N/A,N/A,Integer,1 (unit edge cost),"(1) Parse arcs/terms; (2) Pathfinder negotiated-congestion routing (Takahashi-Matsuyama tree per net + per-node pres/hist penalties); (3) Tree pruning of non-terminal leaves; (4) Rip-up-and-reroute polish on the residual graph; (5) Iterated local search (perturb K nets with tabu + re-polish; acceptance-walk that tolerates small worsening to cross ridges, with adaptive perturbation strength escalated on stall); (6) Multistart over 8 parameter combos (net-order × pres-init × pres-mult × hist-inc) padded with random restarts.",Stochastic,Classical,1,1,1,N/A,"AMD/Intel x86_64 single-threaded, g++ 13, -O3 -march=native",191.711,N/A,191.711,0,0,0,"nets=15 terminals=41; objective is edge count (all weights unit). Classical result: there is no quantum contribution to any objective value in this submission. No QPU, GPU, annealer or quantum simulator was used at any point; QPU runtime is 0 because there was no QPU in the loop."
stp_s090_l2_t5_h0_rs97531,4colors Research,4colors Research,2026-09-01,QOBLIB/solvers/steiner — Pathfinder-style negotiated-congestion + rip-up-and-reroute + iterated local search (C++17).,1731,N/A,"Directed multicommodity flow LP relaxation, heuristic packing",N/A,N/A,N/A,N/A,N/A,Integer,1 (unit edge cost),"(1) Parse arcs/terms; (2) Pathfinder negotiated-congestion routing (Takahashi-Matsuyama tree per net + per-node pres/hist penalties); (3) Tree pruning of non-terminal leaves; (4) Rip-up-and-reroute polish on the residual graph; (5) Iterated local search (perturb K nets with tabu + re-polish; acceptance-walk that tolerates small worsening to cross ridges, with adaptive perturbation strength escalated on stall); (6) Multistart over 8 parameter combos (net-order × pres-init × pres-mult × hist-inc) padded with random restarts.",Stochastic,Classical,1,1,1,N/A,"AMD/Intel x86_64 single-threaded, g++ 13, -O3 -march=native",209.238,N/A,209.238,0,0,0,"nets=12 terminals=45; objective is edge count (all weights unit). Classical result: there is no quantum contribution to any objective value in this submission. No QPU, GPU, annealer or quantum simulator was used at any point; QPU runtime is 0 because there was no QPU in the loop."
stp_s090_l3_t3_h0_rs97531,4colors Research,4colors Research,2026-09-01,QOBLIB/solvers/steiner — Pathfinder-style negotiated-congestion + rip-up-and-reroute + iterated local search (C++17).,1193,N/A,"Directed multicommodity flow LP relaxation, heuristic packing",N/A,N/A,N/A,N/A,N/A,Integer,1 (unit edge cost),"(1) Parse arcs/terms; (2) Pathfinder negotiated-congestion routing (Takahashi-Matsuyama tree per net + per-node pres/hist penalties); (3) Tree pruning of non-terminal leaves; (4) Rip-up-and-reroute polish on the residual graph; (5) Iterated local search (perturb K nets with tabu + re-polish; acceptance-walk that tolerates small worsening to cross ridges, with adaptive perturbation strength escalated on stall); (6) Multistart over 8 parameter combos (net-order × pres-init × pres-mult × hist-inc) padded with random restarts.",Stochastic,Classical,1,1,1,N/A,"AMD/Intel x86_64 single-threaded, g++ 13, -O3 -march=native",187.175,N/A,187.175,0,0,0,"nets=11 terminals=29; objective is edge count (all weights unit). Classical result: there is no quantum contribution to any objective value in this submission. No QPU, GPU, annealer or quantum simulator was used at any point; QPU runtime is 0 because there was no QPU in the loop."
stp_s090_l3_t3_h1_rs97531,4colors Research,4colors Research,2026-09-01,QOBLIB/solvers/steiner — Pathfinder-style negotiated-congestion + rip-up-and-reroute + iterated local search (C++17).,1289,N/A,"Directed multicommodity flow LP relaxation, heuristic packing",N/A,N/A,N/A,N/A,N/A,Integer,1 (unit edge cost),"(1) Parse arcs/terms; (2) Pathfinder negotiated-congestion routing (Takahashi-Matsuyama tree per net + per-node pres/hist penalties); (3) Tree pruning of non-terminal leaves; (4) Rip-up-and-reroute polish on the residual graph; (5) Iterated local search (perturb K nets with tabu + re-polish; acceptance-walk that tolerates small worsening to cross ridges, with adaptive perturbation strength escalated on stall); (6) Multistart over 8 parameter combos (net-order × pres-init × pres-mult × hist-inc) padded with random restarts.",Stochastic,Classical,1,1,1,N/A,"AMD/Intel x86_64 single-threaded, g++ 13, -O3 -march=native",187.704,N/A,187.704,0,0,0,"nets=14 terminals=37; objective is edge count (all weights unit). Classical result: there is no quantum contribution to any objective value in this submission. No QPU, GPU, annealer or quantum simulator was used at any point; QPU runtime is 0 because there was no QPU in the loop."
stp_s090_l3_t3_h2_rs123,4colors Research,4colors Research,2026-09-01,QOBLIB/solvers/steiner — Pathfinder-style negotiated-congestion + rip-up-and-reroute + iterated local search (C++17).,1095,N/A,"Directed multicommodity flow LP relaxation, heuristic packing",N/A,N/A,N/A,N/A,N/A,Integer,1 (unit edge cost),"(1) Parse arcs/terms; (2) Pathfinder negotiated-congestion routing (Takahashi-Matsuyama tree per net + per-node pres/hist penalties); (3) Tree pruning of non-terminal leaves; (4) Rip-up-and-reroute polish on the residual graph; (5) Iterated local search (perturb K nets with tabu + re-polish; acceptance-walk that tolerates small worsening to cross ridges, with adaptive perturbation strength escalated on stall); (6) Multistart over 8 parameter combos (net-order × pres-init × pres-mult × hist-inc) padded with random restarts.",Stochastic,Classical,1,1,1,N/A,"AMD/Intel x86_64 single-threaded, g++ 13, -O3 -march=native",184.782,N/A,184.782,0,0,0,"nets=16 terminals=37; objective is edge count (all weights unit). Classical result: there is no quantum contribution to any objective value in this submission. No QPU, GPU, annealer or quantum simulator was used at any point; QPU runtime is 0 because there was no QPU in the loop."
stp_s090_l3_t4_h0_rs97531,4colors Research,4colors Research,2026-09-01,QOBLIB/solvers/steiner — Pathfinder-style negotiated-congestion + rip-up-and-reroute + iterated local search (C++17).,1731,N/A,"Directed multicommodity flow LP relaxation, heuristic packing",N/A,N/A,N/A,N/A,N/A,Integer,1 (unit edge cost),"(1) Parse arcs/terms; (2) Pathfinder negotiated-congestion routing (Takahashi-Matsuyama tree per net + per-node pres/hist penalties); (3) Tree pruning of non-terminal leaves; (4) Rip-up-and-reroute polish on the residual graph; (5) Iterated local search (perturb K nets with tabu + re-polish; acceptance-walk that tolerates small worsening to cross ridges, with adaptive perturbation strength escalated on stall); (6) Multistart over 8 parameter combos (net-order × pres-init × pres-mult × hist-inc) padded with random restarts.",Stochastic,Classical,1,1,1,N/A,"AMD/Intel x86_64 single-threaded, g++ 13, -O3 -march=native",0.000,N/A,0.000,0,0,0,"nets= terminals=; objective is edge count (all weights unit). Classical result: there is no quantum contribution to any objective value in this submission. No QPU, GPU, annealer or quantum simulator was used at any point; QPU runtime is 0 because there was no QPU in the loop."
stp_s090_l3_t5_h0_rs24098,4colors Research,4colors Research,2026-09-01,QOBLIB/solvers/steiner — Pathfinder-style negotiated-congestion + rip-up-and-reroute + iterated local search (C++17).,1304,N/A,"Directed multicommodity flow LP relaxation, heuristic packing",N/A,N/A,N/A,N/A,N/A,Integer,1 (unit edge cost),"(1) Parse arcs/terms; (2) Pathfinder negotiated-congestion routing (Takahashi-Matsuyama tree per net + per-node pres/hist penalties); (3) Tree pruning of non-terminal leaves; (4) Rip-up-and-reroute polish on the residual graph; (5) Iterated local search (perturb K nets with tabu + re-polish; acceptance-walk that tolerates small worsening to cross ridges, with adaptive perturbation strength escalated on stall); (6) Multistart over 8 parameter combos (net-order × pres-init × pres-mult × hist-inc) padded with random restarts.",Stochastic,Classical,1,1,1,N/A,"AMD/Intel x86_64 single-threaded, g++ 13, -O3 -march=native",190.314,N/A,190.314,0,0,0,"nets=13 terminals=40; objective is edge count (all weights unit). Classical result: there is no quantum contribution to any objective value in this submission. No QPU, GPU, annealer or quantum simulator was used at any point; QPU runtime is 0 because there was no QPU in the loop."
stp_s090_l3_t5_h0_rs97531,4colors Research,4colors Research,2026-09-01,QOBLIB/solvers/steiner — Pathfinder-style negotiated-congestion + rip-up-and-reroute + iterated local search (C++17).,1826,N/A,"Directed multicommodity flow LP relaxation, heuristic packing",N/A,N/A,N/A,N/A,N/A,Integer,1 (unit edge cost),"(1) Parse arcs/terms; (2) Pathfinder negotiated-congestion routing (Takahashi-Matsuyama tree per net + per-node pres/hist penalties); (3) Tree pruning of non-terminal leaves; (4) Rip-up-and-reroute polish on the residual graph; (5) Iterated local search (perturb K nets with tabu + re-polish; acceptance-walk that tolerates small worsening to cross ridges, with adaptive perturbation strength escalated on stall); (6) Multistart over 8 parameter combos (net-order × pres-init × pres-mult × hist-inc) padded with random restarts.",Stochastic,Classical,1,1,1,N/A,"AMD/Intel x86_64 single-threaded, g++ 13, -O3 -march=native",210.644,N/A,210.644,0,0,0,"nets=15 terminals=54; objective is edge count (all weights unit). Classical result: there is no quantum contribution to any objective value in this submission. No QPU, GPU, annealer or quantum simulator was used at any point; QPU runtime is 0 because there was no QPU in the loop."
stp_s090_l3_t5_h1_rs24098,4colors Research,4colors Research,2026-09-01,QOBLIB/solvers/steiner — Pathfinder-style negotiated-congestion + rip-up-and-reroute + iterated local search (C++17).,1610,N/A,"Directed multicommodity flow LP relaxation, heuristic packing",N/A,N/A,N/A,N/A,N/A,Integer,1 (unit edge cost),"(1) Parse arcs/terms; (2) Pathfinder negotiated-congestion routing (Takahashi-Matsuyama tree per net + per-node pres/hist penalties); (3) Tree pruning of non-terminal leaves; (4) Rip-up-and-reroute polish on the residual graph; (5) Iterated local search (perturb K nets with tabu + re-polish; acceptance-walk that tolerates small worsening to cross ridges, with adaptive perturbation strength escalated on stall); (6) Multistart over 8 parameter combos (net-order × pres-init × pres-mult × hist-inc) padded with random restarts.",Stochastic,Classical,1,1,1,N/A,"AMD/Intel x86_64 single-threaded, g++ 13, -O3 -march=native",206.820,N/A,206.820,0,0,0,"nets=11 terminals=40; objective is edge count (all weights unit). Classical result: there is no quantum contribution to any objective value in this submission. No QPU, GPU, annealer or quantum simulator was used at any point; QPU runtime is 0 because there was no QPU in the loop."
stp_s090_l3_t6_h0_rs97531,4colors Research,4colors Research,2026-09-01,QOBLIB/solvers/steiner — Pathfinder-style negotiated-congestion + rip-up-and-reroute + iterated local search (C++17).,1304,N/A,"Directed multicommodity flow LP relaxation, heuristic packing",N/A,N/A,N/A,N/A,N/A,Integer,1 (unit edge cost),"(1) Parse arcs/terms; (2) Pathfinder negotiated-congestion routing (Takahashi-Matsuyama tree per net + per-node pres/hist penalties); (3) Tree pruning of non-terminal leaves; (4) Rip-up-and-reroute polish on the residual graph; (5) Iterated local search (perturb K nets with tabu + re-polish; acceptance-walk that tolerates small worsening to cross ridges, with adaptive perturbation strength escalated on stall); (6) Multistart over 8 parameter combos (net-order × pres-init × pres-mult × hist-inc) padded with random restarts.",Stochastic,Classical,1,1,1,N/A,"AMD/Intel x86_64 single-threaded, g++ 13, -O3 -march=native",194.232,N/A,194.232,0,0,0,"nets=10 terminals=40; objective is edge count (all weights unit). Classical result: there is no quantum contribution to any objective value in this submission. No QPU, GPU, annealer or quantum simulator was used at any point; QPU runtime is 0 because there was no QPU in the loop."
stp_s090_l4_t3_h0_rs24098,4colors Research,4colors Research,2026-09-01,QOBLIB/solvers/steiner — Pathfinder-style negotiated-congestion + rip-up-and-reroute + iterated local search (C++17).,1776,N/A,"Directed multicommodity flow LP relaxation, heuristic packing",N/A,N/A,N/A,N/A,N/A,Integer,1 (unit edge cost),"(1) Parse arcs/terms; (2) Pathfinder negotiated-congestion routing (Takahashi-Matsuyama tree per net + per-node pres/hist penalties); (3) Tree pruning of non-terminal leaves; (4) Rip-up-and-reroute polish on the residual graph; (5) Iterated local search (perturb K nets with tabu + re-polish; acceptance-walk that tolerates small worsening to cross ridges, with adaptive perturbation strength escalated on stall); (6) Multistart over 8 parameter combos (net-order × pres-init × pres-mult × hist-inc) padded with random restarts.",Stochastic,Classical,1,1,1,N/A,"AMD/Intel x86_64 single-threaded, g++ 13, -O3 -march=native",0.000,N/A,0.000,0,0,0,"nets= terminals=; objective is edge count (all weights unit). Classical result: there is no quantum contribution to any objective value in this submission. No QPU, GPU, annealer or quantum simulator was used at any point; QPU runtime is 0 because there was no QPU in the loop."
stp_s090_l4_t3_h0_rs97531,4colors Research,4colors Research,2026-09-01,QOBLIB/solvers/steiner — Pathfinder-style negotiated-congestion + rip-up-and-reroute + iterated local search (C++17).,1210,N/A,"Directed multicommodity flow LP relaxation, heuristic packing",N/A,N/A,N/A,N/A,N/A,Integer,1 (unit edge cost),"(1) Parse arcs/terms; (2) Pathfinder negotiated-congestion routing (Takahashi-Matsuyama tree per net + per-node pres/hist penalties); (3) Tree pruning of non-terminal leaves; (4) Rip-up-and-reroute polish on the residual graph; (5) Iterated local search (perturb K nets with tabu + re-polish; acceptance-walk that tolerates small worsening to cross ridges, with adaptive perturbation strength escalated on stall); (6) Multistart over 8 parameter combos (net-order × pres-init × pres-mult × hist-inc) padded with random restarts.",Stochastic,Classical,1,1,1,N/A,"AMD/Intel x86_64 single-threaded, g++ 13, -O3 -march=native",186.886,N/A,186.886,0,0,0,"nets=11 terminals=29; objective is edge count (all weights unit). Classical result: there is no quantum contribution to any objective value in this submission. No QPU, GPU, annealer or quantum simulator was used at any point; QPU runtime is 0 because there was no QPU in the loop."
stp_s090_l4_t3_h1_rs97531,4colors Research,4colors Research,2026-09-01,QOBLIB/solvers/steiner — Pathfinder-style negotiated-congestion + rip-up-and-reroute + iterated local search (C++17).,1289,N/A,"Directed multicommodity flow LP relaxation, heuristic packing",N/A,N/A,N/A,N/A,N/A,Integer,1 (unit edge cost),"(1) Parse arcs/terms; (2) Pathfinder negotiated-congestion routing (Takahashi-Matsuyama tree per net + per-node pres/hist penalties); (3) Tree pruning of non-terminal leaves; (4) Rip-up-and-reroute polish on the residual graph; (5) Iterated local search (perturb K nets with tabu + re-polish; acceptance-walk that tolerates small worsening to cross ridges, with adaptive perturbation strength escalated on stall); (6) Multistart over 8 parameter combos (net-order × pres-init × pres-mult × hist-inc) padded with random restarts.",Stochastic,Classical,1,1,1,N/A,"AMD/Intel x86_64 single-threaded, g++ 13, -O3 -march=native",187.522,N/A,187.522,0,0,0,"nets=14 terminals=37; objective is edge count (all weights unit). Classical result: there is no quantum contribution to any objective value in this submission. No QPU, GPU, annealer or quantum simulator was used at any point; QPU runtime is 0 because there was no QPU in the loop."
stp_s090_l4_t3_h2_rs123,4colors Research,4colors Research,2026-09-01,QOBLIB/solvers/steiner — Pathfinder-style negotiated-congestion + rip-up-and-reroute + iterated local search (C++17).,1164,N/A,"Directed multicommodity flow LP relaxation, heuristic packing",N/A,N/A,N/A,N/A,N/A,Integer,1 (unit edge cost),"(1) Parse arcs/terms; (2) Pathfinder negotiated-congestion routing (Takahashi-Matsuyama tree per net + per-node pres/hist penalties); (3) Tree pruning of non-terminal leaves; (4) Rip-up-and-reroute polish on the residual graph; (5) Iterated local search (perturb K nets with tabu + re-polish; acceptance-walk that tolerates small worsening to cross ridges, with adaptive perturbation strength escalated on stall); (6) Multistart over 8 parameter combos (net-order × pres-init × pres-mult × hist-inc) padded with random restarts.",Stochastic,Classical,1,1,1,N/A,"AMD/Intel x86_64 single-threaded, g++ 13, -O3 -march=native",184.717,N/A,184.717,0,0,0,"nets=16 terminals=38; objective is edge count (all weights unit). Classical result: there is no quantum contribution to any objective value in this submission. No QPU, GPU, annealer or quantum simulator was used at any point; QPU runtime is 0 because there was no QPU in the loop."
stp_s090_l4_t4_h0_rs97531,4colors Research,4colors Research,2026-09-01,QOBLIB/solvers/steiner — Pathfinder-style negotiated-congestion + rip-up-and-reroute + iterated local search (C++17).,1055,N/A,"Directed multicommodity flow LP relaxation, heuristic packing",N/A,N/A,N/A,N/A,N/A,Integer,1 (unit edge cost),"(1) Parse arcs/terms; (2) Pathfinder negotiated-congestion routing (Takahashi-Matsuyama tree per net + per-node pres/hist penalties); (3) Tree pruning of non-terminal leaves; (4) Rip-up-and-reroute polish on the residual graph; (5) Iterated local search (perturb K nets with tabu + re-polish; acceptance-walk that tolerates small worsening to cross ridges, with adaptive perturbation strength escalated on stall); (6) Multistart over 8 parameter combos (net-order × pres-init × pres-mult × hist-inc) padded with random restarts.",Stochastic,Classical,1,1,1,N/A,"AMD/Intel x86_64 single-threaded, g++ 13, -O3 -march=native",0.000,N/A,0.000,0,0,0,"nets= terminals=; objective is edge count (all weights unit). Classical result: there is no quantum contribution to any objective value in this submission. No QPU, GPU, annealer or quantum simulator was used at any point; QPU runtime is 0 because there was no QPU in the loop."
stp_s090_l4_t4_h1_rs97531,4colors Research,4colors Research,2026-09-01,QOBLIB/solvers/steiner — Pathfinder-style negotiated-congestion + rip-up-and-reroute + iterated local search (C++17).,1090,N/A,"Directed multicommodity flow LP relaxation, heuristic packing",N/A,N/A,N/A,N/A,N/A,Integer,1 (unit edge cost),"(1) Parse arcs/terms; (2) Pathfinder negotiated-congestion routing (Takahashi-Matsuyama tree per net + per-node pres/hist penalties); (3) Tree pruning of non-terminal leaves; (4) Rip-up-and-reroute polish on the residual graph; (5) Iterated local search (perturb K nets with tabu + re-polish; acceptance-walk that tolerates small worsening to cross ridges, with adaptive perturbation strength escalated on stall); (6) Multistart over 8 parameter combos (net-order × pres-init × pres-mult × hist-inc) padded with random restarts.",Stochastic,Classical,1,1,1,N/A,"AMD/Intel x86_64 single-threaded, g++ 13, -O3 -march=native",0.000,N/A,0.000,0,0,0,"nets= terminals=; objective is edge count (all weights unit). Classical result: there is no quantum contribution to any objective value in this submission. No QPU, GPU, annealer or quantum simulator was used at any point; QPU runtime is 0 because there was no QPU in the loop."
stp_s090_l4_t5_h0_rs24098,4colors Research,4colors Research,2026-09-01,QOBLIB/solvers/steiner — Pathfinder-style negotiated-congestion + rip-up-and-reroute + iterated local search (C++17).,1122,N/A,"Directed multicommodity flow LP relaxation, heuristic packing",N/A,N/A,N/A,N/A,N/A,Integer,1 (unit edge cost),"(1) Parse arcs/terms; (2) Pathfinder negotiated-congestion routing (Takahashi-Matsuyama tree per net + per-node pres/hist penalties); (3) Tree pruning of non-terminal leaves; (4) Rip-up-and-reroute polish on the residual graph; (5) Iterated local search (perturb K nets with tabu + re-polish; acceptance-walk that tolerates small worsening to cross ridges, with adaptive perturbation strength escalated on stall); (6) Multistart over 8 parameter combos (net-order × pres-init × pres-mult × hist-inc) padded with random restarts.",Stochastic,Classical,1,1,1,N/A,"AMD/Intel x86_64 single-threaded, g++ 13, -O3 -march=native",59.246,N/A,59.246,0,0,0,"nets=11 terminals=34; objective is edge count (all weights unit). Classical result: there is no quantum contribution to any objective value in this submission. No QPU, GPU, annealer or quantum simulator was used at any point; QPU runtime is 0 because there was no QPU in the loop."
stp_s090_l5_t3_h0_rs97531,4colors Research,4colors Research,2026-09-01,QOBLIB/solvers/steiner — Pathfinder-style negotiated-congestion + rip-up-and-reroute + iterated local search (C++17).,1092,N/A,"Directed multicommodity flow LP relaxation, heuristic packing",N/A,N/A,N/A,N/A,N/A,Integer,1 (unit edge cost),"(1) Parse arcs/terms; (2) Pathfinder negotiated-congestion routing (Takahashi-Matsuyama tree per net + per-node pres/hist penalties); (3) Tree pruning of non-terminal leaves; (4) Rip-up-and-reroute polish on the residual graph; (5) Iterated local search (perturb K nets with tabu + re-polish; acceptance-walk that tolerates small worsening to cross ridges, with adaptive perturbation strength escalated on stall); (6) Multistart over 8 parameter combos (net-order × pres-init × pres-mult × hist-inc) padded with random restarts.",Stochastic,Classical,1,1,1,N/A,"AMD/Intel x86_64 single-threaded, g++ 13, -O3 -march=native",185.071,N/A,185.071,0,0,0,"nets=10 terminals=27; objective is edge count (all weights unit). Classical result: there is no quantum contribution to any objective value in this submission. No QPU, GPU, annealer or quantum simulator was used at any point; QPU runtime is 0 because there was no QPU in the loop."
stp_s090_l5_t4_h0_rs97531,4colors Research,4colors Research,2026-09-01,QOBLIB/solvers/steiner — Pathfinder-style negotiated-congestion + rip-up-and-reroute + iterated local search (C++17).,1055,N/A,"Directed multicommodity flow LP relaxation, heuristic packing",N/A,N/A,N/A,N/A,N/A,Integer,1 (unit edge cost),"(1) Parse arcs/terms; (2) Pathfinder negotiated-congestion routing (Takahashi-Matsuyama tree per net + per-node pres/hist penalties); (3) Tree pruning of non-terminal leaves; (4) Rip-up-and-reroute polish on the residual graph; (5) Iterated local search (perturb K nets with tabu + re-polish; acceptance-walk that tolerates small worsening to cross ridges, with adaptive perturbation strength escalated on stall); (6) Multistart over 8 parameter combos (net-order × pres-init × pres-mult × hist-inc) padded with random restarts.",Stochastic,Classical,1,1,1,N/A,"AMD/Intel x86_64 single-threaded, g++ 13, -O3 -march=native",0.000,N/A,0.000,0,0,0,"nets= terminals=; objective is edge count (all weights unit). Classical result: there is no quantum contribution to any objective value in this submission. No QPU, GPU, annealer or quantum simulator was used at any point; QPU runtime is 0 because there was no QPU in the loop."
stp_s090_l5_t4_h1_rs97531,4colors Research,4colors Research,2026-09-01,QOBLIB/solvers/steiner — Pathfinder-style negotiated-congestion + rip-up-and-reroute + iterated local search (C++17).,1140,N/A,"Directed multicommodity flow LP relaxation, heuristic packing",N/A,N/A,N/A,N/A,N/A,Integer,1 (unit edge cost),"(1) Parse arcs/terms; (2) Pathfinder negotiated-congestion routing (Takahashi-Matsuyama tree per net + per-node pres/hist penalties); (3) Tree pruning of non-terminal leaves; (4) Rip-up-and-reroute polish on the residual graph; (5) Iterated local search (perturb K nets with tabu + re-polish; acceptance-walk that tolerates small worsening to cross ridges, with adaptive perturbation strength escalated on stall); (6) Multistart over 8 parameter combos (net-order × pres-init × pres-mult × hist-inc) padded with random restarts.",Stochastic,Classical,1,1,1,N/A,"AMD/Intel x86_64 single-threaded, g++ 13, -O3 -march=native",0.000,N/A,0.000,0,0,0,"nets= terminals=; objective is edge count (all weights unit). Classical result: there is no quantum contribution to any objective value in this submission. No QPU, GPU, annealer or quantum simulator was used at any point; QPU runtime is 0 because there was no QPU in the loop."
stp_s090_l5_t6_h0_rs37235,4colors Research,4colors Research,2026-09-01,QOBLIB/solvers/steiner — Pathfinder-style negotiated-congestion + rip-up-and-reroute + iterated local search (C++17).,1623,N/A,"Directed multicommodity flow LP relaxation, heuristic packing",N/A,N/A,N/A,N/A,N/A,Integer,1 (unit edge cost),"(1) Parse arcs/terms; (2) Pathfinder negotiated-congestion routing (Takahashi-Matsuyama tree per net + per-node pres/hist penalties); (3) Tree pruning of non-terminal leaves; (4) Rip-up-and-reroute polish on the residual graph; (5) Iterated local search (perturb K nets with tabu + re-polish; acceptance-walk that tolerates small worsening to cross ridges, with adaptive perturbation strength escalated on stall); (6) Multistart over 8 parameter combos (net-order × pres-init × pres-mult × hist-inc) padded with random restarts.",Stochastic,Classical,1,1,1,N/A,"AMD/Intel x86_64 single-threaded, g++ 13, -O3 -march=native",195.989,N/A,195.989,0,0,0,"nets=10 terminals=42; objective is edge count (all weights unit). Classical result: there is no quantum contribution to any objective value in this submission. No QPU, GPU, annealer or quantum simulator was used at any point; QPU runtime is 0 because there was no QPU in the loop."
stp_s100_l2_t3_h0_rs97531,4colors Research,4colors Research,2026-09-01,QOBLIB/solvers/steiner — Pathfinder-style negotiated-congestion + rip-up-and-reroute + iterated local search (C++17).,1189,N/A,"Directed multicommodity flow LP relaxation, heuristic packing",N/A,N/A,N/A,N/A,N/A,Integer,1 (unit edge cost),"(1) Parse arcs/terms; (2) Pathfinder negotiated-congestion routing (Takahashi-Matsuyama tree per net + per-node pres/hist penalties); (3) Tree pruning of non-terminal leaves; (4) Rip-up-and-reroute polish on the residual graph; (5) Iterated local search (perturb K nets with tabu + re-polish; acceptance-walk that tolerates small worsening to cross ridges, with adaptive perturbation strength escalated on stall); (6) Multistart over 8 parameter combos (net-order × pres-init × pres-mult × hist-inc) padded with random restarts.",Stochastic,Classical,1,1,1,N/A,"AMD/Intel x86_64 single-threaded, g++ 13, -O3 -march=native",185.104,N/A,185.104,0,0,0,"nets=14 terminals=37; objective is edge count (all weights unit). Classical result: there is no quantum contribution to any objective value in this submission. No QPU, GPU, annealer or quantum simulator was used at any point; QPU runtime is 0 because there was no QPU in the loop."
stp_s100_l2_t3_h2_rs123,4colors Research,4colors Research,2026-09-01,QOBLIB/solvers/steiner — Pathfinder-style negotiated-congestion + rip-up-and-reroute + iterated local search (C++17).,1677,N/A,"Directed multicommodity flow LP relaxation, heuristic packing",N/A,N/A,N/A,N/A,N/A,Integer,1 (unit edge cost),"(1) Parse arcs/terms; (2) Pathfinder negotiated-congestion routing (Takahashi-Matsuyama tree per net + per-node pres/hist penalties); (3) Tree pruning of non-terminal leaves; (4) Rip-up-and-reroute polish on the residual graph; (5) Iterated local search (perturb K nets with tabu + re-polish; acceptance-walk that tolerates small worsening to cross ridges, with adaptive perturbation strength escalated on stall); (6) Multistart over 8 parameter combos (net-order × pres-init × pres-mult × hist-inc) padded with random restarts.",Stochastic,Classical,1,1,1,N/A,"AMD/Intel x86_64 single-threaded, g++ 13, -O3 -march=native",191.782,N/A,191.782,0,0,0,"nets=13 terminals=35; objective is edge count (all weights unit). Classical result: there is no quantum contribution to any objective value in this submission. No QPU, GPU, annealer or quantum simulator was used at any point; QPU runtime is 0 because there was no QPU in the loop."
stp_s100_l2_t3_h3_rs24098,4colors Research,4colors Research,2026-09-01,QOBLIB/solvers/steiner — Pathfinder-style negotiated-congestion + rip-up-and-reroute + iterated local search (C++17).,2252,N/A,"Directed multicommodity flow LP relaxation, heuristic packing",N/A,N/A,N/A,N/A,N/A,Integer,1 (unit edge cost),"(1) Parse arcs/terms; (2) Pathfinder negotiated-congestion routing (Takahashi-Matsuyama tree per net + per-node pres/hist penalties); (3) Tree pruning of non-terminal leaves; (4) Rip-up-and-reroute polish on the residual graph; (5) Iterated local search (perturb K nets with tabu + re-polish; acceptance-walk that tolerates small worsening to cross ridges, with adaptive perturbation strength escalated on stall); (6) Multistart over 8 parameter combos (net-order × pres-init × pres-mult × hist-inc) padded with random restarts.",Stochastic,Classical,1,1,1,N/A,"AMD/Intel x86_64 single-threaded, g++ 13, -O3 -march=native",199.158,N/A,199.158,0,0,0,"nets=19 terminals=46; objective is edge count (all weights unit). Classical result: there is no quantum contribution to any objective value in this submission. No QPU, GPU, annealer or quantum simulator was used at any point; QPU runtime is 0 because there was no QPU in the loop."
stp_s100_l2_t4_h0_rs97531,4colors Research,4colors Research,2026-09-01,QOBLIB/solvers/steiner — Pathfinder-style negotiated-congestion + rip-up-and-reroute + iterated local search (C++17).,1172,N/A,"Directed multicommodity flow LP relaxation, heuristic packing",N/A,N/A,N/A,N/A,N/A,Integer,1 (unit edge cost),"(1) Parse arcs/terms; (2) Pathfinder negotiated-congestion routing (Takahashi-Matsuyama tree per net + per-node pres/hist penalties); (3) Tree pruning of non-terminal leaves; (4) Rip-up-and-reroute polish on the residual graph; (5) Iterated local search (perturb K nets with tabu + re-polish; acceptance-walk that tolerates small worsening to cross ridges, with adaptive perturbation strength escalated on stall); (6) Multistart over 8 parameter combos (net-order × pres-init × pres-mult × hist-inc) padded with random restarts.",Stochastic,Classical,1,1,1,N/A,"AMD/Intel x86_64 single-threaded, g++ 13, -O3 -march=native",183.161,N/A,183.161,0,0,0,"nets=12 terminals=31; objective is edge count (all weights unit). Classical result: there is no quantum contribution to any objective value in this submission. No QPU, GPU, annealer or quantum simulator was used at any point; QPU runtime is 0 because there was no QPU in the loop."
stp_s100_l2_t4_h3_rs24098,4colors Research,4colors Research,2026-09-01,QOBLIB/solvers/steiner — Pathfinder-style negotiated-congestion + rip-up-and-reroute + iterated local search (C++17).,2733,N/A,"Directed multicommodity flow LP relaxation, heuristic packing",N/A,N/A,N/A,N/A,N/A,Integer,1 (unit edge cost),"(1) Parse arcs/terms; (2) Pathfinder negotiated-congestion routing (Takahashi-Matsuyama tree per net + per-node pres/hist penalties); (3) Tree pruning of non-terminal leaves; (4) Rip-up-and-reroute polish on the residual graph; (5) Iterated local search (perturb K nets with tabu + re-polish; acceptance-walk that tolerates small worsening to cross ridges, with adaptive perturbation strength escalated on stall); (6) Multistart over 8 parameter combos (net-order × pres-init × pres-mult × hist-inc) padded with random restarts.",Stochastic,Classical,1,1,1,N/A,"AMD/Intel x86_64 single-threaded, g++ 13, -O3 -march=native",189.826,N/A,189.826,0,0,0,"nets=21 terminals=61; objective is edge count (all weights unit). Classical result: there is no quantum contribution to any objective value in this submission. No QPU, GPU, annealer or quantum simulator was used at any point; QPU runtime is 0 because there was no QPU in the loop."
stp_s100_l2_t5_h0_rs97531,4colors Research,4colors Research,2026-09-01,QOBLIB/solvers/steiner — Pathfinder-style negotiated-congestion + rip-up-and-reroute + iterated local search (C++17).,1722,N/A,"Directed multicommodity flow LP relaxation, heuristic packing",N/A,N/A,N/A,N/A,N/A,Integer,1 (unit edge cost),"(1) Parse arcs/terms; (2) Pathfinder negotiated-congestion routing (Takahashi-Matsuyama tree per net + per-node pres/hist penalties); (3) Tree pruning of non-terminal leaves; (4) Rip-up-and-reroute polish on the residual graph; (5) Iterated local search (perturb K nets with tabu + re-polish; acceptance-walk that tolerates small worsening to cross ridges, with adaptive perturbation strength escalated on stall); (6) Multistart over 8 parameter combos (net-order × pres-init × pres-mult × hist-inc) padded with random restarts.",Stochastic,Classical,1,1,1,N/A,"AMD/Intel x86_64 single-threaded, g++ 13, -O3 -march=native",194.670,N/A,194.670,0,0,0,"nets=11 terminals=40; objective is edge count (all weights unit). Classical result: there is no quantum contribution to any objective value in this submission. No QPU, GPU, annealer or quantum simulator was used at any point; QPU runtime is 0 because there was no QPU in the loop."
stp_s100_l3_t3_h1_rs24098,4colors Research,4colors Research,2026-09-01,QOBLIB/solvers/steiner — Pathfinder-style negotiated-congestion + rip-up-and-reroute + iterated local search (C++17).,1978,N/A,"Directed multicommodity flow LP relaxation, heuristic packing",N/A,N/A,N/A,N/A,N/A,Integer,1 (unit edge cost),"(1) Parse arcs/terms; (2) Pathfinder negotiated-congestion routing (Takahashi-Matsuyama tree per net + per-node pres/hist penalties); (3) Tree pruning of non-terminal leaves; (4) Rip-up-and-reroute polish on the residual graph; (5) Iterated local search (perturb K nets with tabu + re-polish; acceptance-walk that tolerates small worsening to cross ridges, with adaptive perturbation strength escalated on stall); (6) Multistart over 8 parameter combos (net-order × pres-init × pres-mult × hist-inc) padded with random restarts.",Stochastic,Classical,1,1,1,N/A,"AMD/Intel x86_64 single-threaded, g++ 13, -O3 -march=native",197.306,N/A,197.306,0,0,0,"nets=18 terminals=44; objective is edge count (all weights unit). Classical result: there is no quantum contribution to any objective value in this submission. No QPU, GPU, annealer or quantum simulator was used at any point; QPU runtime is 0 because there was no QPU in the loop."
stp_s100_l3_t3_h2_rs24098,4colors Research,4colors Research,2026-09-01,QOBLIB/solvers/steiner — Pathfinder-style negotiated-congestion + rip-up-and-reroute + iterated local search (C++17).,1288,N/A,"Directed multicommodity flow LP relaxation, heuristic packing",N/A,N/A,N/A,N/A,N/A,Integer,1 (unit edge cost),"(1) Parse arcs/terms; (2) Pathfinder negotiated-congestion routing (Takahashi-Matsuyama tree per net + per-node pres/hist penalties); (3) Tree pruning of non-terminal leaves; (4) Rip-up-and-reroute polish on the residual graph; (5) Iterated local search (perturb K nets with tabu + re-polish; acceptance-walk that tolerates small worsening to cross ridges, with adaptive perturbation strength escalated on stall); (6) Multistart over 8 parameter combos (net-order × pres-init × pres-mult × hist-inc) padded with random restarts.",Stochastic,Classical,1,1,1,N/A,"AMD/Intel x86_64 single-threaded, g++ 13, -O3 -march=native",184.966,N/A,184.966,0,0,0,"nets=10 terminals=27; objective is edge count (all weights unit). Classical result: there is no quantum contribution to any objective value in this submission. No QPU, GPU, annealer or quantum simulator was used at any point; QPU runtime is 0 because there was no QPU in the loop."
stp_s100_l3_t3_h3_rs97531,4colors Research,4colors Research,2026-09-01,QOBLIB/solvers/steiner — Pathfinder-style negotiated-congestion + rip-up-and-reroute + iterated local search (C++17).,1390,N/A,"Directed multicommodity flow LP relaxation, heuristic packing",N/A,N/A,N/A,N/A,N/A,Integer,1 (unit edge cost),"(1) Parse arcs/terms; (2) Pathfinder negotiated-congestion routing (Takahashi-Matsuyama tree per net + per-node pres/hist penalties); (3) Tree pruning of non-terminal leaves; (4) Rip-up-and-reroute polish on the residual graph; (5) Iterated local search (perturb K nets with tabu + re-polish; acceptance-walk that tolerates small worsening to cross ridges, with adaptive perturbation strength escalated on stall); (6) Multistart over 8 parameter combos (net-order × pres-init × pres-mult × hist-inc) padded with random restarts.",Stochastic,Classical,1,1,1,N/A,"AMD/Intel x86_64 single-threaded, g++ 13, -O3 -march=native",25.037,N/A,25.037,0,0,0,"nets=14 terminals=35; objective is edge count (all weights unit). Classical result: there is no quantum contribution to any objective value in this submission. No QPU, GPU, annealer or quantum simulator was used at any point; QPU runtime is 0 because there was no QPU in the loop."
stp_s100_l3_t4_h1_rs24098,4colors Research,4colors Research,2026-09-01,QOBLIB/solvers/steiner — Pathfinder-style negotiated-congestion + rip-up-and-reroute + iterated local search (C++17).,1923,N/A,"Directed multicommodity flow LP relaxation, heuristic packing",N/A,N/A,N/A,N/A,N/A,Integer,1 (unit edge cost),"(1) Parse arcs/terms; (2) Pathfinder negotiated-congestion routing (Takahashi-Matsuyama tree per net + per-node pres/hist penalties); (3) Tree pruning of non-terminal leaves; (4) Rip-up-and-reroute polish on the residual graph; (5) Iterated local search (perturb K nets with tabu + re-polish; acceptance-walk that tolerates small worsening to cross ridges, with adaptive perturbation strength escalated on stall); (6) Multistart over 8 parameter combos (net-order × pres-init × pres-mult × hist-inc) padded with random restarts.",Stochastic,Classical,1,1,1,N/A,"AMD/Intel x86_64 single-threaded, g++ 13, -O3 -march=native",291.220,N/A,291.220,0,0,0,"nets=15 terminals=39; objective is edge count (all weights unit). Classical result: there is no quantum contribution to any objective value in this submission. No QPU, GPU, annealer or quantum simulator was used at any point; QPU runtime is 0 because there was no QPU in the loop."
stp_s100_l3_t4_h3_rs24098,4colors Research,4colors Research,2026-09-01,QOBLIB/solvers/steiner — Pathfinder-style negotiated-congestion + rip-up-and-reroute + iterated local search (C++17).,1686,N/A,"Directed multicommodity flow LP relaxation, heuristic packing",N/A,N/A,N/A,N/A,N/A,Integer,1 (unit edge cost),"(1) Parse arcs/terms; (2) Pathfinder negotiated-congestion routing (Takahashi-Matsuyama tree per net + per-node pres/hist penalties); (3) Tree pruning of non-terminal leaves; (4) Rip-up-and-reroute polish on the residual graph; (5) Iterated local search (perturb K nets with tabu + re-polish; acceptance-walk that tolerates small worsening to cross ridges, with adaptive perturbation strength escalated on stall); (6) Multistart over 8 parameter combos (net-order × pres-init × pres-mult × hist-inc) padded with random restarts.",Stochastic,Classical,1,1,1,N/A,"AMD/Intel x86_64 single-threaded, g++ 13, -O3 -march=native",0.000,N/A,0.000,0,0,0,"nets= terminals=; objective is edge count (all weights unit). Classical result: there is no quantum contribution to any objective value in this submission. No QPU, GPU, annealer or quantum simulator was used at any point; QPU runtime is 0 because there was no QPU in the loop."
stp_s100_l4_t3_h0_rs24098,4colors Research,4colors Research,2026-09-01,QOBLIB/solvers/steiner — Pathfinder-style negotiated-congestion + rip-up-and-reroute + iterated local search (C++17).,1510,N/A,"Directed multicommodity flow LP relaxation, heuristic packing",N/A,N/A,N/A,N/A,N/A,Integer,1 (unit edge cost),"(1) Parse arcs/terms; (2) Pathfinder negotiated-congestion routing (Takahashi-Matsuyama tree per net + per-node pres/hist penalties); (3) Tree pruning of non-terminal leaves; (4) Rip-up-and-reroute polish on the residual graph; (5) Iterated local search (perturb K nets with tabu + re-polish; acceptance-walk that tolerates small worsening to cross ridges, with adaptive perturbation strength escalated on stall); (6) Multistart over 8 parameter combos (net-order × pres-init × pres-mult × hist-inc) padded with random restarts.",Stochastic,Classical,1,1,1,N/A,"AMD/Intel x86_64 single-threaded, g++ 13, -O3 -march=native",197.065,N/A,197.065,0,0,0,"nets=14 terminals=38; objective is edge count (all weights unit). Classical result: there is no quantum contribution to any objective value in this submission. No QPU, GPU, annealer or quantum simulator was used at any point; QPU runtime is 0 because there was no QPU in the loop."
stp_s100_l4_t3_h0_rs97531,4colors Research,4colors Research,2026-09-01,QOBLIB/solvers/steiner — Pathfinder-style negotiated-congestion + rip-up-and-reroute + iterated local search (C++17).,1295,N/A,"Directed multicommodity flow LP relaxation, heuristic packing",N/A,N/A,N/A,N/A,N/A,Integer,1 (unit edge cost),"(1) Parse arcs/terms; (2) Pathfinder negotiated-congestion routing (Takahashi-Matsuyama tree per net + per-node pres/hist penalties); (3) Tree pruning of non-terminal leaves; (4) Rip-up-and-reroute polish on the residual graph; (5) Iterated local search (perturb K nets with tabu + re-polish; acceptance-walk that tolerates small worsening to cross ridges, with adaptive perturbation strength escalated on stall); (6) Multistart over 8 parameter combos (net-order × pres-init × pres-mult × hist-inc) padded with random restarts.",Stochastic,Classical,1,1,1,N/A,"AMD/Intel x86_64 single-threaded, g++ 13, -O3 -march=native",186.408,N/A,186.408,0,0,0,"nets=14 terminals=35; objective is edge count (all weights unit). Classical result: there is no quantum contribution to any objective value in this submission. No QPU, GPU, annealer or quantum simulator was used at any point; QPU runtime is 0 because there was no QPU in the loop."
stp_s100_l4_t3_h1_rs24098,4colors Research,4colors Research,2026-09-01,QOBLIB/solvers/steiner — Pathfinder-style negotiated-congestion + rip-up-and-reroute + iterated local search (C++17).,1281,N/A,"Directed multicommodity flow LP relaxation, heuristic packing",N/A,N/A,N/A,N/A,N/A,Integer,1 (unit edge cost),"(1) Parse arcs/terms; (2) Pathfinder negotiated-congestion routing (Takahashi-Matsuyama tree per net + per-node pres/hist penalties); (3) Tree pruning of non-terminal leaves; (4) Rip-up-and-reroute polish on the residual graph; (5) Iterated local search (perturb K nets with tabu + re-polish; acceptance-walk that tolerates small worsening to cross ridges, with adaptive perturbation strength escalated on stall); (6) Multistart over 8 parameter combos (net-order × pres-init × pres-mult × hist-inc) padded with random restarts.",Stochastic,Classical,1,1,1,N/A,"AMD/Intel x86_64 single-threaded, g++ 13, -O3 -march=native",288.698,N/A,288.698,0,0,0,"nets=13 terminals=33; objective is edge count (all weights unit). Classical result: there is no quantum contribution to any objective value in this submission. No QPU, GPU, annealer or quantum simulator was used at any point; QPU runtime is 0 because there was no QPU in the loop."
stp_s100_l4_t3_h2_rs123,4colors Research,4colors Research,2026-09-01,QOBLIB/solvers/steiner — Pathfinder-style negotiated-congestion + rip-up-and-reroute + iterated local search (C++17).,1116,N/A,"Directed multicommodity flow LP relaxation, heuristic packing",N/A,N/A,N/A,N/A,N/A,Integer,1 (unit edge cost),"(1) Parse arcs/terms; (2) Pathfinder negotiated-congestion routing (Takahashi-Matsuyama tree per net + per-node pres/hist penalties); (3) Tree pruning of non-terminal leaves; (4) Rip-up-and-reroute polish on the residual graph; (5) Iterated local search (perturb K nets with tabu + re-polish; acceptance-walk that tolerates small worsening to cross ridges, with adaptive perturbation strength escalated on stall); (6) Multistart over 8 parameter combos (net-order × pres-init × pres-mult × hist-inc) padded with random restarts.",Stochastic,Classical,1,1,1,N/A,"AMD/Intel x86_64 single-threaded, g++ 13, -O3 -march=native",67.889,N/A,67.889,0,0,0,"nets=9 terminals=25; objective is edge count (all weights unit). Classical result: there is no quantum contribution to any objective value in this submission. No QPU, GPU, annealer or quantum simulator was used at any point; QPU runtime is 0 because there was no QPU in the loop."
stp_s100_l4_t3_h2_rs24098,4colors Research,4colors Research,2026-09-01,QOBLIB/solvers/steiner — Pathfinder-style negotiated-congestion + rip-up-and-reroute + iterated local search (C++17).,1340,N/A,"Directed multicommodity flow LP relaxation, heuristic packing",N/A,N/A,N/A,N/A,N/A,Integer,1 (unit edge cost),"(1) Parse arcs/terms; (2) Pathfinder negotiated-congestion routing (Takahashi-Matsuyama tree per net + per-node pres/hist penalties); (3) Tree pruning of non-terminal leaves; (4) Rip-up-and-reroute polish on the residual graph; (5) Iterated local search (perturb K nets with tabu + re-polish; acceptance-walk that tolerates small worsening to cross ridges, with adaptive perturbation strength escalated on stall); (6) Multistart over 8 parameter combos (net-order × pres-init × pres-mult × hist-inc) padded with random restarts.",Stochastic,Classical,1,1,1,N/A,"AMD/Intel x86_64 single-threaded, g++ 13, -O3 -march=native",186.335,N/A,186.335,0,0,0,"nets=10 terminals=27; objective is edge count (all weights unit). Classical result: there is no quantum contribution to any objective value in this submission. No QPU, GPU, annealer or quantum simulator was used at any point; QPU runtime is 0 because there was no QPU in the loop."
stp_s100_l4_t4_h3_rs24098,4colors Research,4colors Research,2026-09-01,QOBLIB/solvers/steiner — Pathfinder-style negotiated-congestion + rip-up-and-reroute + iterated local search (C++17).,2053,N/A,"Directed multicommodity flow LP relaxation, heuristic packing",N/A,N/A,N/A,N/A,N/A,Integer,1 (unit edge cost),"(1) Parse arcs/terms; (2) Pathfinder negotiated-congestion routing (Takahashi-Matsuyama tree per net + per-node pres/hist penalties); (3) Tree pruning of non-terminal leaves; (4) Rip-up-and-reroute polish on the residual graph; (5) Iterated local search (perturb K nets with tabu + re-polish; acceptance-walk that tolerates small worsening to cross ridges, with adaptive perturbation strength escalated on stall); (6) Multistart over 8 parameter combos (net-order × pres-init × pres-mult × hist-inc) padded with random restarts.",Stochastic,Classical,1,1,1,N/A,"AMD/Intel x86_64 single-threaded, g++ 13, -O3 -march=native",199.387,N/A,199.387,0,0,0,"nets=12 terminals=42; objective is edge count (all weights unit). Classical result: there is no quantum contribution to any objective value in this submission. No QPU, GPU, annealer or quantum simulator was used at any point; QPU runtime is 0 because there was no QPU in the loop."
stp_s100_l4_t6_h2_rs37235,4colors Research,4colors Research,2026-09-01,QOBLIB/solvers/steiner — Pathfinder-style negotiated-congestion + rip-up-and-reroute + iterated local search (C++17).,2018,N/A,"Directed multicommodity flow LP relaxation, heuristic packing",N/A,N/A,N/A,N/A,N/A,Integer,1 (unit edge cost),"(1) Parse arcs/terms; (2) Pathfinder negotiated-congestion routing (Takahashi-Matsuyama tree per net + per-node pres/hist penalties); (3) Tree pruning of non-terminal leaves; (4) Rip-up-and-reroute polish on the residual graph; (5) Iterated local search (perturb K nets with tabu + re-polish; acceptance-walk that tolerates small worsening to cross ridges, with adaptive perturbation strength escalated on stall); (6) Multistart over 8 parameter combos (net-order × pres-init × pres-mult × hist-inc) padded with random restarts.",Stochastic,Classical,1,1,1,N/A,"AMD/Intel x86_64 single-threaded, g++ 13, -O3 -march=native",294.117,N/A,294.117,0,0,0,"nets=11 terminals=51; objective is edge count (all weights unit). Classical result: there is no quantum contribution to any objective value in this submission. No QPU, GPU, annealer or quantum simulator was used at any point; QPU runtime is 0 because there was no QPU in the loop."
stp_s100_l5_t3_h0_rs97531,4colors Research,4colors Research,2026-09-01,QOBLIB/solvers/steiner — Pathfinder-style negotiated-congestion + rip-up-and-reroute + iterated local search (C++17).,1291,N/A,"Directed multicommodity flow LP relaxation, heuristic packing",N/A,N/A,N/A,N/A,N/A,Integer,1 (unit edge cost),"(1) Parse arcs/terms; (2) Pathfinder negotiated-congestion routing (Takahashi-Matsuyama tree per net + per-node pres/hist penalties); (3) Tree pruning of non-terminal leaves; (4) Rip-up-and-reroute polish on the residual graph; (5) Iterated local search (perturb K nets with tabu + re-polish; acceptance-walk that tolerates small worsening to cross ridges, with adaptive perturbation strength escalated on stall); (6) Multistart over 8 parameter combos (net-order × pres-init × pres-mult × hist-inc) padded with random restarts.",Stochastic,Classical,1,1,1,N/A,"AMD/Intel x86_64 single-threaded, g++ 13, -O3 -march=native",0.000,N/A,0.000,0,0,0,"nets= terminals=; objective is edge count (all weights unit). Classical result: there is no quantum contribution to any objective value in this submission. No QPU, GPU, annealer or quantum simulator was used at any point; QPU runtime is 0 because there was no QPU in the loop."
stp_s100_l5_t3_h1_rs24098,4colors Research,4colors Research,2026-09-01,QOBLIB/solvers/steiner — Pathfinder-style negotiated-congestion + rip-up-and-reroute + iterated local search (C++17).,1600,N/A,"Directed multicommodity flow LP relaxation, heuristic packing",N/A,N/A,N/A,N/A,N/A,Integer,1 (unit edge cost),"(1) Parse arcs/terms; (2) Pathfinder negotiated-congestion routing (Takahashi-Matsuyama tree per net + per-node pres/hist penalties); (3) Tree pruning of non-terminal leaves; (4) Rip-up-and-reroute polish on the residual graph; (5) Iterated local search (perturb K nets with tabu + re-polish; acceptance-walk that tolerates small worsening to cross ridges, with adaptive perturbation strength escalated on stall); (6) Multistart over 8 parameter combos (net-order × pres-init × pres-mult × hist-inc) padded with random restarts.",Stochastic,Classical,1,1,1,N/A,"AMD/Intel x86_64 single-threaded, g++ 13, -O3 -march=native",226.736,N/A,226.736,0,0,0,"nets=16 terminals=39; objective is edge count (all weights unit). Classical result: there is no quantum contribution to any objective value in this submission. No QPU, GPU, annealer or quantum simulator was used at any point; QPU runtime is 0 because there was no QPU in the loop."
stp_s100_l5_t3_h2_rs24098,4colors Research,4colors Research,2026-09-01,QOBLIB/solvers/steiner — Pathfinder-style negotiated-congestion + rip-up-and-reroute + iterated local search (C++17).,1929,N/A,"Directed multicommodity flow LP relaxation, heuristic packing",N/A,N/A,N/A,N/A,N/A,Integer,1 (unit edge cost),"(1) Parse arcs/terms; (2) Pathfinder negotiated-congestion routing (Takahashi-Matsuyama tree per net + per-node pres/hist penalties); (3) Tree pruning of non-terminal leaves; (4) Rip-up-and-reroute polish on the residual graph; (5) Iterated local search (perturb K nets with tabu + re-polish; acceptance-walk that tolerates small worsening to cross ridges, with adaptive perturbation strength escalated on stall); (6) Multistart over 8 parameter combos (net-order × pres-init × pres-mult × hist-inc) padded with random restarts.",Stochastic,Classical,1,1,1,N/A,"AMD/Intel x86_64 single-threaded, g++ 13, -O3 -march=native",199.693,N/A,199.693,0,0,0,"nets=16 terminals=40; objective is edge count (all weights unit). Classical result: there is no quantum contribution to any objective value in this submission. No QPU, GPU, annealer or quantum simulator was used at any point; QPU runtime is 0 because there was no QPU in the loop."
stp_s100_l5_t3_h2_rs97531,4colors Research,4colors Research,2026-09-01,QOBLIB/solvers/steiner — Pathfinder-style negotiated-congestion + rip-up-and-reroute + iterated local search (C++17).,968,N/A,"Directed multicommodity flow LP relaxation, heuristic packing",N/A,N/A,N/A,N/A,N/A,Integer,1 (unit edge cost),"(1) Parse arcs/terms; (2) Pathfinder negotiated-congestion routing (Takahashi-Matsuyama tree per net + per-node pres/hist penalties); (3) Tree pruning of non-terminal leaves; (4) Rip-up-and-reroute polish on the residual graph; (5) Iterated local search (perturb K nets with tabu + re-polish; acceptance-walk that tolerates small worsening to cross ridges, with adaptive perturbation strength escalated on stall); (6) Multistart over 8 parameter combos (net-order × pres-init × pres-mult × hist-inc) padded with random restarts.",Stochastic,Classical,1,1,1,N/A,"AMD/Intel x86_64 single-threaded, g++ 13, -O3 -march=native",17.971,N/A,17.971,0,0,0,"nets=11 terminals=30; objective is edge count (all weights unit). Classical result: there is no quantum contribution to any objective value in this submission. No QPU, GPU, annealer or quantum simulator was used at any point; QPU runtime is 0 because there was no QPU in the loop."
stp_s100_l5_t4_h2_rs97531,4colors Research,4colors Research,2026-09-01,QOBLIB/solvers/steiner — Pathfinder-style negotiated-congestion + rip-up-and-reroute + iterated local search (C++17).,1376,N/A,"Directed multicommodity flow LP relaxation, heuristic packing",N/A,N/A,N/A,N/A,N/A,Integer,1 (unit edge cost),"(1) Parse arcs/terms; (2) Pathfinder negotiated-congestion routing (Takahashi-Matsuyama tree per net + per-node pres/hist penalties); (3) Tree pruning of non-terminal leaves; (4) Rip-up-and-reroute polish on the residual graph; (5) Iterated local search (perturb K nets with tabu + re-polish; acceptance-walk that tolerates small worsening to cross ridges, with adaptive perturbation strength escalated on stall); (6) Multistart over 8 parameter combos (net-order × pres-init × pres-mult × hist-inc) padded with random restarts.",Stochastic,Classical,1,1,1,N/A,"AMD/Intel x86_64 single-threaded, g++ 13, -O3 -march=native",0.000,N/A,0.000,0,0,0,"nets= terminals=; objective is edge count (all weights unit). Classical result: there is no quantum contribution to any objective value in this submission. No QPU, GPU, annealer or quantum simulator was used at any point; QPU runtime is 0 because there was no QPU in the loop."
