323207 308570 290461 289255 259247 257684 258314 243566 243566 233007 228445 220277 217924 203647 200196 198685 188879 191124 155327 144339 157883 144875 144875 140883 135171 140883 136313 133838 111095 102645 120010 113554 103347 102815 103347 100242 98110 90869 95122 88748 88748 88022 82975 78541 73049 70845 71713 69530 62538 60548 57605 58440 53838 57944 53754 50881 47321 49639 49554 44674 45552 44728 45090 43058 42888 41343 41546 38741 37644 37505 37490 33788 34583 34389 33253 30690 30298 28114 29149 27667 26172 28057 23635 23904 24147 21155 21606 21645 20873 19151 19111 18615 18067 17063 16735 16976 15980 16407 16257 16087 13861 14248 13627 13432 13293 11893 13227 12414 12273 11217 10672 9915 10630 10539 10385 9760 9497 9865 8428 9098 8945 8757 8178 7909 7985 7500 7568 7202 7290 6696 6716 6954 6508 6343 6249 6100 5947 5840 5167 5344 5182 4758 4933 5045 5057 4615 4704 4538 4469 4379 4064 3970 3866 3733 3684 3521 3520 3473 3201 3071 2905 2905 2825 2978 2682 2722 2809 2468 2395 2504 2419 2190 2204 2276 2112 2083 1981 1969 1964 1961 1820 1791 1720 1652 1629 1664 1397 1528 1408 1352 1423 1373 1376 1292 1266 1328 1192 1178 1221 1091 1115 1088 1072 1019 919 984 979 921 886 858 753 815 800 801 780 663 717 701 685 620 610 638 615 571 557 601 571 557 534 484 510 476 478 465 463 422 399 426 411 405 393 387 394 358 342 346 329 328 282 305 296 283 253 277 263 264 240 256 238 236 236 230 202 213 214 200 189 188 186 187 177 164 157 158 152 146 149 140 144 141 135 123 123 129 117 112 110 105 112 101 98 95 94 91 94 91 89 76 79 80 80 75 74 73 73 67 64 65 64 59 61 57 56 56 57 55 54 50 49 47 46 45 44 43 43 43 41 39 36 34 31 34 33 33 31 32 30 28 28 27 26 25 25 24 23 22 22 22 20 21 20 21 19 18 18 18 17 17 16 17 14 16 15 15 14 14 13 13 13 12 12 12 12 11 11 10 11 10 9 10 10 9 9 9 9 9 8 8 8 8 7 7 7 7 6 6 6 6 6 6 5 5 5 5 5 5 5 5 5 5 4 4 4 4 4 4 4 4 3 3 3 3 3 3 3 3 3 3 3 3 2 2 2 2 2 2 2 2 2 2 2 2 2 2 2 2 2 1 1 1 1 1 1 1 1 1 1 1 1 1 1 1 1 1 1 1 1 1 1 1 1 1 1 1 1 1 1 1 1 1 1 1 1 1 1 1 1 1 1 1 1 1
50 53 37 52 14 67 66 20 100 42 13 34 72 68 76 77 39 2 94 15 19 92 58 7 64 43 44 48 30 9 33 36 60 87 11 84 56 10 16 61 80 74 85 71 5 86 4 28 91 1 29 26 41 12 23 95 57 55 62 51 88 63 98 89 82 90 93 81 32 24 79 47 27 70 35 69 3 99 38 40 97 78 96 31 22 45 18 83 17 21 49 8 65 73 6 46 25 59 54 75
17 53 72 59 91 66 34 33 3 85 44 63 20 55 95 2 25 19 77 70 11 96 24 51 79 97 94 86 100 26 35 47 28 88 62 71 48 67 18 73 84 16 56 80 92 12 52 61 76 22 50 9 60 30 36 5 6 99 81 21 43 69 58 15 4 75 45 14 32 74 1 37 65 57 93 83 23 10 42 29 38 27 54 87 40 89 90 31 8 98 49 82 68 13 78 39 64 7 46 41
10 58 79 42 95 74 54 51 99 37 47 44 89 59 15 87 21 66 14 68 100 25 45 71 9 30 82 24 97 77 12 4 73 35 3 60 72 33 28 17 40 70 64 5 75 62 49 22 98 7 29 83 38 61 65 46 26 27 80 67 39 43 84 41 90 91 93 31 85 55 56 94 32 52 1 69 23 16 36 2 86 78 88 53 92 11 50 34 63 13 76 19 48 8 6 96 20 57 18 81
69 86 98 1 72 48 77 46 75 26 13 93 40 56 22 15 21 42 20 65 43 6 92 80 37 24 61 60 78 83 94 4 9 16 52 64 88 62 36 55 28 2 32 90 30 45 100 51 73 34 87 57 7 17 84 95 79 50 82 49 85 18 29 81 31 3 59 89 44 99 14 66 27 97 41 38 74 96 54 91 33 11 76 5 25 68 71 35 47 39 19 8 53 12 23 67 70 10 63 58
9 54 11 95 51 59 38 40 39 67 49 62 14 82 32 45 97 35 2 64 58 31 75 74 6 98 1 99 43 15 72 73 3 87 80 94 76 69 84 47 7 48 85 37 33 46 60 89 26 77 28 5 88 22 23 24 57 16 79 21 10 25 61 66 18 50 55 63 90 12 81 29 44 83 100 52 8 27 96 4 56 53 36 68 91 65 78 42 17 93 86 92 19 20 71 41 34 70 30 13
81 65 82 64 22 84 91 17 61 36 8 26 43 75 24 39 83 16 40 77 19 37 28 6 100 89 94 97 93 11 7 34 25 99 5 38 80 52 23 98 32 90 53 59 60 12 18 88 20 15 14 50 71 21 35 4 49 48 66 42 86 76 51 47 62 30 54 85 69 29 1 74 31 27 10 44 63 70 45 57 79 78 73 3 56 9 41 2 46 96 13 33 68 55 95 67 92 58 87 72
11 42 34 77 89 52 33 55 80 31 27 14 71 16 48 1 44 10 90 18 76 92 41 51 64 5 37 87 29 4 12 81 75 24 62 20 8 67 35 56 69 36 93 95 22 84 53 86 39 85 91 40 30 23 70 19 25 100 72 54 47 9 45 96 13 88 63 38 2 83 78 68 82 57 21 46 17 73 6 49 61 43 60 58 50 98 32 7 28 66 79 15 65 99 59 94 3 97 74 26
35 81 51 30 87 1 66 100 2 64 5 3 38 94 92 97 55 61 34 95 16 25 10 11 21 4 44 48 98 58 83 74 7 13 46 36 86 12 62 59 14 89 84 40 72 70 17 93 82 27 19 90 85 56 63 54 99 71 43 53 9 41 33 52 96 31 79 50 45 39 28 78 69 67 57 6 37 91 75 73 29 20 80 76 60 42 8 26 23 88 49 47 32 68 77 18 15 65 22 24
53 38 41 36 56 94 19 31 12 97 1 9 55 39 73 79 76 85 62 52 64 43 42 40 22 20 89 65 95 14 51 47 4 88 10 58 27 70 59 34 44 32 49 7 81 87 78 83 3 63 77 23 68 46 61 84 74 8 17 71 21 66 37 57 86 93 11 82 24 67 98 45 99 33 35 75 48 92 80 29 25 13 26 28 15 2 72 91 18 69 100 90 16 96 30 60 5 50 54 6
85 43 79 35 92 69 12 38 1 42 15 61 84 10 23 62 88 98 6 5 63 94 14 46 50 41 95 66 3 54 86 90 11 4 74 93 56 96 44 25 78 49 47 80 99 64 75 91 52 81 33 31 34 29 22 28 13 17 36 77 97 72 58 67 59 20 57 18 51 27 82 2 32 48 39 71 87 9 30 89 55 37 7 40 24 45 68 19 16 21 53 26 76 60 100 65 73 8 70 83
52 28 17 27 95 51 99 68 76 55 39 34 42 38 44 5 77 65 46 23 91 86 30 41 11 47 8 43 61 93 1 67 29 2 3 82 100 66 98 53 33 97 78 12 85 6 14 90 48 19 18 32 58 59 40 35 45 89 13 15 63 10 69 94 81 72 62 64 73 92 74 9 88 49 7 31 24 54 20 21 71 50 56 79 22 87 80 70 57 75 84 83 37 26 16 25 96 60 36 4
65 46 77 31 64 27 15 14 48 28 54 19 17 84 42 21 4 11 5 92 55 79 34 7 99 32 40 39 86 13 26 94 20 71 66 56 30 10 89 50 70 16 76 95 3 36 72 97 2 82 9 67 59 85 81 45 57 37 62 96 52 93 44 58 33 63 23 12 68 87 80 83 25 6 24 73 100 49 35 69 91 53 90 38 88 41 18 1 22 8 78 29 51 74 61 75 60 98 43 47
34 52 14 58 68 48 40 20 19 83 70 89 65 15 56 25 26 57 18 74 38 44 37 32 77 73 72 11 47 10 94 17 49 23 31 88 75 93 9 76 28 67 30 45 80 79 29 59 33 98 69 51 55 12 71 7 62 92 91 35 53 8 43 24 41 5 2 42 100 96 95 21 66 16 99 4 3 60 82 78 87 54 13 22 6 97 61 36 86 46 27 64 90 63 1 39 50 81 85 84
13 36 44 91 65 86 54 95 52 4 40 6 96 20 3 75 39 58 14 19 88 2 83 82 92 1 47 15 49 34 29 33 22 32 79 66 23 17 97 93 90 56 70 84 63 99 16 68 78 100 12 10 24 67 89 55 87 50 59 8 72 28 21 43 94 60 7 46 80 98 77 30 9 31 61 69 5 57 42 26 45 11 41 53 81 71 62 25 73 37 38 35 18 27 85 64 76 74 48 51
94 33 72 93 29 88 6 51 82 39 68 55 32 61 26 63 21 83 84 86 41 87 9 97 14 53 30 77 13 44 70 98 27 35 23 75 3 60 52 85 47 65 64 59 45 67 15 69 50 66 90 38 46 62 74 40 91 19 1 80 36 58 76 37 4 54 18 81 71 22 11 10 12 79 5 95 25 24 48 20 42 56 49 73 43 78 31 96 92 17 99 16 2 28 8 89 7 100 34 57
18 16 80 83 19 56 49 8 84 82 61 98 85 17 2 33 36 20 54 75 95 57 45 71 9 79 73 40 81 66 32 39 37 69 50 15 97 42 64 23 25 35 90 76 7 68 24 60 53 96 59 28 22 1 91 52 88 62 31 51 46 21 92 87 3 77 58 72 70 44 99 47 13 74 38 93 65 5 14 48 94 26 55 29 12 63 67 27 100 43 6 30 41 11 4 10 78 89 86 34
14 82 64 57 32 24 35 74 100 8 48 86 39 62 37 77 34 55 36 73 78 65 25 49 7 43 79 4 5 70 90 9 15 16 21 3 12 89 2 67 6 92 83 42 58 75 30 72 19 51 94 66 23 76 29 95 81 47 28 84 18 31 52 38 54 68 69 88 41 20 40 91 53 71 93 60 61 46 87 80 96 27 33 85 17 26 1 56 63 13 44 50 99 97 10 45 59 22 11 98
50 35 52 37 42 20 77 71 99 31 17 57 89 6 12 13 90 67 30 56 44 39 58 98 79 87 33 81 19 23 3 5 69 92 11 14 83 51 53 29 93 26 27 43 47 41 36 40 91 78 34 84 97 22 49 94 21 25 73 10 64 82 80 55 28 48 1 100 32 2 66 76 75 54 72 61 18 62 63 85 88 15 74 16 46 59 38 68 95 60 86 4 8 45 70 96 65 24 7 9
40 48 45 43 50 92 34 54 96 12 91 100 58 1 27 49 17 64 98 97 22 53 47 62 80 16 35 6 70 9 46 4 5 87 28 42 57 15 95 61 36 20 32 90 76 18 66 67 25 68 60 37 21 79 39 8 30 99 89 14 74 84 31 23 73 56 29 52 38 41 19 77 86 85 13 83 63 10 69 59 78 72 11 94 65 93 2 51 3 7 71 88 75 24 33 81 82 44 26 55
12 75 92 72 14 59 38 83 47 27 79 54 100 40 22 87 91 53 43 65 39 56 44 68 81 67 60 48 8 63 24 36 57 13 4 69 2 58 16 35 98 18 85 99 64 62 7 29 30 61 21 82 84 93 37 46 26 55 49 50 89 78 6 51 31 45 96 25 9 32 23 94 97 15 34 76 10 71 28 66 52 80 88 95 3 33 70 77 74 1 20 11 5 86 19 41 17 90 73 42
89 34 11 38 9 63 10 22 65 43 41 16 81 31 51 20 97 19 13 15 53 88 29 47 44 84 76 49 1 52 33 7 30 64 26 96 95 79 6 91 23 94 99 69 36 25 82 17 8 28 42 62 39 98 57 24 2 27 56 45 67 55 14 86 90 75 71 68 78 35 3 66 83 61 70 58 74 50 4 37 80 48 12 87 32 72 60 18 21 77 92 85 54 100 5 46 40 59 93 73
80 61 67 3 49 87 23 28 75 44 2 50 88 65 76 10 13 51 1 70 71 62 11 89 42 52 7 32 26 25 17 18 36 39 30 59 14 55 33 15 19 85 31 78 43 86 58 38 40 6 83 99 8 73 79 100 93 56 22 72 5 34 94 54 45 53 35 21 48 69 96 16 24 47 29 66 27 95 81 77 97 90 98 92 20 68 57 41 46 64 12 9 74 84 82 37 4 63 91 60
43 53 37 95 74 79 22 4 46 11 51 35 69 33 85 60 66 7 75 64 49 55 88 25 58 100 92 29 38 65 56 84 10 77 83 81 76 80 61 45 73 1 19 24 71 59 63 13 87 9 17 57 5 44 94 67 78 16 90 41 30 40 98 42 82 26 39 31 62 47 52 93 3 70 91 68 20 12 21 72 28 86 96 14 36 89 50 99 48 27 8 32 23 2 34 97 54 18 6 15
78 14 97 11 63 19 33 86 20 71 47 81 60 44 64 69 25 73 99 88 74 98 24 84 93 58 94 35 51 36 6 56 92 27 87 10 67 18 1 52 80 83 100 23 32 30 49 2 7 13 50 96 70 72 65 66 61 82 76 39 79 41 9 68 62 37 45 43 42 48 53 34 89 90 16 22 17 29 46 15 59 38 28 3 40 54 12 31 8 21 26 91 4 85 55 5 57 77 95 75
37 44 32 85 71 33 89 61 83 6 5 90 72 9 95 2 42 41 77 27 36 47 78 58 34 62 84 79 60 97 74 73 87 25 94 12 17 75 28 88 96 80 81 20 92 13 4 18 63 55 24 11 91 30 38 10 15 7 51 86 45 43 64 82 65 76 93 1 8 23 39 98 59 100 48 35 57 99 16 14 26 68 22 52 56 70 19 46 29 49 50 21 40 69 66 54 53 3 31 67
27 84 98 73 88 44 53 43 85 14 3 51 48 95 29 66 35 47 15 68 46 50 79 87 23 30 55 16 25 28 21 99 24 31 58 92 74 7 34 36 18 11 96 89 5 76 100 81 12 2 45 13 20 4 60 71 32 80 54 57 56 94 83 62 75 39 72 63 77 9 33 70 19 82 1 26 69 49 17 22 86 91 40 37 90 65 97 10 59 78 41 6 61 93 38 42 67 64 52 8
29 90 83 88 98 50 5 81 35 15 23 43 18 4 48 30 47 33 11 17 25 96 65 95 63 37 67 86 40 45 53 22 31 41 13 84 71 74 20 79 77 34 1 56 39 46 89 24 10 38 82 100 52 66 28 26 9 76 32 60 7 69 75 16 64 99 21 91 87 36 94 73 61 49 44 55 8 70 12 42 6 14 92 68 51 19 93 2 54 80 85 59 97 3 78 72 27 57 58 62
2 63 85 62 39 99 91 3 50 56 26 18 44 29 74 45 5 66 16 54 32 70 59 24 57 31 61 12 95 38 28 87 80 83 47 25 9 86 22 69 64 55 11 92 37 98 96 41 76 17 84 20 35 8 90 14 82 48 58 67 73 53 81 77 43 79 94 4 15 7 34 71 36 65 100 89 52 88 51 75 60 19 78 97 21 40 30 42 68 46 13 10 49 6 72 23 1 93 33 27
38 20 24 17 95 53 68 70 45 85 36 31 15 59 67 92 52 97 94 83 1 77 84 46 60 50 3 22 49 96 44 65 66 42 75 63 6 54 10 28 16 48 51 58 9 39 43 5 32 56 98 79 41 21 99 4 13 87 74 69 80 35 29 19 2 57 30 14 11 100 88 82 91 93 71 33 23 27 73 8 12 78 81 26 18 62 40 55 47 89 34 86 25 90 37 76 64 61 72 7
74 67 99 90 80 60 65 66 64 10 21 38 57 55 39 19 69 25 37 20 92 6 46 45 62 33 48 24 47 58 5 77 41 98 7 87 72 53 85 17 9 79 3 63 22 8 35 11 97 83 29 68 27 18 36 88 71 52 81 26 43 89 23 4 34 44 78 59 86 12 15 95 30 40 76 16 84 51 94 61 49 13 75 56 1 2 14 54 96 31 28 73 82 91 93 100 70 42 50 32
32 85 4 44 33 21 93 91 28 97 64 73 13 67 89 84 80 62 69 99 65 68 86 39 10 49 14 90 78 26 81 58 51 36 95 61 43 38 24 9 29 6 98 53 30 31 87 100 60 37 88 74 72 5 34 54 8 3 83 94 57 71 40 2 12 25 82 50 27 56 79 11 45 1 46 7 96 77 22 41 17 76 15 75 16 48 42 23 20 47 66 19 35 18 63 92 52 70 55 59
64 58 75 24 91 66 51 73 55 86 42 33 12 60 32 18 29 14 2 100 21 31 15 67 20 44 95 99 43 49 79 68 4 72 84 45 81 8 92 6 82 19 7 77 97 71 70 26 90 62 13 69 3 89 96 74 56 1 5 63 10 80 59 35 40 27 25 16 22 88 50 65 87 98 30 94 93 54 38 11 47 17 76 34 52 61 53 57 37 23 39 48 9 41 46 36 83 28 78 85
44 54 55 20 22 68 78 100 80 30 19 32 16 86 4 12 61 59 82 84 51 11 75 33 89 94 47 97 37 27 64 46 42 52 73 70 88 71 69 40 83 74 56 66 38 24 41 15 99 93 26 9 50 36 2 23 49 58 39 21 29 63 10 48 45 17 3 6 28 31 14 72 96 67 25 53 60 65 98 87 1 34 79 81 5 85 7 13 77 91 76 8 92 95 18 62 90 35 57 43
42 15 93 22 28 49 75 39 77 96 94 63 97 88 38 7 8 6 41 29 27 100 90 91 1 68 65 84 17 4 35 50 59 67 32 74 5 30 51 80 34 54 16 82 19 45 23 58 26 71 89 86 92 43 18 57 64 31 37 46 83 10 78 14 13 81 12 44 85 62 56 52 70 47 40 20 66 55 72 99 73 79 3 9 11 21 95 24 25 98 60 69 48 61 76 2 33 36 53 87
77 78 16 26 43 74 41 80 34 67 44 64 14 7 25 15 89 35 92 85 24 29 19 18 12 45 31 55 52 47 72 62 84 81 70 53 61 27 8 21 69 93 5 40 54 42 38 23 51 48 37 1 65 97 30 6 99 95 57 79 94 68 87 3 63 90 86 13 33 75 4 32 22 76 56 49 73 28 96 2 11 50 83 66 71 88 36 98 17 20 100 60 91 82 58 59 10 46 9 39
87 86 82 54 6 75 50 53 92 34 46 39 30 5 66 29 63 2 32 26 62 67 69 83 74 25 1 60 70 15 84 59 93 24 85 64 89 57 31 47 7 3 73 28 51 78 68 99 14 91 52 4 43 27 76 22 42 21 80 81 12 98 20 95 18 100 38 8 90 55 49 35 40 72 19 23 88 44 45 58 10 96 36 71 77 9 41 79 65 97 11 33 13 37 48 94 17 16 61 56
8 69 100 49 54 46 36 42 91 66 38 74 52 68 88 93 31 84 89 98 82 27 97 41 94 35 15 80 26 14 45 29 67 86 34 85 73 64 57 7 61 2 72 65 28 55 99 44 30 53 6 75 90 77 22 81 11 71 70 24 17 25 12 47 21 59 5 19 40 51 78 37 4 62 10 43 48 20 9 79 32 18 39 58 50 1 63 83 76 3 96 92 33 23 95 60 16 56 87 13
84 100 62 98 38 8 96 17 7 76 13 27 58 97 86 71 19 39 88 95 16 99 50 81 36 63 25 68 53 18 59 85 79 82 77 57 31 3 54 74 51 33 49 2 89 52 1 10 45 22 46 94 28 34 87 83 60 12 61 90 55 66 26 29 56 70 40 15 4 14 47 44 65 6 92 21 78 93 80 32 37 24 23 5 42 41 64 35 91 75 48 20 72 43 73 67 9 30 69 11
23 92 78 1 18 25 46 79 74 33 80 67 50 41 98 82 16 72 7 77 57 69 2 90 8 97 58 87 64 84 10 83 65 54 88 99 48 32 60 71 47 39 24 75 29 95 81 36 15 11 14 6 21 9 35 91 59 51 68 42 40 17 61 53 38 30 63 62 13 86 100 19 31 20 3 27 70 73 56 4 76 44 89 43 34 96 52 5 85 94 49 93 28 66 26 12 45 55 37 22
49 18 63 70 37 95 88 19 42 35 97 62 81 56 69 44 83 22 17 59 73 40 93 55 2 24 5 10 8 57 11 20 77 99 27 67 13 34 15 82 53 25 65 7 86 9 32 39 98 1 68 89 48 64 72 87 76 41 38 23 21 79 91 66 80 92 46 75 26 84 54 61 52 3 74 85 71 31 6 94 36 28 43 4 60 50 78 90 12 96 45 51 14 30 29 33 100 47 16 58
70 13 21 2 72 67 24 99 14 3 18 87 91 22 59 4 40 86 26 55 11 85 62 80 84 38 98 33 44 83 37 78 9 90 17 77 39 29 94 51 68 49 20 31 35 61 42 19 1 30 7 73 15 71 5 93 89 53 88 64 48 100 58 27 60 50 76 28 97 16 10 96 92 56 34 47 41 95 75 65 74 23 45 8 25 82 69 63 6 52 57 54 79 81 12 43 36 32 66 46
58 50 25 16 12 5 27 18 3 75 89 22 40 26 28 6 95 70 47 61 85 35 81 77 100 71 30 76 33 41 9 10 88 45 37 94 80 44 11 83 78 90 48 21 52 73 46 92 59 29 62 97 39 74 56 36 7 24 49 55 86 14 57 15 1 42 96 68 43 99 69 8 84 32 17 72 31 2 54 93 23 64 60 51 20 79 65 67 4 66 98 53 38 87 34 13 91 82 63 19
33 57 56 59 87 81 76 11 67 26 78 25 71 91 27 23 96 42 55 93 58 3 6 74 61 82 60 35 39 100 36 1 46 43 68 13 66 50 73 53 98 88 89 32 24 7 64 16 8 40 47 85 94 17 69 5 75 97 86 19 95 18 79 10 20 45 51 99 37 80 84 62 38 48 83 12 22 30 2 44 65 72 29 63 15 92 9 4 34 90 54 14 21 49 52 77 41 31 28 70
67 65 29 43 21 30 18 44 61 89 33 92 51 85 19 86 99 48 22 66 80 13 47 56 78 40 46 63 4 74 82 2 28 14 62 42 36 55 68 57 6 20 97 93 84 38 73 98 25 87 41 60 9 58 95 16 54 69 12 32 39 34 5 96 72 31 35 76 94 24 64 77 27 37 79 100 1 50 3 88 83 26 91 23 70 8 90 49 75 59 53 81 7 71 45 52 11 17 15 10
98 39 66 61 58 9 52 72 2 94 31 8 69 36 13 97 73 56 20 81 6 45 91 43 59 17 35 95 38 30 15 51 49 55 89 90 63 10 77 12 96 70 87 5 16 1 57 22 50 46 48 83 60 23 44 99 53 100 79 76 84 33 32 64 47 67 68 14 25 29 85 78 86 27 21 11 62 34 41 74 24 54 18 7 37 75 28 26 40 65 19 42 88 4 93 71 92 3 80 82
57 27 41 86 50 4 19 46 31 25 87 59 26 69 36 83 14 76 91 13 97 8 39 23 15 22 82 56 98 24 18 67 38 58 90 96 44 62 81 34 40 29 28 61 75 5 93 73 7 68 63 10 64 37 17 35 79 45 16 48 32 72 84 52 100 74 54 43 9 11 30 21 47 88 2 70 20 53 95 51 33 60 49 92 6 42 89 77 80 85 94 3 71 65 78 1 55 66 99 12
19 1 31 40 51 16 99 35 97 5 49 66 43 81 26 42 76 9 93 62 63 23 60 44 75 74 37 21 41 77 67 79 90 73 46 92 59 94 39 50 57 27 25 30 33 3 65 85 4 52 87 64 61 56 11 8 34 17 2 45 88 78 6 83 71 13 55 18 29 68 86 100 48 12 20 14 28 96 36 95 38 32 54 98 91 80 70 53 84 69 22 15 89 10 72 7 24 58 82 47
73 97 54 30 57 14 34 12 78 51 8 84 100 77 3 62 56 38 29 2 39 66 68 6 82 42 89 20 19 9 69 37 64 96 10 81 41 33 5 23 70 58 21 80 93 28 26 86 87 61 27 25 71 52 13 59 50 55 35 49 74 15 95 63 32 91 43 85 1 46 7 4 76 83 24 79 92 16 60 18 72 36 90 31 48 98 44 99 45 88 40 22 11 53 65 47 75 67 94 17
12 62 34 77 59 91 71 98 44 27 20 70 72 14 78 54 2 46 99 23 64 19 8 76 55 85 96 66 61 51 48 89 3 75 5 26 100 4 87 37 36 50 88 17 57 18 22 45 79 65 28 33 38 63 84 31 41 6 69 58 30 1 25 92 74 43 39 52 68 81 97 10 80 94 86 40 53 15 29 21 7 49 11 67 24 93 32 9 60 83 73 16 47 13 56 95 82 90 35 42
60 55 6 75 89 57 12 24 27 61 67 36 42 74 15 65 44 8 90 52 100 98 13 19 28 72 91 51 93 10 87 66 92 4 96 70 85 56 62 35 32 82 17 95 59 30 25 48 78 45 58 37 84 53 63 40 31 99 81 1 34 76 69 41 54 18 47 94 49 26 80 2 3 39 16 9 68 64 7 77 79 20 73 33 22 11 71 21 97 43 29 83 23 86 38 88 50 14 46 5
40 74 79 64 10 6 7 77 51 98 65 2 25 32 83 11 41 100 76 43 59 56 78 29 81 70 54 17 84 23 16 75 27 88 35 34 30 69 4 13 90 80 46 45 72 58 52 38 73 95 91 26 8 20 37 14 94 66 39 53 85 22 21 67 82 3 36 1 89 42 62 47 55 57 49 31 87 99 18 96 5 68 63 15 92 97 48 33 44 93 12 61 24 50 19 9 28 86 60 71
9 96 12 35 17 7 54 33 48 80 100 50 39 92 1 47 27 10 73 14 81 59 55 42 66 77 40 65 89 70 22 36 75 23 3 58 57 85 49 19 31 86 61 90 99 76 97 67 2 15 60 5 56 72 88 13 45 16 62 71 52 44 94 21 98 8 84 46 34 74 29 30 41 87 82 83 79 91 20 6 93 63 69 24 64 37 68 32 78 28 51 11 53 26 43 25 38 18 95 4
17 34 45 42 31 28 66 83 39 43 2 72 3 40 84 59 21 87 46 5 49 36 82 22 98 7 16 24 88 11 38 71 20 65 80 10 97 58 90 33 14 92 37 91 79 86 48 61 52 73 30 15 70 93 29 56 6 89 63 62 53 51 74 4 96 94 64 25 69 67 81 23 99 85 13 50 100 47 35 32 78 77 12 41 57 26 1 19 27 8 95 9 68 60 75 18 76 44 54 55
56 49 95 36 68 45 15 31 4 50 91 38 84 64 23 20 55 26 12 63 69 47 40 11 29 59 51 57 3 79 27 86 22 77 65 60 2 1 83 73 88 94 74 99 42 70 76 75 85 78 97 81 58 7 61 46 17 52 87 54 89 9 18 33 41 37 62 21 80 93 19 25 24 71 35 32 44 10 67 72 66 82 98 13 43 28 8 34 53 14 16 90 39 92 100 30 5 48 96 6
88 48 94 57 82 11 29 68 22 42 62 40 9 27 24 46 52 61 98 41 8 89 92 34 36 16 44 70 59 17 26 47 14 53 18 97 90 60 23 99 56 91 78 85 87 39 7 28 19 58 49 66 67 30 38 55 25 50 74 86 2 21 71 12 73 72 79 54 93 77 5 64 51 31 76 6 10 84 69 1 100 43 96 95 3 45 80 81 32 13 20 35 4 33 37 65 15 63 75 83
74 46 3 72 92 70 57 6 47 12 85 35 20 49 40 21 91 80 77 68 22 84 28 54 43 5 2 67 29 13 42 34 11 51 8 19 86 95 82 25 39 61 53 37 69 64 58 94 48 31 36 93 99 98 73 45 44 59 56 15 63 81 65 89 4 55 33 78 14 97 23 18 83 16 62 76 75 71 30 26 52 27 100 10 1 17 60 87 41 9 79 50 96 24 7 90 66 88 32 38
37 32 89 27 9 36 35 4 54 64 53 42 79 52 8 94 45 90 6 97 76 99 10 86 21 67 33 40 30 34 83 93 25 13 7 69 91 77 78 18 19 5 84 49 60 14 66 72 46 3 98 38 23 73 39 29 74 47 22 56 62 65 31 48 55 12 59 11 100 51 96 28 43 24 41 58 16 61 15 57 95 80 2 44 88 87 50 70 68 26 1 82 85 17 71 75 63 92 20 81
31 99 43 95 56 42 90 27 1 23 82 16 17 10 5 79 100 44 59 3 54 55 32 7 80 88 72 28 2 53 65 98 52 35 12 4 87 96 93 48 67 57 47 9 15 75 8 83 77 18 21 63 66 94 50 41 62 11 76 13 97 19 51 58 30 85 29 37 38 20 91 33 64 61 6 46 69 92 70 49 84 39 86 68 36 71 34 60 81 74 89 26 78 73 25 45 40 22 24 14
36 6 88 47 29 89 83 63 66 44 73 54 85 93 95 49 30 91 43 65 35 96 100 40 64 28 7 99 42 67 12 8 71 2 58 37 27 82 79 59 84 62 32 76 81 56 18 11 13 19 90 23 97 61 68 4 78 70 17 31 50 55 14 34 86 1 45 20 41 72 98 94 16 15 69 87 5 9 92 25 46 53 80 48 38 33 74 51 3 39 52 75 22 57 77 24 21 10 26 60
14 98 92 71 99 47 49 40 13 54 15 11 28 75 63 5 67 78 39 24 2 53 61 20 16 19 79 86 51 59 4 60 76 93 74 84 8 41 17 56 23 64 85 68 43 6 37 21 89 9 29 80 22 42 70 66 87 38 1 27 18 36 62 30 81 82 52 91 88 10 48 95 94 55 57 45 97 69 100 73 31 90 50 35 58 44 12 96 72 7 65 46 3 83 33 32 25 77 34 26
78 89 8 82 76 95 68 7 18 36 79 86 57 66 58 37 69 52 51 16 93 87 5 99 6 41 92 15 74 64 55 94 30 21 73 9 32 12 25 45 72 44 13 27 3 65 67 60 40 100 34 90 19 46 49 80 63 83 53 77 47 70 33 29 23 88 75 4 54 35 26 59 17 97 91 71 84 24 61 98 39 56 31 14 10 20 38 62 96 50 28 85 43 2 11 81 48 42 22 1
50 81 87 38 84 17 40 20 9 14 70 59 96 95 2 73 39 53 85 88 52 77 11 32 22 37 83 6 58 42 33 65 61 19 4 15 45 76 35 55 80 97 27 74 92 82 34 64 3 66 54 99 46 79 36 75 30 44 13 8 67 62 7 1 90 93 10 23 63 98 41 60 28 43 48 69 57 89 47 29 16 12 26 94 18 78 31 56 21 51 5 71 25 72 86 49 68 100 91 24
43 53 5 96 49 40 38 54 52 62 36 6 32 3 70 87 4 18 19 79 41 93 83 10 45 23 8 91 1 25 17 9 15 100 21 63 72 42 95 65 73 77 90 71 12 89 60 2 92 28 61 31 24 55 46 84 26 7 14 35 75 47 22 57 59 20 78 64 44 69 51 16 97 50 67 56 86 13 81 34 29 58 88 76 33 68 94 27 74 30 39 80 82 99 66 85 37 11 48 98
68 67 28 52 11 60 58 16 19 53 35 81 64 46 56 69 17 5 62 31 43 78 45 82 14 9 73 34 86 54 7 39 48 59 94 44 95 61 37 20 79 84 50 13 18 25 3 29 83 23 77 30 4 49 99 24 71 27 51 72 42 89 76 100 26 33 93 22 92 32 40 90 12 70 38 75 63 8 97 80 1 21 41 87 65 36 2 55 66 98 47 91 74 96 85 10 88 15 6 57
100 35 51 3 4 78 14 84 95 69 68 17 11 9 81 92 50 93 54 98 53 29 1 97 42 80 49 32 13 65 5 74 33 39 30 66 23 70 89 61 75 56 99 87 6 8 82 31 20 96 85 45 26 44 94 79 2 37 90 88 36 43 67 25 48 60 58 86 18 55 28 52 21 7 71 73 27 46 77 76 12 38 64 83 63 72 19 16 22 59 34 24 15 91 10 40 47 57 62 41
38 71 2 80 40 91 56 28 6 33 22 31 55 20 37 96 34 25 94 19 72 67 41 64 54 60 76 49 100 63 66 81 57 32 9 83 59 17 26 93 10 85 44 84 95 87 47 89 74 77 42 82 13 3 4 88 48 35 98 50 14 58 43 24 65 62 16 51 78 61 99 46 69 79 1 68 36 12 90 86 73 11 53 27 52 5 21 15 23 18 92 97 75 45 8 39 29 70 30 7
15 21 13 93 19 71 6 64 96 39 40 73 54 44 22 89 65 16 34 32 91 27 70 45 41 4 62 48 28 33 24 90 72 98 52 75 37 80 59 85 50 66 79 10 51 94 78 18 53 81 83 46 55 38 20 47 92 49 57 14 25 88 100 68 35 56 17 12 2 95 77 3 9 30 5 63 61 60 42 97 26 86 8 99 67 23 87 1 43 31 11 29 76 69 82 74 7 36 58 84
75 12 99 13 42 84 51 10 82 79 54 32 61 11 73 2 78 46 50 92 17 6 44 33 1 93 64 43 97 62 56 45 7 15 26 3 14 67 88 91 60 35 83 29 47 98 4 69 39 76 86 49 68 18 85 23 21 8 89 22 27 5 9 71 87 77 28 63 70 41 72 34 65 52 31 95 24 57 19 20 80 48 38 16 81 58 40 66 100 94 25 30 36 55 59 53 96 37 90 74
22 66 59 58 48 67 23 86 12 84 61 97 15 50 55 7 9 79 96 70 1 39 30 72 89 33 90 16 81 88 49 35 8 5 83 87 44 100 91 98 25 18 43 51 41 21 17 47 42 71 19 28 45 4 40 73 38 56 46 26 76 20 80 31 94 53 69 82 24 99 92 32 75 54 29 60 3 63 14 36 11 37 85 52 93 74 62 68 2 65 10 57 77 64 95 27 78 6 13 34
35 88 37 81 59 53 41 22 87 17 94 98 27 55 92 100 62 43 64 71 51 11 34 13 58 84 48 73 79 75 74 21 5 30 23 45 31 18 16 72 2 47 3 60 78 52 1 49 99 85 50 68 95 36 67 10 57 40 96 80 9 69 8 61 76 39 7 89 20 83 15 24 91 19 70 4 6 86 28 14 63 93 56 29 82 26 54 38 65 77 42 66 90 12 46 33 97 32 44 25
13 36 60 56 14 80 65 55 10 19 48 4 88 76 30 75 49 20 37 86 12 2 24 58 94 47 81 31 82 52 87 17 34 99 95 71 15 53 21 96 62 89 54 43 59 44 63 68 51 93 9 50 98 57 23 100 64 92 77 69 72 42 41 3 27 11 90 70 45 18 38 83 8 33 39 28 85 5 29 66 61 78 16 40 35 32 67 7 25 84 26 6 91 97 1 22 74 46 73 79
44 14 17 11 100 16 9 29 76 24 51 63 99 94 20 4 70 68 56 8 78 72 46 39 77 61 65 12 57 58 79 32 36 1 38 53 75 71 85 42 15 45 23 18 83 84 10 97 67 59 2 43 34 64 27 95 60 19 93 96 82 52 35 73 62 48 26 5 86 30 6 92 50 74 55 88 7 21 87 69 81 40 25 90 31 37 22 98 91 89 66 47 33 41 54 3 13 28 49 80
41 9 46 91 5 92 78 70 94 10 58 100 48 1 39 71 90 85 23 20 55 50 86 21 49 43 77 29 56 36 64 38 99 57 6 27 3 52 18 40 33 26 65 63 22 68 53 7 32 83 73 67 75 19 44 96 93 82 59 30 15 8 45 95 34 54 97 87 47 12 74 80 4 98 25 16 42 81 11 35 28 89 13 66 76 2 14 79 62 17 60 88 69 84 61 37 72 24 31 51
55 78 80 83 38 66 16 95 32 85 42 27 62 65 67 29 24 49 82 37 44 17 36 68 18 94 19 22 91 4 69 99 10 47 50 88 6 89 97 1 51 75 70 58 64 100 77 15 81 98 52 84 30 21 3 28 53 20 26 87 46 35 48 14 31 63 72 59 71 90 39 74 13 40 96 86 25 23 76 61 45 79 33 56 5 12 7 2 9 34 8 73 92 43 41 60 57 54 93 11
18 100 11 87 64 25 69 85 99 30 27 51 31 78 42 19 8 37 13 6 70 92 84 22 50 98 94 55 5 66 29 33 44 16 28 39 12 79 48 17 58 34 26 52 38 36 83 88 91 14 45 95 59 89 71 82 47 43 80 97 20 86 49 53 67 76 57 72 10 15 3 56 54 46 61 7 23 74 4 90 9 73 65 81 68 41 75 24 77 1 96 21 2 63 62 93 60 35 40 32
34 16 41 19 95 29 10 30 24 99 31 64 89 79 65 85 13 6 80 18 88 70 26 47 62 45 25 81 94 44 90 7 73 52 39 56 77 20 96 11 32 83 46 78 9 71 43 5 82 57 12 51 92 67 91 74 15 1 37 28 60 22 97 86 100 98 23 42 76 87 36 54 53 14 4 35 48 59 27 38 49 2 93 3 75 63 72 21 8 69 50 84 40 68 58 66 61 55 17 33
80 20 24 17 62 68 52 71 44 86 1 84 6 16 10 97 25 14 58 99 19 31 8 91 92 89 34 3 18 7 61 77 83 38 33 74 48 45 9 76 28 79 51 42 63 46 15 23 5 11 69 54 85 12 53 50 41 59 75 39 64 93 37 43 2 21 30 81 67 47 4 82 90 26 95 94 66 87 98 65 56 96 55 22 60 35 49 36 73 88 78 27 29 13 32 100 70 40 57 72
93 75 70 89 80 8 71 66 45 83 49 25 59 47 38 39 23 76 36 29 95 62 9 44 30 52 14 50 21 96 11 46 17 67 87 12 100 31 10 58 53 33 2 20 15 24 35 34 64 16 82 79 1 37 65 57 99 41 55 94 61 6 60 54 32 26 56 3 4 7 88 97 68 90 72 84 78 51 73 48 42 74 81 28 40 85 13 22 92 91 27 77 18 19 5 63 69 98 86 43
91 61 50 31 34 46 72 8 100 55 21 19 16 15 98 10 26 64 67 75 92 85 29 59 60 58 86 71 9 17 44 56 89 73 40 36 43 54 27 52 57 48 28 12 45 99 38 81 33 6 24 96 88 53 77 83 14 87 66 41 80 84 23 35 3 95 94 97 69 49 11 68 74 93 7 65 18 79 82 37 32 13 22 30 42 62 39 25 47 78 2 1 5 90 63 76 4 51 70 20
85 42 77 90 89 52 22 74 64 98 8 33 65 86 13 44 19 58 41 80 38 63 94 55 91 50 2 7 92 59 15 4 12 71 75 57 76 93 20 81 49 1 87 5 69 62 16 37 68 54 17 32 27 97 84 78 56 34 82 10 35 21 66 23 96 31 3 45 72 100 60 40 70 67 30 11 73 29 48 79 24 14 28 26 51 88 25 53 39 83 6 43 46 47 18 36 95 61 99 9
53 44 49 98 10 5 35 67 31 11 80 71 52 4 48 12 81 97 40 74 59 100 88 83 20 62 3 77 6 24 45 28 18 42 15 14 36 75 51 29 16 76 30 57 85 23 70 26 69 56 7 91 54 22 89 90 17 58 34 60 43 63 92 19 33 68 2 38 73 96 1 39 32 87 46 66 8 61 78 99 64 50 47 79 25 21 95 41 94 37 84 86 13 27 55 9 65 93 72 82
64 15 93 37 32 57 77 14 61 28 20 39 8 60 44 86 36 41 2 83 31 68 69 80 9 99 84 27 85 97 59 73 29 82 55 98 56 66 52 38 90 67 81 92 16 12 75 4 63 62 89 58 3 5 87 6 11 100 91 21 70 51 24 47 1 13 18 46 48 22 95 45 30 65 26 50 17 7 35 78 25 49 96 88 72 43 42 54 40 19 71 33 79 23 76 94 34 74 53 10
5 1 66 85 55 9 50 89 54 6 47 44 53 84 12 77 63 56 16 15 100 64 13 41 34 91 20 79 59 76 94 88 37 70 10 35 17 32 98 46 23 3 73 65 29 83 30 58 95 90 78 2 86 27 60 67 82 80 72 71 45 28 36 51 93 99 25 31 49 26 14 42 96 68 19 40 33 39 7 8 22 24 75 38 11 97 57 18 4 21 61 69 81 74 48 62 52 92 43 87
42 34 55 94 21 99 96 81 20 4 3 26 38 73 15 82 89 83 32 95 47 8 19 46 61 85 68 90 23 93 35 31 43 58 27 1 84 86 24 69 72 16 25 66 36 13 39 30 97 53 41 11 65 77 22 52 6 50 70 63 91 76 98 2 45 75 59 88 28 29 62 9 40 100 44 79 74 10 37 92 87 60 7 33 12 17 18 49 57 80 48 64 51 14 71 67 54 56 78 5
77 65 34 35 97 72 91 39 51 66 13 61 12 85 78 90 42 55 14 17 24 94 15 67 59 30 92 33 63 27 22 18 25 87 46 38 73 7 36 28 9 11 96 31 76 45 99 40 60 2 84 4 41 58 69 19 88 74 50 62 5 79 29 70 43 44 71 21 6 68 83 98 82 1 81 26 93 47 16 89 10 80 49 75 37 8 53 57 48 52 100 32 54 95 23 64 20 86 3 56
87 77 72 20 74 28 70 51 91 94 33 56 60 49 64 45 29 59 69 85 34 57 75 95 44 42 98 11 30 100 67 84 41 55 35 93 83 15 2 13 80 25 37 53 27 16 14 99 46 26 6 86 48 68 18 22 9 47 43 76 7 23 81 66 5 96 82 78 31 24 97 65 89 88 79 61 52 92 21 4 90 32 3 8 17 1 36 63 54 12 38 10 19 62 40 71 73 58 50 39
57 96 35 59 6 82 75 69 49 67 44 14 13 88 4 18 31 12 5 62 27 21 90 92 100 25 89 97 56 34 84 50 87 36 70 2 19 22 1 68 83 29 78 45 80 55 24 41 77 39 28 15 43 8 74 91 42 95 58 79 51 98 64 38 40 17 32 10 33 46 81 63 66 37 99 93 60 26 94 9 86 54 73 71 16 11 30 23 20 3 76 48 61 65 52 72 53 47 7 85
60 62 30 61 58 6 36 3 38 47 46 90 97 41 76 40 95 42 92 26 64 88 68 51 7 22 1 39 29 56 10 59 24 69 84 25 63 57 34 80 19 55 98 49 52 78 72 100 45 27 33 5 8 43 81 37 13 66 32 54 53 31 75 77 12 86 87 16 94 14 50 91 44 89 21 23 96 70 20 11 83 18 74 4 15 28 93 9 17 85 99 35 48 71 73 2 82 79 67 65
27 90 78 75 28 49 93 38 65 61 100 67 51 6 36 58 77 62 15 84 73 59 60 17 12 63 46 72 5 43 70 29 20 14 11 82 81 74 55 4 39 99 97 2 19 41 32 24 98 22 37 69 52 66 96 7 79 76 9 83 34 40 10 94 89 45 42 25 85 3 53 44 88 57 56 33 31 16 80 87 91 68 92 35 71 48 86 26 95 23 30 8 21 18 54 1 64 50 47 13
95 86 98 77 91 7 59 43 2 8 38 34 58 67 19 66 35 65 75 27 74 13 97 18 99 72 47 4 57 51 37 12 69 41 85 64 24 40 87 9 96 93 89 32 39 79 23 56 29 48 14 68 84 71 30 26 49 31 54 53 62 1 78 42 28 70 21 6 17 11 82 73 22 81 10 100 88 15 63 94 60 20 36 5 92 80 61 83 76 25 44 50 16 3 45 52 33 90 55 46
32 55 56 51 43 4 18 75 14 35 17 74 20 7 26 15 66 57 24 54 71 79 65 76 21 70 96 47 81 10 28 78 42 27 62 61 5 38 69 88 93 2 19 82 92 86 73 90 13 94 68 25 50 23 95 44 77 3 31 58 85 9 52 87 80 67 40 8 34 48 100 72 36 16 49 53 1 64 60 33 97 91 12 63 22 98 45 46 29 6 41 89 99 37 39 59 84 83 11 30
94 97 29 86 17 74 76 91 22 96 63 8 9 54 84 6 99 47 30 59 16 69 14 62 78 40 72 95 92 45 81 34 23 24 32 20 88 51 3 67 10 36 49 68 46 5 64 73 75 55 26 39 60 1 28 61 7 48 83 57 2 41 53 82 56 25 38 44 89 27 79 100 19 12 13 43 87 71 93 58 21 77 18 15 98 42 65 33 37 90 85 4 35 66 70 50 11 31 52 80
52 13 4 22 9 81 7 77 39 76 23 43 17 59 16 14 80 8 1 64 65 45 42 19 74 86 60 84 2 30 53 68 34 35 5 24 89 27 11 15 78 6 21 93 58 51 41 10 48 38 88 94 91 62 37 99 25 69 73 32 47 44 83 36 54 57 63 90 40 31 85 70 56 61 3 20 28 12 95 75 96 67 79 46 50 29 71 87 33 49 55 98 66 82 26 92 100 97 18 72
89 28 25 70 96 14 34 16 67 82 26 57 78 61 66 83 21 9 88 87 18 65 91 23 2 29 11 80 6 54 46 3 49 4 68 30 13 43 75 47 98 35 24 7 72 33 36 12 73 37 62 52 76 63 17 64 59 85 5 19 50 94 79 10 99 74 1 95 32 92 56 31 45 48 40 27 22 53 38 41 55 84 69 58 77 93 97 81 44 20 86 42 8 51 100 90 15 60 39 71
78 57 63 1 92 27 33 83 13 50 19 22 18 17 25 52 61 29 76 43 82 40 93 98 23 53 54 56 100 41 6 48 4 86 51 39 7 62 94 36 14 88 47 34 84 31 42 79 3 91 71 74 64 85 5 87 75 65 38 46 73 24 44 16 58 20 67 99 11 81 66 10 55 32 35 21 30 69 15 70 89 26 2 37 90 60 68 77 12 96 45 9 97 28 49 95 59 72 80 8
29 39 82 6 37 11 48 47 42 89 32 66 79 19 53 84 72 7 18 100 97 98 2 43 8 24 31 63 28 13 9 4 99 25 91 50 52 30 76 14 36 86 17 95 93 73 57 96 90 1 87 33 20 61 56 67 45 54 16 55 88 15 26 44 38 5 51 3 77 80 94 12 23 27 92 83 62 81 69 21 71 64 40 68 46 59 78 34 85 75 74 60 65 49 10 41 70 22 35 58
84 37 79 26 51 30 66 20 33 3 64 92 5 39 59 42 73 48 55 49 36 56 58 12 93 38 95 100 89 57 18 71 47 43 96 99 74 19 6 35 40 70 88 17 11 1 22 13 78 69 31 10 94 76 2 16 61 72 86 15 32 81 91 21 98 8 68 7 25 75 52 53 54 82 62 14 46 9 45 44 65 28 63 24 87 34 80 4 60 97 29 83 41 85 77 23 27 67 90 50
21 69 100 30 3 62 28 70 97 43 78 65 56 92 83 13 44 73 34 48 99 94 25 84 10 82 35 2 27 15 16 5 22 72 37 1 66 63 33 42 18 32 64 40 87 95 46 14 19 51 58 26 4 59 57 54 89 49 36 67 76 53 12 68 75 91 98 52 8 23 96 11 90 39 74 80 81 38 41 93 79 17 45 7 24 9 50 31 86 60 20 47 71 61 6 88 55 77 85 29
68 3 6 95 22 24 54 99 92 40 87 2 96 98 89 93 88 66 31 56 80 83 79 42 11 8 82 21 91 23 1 51 75 70 90 35 67 10 64 58 38 74 61 77 33 28 13 19 26 41 46 37 73 52 16 94 76 25 69 49 72 71 32 55 60 18 85 20 97 84 78 29 43 15 100 9 65 27 36 34 47 44 50 53 14 45 5 39 63 57 81 59 62 86 48 7 4 30 12 17
58 85 73 72 71 47 24 46 77 27 97 87 54 33 86 23 83 10 26 2 81 35 39 56 95 59 67 15 98 42 3 89 60 45 93 52 80 94 68 40 62 65 100 61 79 9 74 91 30 17 1 64 22 48 32 19 8 6 4 12 84 99 25 7 63 92 90 50 29 16 55 37 31 14 69 70 41 96 18 49 5 76 11 51 21 82 28 13 34 66 57 20 88 53 36 43 78 44 38 75
79 27 74 2 57 19 53 95 47 5 10 28 30 97 91 65 40 80 46 66 86 96 50 29 15 71 37 17 94 83 21 99 76 64 89 69 42 77 73 6 75 20 16 24 43 38 26 39 58 92 35 59 100 78 52 81 31 45 61 48 90 25 84 60 9 55 3 54 22 44 7 93 51 56 98 85 68 1 88 4 33 63 23 11 32 70 41 62 72 8 13 82 49 87 12 18 67 14 36 34
73 52 33 24 81 45 15 86 84 51 65 46 28 14 8 95 16 87 50 93 63 66 55 74 82 69 83 76 23 77 72 1 18 94 9 85 41 96 92 57 43 61 38 90 30 68 25 78 2 3 22 60 5 20 35 13 32 53 12 39 97 26 88 4 21 54 11 48 62 42 47 59 70 71 80 58 100 49 56 99 7 36 29 10 91 19 79 17 6 40 98 27 37 89 75 31 44 64 34 67
37 58 21 43 99 75 68 36 59 71 15 62 100 4 69 60 93 27 39 5 17 74 47 34 28 32 79 3 84 11 86 53 66 63 24 26 85 8 22 44 31 82 7 91 35 67 87 61 1 30 18 40 97 29 76 78 81 89 88 64 94 33 57 92 20 12 55 70 52 56 23 2 25 83 38 6 45 73 50 96 77 90 95 19 48 13 72 42 46 9 51 80 14 10 65 49 41 16 54 98
17 49 67 73 31 54 29 10 27 25 74 60 99 69 28 11 56 100 77 13 58 19 33 6 55 79 88 40 93 53 32 35 92 91 66 14 51 4 5 37 47 39 48 41 3 59 34 45 76 16 94 85 21 70 7 50 43 12 65 24 18 80 20 22 82 87 26 23 78 9 84 8 52 97 72 46 71 63 1 2 36 38 57 98 83 96 62 90 75 64 95 15 89 44 86 30 68 42 61 81
9 84 52 40 12 69 88 8 80 26 55 89 14 29 74 33 2 22 59 11 85 47 54 73 57 17 51 60 79 38 36 90 83 48 4 67 39 44 53 76 77 41 31 21 75 7 58 81 42 94 10 1 23 56 63 93 50 35 49 18 20 66 62 37 72 3 78 5 100 71 68 61 86 24 82 45 13 65 96 98 6 15 43 95 64 87 34 70 97 27 32 92 28 30 16 25 91 99 46 19
2 7 31 64 4 20 27 25 72 80 41 18 48 50 63 59 78 90 29 61 23 89 82 24 84 100 55 81 33 9 54 47 11 75 21 12 71 17 44 74 56 49 76 37 32 39 65 34 8 26 42 83 15 98 13 91 28 38 68 45 30 10 58 96 53 43 69 1 5 62 86 85 87 3 93 22 97 88 92 51 94 19 60 57 35 52 14 67 16 70 79 46 40 6 95 77 36 66 99 73
33 18 92 97 76 87 12 4 74 54 89 83 55 36 32 39 45 61 7 21 84 44 94 25 16 77 90 86 3 46 62 66 50 88 79 38 9 73 28 98 65 19 93 69 57 41 52 58 40 82 63 20 6 42 72 95 78 30 35 51 27 100 5 67 24 26 1 85 13 2 29 71 99 70 8 15 53 31 47 80 23 43 91 34 56 75 64 68 48 96 49 14 11 17 37 10 81 59 60 22
67 63 75 53 49 42 45 37 7 23 62 55 91 47 85 54 96 98 4 52 69 65 10 20 50 68 33 6 41 14 89 77 36 58 83 27 30 29 61 59 79 100 56 9 60 18 3 28 87 39 13 73 46 93 11 5 97 51 22 94 48 2 21 15 71 99 66 81 24 88 80 35 76 92 86 44 16 8 90 26 17 34 38 43 70 78 32 64 84 19 1 57 72 31 25 40 95 82 74 12
70 33 32 47 87 36 46 66 99 15 34 14 3 94 23 4 41 39 6 55 95 57 45 81 63 44 40 49 88 25 48 93 5 67 31 9 97 58 84 18 7 1 53 8 89 61 96 17 59 54 27 80 68 72 79 22 62 71 90 2 42 65 92 52 74 100 29 76 51 82 69 19 16 85 75 64 20 11 30 77 37 21 86 13 98 50 12 35 78 91 73 26 38 60 56 24 83 10 28 43
40 46 64 42 50 33 5 67 76 75 18 26 57 51 3 77 69 78 54 97 49 70 91 90 22 12 39 35 58 16 82 86 65 92 94 56 2 80 15 45 60 48 84 10 37 20 32 36 7 1 24 38 71 30 29 59 34 27 81 44 55 14 87 41 13 62 17 63 21 11 98 95 68 43 66 52 9 99 79 88 74 23 31 85 6 61 8 96 4 25 53 73 47 19 93 89 28 100 72 83
8 98 99 3 63 88 90 33 55 12 53 50 59 68 24 45 97 35 91 73 25 78 61 49 81 74 5 16 42 47 96 85 31 87 77 75 57 64 60 21 82 58 1 23 71 37 70 44 20 14 52 89 28 17 4 6 95 83 39 84 9 62 66 100 18 56 79 86 92 36 30 54 80 26 41 67 10 46 22 94 76 40 32 27 34 65 2 93 19 43 38 51 7 11 29 13 72 48 69 15
35 99 83 27 65 86 38 28 75 64 2 36 60 10 58 30 100 1 17 92 78 53 8 54 32 43 14 11 67 79 94 33 7 59 80 3 61 56 57 51 73 47 90 85 24 42 29 22 15 41 77 23 70 74 49 71 44 21 87 26 63 82 98 34 4 72 62 45 37 93 5 40 97 31 39 76 69 13 6 25 95 91 89 9 68 20 52 19 18 46 12 84 48 50 66 81 96 88 16 55
38 74 3 98 68 94 49 44 9 42 39 67 69 37 1 47 11 51 84 81 2 25 78 95 66 53 16 12 15 64 90 56 52 93 8 57 10 55 62 72 88 33 13 87 18 99 100 85 35 65 73 28 19 83 61 29 36 70 75 77 14 41 71 63 23 79 46 43 20 27 58 91 17 50 34 31 6 60 4 22 80 82 26 76 40 86 54 5 96 97 48 30 32 92 7 45 24 89 21 59
23 48 12 16 91 99 19 22 85 72 35 74 62 77 51 25 34 70 11 1 32 59 60 71 80 49 15 95 61 18 83 17 28 96 88 45 65 3 4 79 44 5 42 30 86 58 66 68 52 29 47 81 56 9 50 57 2 97 13 69 21 36 31 27 55 82 76 37 54 89 64 98 75 94 6 87 7 84 73 8 78 14 100 67 43 40 38 10 39 93 41 53 90 24 33 46 92 63 20 26
100 14 62 90 29 95 99 40 3 76 38 78 61 86 88 12 31 67 43 8 7 69 83 41 54 50 49 51 52 26 4 45 73 21 74 25 19 33 35 56 2 18 85 13 6 24 48 30 92 9 34 97 91 46 37 66 87 55 32 42 82 17 36 81 59 98 64 11 80 1 10 96 84 79 70 71 5 57 27 15 65 72 53 23 28 89 44 16 94 20 47 77 39 68 58 75 63 60 22 93
49 47 59 96 33 8 57 54 19 56 32 91 16 46 2 85 29 84 73 3 22 88 92 77 37 9 62 10 82 75 51 28 79 52 30 83 63 100 17 20 67 97 27 76 99 64 93 72 89 78 86 43 90 34 38 55 74 44 25 50 95 48 61 71 35 39 87 13 70 31 1 65 69 6 36 4 60 5 98 7 81 53 80 14 42 68 40 41 45 23 94 66 18 26 11 12 21 58 15 24
12 75 97 55 82 17 72 98 35 94 68 8 15 22 27 76 5 38 89 77 19 45 29 39 58 23 60 28 86 70 67 87 10 13 26 93 88 52 78 34 84 62 50 80 20 6 14 51 83 57 54 49 9 16 3 46 99 33 31 30 61 47 53 64 90 42 56 100 1 74 40 66 96 7 71 69 59 24 2 91 36 48 85 44 11 79 63 32 21 37 65 81 92 95 43 41 25 18 73 4
81 54 85 1 11 7 89 53 48 69 66 43 44 65 92 18 90 5 80 24 21 8 28 15 42 97 58 50 13 84 37 60 72 38 73 36 100 41 26 30 25 34 9 74 95 23 17 2 39 91 49 45 67 4 96 52 94 99 79 35 70 19 82 87 6 33 10 64 88 77 14 78 83 40 57 68 27 62 51 86 16 32 56 55 20 71 22 98 47 12 46 61 29 93 59 3 75 31 63 76
31 32 17 57 44 89 58 29 95 4 47 3 64 93 40 21 99 11 94 14 72 100 26 98 18 73 7 34 9 74 38 81 61 77 52 10 83 76 48 25 50 75 43 28 5 55 36 23 68 51 19 6 66 49 46 37 54 56 53 13 15 78 70 24 62 67 16 82 45 86 84 39 63 90 20 12 79 59 97 87 22 88 27 92 2 35 1 60 80 85 42 91 41 69 30 96 65 71 8 33
36 82 87 44 55 78 70 30 10 67 6 56 25 9 5 40 73 68 62 23 92 54 100 57 43 22 61 77 51 66 53 88 8 41 50 74 76 69 91 29 15 90 20 71 7 83 97 37 79 45 2 75 35 3 95 80 26 17 72 28 52 94 59 58 34 93 32 19 63 84 85 21 24 64 16 47 33 89 48 11 31 12 98 42 46 1 39 14 81 60 27 86 65 4 18 99 13 38 49 96
50 85 5 71 10 21 40 45 96 62 82 93 39 44 95 65 9 53 56 70 76 86 97 67 49 29 73 84 74 58 11 46 15 51 12 98 75 22 77 91 68 64 83 99 81 14 30 59 25 79 69 90 72 19 54 100 36 16 17 80 89 52 35 43 94 27 7 4 42 26 41 92 32 55 2 38 3 34 37 57 60 78 8 48 88 13 31 18 66 61 6 24 23 20 63 1 47 28 33 87
69 16 43 62 42 74 83 85 1 51 26 35 6 79 48 63 39 33 20 98 88 3 5 10 77 91 19 73 59 65 46 38 80 71 17 94 84 31 8 81 29 50 44 67 32 56 99 4 14 27 9 82 45 18 13 41 92 7 58 22 57 72 52 25 47 37 30 12 93 90 49 68 21 54 95 55 24 86 100 76 2 36 64 87 75 60 89 15 23 34 28 97 53 96 78 66 61 40 70 11
14 84 54 51 74 50 93 61 6 25 33 57 71 40 77 19 76 86 64 63 70 13 65 68 17 87 44 66 53 62 28 52 27 98 3 34 41 12 59 11 5 79 72 18 83 45 7 100 29 31 80 95 58 1 22 56 30 20 43 23 60 92 37 38 26 96 35 42 2 97 94 73 91 49 4 88 36 21 9 48 46 39 81 90 10 85 75 55 8 78 89 16 99 47 82 67 69 15 24 32
87 35 14 38 58 9 59 24 12 96 65 99 26 78 20 69 17 19 40 16 11 36 46 47 91 4 76 43 85 63 42 31 44 100 51 82 13 95 49 67 70 45 80 27 84 75 41 5 74 6 21 57 94 64 90 79 71 8 77 32 25 28 60 23 73 68 72 15 18 10 34 62 30 52 29 53 66 33 61 37 89 56 93 83 81 98 48 22 92 3 50 88 97 2 55 39 1 54 86 7
75 1 28 19 18 27 76 79 82 17 100 71 22 16 4 66 55 52 58 13 57 63 62 51 94 25 34 87 97 90 35 84 30 39 32 2 89 45 95 88 33 92 99 65 9 36 49 21 12 53 31 54 61 67 60 10 91 40 70 14 64 8 80 86 81 48 23 72 83 29 26 42 50 98 5 85 37 93 3 20 24 15 41 73 77 44 69 56 68 59 78 6 96 74 46 47 7 11 43 38
88 89 2 37 34 40 10 73 52 99 70 22 11 91 56 44 67 18 32 84 54 77 9 76 100 58 48 39 63 3 26 7 57 90 85 66 8 42 25 1 36 83 53 43 78 51 23 16 81 13 98 93 24 79 28 47 31 65 55 72 75 20 69 30 60 59 94 87 15 46 4 45 64 19 17 95 96 29 41 38 12 86 33 97 82 92 49 27 35 80 61 21 68 14 5 71 50 6 62 74
34 92 37 31 95 70 53 71 78 97 64 33 38 55 12 10 30 65 19 27 35 68 6 72 44 80 81 4 18 36 49 83 14 2 39 15 73 20 9 46 96 56 25 75 11 13 82 48 99 100 61 94 60 58 77 74 45 62 66 1 43 69 23 54 98 50 52 22 47 67 7 16 28 88 91 93 86 51 17 41 42 84 90 89 3 63 21 87 57 26 5 29 8 85 32 59 76 24 40 79
5 96 24 59 80 28 79 74 87 89 15 72 42 56 73 86 62 51 22 20 12 50 30 18 6 61 31 68 21 4 84 67 46 47 35 44 45 82 85 36 69 26 54 78 71 52 43 94 53 2 83 99 34 8 70 7 63 92 93 10 39 98 29 95 64 77 57 91 38 81 3 9 88 32 40 66 75 55 60 14 100 11 16 41 1 37 19 13 76 49 25 48 33 90 23 65 97 17 58 27
91 37 89 80 100 30 9 68 4 82 3 36 31 20 70 84 61 16 41 29 39 92 24 86 79 99 77 33 64 49 44 98 90 55 7 88 52 18 27 17 93 57 5 42 38 25 10 69 50 59 12 85 95 22 2 83 32 21 73 56 45 1 78 94 67 76 28 51 26 48 43 53 74 47 15 75 63 23 14 35 96 60 65 81 58 11 13 46 62 66 34 71 19 72 8 54 40 97 87 6
94 17 8 88 14 92 78 35 18 46 79 63 81 38 10 15 4 59 93 75 100 64 36 84 62 7 65 97 22 67 21 39 87 5 89 71 24 70 98 33 23 80 96 29 12 1 37 47 95 68 50 74 99 73 40 90 11 53 26 27 91 6 76 19 86 60 54 31 41 20 48 34 61 30 13 28 85 2 42 69 49 58 25 16 52 82 9 77 3 83 66 56 43 55 72 32 45 57 44 51
74 57 29 94 32 68 6 11 46 34 41 65 72 95 81 75 8 100 69 71 43 79 86 12 20 35 96 80 60 28 10 22 64 16 23 63 7 51 31 55 82 27 70 52 42 21 78 26 33 83 45 67 84 17 91 40 47 19 62 76 36 5 49 66 3 30 97 18 44 14 99 25 4 1 48 89 88 13 38 58 39 50 15 53 92 59 87 54 77 98 85 93 24 37 61 2 90 56 9 73
26 77 70 82 97 4 18 7 66 71 46 19 89 75 38 13 44 78 96 86 62 72 52 99 15 47 1 24 40 100 17 58 37 81 11 87 5 79 21 12 80 67 30 20 29 84 64 83 10 98 60 50 73 49 65 45 48 43 8 41 35 34 2 14 53 90 33 59 68 92 28 76 9 74 55 56 23 95 39 36 93 31 69 51 22 88 57 63 91 6 16 32 3 27 85 25 54 61 94 42
95 78 98 81 51 14 91 63 94 39 87 89 50 11 55 82 80 29 67 61 47 85 34 42 30 16 12 20 8 79 56 9 48 15 58 97 43 54 18 53 72 21 26 32 45 5 68 49 69 46 88 60 64 44 27 75 90 1 36 71 83 23 22 70 41 25 59 62 10 99 6 4 65 76 66 35 52 74 7 92 17 73 2 13 37 96 93 24 84 28 100 19 77 33 40 86 38 3 31 57
43 55 36 49 39 91 23 14 54 5 19 34 27 66 53 2 52 26 51 95 93 62 11 40 92 63 37 71 67 88 64 21 12 99 13 4 85 32 16 83 58 77 73 84 87 79 89 7 24 56 90 30 48 6 78 8 61 59 98 96 46 42 10 35 70 74 82 38 86 22 97 28 3 68 25 33 18 44 15 65 72 20 80 94 50 45 41 31 29 17 76 69 75 81 1 100 60 47 57 9
22 81 60 77 28 11 36 42 24 43 63 70 65 3 39 83 49 72 74 68 8 6 25 21 45 5 64 91 19 41 18 32 79 73 40 96 66 38 87 50 98 44 88 58 27 30 35 97 85 15 14 59 26 71 84 34 78 69 46 53 56 55 9 29 100 57 12 10 31 47 33 80 48 67 99 16 1 89 76 90 7 2 13 4 93 61 94 23 37 52 92 75 54 51 62 95 17 86 82 20
44 97 46 2 40 82 69 6 32 24 17 25 53 1 30 96 26 35 14 41 59 21 90 91 98 31 68 45 84 52 61 65 71 60 38 37 56 92 81 80 16 29 28 51 43 78 39 99 64 76 33 63 15 36 34 4 54 11 5 58 67 18 95 47 27 94 86 89 9 75 72 23 12 73 19 100 93 77 70 85 55 79 88 3 87 48 7 42 20 57 10 22 49 83 66 13 74 8 50 62
73 20 80 83 5 79 96 55 28 10 23 4 88 31 25 62 19 9 16 74 91 39 50 29 59 98 3 48 32 44 22 8 33 57 95 64 17 67 2 7 40 76 97 56 35 77 47 38 46 37 71 52 54 85 68 82 41 89 63 60 100 58 81 72 13 11 43 14 21 30 92 24 94 93 61 86 78 84 75 42 87 27 36 26 18 12 90 66 53 69 99 1 51 45 65 49 34 70 6 15
55 100 25 52 72 5 35 17 2 79 44 39 43 76 59 90 21 80 13 6 41 30 19 23 9 70 98 7 82 53 81 37 91 83 96 58 87 71 51 61 99 66 64 57 47 16 4 75 67 22 46 89 92 68 74 28 14 31 34 15 10 86 45 62 65 95 38 8 56 24 88 63 40 49 93 60 42 20 12 27 97 18 54 33 32 78 36 26 85 77 84 11 69 73 29 94 48 50 3 1
89 71 4 73 62 29 16 64 59 50 97 42 40 67 76 100 47 49 17 99 55 31 81 46 84 72 11 22 43 51 36 18 3 1 6 53 77 74 10 48 68 25 23 80 39 12 24 15 60 69 30 79 98 37 32 26 2 85 14 90 86 44 7 61 58 45 21 82 27 96 66 56 8 83 35 94 92 34 78 9 91 93 28 57 63 20 95 38 41 75 54 33 5 87 19 52 88 65 13 70
49 9 94 20 56 81 22 12 13 86 78 60 16 26 98 52 50 61 23 79 65 17 59 92 34 30 51 55 97 96 45 62 10 42 84 85 36 43 1 69 6 11 32 63 58 33 77 41 91 48 37 4 76 27 18 24 89 82 28 46 2 53 40 3 99 70 75 95 68 35 54 90 47 100 31 15 8 87 19 66 21 74 39 5 71 29 67 7 80 88 44 64 25 57 38 72 73 83 93 14
60 65 17 85 6 80 50 68 22 19 74 44 62 52 26 58 70 56 5 64 53 99 75 7 14 86 95 29 9 16 69 79 59 30 27 84 90 34 39 4 2 49 11 40 89 71 81 76 98 38 41 46 100 66 20 36 97 24 61 63 32 31 83 12 87 88 25 94 72 42 15 47 45 54 82 67 48 1 35 73 33 77 3 28 51 23 18 91 78 8 13 10 21 43 93 37 57 92 96 55
93 12 16 53 48 69 49 91 83 8 2 9 59 81 54 60 95 87 82 43 27 68 42 97 29 40 30 90 61 45 6 94 51 36 18 70 96 15 88 65 31 85 37 10 28 98 73 64 5 66 35 32 75 38 99 23 50 58 56 86 7 25 33 77 76 1 84 4 14 80 39 44 17 79 34 20 13 24 11 72 71 67 47 46 57 19 74 62 22 21 26 3 89 63 100 92 52 55 78 41
98 69 13 58 54 6 14 89 47 53 36 90 12 64 91 92 77 44 1 19 74 40 70 43 99 85 20 34 4 24 82 50 61 32 46 59 42 27 73 93 39 3 84 95 30 100 60 86 15 63 94 49 55 7 35 88 9 37 80 87 29 51 48 83 31 75 45 28 76 68 96 72 22 97 67 21 57 62 81 79 56 26 23 38 65 52 2 17 33 18 8 16 78 41 71 10 5 66 11 25
19 49 45 56 96 36 75 51 4 40 8 98 52 84 92 5 91 20 72 21 44 54 2 74 1 89 88 47 70 27 12 29 80 53 10 34 14 61 79 15 50 32 24 7 86 82 16 18 77 95 28 69 71 55 30 73 62 35 37 57 17 93 43 48 38 63 58 78 90 3 100 83 97 87 76 23 25 46 94 33 6 64 22 11 31 65 60 67 68 13 39 85 66 99 41 42 9 81 26 59
41 28 72 64 49 19 15 100 80 47 13 83 32 5 66 46 14 7 85 26 52 78 88 68 75 94 16 99 86 43 70 59 17 54 91 24 3 89 62 9 51 92 98 45 63 31 18 73 35 11 6 58 50 34 39 96 56 48 76 84 21 82 44 57 71 81 2 42 4 69 38 97 53 33 30 61 74 65 79 95 77 90 29 10 67 87 40 93 12 1 22 8 36 23 25 27 20 37 55 60
32 42 82 11 38 16 56 25 45 80 40 27 6 74 36 49 66 76 29 18 1 87 14 22 60 19 47 72 15 64 9 75 41 69 70 10 48 7 50 21 28 62 61 2 17 46 67 24 68 90 26 33 86 77 79 44 34 52 65 81 96 84 8 89 93 20 51 13 100 95 23 12 4 85 83 63 31 59 88 97 73 37 57 58 5 43 54 99 92 94 55 98 71 3 78 30 53 35 91 39
56 13 97 86 92 48 34 54 72 14 35 17 26 24 22 42 27 25 98 37 6 89 78 58 61 55 8 32 1 93 59 73 7 65 21 33 67 50 94 71 79 99 3 41 75 87 57 36 4 96 29 9 20 30 5 80 38 76 83 19 85 63 64 82 40 62 39 44 43 23 60 31 69 2 10 46 70 91 16 18 47 28 74 15 12 68 49 81 95 90 52 51 88 53 45 77 11 100 66 84
18 66 64 22 21 17 33 72 91 84 67 46 39 97 15 59 63 58 99 93 78 12 40 49 8 38 55 42 94 11 54 20 48 19 37 69 74 75 61 28 9 2 89 82 41 62 68 98 7 23 13 51 85 43 52 4 81 34 57 88 30 70 32 73 1 53 71 6 25 87 77 60 44 90 80 27 65 96 95 29 79 24 92 31 35 26 86 83 16 14 45 56 76 100 5 50 3 10 36 47
27 50 21 89 84 72 48 81 67 64 80 87 8 88 69 7 24 14 36 5 38 6 41 19 11 45 46 70 42 9 32 12 65 94 75 61 86 93 17 34 43 16 100 66 57 3 49 56 92 55 22 96 52 20 23 13 59 95 1 31 79 15 91 2 28 68 47 99 33 44 78 30 25 62 4 26 10 73 77 51 74 63 60 71 76 58 97 35 54 40 53 90 37 82 39 18 29 98 85 83
85 86 53 91 57 20 7 69 50 11 4 62 15 27 19 94 81 8 54 66 49 92 10 55 64 100 89 68 33 59 29 26 72 14 28 90 61 30 23 38 56 65 13 31 24 73 76 60 97 77 48 83 43 74 88 34 82 45 2 80 40 9 67 36 75 79 42 1 22 98 47 3 87 71 16 84 99 21 93 78 52 44 18 37 17 70 25 96 46 39 51 6 35 12 58 63 41 32 95 5
2 58 54 26 98 45 66 19 39 6 68 64 84 56 40 87 23 73 37 80 18 11 61 38 82 52 79 67 65 76 24 51 25 27 5 20 81 17 15 99 14 34 47 21 59 70 42 88 8 28 78 10 1 94 69 71 43 3 91 55 63 35 75 31 48 100 16 62 92 83 95 85 36 72 49 22 41 30 96 74 86 13 12 9 90 97 32 57 44 50 29 60 46 89 4 53 33 77 7 93
53 52 31 16 9 47 77 98 97 27 10 55 69 41 29 6 35 48 59 11 51 62 92 44 93 82 40 63 74 83 79 2 43 4 34 13 23 94 20 85 25 75 65 99 46 95 72 90 1 58 18 37 21 78 57 26 28 71 38 8 12 66 84 42 5 80 54 88 32 39 91 100 68 24 3 73 87 86 45 89 61 96 50 67 15 14 30 33 60 64 19 76 81 17 70 7 36 22 49 56
35 38 99 42 63 49 51 27 78 37 62 2 58 3 84 14 7 57 46 85 97 96 82 45 23 60 83 16 22 15 1 98 11 43 55 4 6 86 69 13 10 93 90 30 33 94 8 31 20 52 87 64 41 29 17 47 88 56 59 67 73 76 24 34 12 44 18 25 54 100 50 70 80 48 39 68 71 5 28 75 26 19 95 92 72 40 53 79 21 74 32 89 91 65 77 9 66 36 61 81
78 6 88 35 34 60 71 31 38 66 49 100 61 73 4 20 89 55 62 15 54 98 58 83 2 41 94 79 95 46 86 10 93 77 47 99 12 56 36 96 75 26 16 17 22 8 29 13 59 81 85 91 70 9 63 90 74 25 50 45 39 40 97 51 82 87 69 19 48 72 11 33 3 92 1 14 53 57 21 44 5 80 32 7 68 28 52 64 27 65 42 43 84 18 76 23 67 30 37 24
17 46 100 43 4 66 81 35 95 83 39 54 50 69 67 29 88 1 89 32 72 27 44 11 7 24 33 10 75 47 5 74 90 99 68 98 59 57 37 52 77 41 42 53 92 86 38 40 45 60 58 73 8 93 87 28 25 51 96 97 56 71 79 3 20 31 62 12 78 16 82 64 48 94 70 49 22 61 63 21 23 76 55 34 91 80 65 36 19 9 2 15 13 6 18 85 84 14 30 26
80 27 77 98 65 52 41 38 6 85 1 3 18 59 32 30 95 70 84 83 92 29 21 54 74 28 45 81 58 57 55 39 36 64 90 67 71 69 78 51 73 97 2 5 19 42 75 17 82 7 62 23 68 56 76 24 44 47 9 14 50 10 25 100 63 43 35 86 13 49 53 93 66 12 46 72 61 11 87 20 94 34 40 8 60 33 89 37 31 96 99 48 22 91 26 88 15 79 16 4
13 44 63 17 43 54 46 36 33 28 53 84 42 7 56 37 93 6 94 87 85 55 8 98 12 88 5 27 59 4 96 32 14 25 66 19 95 40 90 47 78 20 31 60 97 65 83 61 89 68 82 39 3 76 11 99 77 41 86 50 70 81 57 1 45 91 79 23 51 18 52 74 92 15 26 58 73 69 80 2 29 21 75 24 38 62 48 16 9 34 49 35 72 10 30 22 100 64 67 71
52 53 67 24 81 57 65 84 55 44 34 35 60 98 64 11 4 90 14 2 31 72 26 47 95 42 39 49 88 13 66 94 3 63 93 58 80 8 82 79 15 36 1 23 37 61 78 29 87 85 10 97 48 12 73 75 7 38 62 77 20 33 74 54 30 86 40 22 70 9 83 32 21 6 41 43 100 99 69 96 45 56 89 19 25 5 71 51 18 27 92 46 68 28 59 76 91 16 17 50
40 67 50 57 87 86 88 20 84 54 27 78 64 10 13 23 42 66 90 59 71 69 68 73 98 17 14 56 52 38 62 53 8 91 80 1 2 29 49 6 65 58 51 12 36 39 100 34 32 18 77 31 5 83 85 81 76 92 89 35 9 99 41 70 4 96 72 15 28 55 19 94 16 37 74 11 46 60 30 61 63 82 7 95 24 75 45 25 3 26 79 97 47 44 33 43 21 93 48 22
23 34 14 87 68 88 90 6 27 36 85 50 91 32 83 95 65 47 80 100 70 84 15 64 10 71 49 60 79 33 94 58 30 75 24 56 57 19 44 35 18 89 7 37 93 59 17 99 52 73 54 2 38 61 67 29 8 16 51 69 55 43 12 48 62 72 98 5 26 41 74 77 13 46 20 76 45 53 92 25 28 78 63 40 3 86 22 1 39 97 81 4 9 66 11 31 96 42 21 82
67 61 41 38 19 75 28 14 18 30 55 66 5 16 8 73 99 12 76 31 69 50 84 13 57 32 25 35 44 74 65 78 29 24 87 81 51 42 53 82 34 47 48 92 60 20 22 4 58 71 49 86 46 98 7 56 95 17 54 2 89 68 26 15 33 85 63 91 11 62 80 10 96 43 100 83 79 88 36 70 9 39 45 23 21 72 1 90 97 3 94 77 40 64 37 93 27 59 52 6
37 7 79 62 50 87 29 43 9 26 58 56 38 61 2 93 47 83 28 97 36 3 33 24 49 8 54 77 85 90 4 71 66 23 39 60 91 53 57 48 70 100 21 76 18 67 25 22 73 92 1 20 65 72 94 45 13 55 14 42 75 78 6 44 89 99 32 63 5 15 81 59 51 31 98 40 68 27 82 80 88 17 11 52 64 41 69 34 35 84 16 86 74 30 95 96 10 46 12 19
77 99 95 94 71 44 27 67 7 75 73 97 57 78 63 33 100 91 92 49 19 53 54 25 6 37 86 4 41 3 16 22 12 31 58 66 10 20 84 42 88 90 87 24 79 98 93 68 2 48 34 1 28 23 72 35 64 80 26 51 15 17 65 96 21 5 85 45 38 56 55 18 89 81 62 52 9 8 50 14 59 11 76 43 36 74 39 70 40 47 30 83 61 13 32 60 69 82 46 29
57 98 73 40 37 63 89 66 14 23 22 18 30 95 58 1 70 39 32 92 25 65 79 59 41 69 35 31 93 62 51 83 52 47 77 44 3 12 24 74 19 27 17 9 64 6 13 16 76 38 97 11 90 4 36 8 99 50 87 48 5 80 88 21 96 82 94 81 29 7 68 56 91 26 72 45 28 71 20 15 10 86 43 85 34 42 75 49 100 78 60 84 2 61 55 33 54 67 53 46
64 36 66 27 89 24 40 11 42 35 3 61 100 6 51 97 78 37 31 65 23 45 13 33 14 59 67 39 18 25 38 9 15 90 86 53 30 55 93 1 60 82 19 28 80 12 63 96 98 5 84 26 22 57 29 83 75 70 88 72 91 62 20 77 74 21 17 85 41 48 79 71 94 52 92 69 44 49 46 87 95 58 73 76 16 54 8 10 2 7 34 32 4 50 56 81 68 99 47 43
84 63 74 90 31 71 57 12 35 98 26 59 11 51 85 21 76 43 41 55 2 99 93 87 62 33 48 15 13 30 89 52 27 5 3 42 96 80 60 25 38 77 81 91 20 28 4 47 78 56 17 66 34 16 44 37 94 97 49 23 82 88 100 10 18 8 75 46 45 36 29 61 24 68 6 65 69 79 1 58 32 40 86 22 83 50 9 53 73 70 95 19 14 92 7 64 72 54 39 67
11 21 83 97 88 46 19 10 74 42 18 67 72 68 78 58 25 85 96 99 84 57 47 17 20 79 34 100 53 77 15 48 31 86 26 50 5 63 75 33 44 45 93 87 3 41 65 76 40 95 36 54 13 59 81 52 6 30 70 24 61 22 14 60 80 55 56 37 73 71 51 8 32 98 69 4 16 38 29 35 1 23 91 66 2 9 64 39 94 28 12 82 7 49 43 89 92 90 62 27
29 88 62 95 99 94 45 22 10 15 89 74 81 75 42 90 50 27 47 73 21 100 55 77 92 93 82 17 91 18 72 1 87 16 37 2 56 64 96 65 61 83 79 85 5 44 39 78 54 6 98 25 35 63 71 23 60 12 28 49 53 24 70 38 32 13 58 7 52 3 86 68 31 57 8 80 97 33 67 41 76 43 26 30 48 34 14 19 4 46 20 66 11 84 36 40 59 51 69 9
21 54 51 58 39 33 66 83 31 12 70 99 25 15 44 5 91 22 77 48 17 93 62 32 89 68 3 65 60 75 90 29 57 82 23 94 9 96 55 64 67 88 78 13 76 37 47 41 42 98 7 100 97 52 53 59 87 49 16 26 95 92 69 24 34 56 10 72 80 20 46 2 30 27 79 71 81 50 18 63 84 45 38 35 40 36 19 4 43 85 73 61 28 11 86 74 1 6 8 14
8 91 32 53 66 84 70 77 1 55 6 28 27 60 37 87 34 68 11 85 35 13 39 90 99 4 72 51 100 23 48 65 89 59 33 57 15 95 64 19 47 18 76 61 16 94 81 26 79 17 80 5 30 3 49 36 92 54 69 44 45 58 42 73 43 98 67 97 2 12 10 82 52 40 24 7 20 29 22 38 83 50 31 14 56 93 63 21 96 25 74 9 62 71 46 75 78 88 86 41
15 27 28 30 22 42 33 37 12 53 47 94 51 20 24 25 81 79 73 43 86 74 69 82 17 84 61 57 89 26 83 18 41 1 4 63 77 60 76 59 5 35 80 93 85 7 46 72 14 23 68 40 19 70 99 87 49 58 56 13 97 34 66 95 9 67 29 48 71 96 91 39 55 50 2 64 92 31 36 88 90 32 100 16 75 8 78 54 65 6 11 21 38 62 10 45 52 44 3 98
9 33 55 96 59 89 72 85 52 4 41 92 22 38 74 71 17 67 19 77 82 31 34 20 29 15 62 11 51 91 27 37 46 39 35 97 87 100 6 14 84 56 49 8 69 99 24 48 13 61 42 95 94 1 16 78 26 66 7 79 60 5 21 47 3 54 36 43 18 93 53 40 23 65 44 12 30 28 45 73 64 88 98 83 76 2 50 68 75 80 57 81 32 86 63 90 25 58 70 10
28 74 59 13 14 67 24 40 96 33 54 26 99 1 20 75 69 10 2 68 39 85 65 62 78 49 90 95 23 42 87 17 88 53 15 43 70 76 4 77 7 5 46 27 58 55 97 45 30 81 52 38 9 19 89 84 21 83 37 64 25 100 91 57 72 12 66 18 94 61 34 29 50 82 86 51 41 93 6 22 11 60 56 63 36 92 79 32 8 98 71 73 48 31 16 47 44 3 80 35
79 39 85 19 17 25 5 29 65 61 31 16 53 91 77 60 13 38 7 87 47 43 84 34 45 41 15 66 64 10 70 89 28 21 27 75 81 62 97 20 96 55 74 71 51 14 37 2 33 93 69 80 58 94 32 40 57 99 98 30 46 36 78 23 26 42 12 100 1 88 49 11 82 56 95 44 48 63 4 86 67 68 83 90 6 35 72 9 59 52 76 3 92 22 73 54 50 18 24 8
100 53 52 36 32 68 14 39 94 34 93 81 13 49 88 77 26 98 22 18 46 25 30 71 54 60 84 50 2 7 9 35 44 67 85 15 72 10 92 4 62 80 56 78 99 24 96 27 83 19 66 31 74 21 59 64 43 20 76 58 51 28 33 12 55 48 23 73 42 86 69 16 63 47 75 6 57 95 97 29 37 38 79 41 5 17 61 3 45 8 89 91 90 87 82 1 65 40 11 70
34 36 92 73 48 85 58 33 19 8 20 14 71 40 60 96 53 41 55 37 12 86 83 95 30 6 76 21 25 70 7 66 51 52 9 93 24 18 26 57 88 61 54 69 28 78 1 23 99 90 63 84 39 42 56 79 17 11 13 22 80 2 43 97 35 77 45 50 67 82 4 47 81 3 59 32 31 64 87 94 91 72 27 44 10 100 62 98 74 75 65 29 16 68 49 46 5 89 15 38
31 32 87 75 64 4 48 28 20 99 91 8 44 50 65 100 2 42 40 16 76 59 45 57 77 80 81 86 43 34 22 7 55 98 17 82 97 46 35 53 29 9 27 67 39 38 73 94 25 58 21 61 23 5 54 10 93 74 12 1 52 6 62 14 60 84 41 11 83 26 30 92 19 70 96 95 3 68 90 49 66 89 85 56 63 79 13 51 47 37 78 24 15 69 72 36 88 71 18 33
98 61 35 77 82 62 78 79 51 3 65 93 96 29 1 69 27 37 20 15 32 39 74 4 9 67 7 91 63 28 18 50 92 73 13 71 90 54 5 45 57 86 38 49 95 64 41 10 19 76 24 81 59 46 88 66 14 100 68 56 43 44 22 33 36 30 97 87 85 2 40 21 75 55 17 47 84 23 11 48 16 25 8 42 60 89 83 99 6 94 26 80 70 53 52 31 34 72 58 12
70 7 33 3 10 96 41 74 75 25 82 87 65 76 27 92 63 86 69 88 22 77 91 46 18 45 44 97 29 58 24 8 73 42 40 9 48 52 84 55 32 79 85 34 54 68 35 5 60 78 51 6 66 89 36 100 13 62 17 83 67 26 95 71 59 50 93 14 47 11 64 90 12 61 56 38 53 81 2 4 80 49 16 98 31 21 94 57 72 43 28 30 39 19 23 99 37 15 20 1
5 65 70 1 96 92 49 61 87 47 7 72 48 93 89 40 19 73 56 11 63 88 6 58 21 16 24 28 85 14 26 67 9 30 60 86 29 45 22 69 98 84 43 68 52 100 74 12 91 46 50 15 99 18 4 55 25 78 79 53 42 31 76 94 90 95 33 64 62 81 36 37 8 32 71 75 59 39 17 27 2 54 3 97 20 41 80 10 23 77 44 57 82 13 34 66 83 38 35 51
27 88 30 6 51 8 16 47 46 39 32 4 85 17 23 49 40 63 43 52 34 64 41 99 80 94 69 24 21 97 45 3 71 93 11 74 83 22 77 56 33 67 20 100 36 58 66 92 95 79 73 90 72 29 61 7 38 37 55 76 35 53 98 19 2 60 84 54 86 87 48 31 28 89 57 50 25 15 82 9 78 91 81 68 42 26 44 14 62 59 5 1 18 10 75 12 13 70 96 65
69 67 98 8 80 99 22 24 44 5 46 27 55 11 100 52 16 97 4 19 43 79 29 10 94 38 68 48 13 54 56 62 64 60 18 30 89 77 83 50 58 1 72 90 78 87 14 81 45 66 86 2 95 9 85 49 42 53 74 96 84 25 71 61 47 39 28 20 15 51 23 35 65 7 21 40 75 26 70 76 73 37 33 31 92 93 57 36 17 88 6 59 3 41 12 32 82 63 91 34
84 78 2 55 42 14 59 8 85 36 15 38 9 79 95 54 66 87 58 80 64 63 81 76 44 62 65 40 32 56 29 68 91 35 46 96 51 70 33 11 99 6 23 74 72 77 21 39 5 22 18 75 4 27 7 82 88 19 57 10 47 94 61 86 98 93 25 16 24 97 26 34 83 30 100 49 13 92 60 69 45 12 28 3 43 48 67 37 31 89 50 20 41 90 1 52 53 17 71 73
50 71 11 88 29 70 10 45 63 19 79 91 97 36 86 62 72 66 16 95 73 2 100 67 55 99 96 33 51 65 49 38 5 87 52 83 13 85 98 17 23 64 69 56 12 75 60 44 26 7 14 28 61 58 68 93 59 6 46 32 90 18 84 30 24 53 78 76 37 74 89 4 43 31 48 94 1 9 57 92 40 15 47 27 21 80 34 77 81 20 8 42 54 3 35 39 41 82 22 25
41 16 75 80 12 90 7 71 99 97 23 33 78 55 5 45 77 19 50 66 11 67 21 72 34 74 92 20 89 52 59 85 76 36 8 37 14 44 9 68 83 57 51 32 47 31 30 69 46 63 29 82 56 53 87 94 81 24 25 27 88 98 35 62 86 17 43 70 40 10 3 54 64 1 38 73 96 13 42 18 39 48 93 58 15 2 95 91 100 49 61 22 84 4 6 65 28 60 26 79
32 92 29 71 58 78 51 46 82 96 53 70 40 31 48 86 62 84 13 54 91 66 9 81 2 52 98 43 4 63 74 93 67 45 95 88 19 27 41 72 15 44 26 42 6 73 99 30 50 69 12 25 24 37 34 22 56 1 77 60 100 20 49 35 21 59 38 85 89 68 11 28 61 16 5 79 18 55 3 57 17 80 64 39 14 87 90 23 76 83 47 10 33 97 8 94 75 65 36 7
14 90 78 85 95 89 38 30 3 50 42 22 100 67 51 44 39 68 91 26 62 23 5 6 79 58 77 55 28 45 1 33 10 88 92 25 2 71 11 29 61 74 21 75 41 16 7 15 81 96 83 32 60 43 49 73 54 72 63 46 64 69 8 31 94 18 59 17 97 99 82 27 9 19 37 70 86 12 80 52 84 20 53 35 57 36 87 4 66 93 98 47 40 65 76 24 48 56 34 13
42 3 24 52 54 29 56 99 84 85 10 98 14 26 16 94 97 43 15 17 53 44 13 92 22 100 45 71 8 67 89 51 37 55 32 87 80 4 48 93 69 33 11 18 83 30 31 21 12 72 2 58 41 68 78 91 79 40 34 90 36 65 82 25 23 27 7 59 20 77 1 9 86 64 81 35 6 70 88 66 49 73 96 46 50 19 5 38 60 61 39 75 76 63 62 95 47 28 74 57
58 66 5 56 62 84 42 64 77 80 19 61 89 22 28 14 30 93 67 20 55 70 97 39 59 35 25 87 27 53 82 73 60 92 88 3 23 15 95 12 68 54 31 13 79 8 43 75 69 83 46 57 45 38 18 6 7 33 91 63 94 86 48 29 99 26 11 51 44 32 47 78 40 76 36 16 52 2 98 90 71 24 100 4 1 34 21 49 41 17 10 50 37 72 65 85 81 96 9 74
75 34 36 61 97 87 68 86 76 17 78 39 25 66 20 59 90 12 51 14 57 30 15 45 49 98 19 2 40 41 69 81 99 54 79 35 22 92 89 37 67 91 50 77 60 46 32 38 24 52 85 94 6 48 71 88 82 65 9 28 83 1 80 16 58 63 96 7 10 95 5 44 84 73 29 31 8 53 21 93 42 13 26 55 70 72 74 56 4 18 27 11 43 23 100 3 64 47 33 62
95 35 12 44 28 60 6 63 100 40 64 34 88 77 3 15 24 58 74 93 41 68 1 56 66 82 47 22 79 96 17 2 94 32 7 92 45 67 59 61 65 50 9 10 27 71 70 85 38 11 26 37 98 16 5 46 49 31 39 86 57 23 81 36 54 76 30 4 84 90 80 62 51 43 99 87 78 83 72 8 55 21 89 75 91 42 18 25 29 69 52 33 97 14 19 53 73 48 13 20
12 9 3 59 49 30 15 95 34 14 55 44 20 41 2 37 67 22 39 62 27 36 60 80 91 85 11 45 57 25 81 99 83 65 6 64 52 73 93 46 16 76 7 29 35 56 87 97 48 28 19 100 26 79 90 74 8 69 38 18 10 72 40 92 70 1 86 68 77 75 50 98 47 82 31 4 66 51 94 33 96 17 23 43 71 58 42 13 63 21 53 78 5 84 61 89 24 88 54 32
87 52 4 51 44 11 34 68 92 27 48 59 3 19 89 46 35 1 93 2 95 28 75 82 8 88 12 80 15 49 79 86 50 56 74 14 71 32 36 91 25 21 37 58 43 33 77 83 29 60 45 99 7 78 20 57 26 85 61 94 18 10 9 72 76 100 39 31 6 47 96 63 41 40 13 84 65 16 54 42 22 67 90 30 24 98 70 5 53 23 66 69 81 64 38 62 55 97 73 17
60 17 6 11 56 88 83 3 98 84 33 32 54 86 74 76 52 2 5 64 58 19 42 18 16 30 49 29 100 13 35 79 20 69 38 85 36 34 53 40 95 94 70 43 93 61 10 51 4 37 41 46 75 62 67 50 48 44 65 31 27 47 59 9 89 45 68 21 63 23 39 24 80 15 91 55 87 77 78 1 72 14 7 26 25 97 28 81 57 12 22 71 99 73 82 92 90 8 66 96
53 1 55 72 18 9 71 42 48 24 44 97 28 4 76 82 7 27 29 75 8 35 19 91 84 22 30 90 94 66 54 5 69 96 10 77 59 99 37 73 31 3 98 61 80 83 23 49 74 15 60 68 13 17 70 41 50 25 36 51 14 43 58 52 81 11 21 38 88 46 95 85 89 67 40 20 100 34 56 6 12 26 79 87 32 92 93 33 2 65 45 64 62 47 16 86 63 57 78 39
38 46 37 49 76 68 75 17 66 62 87 43 22 9 65 7 55 11 64 83 36 94 28 44 32 5 67 47 61 24 42 34 33 100 12 70 86 58 18 13 78 19 3 52 20 95 16 59 15 29 30 4 35 6 91 84 74 51 2 71 80 88 45 63 31 81 82 90 8 92 99 23 54 39 41 56 97 73 14 72 25 27 69 48 98 40 53 79 77 57 1 93 96 89 26 10 60 50 21 85
33 12 16 81 55 75 50 80 7 69 97 90 43 73 42 10 96 25 88 6 99 8 70 15 1 19 95 34 41 30 86 59 36 27 83 26 61 3 4 21 18 29 32 93 46 52 100 67 39 51 94 20 76 77 72 5 28 17 82 2 48 84 44 58 45 37 47 54 56 24 60 66 13 68 62 14 23 87 63 78 89 53 57 38 35 74 65 64 22 31 85 98 79 91 40 71 9 92 49 11
21 14 8 93 89 91 96 44 32 86 2 84 51 81 78 39 9 83 23 41 31 87 11 62 82 17 60 49 19 46 3 56 59 13 5 52 66 43 73 30 10 100 79 95 18 1 57 64 68 55 90 26 92 97 50 16 34 45 58 12 15 76 29 67 6 70 71 94 27 22 98 42 99 37 74 69 85 24 28 7 33 77 63 40 65 75 38 35 48 80 54 53 4 20 25 88 61 36 72 47
18 58 62 37 74 95 99 73 54 30 85 78 16 10 70 19 23 79 98 56 59 84 88 13 11 40 1 27 93 51 36 20 22 81 96 45 67 33 8 44 34 48 17 53 7 3 49 31 82 68 47 86 21 61 69 6 32 80 5 15 25 35 75 89 4 94 46 72 76 42 83 12 90 100 26 28 71 91 9 65 87 64 39 29 77 52 41 63 97 14 38 92 2 55 66 43 57 24 50 60
67 69 51 22 87 50 81 16 35 10 1 100 30 61 84 47 29 56 37 98 65 83 86 25 60 59 2 4 70 17 6 28 18 48 94 12 74 62 55 9 73 89 99 40 24 5 97 79 77 57 78 91 46 20 39 71 21 8 32 41 82 80 23 64 33 75 52 63 31 15 92 3 36 14 34 27 42 49 19 85 26 72 54 53 58 96 45 68 44 90 13 43 88 66 7 93 95 11 38 76
35 96 41 20 71 62 69 4 61 43 8 67 31 52 95 85 5 48 6 100 7 21 44 38 37 70 58 32 1 16 12 75 47 2 91 97 10 51 78 99 39 88 19 89 29 42 18 11 64 77 84 23 73 34 27 93 90 3 66 87 76 17 60 22 82 80 57 15 9 14 54 45 53 46 79 83 33 59 30 98 56 28 65 94 81 86 49 24 68 13 25 50 92 26 72 40 36 74 63 55
93 81 59 70 6 71 54 31 47 4 5 92 96 78 98 18 36 39 82 32 84 11 24 20 58 44 16 99 3 76 64 53 15 94 75 27 12 1 10 38 49 25 2 63 69 86 89 91 85 13 22 97 67 83 57 26 30 41 35 56 73 79 51 66 48 88 87 28 14 80 52 34 45 50 19 72 61 65 95 77 9 90 40 37 68 23 8 62 21 7 100 60 46 33 29 74 17 55 43 42
68 50 79 47 9 40 77 55 10 37 61 19 12 15 39 13 14 33 17 8 85 27 90 54 89 86 62 16 65 57 11 4 25 38 70 3 6 74 49 67 84 36 93 41 81 18 48 58 20 71 28 80 34 72 52 96 78 43 1 26 97 42 32 7 64 31 2 95 83 69 56 53 82 94 92 23 63 46 75 91 88 44 73 5 22 29 60 21 35 66 51 76 24 30 59 100 45 98 99 87
13 47 92 64 38 4 23 91 42 46 36 63 79 54 1 66 49 44 18 31 82 17 33 43 100 77 8 12 60 34 5 88 80 57 89 84 39 50 94 15 14 41 78 24 97 70 29 69 53 40 71 10 72 73 16 28 9 95 59 32 83 48 87 37 98 90 51 20 62 35 19 61 76 56 96 26 45 74 81 11 7 68 25 85 52 65 2 22 27 93 55 21 75 99 30 67 3 86 6 58
73 28 34 35 33 24 91 7 49 72 63 66 59 51 44 42 39 47 46 5 1 25 93 12 62 87 92 67 6 26 55 21 89 58 50 10 43 54 82 83 77 85 96 65 45 23 8 100 75 69 13 40 88 22 11 78 95 76 53 57 90 68 52 2 32 3 64 97 80 29 38 71 4 30 17 86 70 79 16 99 94 19 98 56 18 14 36 27 9 74 48 15 61 81 41 60 20 31 37 84
78 13 31 82 68 86 76 53 20 75 73 57 48 14 63 11 56 91 99 21 100 39 55 23 15 47 69 35 67 27 32 77 92 41 62 96 42 61 3 58 90 6 28 37 16 65 36 98 89 85 9 49 22 64 17 4 2 97 51 79 29 52 24 83 38 44 5 8 93 30 66 72 25 26 1 43 10 71 12 95 81 18 45 7 87 50 54 19 46 84 40 88 74 60 34 33 70 59 94 80
49 6 98 26 5 28 12 36 13 35 66 65 57 27 77 54 8 14 1 86 21 70 46 24 10 73 68 31 44 15 4 90 61 82 30 93 85 38 88 80 53 97 83 92 87 59 17 19 2 96 91 64 100 71 94 40 47 48 50 45 89 62 18 41 63 25 55 52 42 67 78 60 74 81 3 58 99 20 39 51 23 84 56 22 11 33 79 34 95 69 29 16 9 43 32 37 76 72 7 75
26 99 94 30 84 45 18 81 91 11 38 42 32 33 5 6 31 57 36 3 71 13 14 64 23 25 86 70 39 77 51 17 43 19 21 83 75 40 98 28 7 65 16 34 89 68 76 92 67 2 37 66 97 4 53 35 44 59 73 90 9 55 79 82 62 20 85 100 56 49 74 54 87 48 8 63 22 1 50 80 47 93 41 52 88 12 78 96 72 60 46 61 69 24 10 27 29 58 95 15
15 48 74 86 91 25 88 3 96 26 49 60 99 44 24 29 100 8 20 70 34 54 50 22 28 71 51 10 53 56 62 78 65 98 84 38 17 94 81 82 36 39 87 31 33 67 32 7 13 72 35 9 64 30 73 80 11 52 4 83 61 92 5 42 27 85 63 46 97 41 6 40 66 90 76 68 79 57 47 69 77 58 75 23 12 43 14 55 16 1 2 89 19 45 95 18 21 37 93 59
37 18 46 6 21 66 99 27 28 94 80 54 17 3 12 20 72 76 55 97 62 29 26 32 7 43 14 90 52 11 10 84 93 15 65 71 41 82 39 36 75 56 24 5 22 45 34 68 1 53 48 73 91 74 63 47 77 49 89 81 35 78 2 4 67 92 42 70 13 100 58 95 88 87 44 85 9 50 69 79 59 31 83 57 16 8 19 60 96 64 98 33 25 61 86 23 38 51 40 30
40 38 53 91 43 52 89 25 19 15 100 2 78 7 48 30 11 70 69 1 18 12 62 29 75 8 94 79 86 42 21 45 23 71 92 13 73 55 28 81 60 82 65 56 59 20 64 4 87 83 61 33 85 93 35 90 76 27 72 96 95 98 26 58 3 68 39 50 47 99 14 10 22 6 46 80 24 88 41 37 5 63 31 66 51 44 97 54 34 17 49 84 77 57 36 9 74 67 16 32
56 21 45 96 19 16 38 95 75 83 89 9 97 46 23 12 80 98 85 49 74 47 61 34 50 32 35 77 18 4 28 10 31 70 55 24 88 100 27 71 62 66 53 51 37 7 42 78 52 73 87 1 99 59 44 91 60 82 8 58 64 15 41 92 5 43 76 14 2 36 94 68 3 57 20 22 93 11 48 26 63 40 29 81 72 54 30 90 6 25 86 69 65 17 33 13 84 79 67 39
94 100 95 3 72 81 36 39 78 66 74 71 64 16 8 4 21 18 22 59 44 79 52 19 93 63 82 17 23 54 15 87 99 14 68 77 30 57 24 25 6 11 73 80 75 58 26 88 35 45 49 43 65 70 29 61 41 55 31 13 32 69 67 27 34 33 40 10 51 89 28 92 83 12 2 9 5 7 46 97 60 76 38 98 37 1 50 53 86 20 84 47 91 85 56 96 48 42 90 62
2 86 66 36 17 5 65 47 9 56 94 73 27 37 29 21 90 52 50 55 93 59 10 77 42 24 40 84 58 74 61 12 11 31 28 92 95 41 85 35 19 80 69 45 57 82 75 38 83 54 88 51 1 63 23 7 99 72 43 30 53 81 25 62 87 79 96 48 26 16 15 97 70 98 49 76 44 68 67 4 32 39 60 33 64 13 89 18 8 91 20 14 71 6 78 22 100 3 46 34
91 75 89 13 50 21 79 40 18 54 3 64 5 59 83 69 42 55 84 24 49 100 2 73 74 23 88 6 9 33 65 31 8 72 34 20 7 70 15 51 47 26 56 76 38 99 52 60 58 27 36 30 71 66 28 22 63 35 80 39 94 14 53 81 1 57 10 82 68 95 77 25 32 19 98 45 16 62 61 92 29 48 86 67 17 85 12 93 43 97 78 90 11 44 37 41 4 46 87 96
81 49 78 87 57 46 35 84 45 34 4 25 61 20 86 23 65 26 56 68 24 40 58 11 41 37 98 76 88 3 94 89 55 21 47 74 8 53 92 85 70 32 30 69 9 44 38 39 7 100 80 6 50 48 99 73 91 16 22 42 96 19 64 51 12 13 18 43 77 1 97 2 31 52 72 15 60 5 93 36 10 54 95 28 90 62 71 67 75 83 79 29 14 27 63 59 33 66 17 82
19 42 32 95 63 94 6 99 97 55 68 18 71 36 27 2 14 90 77 29 81 30 8 86 61 31 96 72 59 84 69 60 24 93 80 66 100 76 50 4 28 91 13 23 11 56 70 12 73 62 7 85 39 3 22 67 75 83 88 49 48 51 65 15 74 87 47 45 41 44 79 98 21 54 35 53 46 92 38 25 52 82 43 9 40 17 1 16 33 26 34 20 78 37 58 64 10 89 57 5
80 44 35 42 99 33 46 67 63 71 58 74 84 50 91 83 29 85 59 61 19 69 82 49 6 53 20 100 92 88 72 26 17 39 24 2 57 96 60 23 9 3 47 66 5 78 15 86 32 79 77 45 27 1 40 94 62 70 93 22 55 8 48 37 73 21 36 25 14 31 43 4 16 89 56 52 81 30 76 95 64 38 11 13 28 68 7 87 65 98 41 51 90 18 75 54 97 10 34 12
98 54 60 19 31 96 83 79 12 64 35 99 65 5 26 100 62 6 80 48 51 93 68 97 14 9 46 42 75 44 53 71 90 16 91 36 76 10 57 34 43 74 84 85 3 13 25 37 59 52 58 61 86 67 89 41 45 21 56 27 20 63 94 29 40 82 72 88 4 7 69 77 55 1 38 33 17 8 92 2 39 32 22 15 87 70 95 66 73 78 50 24 23 28 18 49 11 81 30 47
22 77 43 75 37 44 9 45 38 98 39 50 81 68 55 62 88 49 2 27 25 53 79 40 64 42 15 29 97 59 67 58 30 24 51 87 3 99 83 18 56 70 5 78 63 14 13 61 8 92 10 52 95 23 65 57 71 33 96 1 60 41 7 31 26 74 17 16 94 93 72 100 19 85 4 11 20 21 35 91 86 34 36 73 32 28 90 46 47 12 48 80 89 82 54 76 66 6 69 84
77 57 75 73 11 47 29 51 1 44 34 46 53 32 13 25 97 10 4 92 17 2 40 95 63 84 31 60 91 64 66 62 69 48 38 15 56 80 96 98 72 94 42 90 58 55 83 26 19 9 82 93 43 21 79 59 6 71 14 28 52 70 88 87 20 86 54 23 78 3 99 18 30 49 24 65 68 33 27 37 61 89 76 8 67 5 39 41 12 50 16 22 36 100 45 81 7 35 85 74
29 98 14 43 32 27 76 30 99 3 26 35 13 65 37 92 41 5 39 71 80 31 78 33 54 28 34 15 25 62 56 47 66 51 87 82 83 22 6 42 38 79 100 2 19 45 21 16 97 18 1 60 4 36 81 75 89 69 86 63 84 9 57 67 53 72 93 73 90 68 55 91 96 61 70 46 74 44 77 48 24 88 49 95 58 20 52 17 40 23 94 11 7 12 85 50 59 64 8 10
85 97 73 2 100 63 56 8 94 50 22 51 11 64 36 65 26 16 31 14 35 23 25 4 78 89 37 87 74 90 96 3 75 69 32 53 15 86 44 29 40 49 61 57 17 38 24 5 48 28 33 84 30 98 76 10 92 47 39 21 91 66 58 52 72 54 79 81 27 20 95 59 12 71 55 67 6 60 41 99 83 43 18 88 46 45 62 1 19 9 42 82 13 68 77 7 34 93 80 70
43 63 13 47 65 69 91 28 46 37 27 26 18 6 85 96 89 29 75 23 2 68 94 17 57 33 84 21 95 9 90 99 83 25 10 59 70 45 87 7 44 58 49 12 42 24 14 22 5 1 41 39 20 8 77 79 64 92 81 80 51 71 100 72 93 56 35 86 15 97 3 82 50 32 48 60 88 61 98 74 11 73 55 76 38 78 34 31 54 40 30 4 66 62 52 36 67 16 53 19
23 85 83 17 59 7 68 14 31 28 13 98 69 88 40 47 77 35 58 65 54 64 36 71 99 1 89 51 81 18 16 29 12 4 95 33 72 42 20 19 82 61 80 75 76 37 67 73 50 30 94 91 52 49 60 74 48 45 53 10 46 24 97 43 41 84 38 5 6 39 34 21 9 2 15 100 92 93 56 22 96 78 27 79 3 63 87 26 62 8 11 66 32 86 55 90 25 44 70 57
89 37 5 62 88 57 81 22 48 10 40 56 72 24 4 73 96 61 91 13 58 74 59 42 34 49 3 45 2 23 1 68 36 92 31 9 65 64 97 52 95 50 44 60 85 75 77 17 79 19 98 54 84 38 30 66 41 87 7 35 47 93 6 14 28 8 43 11 67 82 33 94 63 27 80 21 69 29 20 90 12 86 32 83 18 100 25 70 78 46 53 26 16 51 71 39 15 99 55 76
100 20 50 31 95 49 96 29 74 69 17 55 42 39 81 97 2 53 23 16 99 28 32 83 92 80 65 47 84 75 3 38 44 27 6 43 66 60 68 59 5 57 89 77 41 62 72 13 98 93 87 90 54 85 56 19 94 76 26 46 36 40 21 9 58 37 78 64 52 14 10 30 24 33 82 51 7 70 1 88 79 11 12 63 34 35 86 15 91 18 45 8 48 22 4 25 73 71 61 67
44 49 82 16 4 42 72 83 6 99 48 17 9 29 73 45 36 67 7 74 52 43 70 90 21 61 64 63 22 97 38 18 5 59 94 60 91 77 69 68 2 1 81 84 32 25 93 28 78 58 34 50 19 55 54 24 47 12 75 88 14 100 98 66 13 62 57 89 10 26 30 80 23 65 86 71 3 87 96 33 76 20 53 11 51 79 40 27 37 85 39 35 15 92 46 41 95 56 31 8
52 82 100 40 56 92 23 86 65 36 62 39 44 67 58 94 69 49 19 95 73 66 54 47 29 98 77 68 41 91 5 7 27 53 17 25 22 31 48 79 84 55 50 8 51 33 4 34 90 59 42 11 9 76 74 13 28 89 38 64 57 6 10 30 80 70 16 1 85 83 88 46 99 24 75 12 45 15 72 21 97 60 3 71 93 37 63 32 18 61 26 81 35 96 43 2 78 14 20 87
9 89 2 58 40 48 42 24 52 5 36 57 60 49 88 71 23 26 34 41 32 67 97 6 30 93 54 11 82 100 79 74 46 86 15 37 90 20 25 99 51 35 72 21 64 83 96 91 81 78 68 69 56 7 13 44 17 65 16 53 63 33 31 19 43 45 29 87 18 55 4 76 92 73 59 66 62 84 80 61 95 12 50 10 98 14 75 39 94 27 85 77 28 8 70 47 1 22 3 38
34 39 63 56 29 67 90 10 59 89 70 72 58 60 15 14 19 38 43 80 16 94 5 98 12 91 83 50 26 28 81 33 88 32 79 42 96 92 35 65 69 64 99 13 54 51 87 40 95 11 17 2 41 57 3 55 97 30 66 23 86 82 74 100 47 48 25 37 76 18 46 78 44 31 21 6 84 53 4 52 73 36 8 24 1 9 45 7 20 75 27 85 22 71 49 77 68 61 62 93
17 28 3 97 81 54 93 70 27 43 49 2 38 79 53 52 9 20 13 5 23 50 92 57 80 15 90 22 88 7 6 87 94 63 84 85 10 19 26 72 14 33 64 91 99 39 82 24 25 37 21 75 8 89 68 46 76 62 4 67 40 58 12 36 35 55 11 18 44 71 48 29 41 74 61 45 30 86 95 51 16 77 78 42 65 60 31 56 59 34 66 32 47 69 73 1 83 100 96 98
69 18 67 80 48 74 50 44 85 12 19 3 26 22 60 93 4 76 16 73 38 62 34 59 17 55 79 65 42 10 36 45 29 56 96 81 52 46 90 64 99 9 97 68 86 1 78 23 30 63 83 31 70 58 95 100 54 6 51 24 43 5 20 21 2 53 66 91 71 72 47 8 28 88 37 7 27 77 94 15 87 25 92 14 82 13 61 98 39 84 89 75 49 57 11 32 41 40 33 35
64 55 21 94 22 20 18 68 87 23 67 4 50 17 100 84 44 57 24 6 11 86 14 51 79 7 73 33 5 53 54 28 91 65 35 30 41 8 1 12 10 47 70 32 71 98 99 81 69 61 97 15 59 77 96 83 36 34 58 76 42 2 92 25 75 93 52 78 37 62 39 27 45 16 66 60 31 26 3 63 72 56 85 19 88 89 9 46 80 49 74 43 29 90 48 95 40 38 82 13
8 53 11 37 58 52 77 20 55 67 100 60 85 40 54 33 24 78 76 99 43 19 82 7 98 97 61 48 28 65 29 94 47 35 74 26 23 63 91 69 73 90 87 71 30 16 46 51 10 56 84 38 15 42 4 45 95 41 32 14 50 34 62 64 36 39 86 88 1 2 49 66 17 70 57 93 75 12 18 9 80 13 81 89 22 21 72 83 25 59 6 27 68 31 5 3 92 96 44 79
79 47 17 85 62 82 34 71 33 39 32 94 14 66 67 44 30 18 51 81 91 55 10 92 36 4 24 7 29 45 37 1 64 43 83 35 13 58 11 56 60 93 98 27 72 95 63 2 40 90 50 5 68 19 87 49 77 54 89 8 12 22 88 61 96 31 41 99 20 9 100 70 75 97 69 80 52 28 76 26 78 84 16 48 57 59 21 53 74 6 73 42 38 3 23 46 65 15 86 25
74 13 33 24 14 99 40 85 64 8 2 84 62 69 51 75 52 48 29 59 70 63 39 49 9 72 76 95 94 47 4 35 10 90 66 86 36 71 16 1 68 67 38 20 92 23 58 15 42 57 54 96 55 44 53 82 56 7 34 50 88 26 41 77 18 27 97 17 31 32 5 65 43 79 25 61 73 91 28 6 100 80 93 3 83 98 22 87 45 89 19 78 21 11 12 60 81 30 37 46
57 90 88 1 80 85 48 31 98 27 78 71 15 94 69 37 16 41 89 49 97 77 40 55 81 50 72 39 33 14 21 8 28 96 5 75 2 73 64 38 65 20 32 82 45 46 35 10 92 17 63 79 66 12 59 34 61 25 83 18 67 53 29 7 100 42 87 13 84 56 60 62 68 76 6 11 86 47 19 44 22 74 91 58 70 23 36 26 3 43 52 30 51 95 93 99 24 54 9 4
36 34 77 57 97 45 22 33 14 79 89 32 55 85 13 59 66 47 92 54 12 72 26 39 95 68 19 2 27 93 51 98 37 52 4 63 43 17 61 67 80 18 20 9 6 8 10 30 87 76 31 83 58 5 40 88 71 78 73 86 75 25 23 35 94 1 28 46 24 90 56 11 84 64 99 100 96 69 81 29 42 91 41 16 21 44 74 38 48 3 60 53 7 82 62 49 50 70 15 65
55 100 25 11 92 46 27 61 4 80 79 9 52 93 3 86 35 42 37 26 78 44 8 56 43 58 94 71 98 70 10 73 67 13 89 45 29 75 23 53 34 84 54 28 39 77 30 48 38 22 24 63 5 68 57 36 14 66 91 60 7 65 51 12 99 96 62 19 17 41 82 16 76 47 95 64 87 83 15 18 21 50 33 97 81 85 69 31 40 88 49 1 72 2 6 59 90 32 74 20
31 48 29 22 34 7 28 89 24 6 42 26 91 75 10 49 17 85 5 79 86 88 25 40 60 87 47 97 59 41 44 46 71 54 52 4 14 93 95 37 50 76 3 67 36 30 23 94 99 98 66 32 61 78 84 56 9 58 69 72 100 20 83 82 55 63 12 38 80 74 1 35 8 62 81 15 53 39 90 77 2 18 96 68 16 43 64 33 27 21 51 92 70 45 19 65 57 11 13 73
58 92 52 89 87 91 78 73 3 61 1 16 39 84 26 23 63 97 74 15 53 35 69 45 20 99 55 81 6 38 65 56 42 83 70 67 31 7 33 50 98 54 21 17 59 18 68 11 24 51 19 49 90 43 2 64 93 82 62 44 85 28 8 22 9 95 71 76 40 100 86 96 94 72 29 32 25 27 79 80 66 37 47 88 77 36 5 4 34 30 46 57 13 60 41 75 10 48 12 14
14 21 30 61 98 72 19 43 77 53 80 90 100 41 40 76 93 68 67 20 88 99 28 84 22 79 7 56 70 58 74 65 18 75 12 44 24 32 31 9 78 2 48 95 87 3 57 89 54 66 69 85 6 52 35 29 38 51 59 97 27 36 45 33 71 50 23 82 11 47 94 64 81 55 10 46 8 73 17 49 1 15 13 34 25 62 83 16 92 26 5 86 39 4 63 42 96 37 91 60
11 42 24 77 59 21 71 75 44 86 4 33 8 55 66 62 40 72 54 100 39 89 46 23 37 6 82 91 19 36 12 9 20 73 65 94 97 69 53 88 25 83 79 58 95 31 7 67 14 60 26 10 98 22 32 50 90 56 68 41 34 15 87 63 30 99 51 43 48 49 38 93 64 92 5 27 78 2 61 76 84 96 74 57 52 80 28 18 17 70 1 3 16 81 29 13 45 47 35 85
40 81 6 55 88 95 15 63 51 42 93 100 60 1 25 85 61 7 98 62 64 27 11 72 91 19 33 20 52 83 86 84 50 57 21 70 48 79 77 73 32 75 46 30 78 5 43 97 12 94 14 74 23 56 34 59 2 44 54 69 18 99 80 24 90 13 68 22 8 29 96 9 87 3 39 76 66 31 16 65 28 82 45 35 37 58 53 67 41 47 10 71 89 49 36 92 4 17 38 26
34 74 12 83 28 44 75 54 95 15 5 38 25 77 20 42 27 91 88 98 84 85 6 41 32 16 48 43 4 59 49 66 87 30 50 14 80 18 76 82 61 99 9 29 57 52 31 79 39 46 37 81 94 73 70 23 21 19 36 55 10 24 69 2 26 17 33 68 63 86 51 90 40 7 93 47 1 96 78 89 56 45 64 92 35 8 60 22 62 65 71 97 3 100 11 53 13 67 58 72
80 12 41 51 54 70 66 4 59 84 26 14 3 19 95 40 53 93 72 56 69 78 58 91 10 89 5 55 32 88 35 22 79 87 62 34 85 29 17 15 67 82 31 74 83 64 73 96 77 6 13 33 38 46 61 8 60 20 9 45 76 48 7 86 65 94 30 16 21 24 68 44 27 49 71 50 37 63 100 1 25 2 28 90 92 11 57 36 23 39 81 98 99 97 18 52 75 42 47 43
81 58 51 53 12 4 14 42 67 17 85 25 13 31 84 77 78 98 40 75 22 96 52 68 41 62 88 28 18 79 83 37 60 36 8 64 63 30 5 20 93 29 76 49 9 59 39 27 91 7 90 23 3 6 89 99 11 100 65 57 45 1 61 97 87 82 21 10 54 92 80 74 69 15 16 56 48 38 46 35 71 34 26 44 2 72 70 24 43 94 95 19 32 50 55 86 47 66 73 33
89 33 70 81 96 16 54 91 39 4 63 93 56 38 30 25 5 9 46 83 57 8 62 34 66 35 11 73 53 52 15 50 72 64 75 58 6 44 20 14 31 77 2 18 37 12 41 21 29 59 61 99 45 79 27 55 87 48 49 94 82 76 26 71 40 90 69 100 28 98 19 47 86 97 36 85 13 95 67 78 74 23 88 51 24 17 80 3 65 60 32 10 68 43 1 7 84 92 22 42
53 69 36 90 39 92 10 72 49 97 34 66 20 88 15 19 13 58 11 43 8 87 68 29 55 42 45 24 63 96 27 81 7 77 46 1 67 3 84 91 83 5 80 41 30 86 22 75 74 23 6 26 28 93 94 57 32 85 17 2 79 71 60 4 70 12 59 95 25 61 52 33 47 16 100 44 62 99 21 98 89 14 31 38 50 48 18 9 73 40 54 56 35 65 37 76 64 51 78 82
70 3 85 27 10 5 24 64 92 46 33 22 62 98 4 21 99 35 32 2 41 84 79 12 1 69 39 40 9 18 55 83 57 67 34 52 45 95 60 17 96 86 11 68 28 42 81 72 7 15 47 94 74 29 36 73 78 49 43 87 30 19 44 16 20 80 58 25 88 77 50 56 65 14 59 53 23 89 54 8 37 93 90 26 48 82 38 13 75 51 100 91 97 61 71 63 76 31 66 6
17 78 94 70 44 69 16 6 45 14 23 34 43 74 64 5 73 55 80 8 63 36 19 33 77 38 95 66 3 25 24 26 59 15 92 39 42 52 82 85 53 48 1 40 12 87 47 83 89 65 60 58 68 20 79 49 50 27 98 84 75 51 81 10 86 88 56 7 100 22 62 32 13 71 67 9 30 21 93 97 90 28 57 41 91 29 2 99 4 37 96 76 61 18 35 31 72 46 54 11
32 14 93 38 42 8 53 74 3 33 18 28 51 86 55 90 7 56 41 21 46 6 61 73 100 97 25 99 67 84 17 4 48 82 11 50 19 43 75 77 58 34 65 37 47 94 1 44 30 29 52 95 60 64 68 24 26 31 63 49 15 98 40 89 45 87 2 62 5 23 78 83 36 85 76 70 10 9 35 57 91 88 69 13 20 92 71 79 66 96 22 59 54 72 39 12 27 16 80 81
28 96 87 52 66 17 41 25 50 94 61 78 18 95 32 13 100 64 34 68 31 3 93 11 84 55 15 67 60 4 26 79 14 2 58 30 12 27 22 83 29 44 74 20 42 6 36 90 53 45 85 43 76 21 73 54 62 1 8 80 72 86 35 23 59 98 5 97 69 10 92 39 51 82 46 89 88 24 70 75 40 49 56 37 63 65 7 81 16 19 47 48 77 91 38 9 33 57 99 71
50 57 28 44 82 75 68 7 32 51 73 42 84 97 60 4 67 14 59 17 95 98 30 22 93 37 49 80 21 100 48 62 76 1 55 35 61 34 9 74 18 16 96 43 58 70 66 56 13 77 89 52 26 71 99 79 8 3 72 81 39 94 2 41 54 11 64 45 38 46 6 31 90 87 91 33 20 88 92 27 5 63 23 15 10 86 78 19 85 25 12 83 53 47 65 40 69 36 24 29
94 38 8 64 3 90 69 77 34 96 74 70 28 7 48 6 88 16 47 63 27 40 83 25 30 22 2 86 23 42 61 32 9 21 39 75 71 82 92 81 79 35 78 58 89 73 76 100 33 53 46 51 20 62 37 95 91 99 80 12 5 84 97 87 93 18 67 50 45 11 36 85 55 72 49 43 60 13 29 14 59 26 98 56 68 54 41 17 57 31 65 15 19 66 4 24 44 10 52 1
19 1 53 87 43 36 33 16 98 24 66 61 54 76 22 46 25 70 82 55 72 68 86 97 7 4 60 34 44 62 94 93 15 58 88 10 75 67 35 96 57 27 84 42 29 41 100 18 26 2 45 9 85 59 63 83 81 50 5 13 90 23 95 47 30 91 32 52 20 89 11 3 21 40 69 38 92 51 48 73 17 31 79 39 56 78 65 77 12 14 8 64 71 99 49 37 74 28 6 80
88 6 37 98 57 87 89 46 31 26 53 18 50 59 5 30 49 12 64 97 65 11 2 19 94 93 40 60 43 13 16 21 52 81 80 69 9 51 41 44 77 20 42 10 72 82 48 36 76 83 22 73 92 17 91 74 7 38 79 56 70 8 71 58 35 75 1 86 32 99 66 24 4 3 15 95 68 34 47 85 33 27 100 29 14 96 67 25 78 90 61 84 23 62 54 45 28 63 39 55
91 84 45 93 38 94 58 55 80 47 15 35 31 20 88 66 65 83 62 32 76 59 1 74 18 33 44 97 92 9 22 52 73 42 51 56 86 85 16 34 36 100 37 53 39 21 60 14 67 71 49 64 24 4 90 13 79 95 2 77 25 63 5 96 48 3 82 12 26 81 98 10 30 61 99 23 70 57 69 11 6 19 43 8 72 41 68 54 29 17 28 46 78 87 75 27 7 89 40 50
69 44 80 71 64 33 51 17 76 82 87 46 39 32 19 60 95 10 16 1 25 83 29 43 61 9 81 68 97 66 67 89 22 23 47 90 8 3 96 58 62 93 28 30 92 100 78 4 35 13 91 40 56 63 5 50 34 37 31 88 2 72 70 38 21 57 84 85 86 75 74 45 54 79 24 26 41 49 98 36 94 53 15 99 12 20 14 42 6 52 55 73 65 27 48 18 59 77 11 7
5 77 17 82 76 24 88 66 84 35 54 73 40 68 28 39 30 8 56 31 36 57 50 4 15 61 58 11 64 97 32 86 41 38 7 59 72 12 37 21 49 26 16 52 27 71 13 99 2 18 80 20 55 34 44 78 92 53 1 42 60 47 14 95 74 81 45 51 9 96 89 63 91 43 48 65 93 23 75 69 10 90 25 87 6 33 19 62 46 83 29 3 79 85 70 67 100 98 94 22
95 66 46 97 100 96 59 35 19 56 38 67 61 47 24 10 26 22 6 70 92 62 13 80 75 15 54 48 58 76 64 53 3 98 77 84 39 55 68 45 82 83 43 32 81 65 99 31 4 30 78 93 88 27 52 5 44 8 12 51 50 18 37 94 72 21 7 28 41 87 29 23 16 33 86 69 42 79 57 25 63 89 2 9 11 74 49 91 20 1 40 60 14 73 85 71 36 90 34 17
75 16 13 17 6 14 70 80 22 25 68 62 15 11 8 2 34 79 4 37 49 92 55 38 78 72 20 27 65 51 96 10 43 94 32 87 89 95 28 93 33 19 90 7 99 67 39 85 59 69 48 86 3 53 56 91 57 40 35 83 29 100 84 44 81 30 46 31 73 42 26 18 88 74 82 52 5 61 12 41 45 24 60 76 36 1 97 21 47 64 98 9 66 23 77 54 63 50 71 58
38 54 34 62 84 66 12 11 91 19 8 51 79 69 100 95 80 44 75 77 39 21 47 64 23 45 89 50 86 63 82 71 55 5 87 25 88 94 27 46 7 99 30 17 22 20 4 49 52 92 73 60 98 83 78 56 74 59 90 96 61 31 18 3 24 85 97 70 13 36 53 42 48 37 72 58 16 81 14 93 67 40 65 28 76 68 32 1 33 57 2 6 9 41 10 43 29 35 26 15
15 98 4 16 11 63 49 53 10 34 44 65 96 73 76 92 47 27 58 18 80 72 60 99 59 84 46 42 1 93 28 75 30 41 68 70 87 69 85 6 90 21 13 56 17 61 74 45 64 100 88 67 91 37 29 81 89 24 25 50 40 33 78 51 3 43 55 94 71 7 83 82 31 32 39 14 57 8 2 66 26 54 38 79 5 12 62 35 95 77 22 97 48 19 52 23 9 86 36 20
77 99 79 20 65 42 35 84 47 83 62 74 6 46 58 96 11 52 18 61 16 55 21 87 92 94 12 22 39 27 45 2 48 100 90 60 73 1 25 57 19 41 49 63 32 7 64 59 97 81 28 68 5 89 23 10 75 43 82 31 53 40 9 30 76 26 69 15 51 67 54 37 56 70 80 86 85 33 36 4 88 78 29 66 71 50 34 14 44 3 13 98 91 24 95 93 38 8 17 72
2 97 43 49 39 27 65 81 18 40 20 91 69 17 54 1 62 48 84 64 70 25 24 71 28 31 51 10 57 26 42 60 23 45 13 15 100 4 73 11 72 80 53 85 33 55 58 47 8 78 29 46 30 9 50 44 63 52 88 79 86 34 82 22 99 74 98 90 77 32 14 12 96 92 61 67 75 95 6 7 16 76 93 3 83 19 89 68 21 66 38 35 36 37 56 94 5 59 87 41
26 75 3 58 21 71 93 38 55 85 47 44 81 51 86 29 56 80 36 52 97 30 78 59 11 98 14 35 79 43 69 31 33 24 9 88 74 20 57 48 70 61 100 95 54 13 37 41 46 91 2 45 90 23 65 84 99 62 50 32 73 22 25 72 5 92 1 63 4 12 15 28 19 89 6 87 17 7 77 94 60 67 16 27 40 34 42 64 8 39 76 82 96 68 66 10 53 18 49 83
41 36 60 70 4 28 9 37 95 66 10 56 91 26 85 83 55 2 7 24 18 50 15 81 42 8 79 84 98 3 72 88 89 71 17 12 57 75 51 33 43 32 97 78 52 68 38 64 45 5 54 1 65 49 30 82 48 74 77 19 46 14 67 34 96 76 90 99 62 35 23 59 53 39 13 21 22 69 27 86 47 20 40 73 92 87 94 93 31 61 25 80 29 63 58 100 11 44 16 6
74 32 72 13 40 78 36 27 46 14 94 43 55 93 2 58 97 33 85 92 24 29 44 86 64 41 31 51 25 56 62 67 20 60 18 3 77 66 87 80 75 54 19 45 6 28 96 88 1 98 12 99 4 7 39 37 42 71 26 48 89 68 52 61 90 100 16 23 47 15 81 70 83 57 95 63 9 91 11 79 49 21 73 5 50 35 22 34 53 8 84 10 38 17 76 30 82 65 69 59
23 86 82 56 49 25 7 91 28 72 97 98 38 14 81 100 39 43 29 3 78 13 41 67 74 47 92 12 40 44 53 5 31 16 15 27 17 93 10 51 6 58 89 65 76 84 34 26 19 90 71 66 50 61 60 36 30 54 68 21 94 79 57 42 73 77 45 8 2 55 64 62 22 52 4 83 46 99 20 1 9 32 18 11 87 63 75 70 96 80 95 48 69 33 59 88 37 24 85 35
37 3 100 88 89 48 45 68 87 62 35 50 14 60 12 15 16 61 96 19 82 99 59 77 2 29 72 20 8 33 7 58 80 90 86 13 51 57 94 47 9 85 98 91 95 83 65 34 73 11 10 97 38 55 46 75 6 17 76 26 63 66 32 31 23 56 18 54 43 1 41 39 69 24 36 71 79 93 22 42 78 44 49 53 70 52 40 5 84 27 74 30 92 28 25 64 21 81 67 4
33 63 98 35 32 49 99 20 27 47 40 54 26 65 74 18 89 5 73 88 1 3 81 39 45 53 8 21 13 10 66 51 79 31 83 19 37 41 62 14 56 36 61 57 38 44 29 90 85 82 68 84 70 94 76 100 25 16 87 67 12 52 64 15 4 72 58 42 17 80 34 30 97 55 75 28 24 59 50 92 46 43 11 23 48 2 69 60 77 9 6 78 22 86 7 96 91 71 95 93
73 27 70 91 37 81 38 40 52 76 13 63 53 49 77 20 21 39 69 29 17 100 42 32 8 23 83 4 51 74 90 98 50 19 24 33 15 80 36 71 44 84 72 93 79 25 41 30 78 85 35 95 45 67 7 94 82 55 57 58 96 92 59 47 75 86 10 89 31 48 97 16 61 2 5 68 3 46 56 34 65 64 54 22 43 28 87 66 9 6 26 1 88 14 12 62 60 99 18 11
85 9 31 38 97 80 46 36 64 44 58 99 72 37 23 82 77 25 2 87 51 45 33 6 63 71 90 76 91 67 84 20 24 88 95 61 59 56 49 13 40 94 3 21 60 39 93 15 69 48 7 57 75 98 28 52 53 30 96 35 43 70 22 62 34 68 32 78 83 16 11 47 89 27 29 12 65 92 42 14 100 50 55 10 17 5 86 41 54 74 19 4 18 26 73 81 66 79 8 1
87 35 78 59 18 57 96 12 63 6 17 19 42 16 44 11 4 1 91 66 21 67 9 49 89 40 84 39 3 15 56 48 65 83 30 45 7 100 88 36 23 74 27 29 24 62 26 69 99 73 82 61 13 8 71 41 64 95 98 14 55 5 53 92 80 25 68 81 34 51 79 90 70 31 2 22 28 60 38 20 77 58 76 94 52 75 72 37 86 50 47 93 46 10 33 85 97 54 43 32
36 61 35 40 19 47 76 69 33 55 46 8 48 75 78 71 31 6 77 86 32 53 84 17 82 85 34 87 29 57 28 59 51 1 38 74 90 15 83 7 98 49 5 89 16 95 24 2 63 79 62 80 43 18 81 64 54 97 13 72 52 9 100 41 12 67 11 21 94 44 58 96 66 73 10 70 27 65 45 88 22 68 50 4 42 60 25 56 39 23 30 91 37 92 26 99 20 3 93 14
79 52 64 8 62 99 56 3 38 94 27 97 89 91 37 65 96 14 31 71 47 12 90 18 57 80 35 15 82 23 4 78 25 36 85 86 29 53 44 40 28 5 24 76 11 16 21 45 75 93 9 30 58 66 77 67 17 92 69 10 42 81 20 70 43 87 2 95 48 98 19 100 68 6 41 61 7 39 63 73 1 60 83 33 34 26 54 55 59 49 32 51 72 84 46 50 88 74 22 13
43 89 28 87 71 11 41 47 82 33 65 55 57 24 70 69 50 86 19 27 95 23 32 54 99 74 16 100 53 17 59 77 14 96 93 94 84 10 97 4 39 67 83 66 36 3 30 76 60 38 34 37 46 48 85 61 13 58 22 63 51 80 12 35 31 90 78 20 18 26 91 29 92 64 21 73 1 5 9 6 52 45 75 81 15 98 8 49 2 7 79 88 25 44 40 72 68 56 62 42
67 46 2 42 33 84 57 70 14 26 64 87 9 4 73 12 99 90 13 48 22 36 97 92 62 68 19 63 74 45 11 85 8 55 23 37 76 58 52 28 47 77 44 75 86 41 82 7 38 31 50 6 71 5 88 66 95 89 16 53 80 10 79 54 27 60 35 17 56 93 72 21 24 65 25 94 59 1 39 29 81 96 78 40 98 100 83 15 18 91 34 32 49 69 43 3 61 30 20 51
100 14 16 19 31 54 91 75 72 71 39 22 58 52 53 93 2 63 1 77 35 86 88 83 49 7 61 95 81 64 45 50 10 25 70 82 56 32 48 18 29 90 73 13 46 24 42 85 87 9 97 28 6 74 11 4 26 99 36 8 17 43 65 37 33 76 30 59 78 20 68 40 80 47 55 84 69 62 51 41 23 12 27 67 21 79 44 98 94 89 96 92 15 3 5 66 34 60 57 38
12 20 89 73 51 86 72 74 13 4 66 92 65 79 67 75 69 29 43 37 7 2 36 56 34 50 1 99 94 91 10 22 61 59 31 26 97 40 11 25 68 55 23 60 71 98 8 96 95 62 17 39 15 44 3 19 49 80 54 41 83 42 58 27 6 33 84 5 76 82 28 45 52 88 35 38 18 64 87 57 24 14 63 85 77 93 70 32 81 46 16 21 47 53 78 90 48 100 30 9
56 82 59 43 91 74 90 51 9 24 87 65 12 1 27 97 83 20 54 16 85 77 75 55 58 63 98 72 6 47 67 10 69 64 28 14 48 92 81 68 31 29 38 99 18 30 22 21 42 40 33 5 8 36 13 80 50 34 4 46 35 78 94 100 2 44 76 73 15 71 66 60 17 62 57 23 84 86 7 96 93 88 3 52 37 61 41 39 19 70 89 26 11 95 45 49 25 32 53 79
55 1 41 2 95 9 29 99 65 11 53 17 59 40 98 66 72 19 50 21 69 31 39 13 44 77 24 33 5 83 48 35 73 4 10 42 96 52 15 23 58 56 7 12 63 94 68 16 92 61 18 100 54 57 22 26 90 78 89 45 88 82 49 87 32 85 64 14 84 62 43 80 75 67 8 51 74 30 47 38 86 28 36 71 91 97 79 60 37 34 27 76 70 20 93 25 3 6 46 81
49 38 32 26 56 67 79 66 24 19 73 51 52 27 42 90 23 72 89 54 12 63 47 95 50 59 86 28 75 7 94 53 88 91 21 4 13 29 2 30 78 70 17 74 5 76 35 18 81 6 36 69 64 58 20 46 97 48 37 15 9 62 98 10 55 99 41 45 92 68 77 71 25 100 31 65 33 44 82 11 96 84 39 83 16 40 61 57 80 14 1 8 43 87 34 22 60 93 3 85
57 55 74 90 63 62 51 54 6 39 22 27 8 38 36 18 5 87 41 99 84 89 29 15 14 70 73 47 65 77 96 68 93 72 91 9 3 79 34 59 50 48 85 80 64 12 67 83 32 52 98 10 28 19 16 45 43 37 49 94 20 2 21 24 53 26 46 44 1 69 40 35 82 76 56 75 66 11 97 61 95 17 88 31 81 58 30 23 60 13 86 42 4 71 100 33 78 92 7 25
84 71 83 80 14 88 53 89 39 30 40 28 27 6 3 47 42 58 92 11 19 64 13 82 21 49 96 2 93 46 9 66 41 35 5 81 70 43 59 99 15 33 51 18 78 79 25 10 48 17 87 4 86 72 54 34 56 1 12 76 57 69 75 16 60 95 62 22 68 97 50 85 36 94 44 52 100 55 77 98 61 74 45 7 32 29 31 90 91 20 65 73 24 8 23 37 67 38 63 26
13 77 33 81 66 60 34 64 99 51 3 62 78 74 63 94 17 37 93 65 11 19 92 72 95 58 39 43 100 90 12 84 57 54 79 87 30 42 98 55 32 2 70 71 35 56 1 49 25 22 45 38 59 68 18 29 14 53 61 69 85 6 24 52 67 20 5 91 44 23 4 10 9 26 16 50 31 83 88 36 7 80 86 48 82 89 21 27 41 97 76 46 40 47 8 75 28 15 96 73
27 17 55 72 29 30 16 61 51 25 18 66 71 95 39 84 52 78 98 83 64 8 34 90 80 91 3 65 32 70 54 1 76 56 50 43 81 60 24 42 38 89 20 100 75 73 15 40 10 96 68 11 94 12 49 7 45 33 62 77 21 26 31 9 13 88 67 87 37 2 36 4 41 93 79 85 44 47 14 48 74 86 23 97 57 59 63 99 35 69 28 19 5 6 82 92 53 22 58 46
21 67 54 83 9 82 50 30 97 34 49 73 44 33 16 46 53 68 5 1 100 47 59 7 12 86 77 32 15 11 26 74 66 48 3 57 14 17 69 20 2 75 93 8 43 37 10 36 39 55 42 80 23 79 95 28 87 6 35 71 64 58 62 25 89 94 85 51 24 88 78 27 65 56 19 31 81 84 4 72 91 38 92 41 18 13 52 63 22 98 99 60 90 96 76 45 70 40 61 29
22 66 75 31 10 20 14 53 74 46 48 70 11 67 91 44 8 56 15 98 59 27 60 24 54 25 65 16 23 36 64 99 29 94 96 63 41 89 4 72 83 76 32 51 45 33 49 97 5 58 21 57 52 6 17 35 2 38 7 30 84 55 95 68 100 62 40 18 28 92 88 78 47 19 1 26 61 71 80 85 79 13 69 43 93 42 50 87 3 37 73 9 39 90 86 12 81 77 82 34
42 39 97 75 92 80 66 37 100 84 91 59 85 81 1 7 88 49 23 31 2 44 9 98 29 24 67 77 70 52 83 56 17 86 40 58 19 51 95 35 69 79 50 61 47 38 89 48 82 57 27 46 60 78 4 99 93 3 63 13 34 94 74 71 64 54 12 68 8 87 5 25 43 14 76 53 73 15 36 26 45 11 90 16 22 41 65 96 72 30 10 20 33 18 6 32 55 28 21 62
52 84 36 24 48 57 65 19 4 89 68 40 22 44 85 10 66 9 55 2 54 43 41 58 17 5 30 79 88 75 62 60 87 14 35 98 6 34 26 73 18 11 99 82 37 23 47 29 90 56 83 15 67 64 69 8 81 16 31 97 100 25 59 12 94 91 51 38 45 77 49 76 27 1 20 32 86 96 70 78 72 53 7 42 46 92 74 3 63 93 13 71 28 50 39 95 21 61 33 80
9 85 29 52 42 40 78 8 44 98 13 46 3 84 69 14 73 26 47 20 91 74 100 10 41 17 33 49 60 79 24 89 72 70 11 39 36 19 6 1 16 88 56 2 97 5 87 58 15 27 28 75 61 76 65 71 34 21 32 51 67 93 92 43 82 25 7 48 54 22 53 31 64 68 38 35 63 50 96 4 94 23 57 95 90 37 80 77 66 18 12 81 99 45 59 62 83 55 86 30
8 33 30 53 22 95 5 86 78 17 34 81 42 3 83 100 65 16 4 59 46 35 21 47 89 44 76 55 52 18 32 7 27 43 39 66 45 61 50 98 77 91 26 24 19 51 72 79 40 85 6 58 73 29 96 88 62 69 9 49 97 23 84 82 38 11 87 28 10 31 92 2 13 54 37 67 71 68 57 15 80 48 60 63 64 14 93 36 25 75 20 56 74 12 1 94 90 70 99 41
64 49 25 22 81 29 10 24 35 40 47 43 97 61 88 52 63 73 39 71 76 93 1 41 45 67 37 6 33 58 27 4 92 82 8 44 59 86 89 50 57 34 54 69 51 65 18 14 85 68 77 94 74 53 60 87 38 11 80 55 95 20 100 23 26 13 56 62 21 72 30 83 90 16 17 15 78 31 12 66 2 91 32 46 28 48 5 79 9 84 42 75 3 99 19 7 36 96 70 98
78 9 50 1 96 19 83 79 42 82 63 14 28 15 76 71 80 97 85 8 65 6 54 45 20 43 55 73 67 38 35 26 60 47 92 34 5 44 90 56 53 66 81 23 59 87 31 4 98 72 86 61 27 22 74 16 21 40 2 64 32 99 18 57 58 100 75 13 52 30 62 77 51 89 46 93 48 88 41 94 37 24 95 68 3 70 39 7 17 12 49 29 84 91 25 36 69 10 11 33
31 78 87 27 72 14 54 63 85 75 5 3 88 22 66 15 16 67 18 23 34 96 33 51 6 73 94 29 95 49 82 46 12 92 4 99 2 30 61 69 79 57 47 9 41 70 52 44 50 45 84 60 68 56 71 90 25 65 1 86 91 48 37 89 36 55 17 11 38 80 39 74 32 100 93 20 10 26 42 7 97 76 28 98 24 19 13 21 59 77 8 64 81 83 62 53 40 58 35 43
58 69 94 77 55 70 40 33 96 15 46 16 39 36 51 19 44 41 20 56 99 87 24 42 63 1 95 17 2 14 49 3 7 93 74 10 31 71 78 45 9 18 88 34 80 25 73 61 79 82 29 54 100 30 67 47 57 72 28 90 27 98 48 97 62 68 86 4 89 83 52 64 50 85 81 66 13 12 6 76 84 26 91 75 35 65 53 5 92 59 11 22 21 43 32 23 37 8 38 60
98 57 11 94 99 49 42 4 66 35 8 67 26 39 95 5 78 55 80 68 38 69 79 44 34 32 51 81 63 84 15 37 43 23 12 2 24 73 91 61 96 64 87 90 3 52 17 31 29 76 71 45 41 16 46 40 60 50 93 1 48 19 14 83 70 30 33 85 97 56 89 92 88 62 7 9 6 77 27 86 28 25 65 58 20 21 36 22 53 47 54 59 13 82 10 100 74 18 72 75
100 58 6 36 98 50 46 16 7 61 93 64 51 55 48 33 13 70 72 5 86 78 82 57 23 38 69 56 18 28 42 32 44 30 66 67 88 76 8 15 49 3 53 41 60 75 43 92 20 1 47 31 26 97 27 96 91 35 83 22 45 80 10 81 9 79 25 19 63 90 29 73 21 37 71 4 52 87 95 99 11 34 12 89 65 17 14 68 74 94 85 24 62 2 77 40 54 59 39 84
44 50 5 55 58 90 33 84 77 97 23 93 78 60 10 25 47 53 17 43 41 88 19 62 8 6 61 31 92 30 79 87 89 21 75 85 22 54 28 91 36 39 37 49 20 1 83 98 68 94 52 74 95 42 70 100 76 59 72 27 7 69 82 2 80 81 38 16 26 29 56 32 4 48 3 86 99 9 63 35 66 73 64 24 67 34 18 14 45 96 40 11 51 65 46 13 15 71 12 57
29 37 12 47 50 25 69 77 1 42 35 63 89 94 56 39 7 98 46 32 81 11 5 4 28 99 45 100 57 16 74 59 91 67 26 53 73 18 55 88 40 6 13 87 71 78 66 72 83 54 24 84 85 70 36 23 92 20 58 44 14 17 9 19 41 93 79 31 80 10 38 61 3 97 30 95 96 51 48 33 90 49 22 76 75 52 64 34 62 21 60 43 68 86 65 2 27 82 15 8
85 92 45 59 54 36 89 42 94 96 70 97 30 10 86 63 61 47 22 15 57 65 69 34 77 4 48 7 9 41 55 62 80 73 6 84 37 67 1 79 19 75 49 27 87 31 82 91 12 29 58 32 35 38 20 95 44 56 53 24 39 51 83 33 18 17 21 43 88 11 26 93 99 98 66 71 8 28 3 25 5 72 74 90 14 100 68 81 23 60 2 16 46 13 40 52 50 64 78 76
60 20 85 64 3 71 81 73 12 86 32 4 59 41 28 54 27 42 11 62 44 79 78 68 57 80 16 15 19 34 22 88 23 75 52 1 7 99 51 13 67 47 69 5 83 8 46 93 14 37 49 33 9 43 76 35 61 31 74 2 70 58 29 77 45 50 72 94 6 39 96 53 30 24 91 21 87 63 56 95 55 40 26 92 25 36 38 66 48 90 98 89 65 97 100 10 84 17 18 82
41 96 53 44 28 87 22 72 3 8 100 19 15 50 60 4 34 10 99 18 43 54 30 73 98 69 82 66 25 51 17 93 71 32 94 83 91 31 49 40 84 85 89 37 16 64 77 27 59 95 35 26 24 62 13 61 11 7 88 80 90 9 20 21 76 12 29 52 70 42 55 46 86 57 67 6 36 38 92 58 56 68 79 39 2 97 1 63 65 78 81 14 75 23 33 47 45 48 74 5
33 16 67 6 89 72 48 43 45 85 94 54 99 98 23 20 24 64 32 70 62 40 15 38 82 68 34 76 42 66 44 79 11 57 88 50 100 27 97 25 95 65 61 31 28 58 81 13 46 77 30 73 22 4 17 59 78 83 91 84 18 55 75 60 71 39 26 10 29 3 69 8 12 87 35 14 41 53 9 52 21 56 96 51 63 74 49 37 47 19 92 86 2 93 36 1 5 90 80 7
56 35 24 40 88 45 68 95 92 79 58 42 5 85 22 82 29 57 51 81 72 84 10 64 1 30 11 34 61 54 53 94 83 41 89 90 43 46 62 77 14 86 48 67 69 16 63 17 75 66 19 50 76 3 7 55 32 8 73 23 20 78 6 4 98 21 52 12 93 36 99 9 87 74 96 60 70 59 97 91 26 31 33 13 38 44 2 15 80 28 39 27 25 49 37 18 47 100 71 65
26 97 93 49 82 91 58 80 75 99 1 2 14 76 63 60 19 20 74 17 55 94 45 22 18 37 8 21 86 15 29 83 42 81 51 38 89 33 59 96 72 9 100 28 35 62 3 56 73 65 12 30 39 77 23 52 79 25 5 87 53 41 70 36 34 57 47 46 69 61 6 95 54 7 92 27 88 13 98 44 32 90 31 40 10 78 67 64 84 43 48 66 4 11 85 24 68 16 50 71
55 6 21 51 12 16 76 46 48 69 36 90 54 11 24 95 25 38 94 49 74 98 42 91 79 40 84 70 39 4 89 34 37 45 9 92 83 62 44 85 99 1 17 68 75 67 35 81 78 73 31 86 19 71 32 22 7 30 8 88 80 72 52 29 33 96 57 23 14 97 3 56 63 27 20 100 61 60 50 65 10 2 13 87 58 43 28 93 77 64 5 53 18 26 41 59 82 66 47 15
35 54 77 96 65 68 9 11 4 5 62 32 56 51 100 13 93 18 36 95 23 70 6 84 10 52 64 91 22 88 16 81 90 15 87 20 85 80 34 71 33 41 79 92 57 99 7 78 69 19 14 83 61 73 94 28 74 44 43 30 47 1 45 86 55 31 82 76 27 46 48 24 8 39 17 58 37 2 67 97 42 21 98 26 40 75 12 38 3 25 29 50 53 72 49 60 63 89 66 59
37 27 75 86 43 48 45 71 97 56 2 50 31 16 19 92 67 11 34 6 53 17 62 18 42 58 68 4 84 96 72 52 46 87 77 60 65 85 41 30 93 80 1 61 78 21 23 94 95 7 90 91 66 59 99 82 8 24 79 57 35 76 26 64 47 3 54 89 5 69 98 44 74 81 13 33 100 70 29 22 12 63 15 14 51 28 40 55 39 20 25 83 32 73 38 88 9 36 49 10
79 48 13 37 18 28 23 7 99 80 78 56 62 29 8 77 35 76 16 19 49 68 86 74 11 87 5 71 43 75 3 17 64 51 58 59 32 100 93 55 60 50 65 42 30 6 26 22 91 2 61 96 15 46 95 44 36 41 38 69 10 47 57 67 4 1 63 70 20 81 14 33 94 31 82 45 92 21 54 27 25 89 53 98 88 12 90 83 73 9 52 84 40 66 34 39 97 24 85 72
58 90 66 89 71 20 70 31 13 53 44 74 72 64 55 83 95 91 69 61 88 85 2 43 32 22 47 39 59 24 21 86 94 77 65 15 80 8 4 19 62 48 28 84 5 14 75 99 50 40 73 79 34 1 54 10 42 17 82 12 29 18 25 63 27 92 93 37 11 49 100 3 45 52 98 56 23 46 78 51 87 60 81 38 76 96 9 26 68 97 57 6 36 41 7 67 33 35 16 30
73 44 8 75 76 92 59 6 61 54 33 99 11 86 32 96 49 25 24 52 36 13 70 29 22 88 35 80 79 26 7 78 5 100 47 82 97 63 37 38 10 16 64 57 45 46 15 23 48 62 2 90 71 20 87 4 94 43 34 21 17 40 81 51 1 56 98 42 67 89 74 18 84 12 83 68 30 55 69 77 60 27 41 28 72 50 19 39 91 65 53 3 66 85 93 9 95 14 31 58
70 61 73 57 95 24 88 38 18 83 17 34 32 5 12 29 81 79 7 84 93 100 94 11 78 59 30 68 40 62 69 31 75 58 86 64 10 96 98 4 82 33 90 43 97 13 22 19 45 53 54 2 21 9 3 99 89 71 65 26 25 42 66 15 23 80 28 50 85 16 1 91 76 92 49 47 63 44 20 74 6 67 8 48 36 72 60 56 35 52 51 77 39 14 55 27 41 46 37 87
93 12 60 35 87 5 56 67 39 75 26 98 27 19 64 2 62 44 73 79 92 45 58 99 91 17 83 10 21 33 66 20 59 52 84 61 8 82 94 18 51 55 50 77 63 95 14 47 32 23 78 25 97 34 4 37 48 49 90 81 89 6 41 100 65 86 68 1 42 9 80 11 53 88 70 76 85 24 72 69 40 36 43 30 71 54 57 13 96 3 38 15 16 74 29 46 7 31 28 22
23 86 59 61 17 99 24 85 27 3 10 35 64 77 54 6 11 80 62 88 31 39 55 87 94 82 25 63 26 91 56 5 67 38 13 36 15 95 53 46 83 19 21 75 29 44 30 100 58 51 60 52 92 18 16 90 97 12 81 79 76 8 69 72 32 74 42 20 40 71 7 65 68 70 4 43 33 73 2 49 9 48 47 37 93 45 89 41 22 66 84 57 14 28 78 96 1 50 34 98
22 99 51 83 38 94 49 39 46 43 74 55 53 66 77 30 89 65 96 13 63 3 14 12 81 5 72 40 27 59 18 33 15 2 62 58 67 4 64 80 25 11 19 85 76 70 41 24 26 9 91 68 1 8 28 84 17 52 86 35 36 82 79 29 73 98 75 90 32 20 54 23 48 93 44 69 60 34 45 42 88 78 16 71 56 87 7 10 21 57 100 47 37 92 95 31 61 97 6 50
12 13 55 85 6 86 75 83 47 96 97 25 100 37 3 73 14 8 58 87 71 59 84 39 49 70 92 45 64 57 1 21 52 98 18 88 42 41 10 11 61 79 56 53 24 68 65 67 19 48 7 9 99 89 90 94 82 27 46 60 91 36 95 62 2 43 23 78 51 74 4 32 81 40 5 28 69 50 35 34 16 77 76 29 22 93 30 33 63 31 20 80 15 44 66 54 38 72 26 17
77 52 88 91 34 46 57 81 82 37 15 92 3 47 58 65 26 35 14 64 27 96 61 40 55 94 31 11 44 76 84 50 99 69 24 4 23 79 85 7 90 70 93 89 39 98 10 60 74 59 80 67 28 21 68 45 9 62 17 97 43 86 2 42 6 18 36 48 73 12 41 100 16 32 25 87 53 83 38 8 33 19 56 95 1 20 71 49 72 13 66 78 54 22 5 63 29 51 30 75
28 81 37 8 84 42 48 10 33 12 38 44 57 9 30 21 4 85 64 27 73 92 50 95 66 45 98 60 89 53 86 22 3 16 90 14 87 94 69 34 5 26 32 100 79 77 76 75 24 55 46 23 13 49 72 7 99 82 56 19 15 43 40 1 58 63 18 54 25 67 51 83 91 65 6 80 62 20 39 93 97 17 29 52 11 68 78 35 2 88 71 61 41 31 70 74 59 47 36 96
98 89 78 11 57 9 12 68 76 50 4 38 6 46 92 75 36 52 88 16 25 21 90 49 2 35 60 20 41 43 37 71 22 42 55 45 39 17 87 81 23 56 70 69 95 28 72 73 53 58 63 66 84 94 91 13 93 19 77 14 97 62 67 96 31 48 29 8 15 99 47 59 32 1 61 44 7 74 30 80 100 18 40 83 3 33 79 54 86 51 34 82 5 27 26 85 64 65 24 10
32 36 100 1 64 81 99 25 96 17 54 94 22 49 74 97 21 12 93 14 91 57 26 80 7 19 79 84 95 11 6 29 18 13 33 71 63 92 52 59 69 27 3 82 9 30 87 68 8 78 88 51 65 44 77 24 41 66 70 15 46 35 98 38 43 72 40 5 34 47 48 16 50 73 39 83 31 62 90 75 67 58 2 53 10 61 45 42 60 85 28 4 23 37 56 89 76 86 55 20
88 74 83 62 80 47 18 27 78 66 6 72 58 32 1 86 39 97 31 100 54 93 81 77 44 7 12 95 13 65 5 38 25 60 28 52 51 50 48 21 96 91 84 99 11 71 37 41 64 17 22 40 45 68 29 67 63 3 75 42 9 2 53 36 56 20 59 82 4 15 23 35 89 76 55 49 46 92 16 61 10 14 69 33 90 85 94 19 8 30 26 98 70 24 73 43 34 57 87 79
50 21 33 98 62 8 7 35 44 67 20 91 9 88 36 87 69 48 6 3 100 2 68 17 59 71 95 27 58 90 65 51 47 24 15 77 52 56 73 99 31 74 54 13 12 84 1 89 60 93 10 49 43 79 39 41 30 85 55 28 86 53 78 83 81 70 5 11 45 82 40 97 19 26 75 63 42 64 22 14 46 37 25 66 38 23 34 32 4 80 16 92 72 57 18 76 96 61 94 29
95 98 92 88 21 67 6 40 2 23 27 26 16 65 29 69 9 93 37 55 11 66 91 71 62 50 90 51 4 83 36 73 17 5 80 33 72 7 15 48 43 94 96 41 99 42 8 97 13 45 89 64 75 78 22 19 32 34 1 46 12 84 58 44 53 59 38 25 77 24 39 28 87 47 31 61 10 57 60 20 76 82 18 35 68 79 70 3 54 14 86 85 49 81 52 30 100 56 63 74
94 14 62 16 37 27 91 44 10 4 39 84 38 68 26 85 56 61 2 80 52 31 83 6 58 33 88 67 100 25 51 65 9 19 7 98 12 15 57 53 32 49 74 90 64 55 36 5 63 22 82 81 3 48 79 29 77 45 59 1 60 66 76 34 99 96 47 17 13 41 50 30 40 54 72 89 24 86 87 21 78 11 95 23 42 8 97 70 18 75 46 20 28 69 43 71 92 93 73 35
87 3 32 13 10 66 36 30 9 97 85 8 52 73 78 49 17 14 84 24 18 28 65 58 50 41 89 12 70 42 38 35 93 39 31 99 86 57 22 47 7 90 27 80 46 100 68 88 76 60 48 95 74 23 37 16 91 54 25 63 79 71 33 92 40 77 69 81 56 44 5 53 55 6 26 72 59 11 21 2 83 15 96 4 34 1 61 62 94 98 29 75 82 51 45 64 20 67 43 19
57 65 16 56 33 21 15 63 28 14 19 18 71 75 91 62 30 41 82 74 51 53 52 59 95 84 1 24 8 7 70 48 55 31 46 96 77 3 88 93 80 36 99 60 32 61 67 72 92 79 85 37 23 22 78 87 13 76 38 83 42 100 12 97 5 27 17 45 86 35 6 68 44 2 69 20 9 39 94 89 47 50 49 73 43 40 25 98 29 34 10 66 90 64 4 81 11 58 54 26
21 82 89 22 49 78 35 38 6 30 10 57 84 26 44 11 55 56 76 41 59 99 75 19 17 79 81 29 93 70 90 8 69 71 95 9 48 58 68 74 16 54 20 65 18 39 42 98 5 46 34 96 88 37 85 36 47 80 83 31 73 52 60 14 63 33 43 100 28 51 15 66 61 67 2 32 25 23 7 92 45 53 91 97 87 86 50 4 12 27 94 64 24 62 1 77 72 3 40 13
49 63 4 90 56 84 50 14 45 85 89 6 8 20 13 76 40 33 98 29 99 78 97 92 37 24 46 79 3 9 53 2 28 41 70 26 57 66 36 68 44 25 42 87 38 82 47 58 51 5 69 43 86 72 34 88 59 95 61 96 52 81 32 21 30 12 16 64 18 22 1 74 31 94 80 7 48 27 11 73 17 39 83 19 15 60 62 23 100 93 54 35 77 10 71 65 75 55 91 67
43 46 52 38 100 54 96 69 20 39 61 33 44 31 2 23 29 5 13 86 41 6 93 98 16 72 14 57 15 36 66 77 65 27 94 12 84 30 83 51 34 76 73 71 47 24 64 59 67 18 9 97 60 56 11 81 53 87 32 48 40 10 80 58 21 50 55 99 62 68 92 4 82 79 1 75 78 89 70 37 49 91 45 8 28 26 63 90 85 17 19 22 7 3 35 42 88 74 95 25
14 50 36 42 91 74 27 16 24 99 79 78 12 7 37 1 77 38 43 66 69 63 10 25 64 28 3 86 82 13 89 9 61 32 87 19 17 22 20 57 29 5 2 23 85 33 39 94 54 72 62 6 59 70 88 73 45 55 51 90 83 31 65 68 67 21 26 15 47 96 34 56 75 49 95 35 97 81 4 18 71 76 100 58 92 80 8 46 41 40 30 53 11 84 48 93 44 98 52 60
13 78 80 82 5 30 19 22 14 98 48 3 60 66 81 96 89 7 77 75 35 12 40 45 9 31 49 76 21 10 29 58 33 88 4 27 56 20 23 67 28 84 44 2 52 83 93 37 90 11 94 63 38 74 61 34 6 97 50 41 55 65 92 47 24 95 71 68 54 72 53 42 17 46 86 64 18 15 36 57 59 43 39 85 51 62 69 87 16 70 1 26 99 100 32 25 91 79 8 73
78 53 97 72 40 69 90 73 49 76 22 39 65 14 27 45 50 10 55 37 58 54 32 86 84 42 19 66 26 17 83 67 51 35 93 13 29 77 16 6 15 88 47 74 33 3 21 44 4 100 41 28 68 85 52 80 56 92 91 18 94 34 5 30 89 1 87 59 43 62 96 64 99 71 36 12 81 8 82 79 63 20 38 31 48 2 95 25 46 7 98 11 61 60 23 75 24 70 57 9
80 55 54 73 51 70 83 53 94 64 5 28 25 91 16 58 47 98 92 26 2 69 44 20 14 49 45 35 60 3 59 85 48 87 17 30 9 40 31 52 56 82 43 34 42 79 29 36 77 61 37 39 95 38 18 46 50 74 4 67 84 93 21 81 72 90 97 22 100 10 99 71 12 19 24 6 68 7 1 63 65 23 41 75 76 11 86 27 57 96 78 89 88 33 8 32 66 15 13 62
84 96 31 71 59 60 79 3 50 27 55 40 18 29 98 93 83 67 5 20 7 25 39 15 100 63 2 70 75 74 16 47 91 48 35 37 90 76 95 65 78 21 85 28 36 23 34 86 81 13 97 69 8 6 56 26 89 72 77 10 57 92 24 52 87 54 66 4 38 14 82 73 80 64 99 46 45 30 51 88 61 44 53 94 32 58 42 9 19 1 49 33 43 68 12 22 17 11 62 41
52 42 50 81 63 11 28 61 38 79 3 70 69 4 39 29 21 27 67 48 8 62 45 72 74 85 94 87 97 23 22 12 30 53 77 86 91 54 24 37 99 2 7 18 41 1 57 64 82 56 13 51 66 36 73 47 49 6 35 71 100 26 88 31 60 17 84 44 92 83 78 98 25 55 59 95 96 65 15 90 89 80 75 68 14 5 32 16 43 46 76 93 9 19 58 33 10 40 20 34
2 18 14 51 39 52 38 77 85 33 94 84 55 22 67 65 34 43 15 70 80 72 1 24 99 9 86 81 59 46 4 10 36 83 30 74 71 32 91 29 68 61 11 8 54 20 25 48 42 31 50 100 64 97 49 79 75 53 58 87 95 44 62 23 82 60 35 7 78 92 28 40 69 56 96 93 73 5 76 98 90 89 12 27 16 63 21 17 37 26 41 47 19 66 6 45 13 88 3 57
19 17 94 26 9 50 72 75 80 8 65 18 20 47 25 54 5 68 59 97 84 87 36 32 15 62 39 100 88 27 74 45 31 70 11 35 13 85 33 82 53 29 83 24 86 56 89 40 30 69 66 99 73 58 81 49 57 78 63 76 2 14 42 77 12 55 21 91 1 23 60 37 4 43 41 22 6 61 96 51 79 93 90 3 52 98 44 67 34 64 38 16 92 71 10 95 48 28 7 46
38 69 74 27 97 62 78 4 100 34 70 54 48 37 53 59 26 73 19 98 24 64 11 55 92 23 20 17 22 41 18 90 94 65 85 87 10 44 6 28 79 57 51 40 43 76 16 91 15 63 80 75 46 52 84 96 36 50 8 58 5 68 71 89 45 82 56 21 2 88 30 12 9 14 3 31 99 33 29 72 77 13 32 7 67 35 93 1 81 49 66 60 47 95 39 86 25 42 61 83
42 89 82 20 31 85 70 25 52 47 40 61 13 10 4 18 97 78 54 92 76 88 60 46 36 100 62 6 51 66 21 68 79 77 26 1 74 53 35 33 39 99 23 9 37 86 73 29 98 15 34 45 58 19 2 75 87 48 57 55 64 5 7 27 94 67 12 95 44 84 80 8 3 72 56 14 41 49 81 11 93 28 22 16 24 71 83 91 17 69 65 30 96 63 38 50 59 32 90 43
67 100 43 36 44 45 54 80 74 84 32 90 40 98 42 77 16 58 29 63 39 65 94 23 30 86 15 55 89 79 49 34 24 25 68 3 61 99 2 12 75 92 72 10 87 37 60 83 35 52 62 20 56 53 69 57 88 51 81 8 82 28 64 33 13 59 46 73 70 7 85 76 21 48 19 50 71 38 6 78 95 26 47 41 18 9 31 96 27 91 11 14 97 17 66 1 4 22 93 5
11 91 79 17 98 44 14 33 35 62 31 57 43 69 73 15 96 87 40 32 95 70 84 56 29 47 76 42 23 58 55 51 64 59 74 38 45 61 25 36 50 89 16 21 19 7 49 27 99 1 60 85 67 5 30 66 81 65 46 13 34 88 37 71 75 80 2 10 24 93 94 78 92 68 100 53 20 26 48 9 72 77 86 63 12 82 52 18 6 39 8 97 3 83 41 90 28 54 22 4
27 71 35 93 48 82 76 43 32 42 7 22 85 17 69 44 2 47 50 19 34 94 46 13 59 91 37 99 28 96 84 53 57 51 40 25 75 29 3 14 70 58 98 45 92 38 24 4 39 66 90 23 41 61 36 64 54 11 72 49 63 15 74 60 26 18 52 86 68 87 100 9 97 33 10 80 16 79 95 65 56 73 55 88 81 89 1 21 31 12 5 83 8 20 62 77 78 30 67 6
18 58 34 37 14 66 22 7 72 24 36 17 96 59 95 97 78 29 75 83 19 77 61 82 43 74 67 32 42 100 1 56 25 54 23 10 89 12 50 64 6 41 26 76 28 5 13 51 87 71 88 9 4 16 44 8 21 69 73 45 85 48 35 57 70 68 62 63 31 90 3 39 52 98 79 47 27 93 2 80 91 86 92 15 20 40 53 99 33 94 55 84 81 30 11 49 38 60 46 65
91 75 29 80 58 88 71 54 12 15 2 14 84 79 83 60 100 49 56 1 53 55 33 10 61 99 48 34 67 64 42 52 20 63 3 85 30 73 81 23 9 6 5 27 7 41 4 69 40 59 51 37 26 76 70 78 62 19 16 72 32 98 22 94 38 39 25 18 17 86 95 24 96 97 93 11 65 68 35 8 21 90 57 43 82 28 13 31 66 77 47 46 74 50 36 89 45 92 44 87
31 67 87 94 50 33 53 85 63 71 68 25 79 16 89 10 99 9 91 6 38 23 21 51 60 8 24 56 84 44 72 4 37 14 34 39 76 19 77 20 18 100 46 7 3 75 17 61 97 81 12 2 54 29 74 40 11 83 13 27 96 70 49 35 41 43 86 28 48 55 98 92 65 82 15 26 5 95 93 42 66 32 73 90 64 88 36 57 45 78 52 69 22 62 30 59 1 47 58 80
9 13 45 24 68 87 23 19 84 80 1 34 81 3 10 25 31 39 32 56 82 11 62 67 6 16 54 49 98 47 15 8 50 38 75 63 51 42 26 58 2 44 30 20 83 78 18 92 52 94 17 66 70 93 37 71 64 21 76 88 48 79 91 43 36 77 33 14 90 29 69 61 27 100 40 73 86 12 7 22 5 74 28 97 65 96 72 60 95 89 85 57 35 41 4 46 55 99 53 59
64 16 21 2 4 84 68 46 98 5 26 50 9 51 70 12 81 63 47 23 57 30 78 42 15 25 55 73 39 52 61 65 72 93 32 56 6 75 92 1 95 20 28 37 89 59 74 49 10 29 33 83 22 77 35 91 13 58 53 86 67 94 48 24 100 11 96 88 97 18 14 27 36 87 76 60 3 71 19 99 7 54 8 79 31 62 41 38 44 90 40 80 69 45 82 43 34 66 17 85
15 37 77 55 32 63 34 29 1 46 38 100 71 41 65 19 67 26 94 18 17 40 68 7 12 6 58 28 57 14 9 98 59 2 60 53 22 8 11 69 36 35 97 49 72 64 52 13 79 90 83 73 85 27 50 93 95 89 82 39 45 20 31 16 54 91 30 87 10 48 62 80 43 3 66 21 84 96 75 4 42 56 23 81 70 92 5 24 25 74 99 51 78 61 86 88 76 44 47 33
29 32 53 58 92 28 45 42 3 40 85 35 25 39 13 90 4 70 89 54 36 86 97 57 66 1 34 31 52 49 7 77 46 56 12 24 95 10 78 50 14 65 9 93 17 16 83 81 33 6 82 91 100 30 27 59 60 62 43 22 61 41 87 19 74 99 67 72 71 98 68 23 88 55 38 15 44 69 79 94 11 2 63 51 37 80 64 5 20 47 73 8 21 26 18 76 75 48 96 84
75 39 72 19 74 14 69 11 55 82 4 87 91 76 5 21 24 64 23 73 22 67 54 47 98 53 77 90 40 51 17 32 12 92 9 93 65 71 27 44 57 1 80 95 16 99 31 15 85 68 97 52 20 42 96 56 78 41 34 50 30 33 94 7 86 62 45 63 29 3 49 18 70 46 81 79 25 60 38 48 84 88 13 89 2 58 28 35 59 83 61 6 66 37 43 10 100 36 26 8
68 84 46 97 11 95 9 79 66 51 23 38 62 36 48 49 72 86 20 77 88 19 75 59 54 73 47 16 13 45 82 58 14 55 6 81 85 18 1 35 10 32 24 31 27 87 3 17 39 57 89 50 98 67 30 100 7 99 69 12 90 52 8 37 64 92 78 25 41 26 83 63 94 70 21 4 93 2 80 15 28 34 43 42 5 60 74 22 65 61 44 56 33 91 71 53 29 96 40 76
36 49 12 70 72 78 93 40 42 89 15 8 64 50 22 84 9 37 41 99 74 35 65 90 10 44 33 80 43 97 28 94 87 13 79 69 83 27 55 91 58 85 88 5 18 100 25 11 98 95 61 4 6 62 77 46 34 1 86 53 63 24 23 2 96 81 82 59 21 32 56 31 30 52 57 45 17 16 60 26 73 19 54 67 75 29 39 14 92 66 48 71 38 68 76 47 3 51 20 7
77 1 63 64 80 96 5 72 95 69 49 19 100 61 20 75 23 76 4 41 78 74 92 15 45 43 73 21 33 34 79 35 11 52 39 57 37 67 60 59 98 18 38 30 6 46 66 14 26 51 7 40 9 55 89 54 2 47 93 94 27 99 84 3 62 44 58 68 83 56 29 82 90 88 16 87 36 53 50 91 24 12 85 22 17 86 25 10 97 28 32 48 71 8 65 31 70 81 13 42
41 98 2 96 28 16 89 74 65 35 78 26 61 94 8 73 11 6 99 13 23 17 59 25 7 93 69 10 92 54 37 83 4 45 47 44 80 62 68 82 33 50 1 67 76 39 38 18 15 27 31 97 52 3 34 22 43 56 5 77 21 71 51 64 48 42 79 100 85 30 55 46 86 81 91 58 57 70 12 29 32 84 60 87 88 63 75 53 40 19 95 24 36 49 72 9 20 90 66 14
23 92 11 43 54 75 58 24 87 37 63 59 17 85 39 5 88 55 22 49 21 44 74 38 93 69 96 91 41 16 32 3 83 73 65 50 2 80 61 45 60 77 53 68 20 62 78 79 19 9 46 25 76 66 67 34 90 33 31 97 51 100 70 82 98 30 57 15 94 89 26 95 56 14 29 52 28 84 42 36 64 72 81 10 6 1 18 4 47 8 12 86 13 99 35 71 7 40 48 27
100 82 6 53 3 40 33 84 63 19 87 32 55 11 24 14 44 80 88 17 64 43 28 41 2 67 46 4 1 76 69 71 18 42 89 83 73 86 50 57 68 39 81 78 60 58 96 16 25 30 22 15 27 12 99 75 8 97 79 56 10 47 66 95 35 26 72 23 5 36 7 93 54 48 37 20 70 29 98 49 94 21 74 9 91 45 38 62 31 51 92 59 77 90 52 85 61 65 34 13
74 52 28 6 29 17 81 31 48 61 91 62 8 77 25 39 73 72 82 68 47 27 42 97 94 84 44 33 18 13 35 87 22 86 51 90 36 43 78 93 67 83 20 92 9 12 4 34 45 53 14 32 30 7 65 95 71 37 56 19 70 63 10 66 1 98 85 38 89 11 88 60 64 16 2 49 75 59 3 96 55 40 50 5 58 23 80 26 76 21 79 15 24 100 54 99 41 57 69 46
69 74 98 31 99 30 16 95 54 55 47 27 97 52 15 92 62 53 51 65 49 68 26 34 20 35 5 7 32 25 44 86 42 21 88 70 3 60 90 80 72 61 87 12 46 67 81 56 13 77 29 93 19 57 71 10 94 24 17 23 40 66 14 4 28 100 41 22 6 2 79 33 63 85 8 76 59 1 9 75 37 18 78 39 36 11 89 64 48 50 84 91 82 73 45 96 83 38 43 58
13 6 70 47 22 91 88 64 19 56 20 97 48 24 76 33 55 83 36 11 65 84 69 44 1 32 40 72 63 59 27 60 41 90 38 43 86 89 28 98 75 26 21 42 29 82 68 31 30 7 73 5 50 4 94 80 92 52 74 35 53 34 71 12 18 93 54 95 51 81 58 2 8 61 67 66 79 99 45 77 100 49 3 23 25 87 14 46 17 57 39 10 62 96 78 37 9 16 85 15
37 81 3 13 55 21 41 39 7 44 100 56 52 9 88 95 27 16 18 84 71 47 5 54 17 63 11 50 61 77 65 99 90 67 91 42 70 31 20 96 62 80 19 29 69 73 58 30 2 38 85 86 94 98 78 74 76 12 28 24 14 8 83 10 75 79 32 1 26 46 36 45 23 49 35 33 66 51 22 34 87 68 64 15 40 48 97 25 4 6 60 43 53 57 59 72 92 89 82 93
88 99 85 77 49 90 15 6 31 11 33 46 22 64 44 4 53 8 16 75 55 89 52 87 62 41 68 43 79 30 26 21 29 94 5 67 19 93 95 72 40 25 84 91 51 71 35 78 82 96 58 54 1 17 61 83 28 66 65 32 18 76 48 70 3 27 98 12 14 42 38 10 47 56 80 86 23 20 92 63 39 45 7 24 57 2 60 13 9 59 100 73 37 69 34 74 50 97 36 81
5 86 66 59 96 36 10 17 47 72 97 16 53 19 77 46 49 11 15 95 62 85 41 20 21 33 89 48 2 56 81 75 92 69 83 13 42 55 3 68 51 34 99 61 78 14 23 22 29 76 45 90 24 1 32 94 74 82 54 64 88 44 60 67 63 57 7 52 8 80 91 100 40 71 30 9 37 73 39 27 26 31 93 38 35 70 87 98 18 84 25 50 79 65 58 12 4 6 28 43
56 65 37 89 40 46 59 86 76 53 80 99 20 15 85 94 35 90 13 100 32 36 6 98 41 77 7 51 64 57 3 48 52 30 58 34 24 4 96 28 73 75 78 66 45 21 26 23 8 54 69 95 39 43 68 49 14 16 88 81 55 18 2 61 47 31 93 44 9 97 72 62 82 1 25 27 74 87 17 92 12 38 79 63 83 5 71 19 33 60 50 42 84 11 29 67 91 10 70 22
22 36 97 52 66 69 42 20 14 86 17 94 99 75 16 2 19 35 73 87 85 83 40 62 95 79 39 57 65 28 56 1 55 98 96 44 31 45 5 74 77 67 48 51 81 6 49 10 38 23 30 68 4 64 18 61 82 59 7 80 50 78 91 71 76 25 43 70 88 47 89 90 24 33 93 100 92 21 27 37 9 60 15 8 46 12 54 41 53 34 13 32 29 84 26 63 11 58 3 72
8 21 5 82 89 9 77 68 92 6 64 81 57 78 19 83 39 18 17 80 12 98 100 91 14 97 16 45 95 53 24 37 99 72 50 94 23 52 88 33 34 3 56 65 71 84 93 59 35 2 48 58 61 30 22 96 79 38 90 51 73 1 26 86 40 20 10 7 63 49 43 47 74 67 69 70 13 28 11 76 60 36 31 4 15 41 62 66 27 75 42 29 25 87 85 54 44 46 55 32
53 34 64 87 38 74 57 10 32 43 62 42 78 44 91 13 17 97 37 81 16 29 24 83 99 71 88 84 5 67 11 22 69 36 52 30 41 70 6 40 93 47 90 63 86 20 1 96 50 73 19 79 35 58 85 28 61 100 75 26 80 55 45 25 82 94 76 89 48 14 95 65 3 31 92 56 68 46 54 7 2 15 33 66 72 59 9 49 21 23 27 77 18 51 8 39 60 98 12 4
21 12 25 86 19 47 35 71 20 30 42 4 18 55 66 85 61 52 72 24 81 50 70 73 49 45 51 29 91 63 54 89 8 75 92 9 5 100 57 65 39 82 69 40 43 56 16 26 99 46 10 60 13 93 28 36 38 80 59 44 95 2 22 14 41 33 64 94 11 31 77 96 76 79 48 84 87 34 78 97 17 32 88 58 1 68 90 83 74 98 53 27 23 6 37 3 67 15 7 62
57 90 24 40 12 50 66 67 77 14 54 78 44 93 1 62 70 42 11 5 43 79 29 32 81 87 60 65 53 46 22 33 88 91 10 98 96 38 16 36 84 64 30 45 3 61 39 4 58 63 9 74 99 89 13 82 41 55 25 2 72 69 80 51 23 86 28 8 34 48 15 59 83 37 26 75 97 47 94 52 71 17 76 68 31 20 49 27 100 18 6 21 7 85 19 92 73 35 95 56
78 46 75 3 57 54 18 81 6 66 10 91 60 49 37 82 42 2 1 62 97 30 90 55 92 94 14 12 86 27 16 38 15 100 84 88 32 33 31 67 80 93 64 89 5 77 34 7 4 65 28 96 68 23 87 79 25 95 36 21 48 72 29 35 9 63 45 99 76 71 52 11 22 40 70 43 61 13 41 69 59 58 98 73 20 26 44 17 85 39 74 19 51 53 56 24 47 8 50 83
43 57 100 49 37 80 29 99 18 15 74 64 88 46 23 52 69 19 84 61 39 44 79 33 22 24 1 60 27 3 86 2 89 81 66 83 87 94 10 14 47 92 7 32 36 45 77 98 5 13 26 67 58 8 11 78 59 34 55 54 42 62 35 97 70 50 17 4 31 93 38 25 53 12 56 71 96 95 21 20 76 82 65 28 63 85 68 91 16 40 51 9 90 72 73 75 48 30 6 41
70 47 80 35 87 11 65 91 9 17 61 98 50 68 28 86 30 63 76 88 59 83 2 29 100 38 81 40 22 24 48 73 67 71 32 66 14 58 53 20 16 19 79 10 99 42 41 45 92 55 6 39 21 46 56 26 97 31 49 60 89 36 18 1 4 72 33 85 44 51 74 54 84 93 3 69 8 62 90 95 96 64 27 75 34 13 12 37 43 52 57 82 15 23 7 94 5 77 78 25
27 96 30 93 39 29 53 37 91 94 48 2 16 3 69 6 14 70 50 20 31 25 55 80 58 19 64 32 74 17 62 79 9 47 21 71 77 34 35 38 15 33 11 52 59 18 76 100 83 60 98 26 46 61 90 23 78 49 68 84 36 43 7 66 45 87 97 10 73 95 51 44 4 92 99 22 88 57 67 85 86 63 75 56 5 8 40 42 12 13 89 81 41 28 1 65 72 24 54 82
28 61 14 44 84 94 40 51 1 71 19 6 69 20 64 42 36 85 55 86 72 11 39 58 79 98 8 91 9 38 12 59 30 4 3 45 48 46 23 29 49 66 74 53 33 13 83 47 89 37 2 43 90 97 5 73 77 7 63 57 60 93 31 16 96 95 56 76 18 87 54 68 75 82 10 65 52 15 88 41 25 67 26 92 70 21 50 34 35 27 81 78 99 22 100 62 17 32 24 80
31 48 13 20 21 42 51 89 97 23 6 72 58 88 12 47 63 1 34 52 95 70 50 82 28 22 65 16 19 26 64 81 75 60 38 35 66 41 15 77 7 9 27 84 54 55 32 99 67 92 36 49 45 37 79 91 71 8 87 53 29 17 94 3 5 56 78 86 62 69 83 85 25 2 59 68 100 30 14 74 46 90 39 76 43 93 57 33 73 80 96 61 4 24 10 18 40 11 44 98
11 55 51 8 44 72 96 83 50 26 35 92 54 5 95 7 66 68 98 2 93 67 19 56 42 91 49 24 25 70 90 17 27 23 79 87 15 69 94 34 78 99 89 71 38 3 73 85 60 62 41 63 65 29 76 47 9 48 12 31 32 84 52 10 80 75 59 21 13 77 30 40 81 74 4 28 18 86 46 58 97 39 36 57 82 33 22 16 45 88 20 1 61 43 6 100 53 64 37 14
91 14 67 96 76 27 22 12 49 25 39 73 31 86 60 30 40 53 74 97 18 47 81 64 32 50 35 15 100 62 6 84 61 63 51 36 57 95 83 7 38 55 98 21 85 65 24 93 10 19 78 59 56 16 72 41 26 71 5 45 79 92 58 70 2 13 42 46 94 68 82 66 69 43 75 89 28 9 87 33 80 20 11 52 77 37 8 99 29 17 44 88 54 4 48 23 1 3 90 34
80 63 88 57 18 8 24 35 10 97 89 65 38 84 78 40 13 12 7 26 100 94 58 22 50 70 98 77 1 42 45 31 17 16 95 90 43 66 92 19 56 11 83 20 28 23 46 48 53 15 27 75 41 59 73 52 99 85 37 49 47 25 6 68 87 74 69 51 71 62 33 91 96 76 55 67 44 93 82 21 61 86 32 29 14 36 34 54 81 9 79 4 2 3 39 30 64 72 60 5
14 85 89 94 62 92 49 8 28 98 73 67 56 81 84 69 25 41 91 43 82 35 13 19 30 37 3 11 44 88 4 26 93 58 80 27 39 57 36 47 53 29 65 34 42 24 17 40 12 71 50 20 54 6 23 45 95 78 1 79 96 15 59 87 21 48 51 16 83 9 97 90 61 68 86 7 70 5 18 66 52 72 100 99 64 74 63 31 77 46 2 76 75 33 32 60 10 22 38 55
81 69 59 56 63 67 75 36 35 4 46 74 12 26 51 100 95 58 62 64 27 86 93 77 34 44 2 99 32 18 96 29 65 45 68 92 52 17 24 6 19 70 43 80 39 98 42 41 76 31 47 91 84 53 16 87 11 40 38 13 5 23 97 9 94 21 79 82 20 83 14 10 66 89 15 85 73 55 30 57 88 54 49 90 50 72 7 1 8 37 22 48 3 60 33 25 78 28 61 71
85 77 87 22 50 62 71 55 75 27 31 40 65 98 2 11 53 25 93 29 86 59 30 4 80 68 79 56 81 23 38 9 48 57 18 70 8 82 41 12 88 58 73 100 52 7 67 83 51 1 35 10 15 5 60 84 17 54 66 42 76 26 33 24 20 44 96 13 90 99 19 78 21 72 36 94 45 92 16 89 63 28 64 37 91 61 69 39 34 43 32 3 49 47 46 95 97 14 74 6
19 78 16 53 48 99 45 38 66 85 44 33 3 60 58 20 8 72 77 98 52 69 91 40 55 82 84 68 75 4 28 67 5 64 89 63 100 96 25 51 95 36 70 18 87 31 7 97 74 17 94 32 22 56 49 13 47 76 90 15 35 14 61 41 43 12 30 37 80 39 26 29 92 65 1 50 9 83 57 2 6 24 86 34 81 54 42 79 46 21 71 10 11 93 23 27 88 59 62 73
33 35 50 85 100 49 46 72 2 5 66 39 40 65 4 94 56 22 54 37 51 89 14 13 36 61 25 97 6 9 1 18 31 43 83 10 12 15 11 64 99 48 93 60 24 86 75 88 81 28 84 38 59 21 69 55 44 27 70 58 52 68 76 82 90 96 63 91 29 41 3 77 17 47 71 53 62 7 20 98 95 78 73 19 16 79 45 23 57 26 34 80 32 92 30 42 74 67 8 87
38 91 45 6 34 44 56 11 48 80 8 3 26 33 53 10 65 76 69 74 92 36 25 49 9 86 90 20 4 84 59 5 66 39 13 99 17 30 1 85 23 21 42 95 41 52 97 19 54 61 63 83 70 94 29 16 75 50 58 71 82 31 87 64 24 88 35 62 67 15 47 60 51 7 72 14 78 89 100 18 79 43 28 46 68 98 32 55 2 93 12 77 22 27 40 81 96 37 73 57
34 54 62 89 4 57 99 75 64 3 32 63 6 95 27 83 73 65 39 66 44 85 47 86 84 59 20 55 41 45 36 74 7 15 30 1 72 40 33 58 50 16 2 5 97 8 37 14 78 79 13 69 88 12 81 90 42 43 53 22 9 28 100 94 26 11 21 17 68 35 98 92 80 19 76 23 24 77 56 38 91 93 25 31 87 71 61 67 60 96 48 29 46 10 70 52 82 18 49 51
73 20 53 70 6 68 79 64 72 51 13 55 5 69 98 71 52 87 75 48 25 29 86 92 16 31 15 67 59 7 82 78 76 24 12 96 84 3 81 17 65 41 50 28 95 1 8 89 42 56 37 90 30 66 4 88 91 11 80 46 45 10 40 62 34 39 58 54 100 74 94 63 9 26 21 35 99 23 47 93 32 38 22 33 18 43 2 77 19 85 61 83 14 97 49 36 27 44 57 60
29 18 52 95 65 60 54 14 46 82 55 43 89 67 92 87 4 90 64 63 53 27 9 11 37 7 12 10 28 36 5 88 23 59 40 86 97 80 85 73 25 2 17 76 47 68 13 75 77 98 1 81 34 22 20 66 94 45 56 69 100 51 49 38 30 8 62 19 84 96 72 3 16 6 61 44 71 39 15 48 93 21 91 26 24 42 83 70 78 31 99 32 35 74 41 50 57 79 58 33
49 27 60 88 59 82 14 3 98 72 22 94 39 16 56 15 66 83 58 55 21 99 44 17 74 53 86 2 64 10 51 90 47 48 75 77 63 79 26 52 61 84 96 7 12 5 100 68 87 40 24 4 76 18 46 37 38 25 62 1 34 65 57 33 36 91 23 81 69 92 29 71 13 54 95 32 20 8 97 73 45 50 85 35 42 70 31 9 6 78 89 30 43 19 11 41 28 93 80 67
98 71 93 27 56 81 36 6 33 53 3 87 11 4 74 37 97 16 59 32 63 84 10 18 89 62 96 73 29 44 72 20 94 54 47 26 75 7 52 46 43 100 80 85 92 83 60 58 90 38 91 1 8 67 88 64 76 17 79 55 57 35 12 23 13 68 66 28 42 82 34 39 41 15 24 95 5 31 70 61 49 25 40 14 48 50 19 21 22 65 51 69 78 30 77 2 45 86 99 9
2 58 36 47 31 70 7 10 51 12 79 35 13 91 73 85 72 14 43 16 19 8 15 24 11 28 92 39 97 75 29 50 33 25 34 81 30 64 89 18 69 56 23 57 80 41 87 61 59 100 86 99 60 49 84 71 53 1 54 94 46 48 42 21 62 3 90 38 52 32 88 82 45 98 6 26 66 74 77 4 78 44 63 27 67 17 65 96 68 83 5 9 40 20 95 22 37 55 93 76
26 16 35 75 88 96 50 81 34 39 27 38 42 94 67 52 99 57 5 70 47 74 45 10 78 15 48 17 98 43 53 84 71 82 8 19 77 89 69 44 28 1 51 2 32 76 21 91 24 58 49 100 20 68 95 29 90 41 4 87 97 9 64 22 59 37 85 72 86 12 23 56 31 62 7 83 60 61 36 79 11 13 55 3 6 65 93 18 80 25 73 14 92 63 66 40 33 54 46 30
58 17 43 77 64 33 76 79 13 24 40 93 59 27 100 5 7 80 14 15 38 87 26 84 23 99 61 49 8 41 70 46 3 19 6 60 56 10 22 88 82 20 32 9 75 30 36 37 63 69 54 57 73 42 52 35 34 92 89 50 2 81 62 67 48 55 18 31 25 29 4 47 94 39 96 45 16 71 72 91 28 53 90 51 83 97 78 68 44 1 11 98 65 95 12 86 66 74 21 85
42 97 8 62 33 48 5 37 3 10 34 44 43 7 81 47 77 56 96 31 58 19 83 71 45 1 94 90 15 74 49 85 80 70 52 39 88 92 59 25 14 26 16 82 35 79 65 27 91 51 21 11 23 76 17 99 54 69 46 12 84 22 24 57 67 30 40 20 89 61 68 9 55 50 41 87 36 53 4 78 29 73 2 98 32 100 95 93 86 66 60 6 28 18 72 64 13 38 63 75
55 50 31 36 58 86 78 4 59 62 80 9 96 17 29 21 93 64 56 27 34 23 70 45 63 42 19 6 18 51 32 47 43 65 35 2 67 20 91 1 10 44 46 13 79 28 89 11 14 53 52 33 95 71 54 81 60 66 72 8 15 5 98 12 74 99 16 73 77 26 40 61 97 24 100 38 3 88 69 85 90 37 92 7 57 82 94 87 41 30 39 75 68 83 76 49 25 48 22 84
60 32 29 17 43 45 28 31 82 69 18 90 14 77 5 44 11 73 2 80 85 40 1 74 10 88 95 100 92 58 89 9 91 27 62 59 15 50 87 37 70 79 38 30 83 25 99 81 46 22 66 6 97 3 7 67 93 20 61 84 39 86 75 34 12 76 55 78 41 23 96 98 68 64 16 63 48 65 51 94 56 26 54 13 36 35 21 57 72 49 52 42 8 71 4 33 24 47 53 19
36 33 92 80 98 52 10 22 87 99 65 64 85 76 48 63 78 39 6 8 81 68 25 23 94 100 45 21 58 91 66 4 50 51 84 69 95 34 77 11 79 83 72 93 16 38 57 24 97 29 71 54 67 62 2 7 14 47 35 18 43 41 44 60 56 82 46 42 28 30 89 73 70 27 40 61 75 49 1 90 74 12 3 5 88 19 86 26 37 20 53 15 9 13 55 32 59 96 31 17
12 52 21 61 38 5 69 54 24 75 58 22 28 10 55 13 16 78 32 14 76 100 6 46 29 40 72 42 93 33 35 87 9 73 4 37 71 67 2 79 44 57 20 8 7 77 74 86 95 18 26 94 92 36 39 19 59 83 50 63 30 70 65 31 60 17 11 85 43 90 56 62 89 15 49 80 53 96 48 25 47 23 88 41 98 34 1 3 84 97 81 51 66 64 82 45 68 99 91 27
79 100 28 26 97 47 70 63 74 34 1 16 53 22 30 62 35 93 99 3 59 66 13 83 43 84 82 71 39 65 61 10 20 31 23 24 8 44 4 77 18 32 54 27 19 37 29 15 73 85 14 51 38 55 76 5 92 58 88 41 67 98 9 2 64 80 86 89 78 7 49 45 56 94 91 46 6 68 96 11 33 48 50 87 12 75 36 81 95 60 40 57 21 17 25 90 69 42 52 72
87 75 82 58 17 25 91 84 80 67 70 61 79 6 3 42 29 43 92 68 41 45 19 95 18 23 44 86 33 66 83 89 60 1 39 53 10 71 8 15 51 49 37 31 59 12 72 21 52 48 9 5 94 74 36 57 28 35 34 96 64 20 32 4 65 62 47 14 40 16 99 24 90 100 98 11 7 27 38 22 73 88 76 85 2 78 13 56 77 69 55 46 97 81 63 93 54 50 30 26
84 3 54 1 11 90 27 46 100 89 68 65 72 29 36 39 25 6 20 87 22 63 88 12 44 16 31 95 82 96 55 45 28 47 74 4 83 61 51 56 57 86 49 77 76 33 10 79 26 78 85 60 5 34 35 24 7 99 59 48 70 42 92 30 38 94 71 43 97 98 69 80 52 32 19 93 41 50 15 9 64 40 18 53 75 58 67 37 23 91 2 73 81 14 62 13 21 66 17 8
68 77 4 71 42 95 23 30 78 56 5 62 88 36 32 14 26 7 24 73 80 17 40 39 66 55 51 35 9 16 79 81 83 41 46 12 76 75 34 91 15 90 85 92 11 70 18 49 33 94 69 64 52 98 44 8 2 37 13 27 61 84 74 58 86 43 57 45 21 67 100 65 99 97 82 72 87 59 3 6 10 60 29 89 22 96 53 38 63 28 25 93 19 50 54 1 47 31 48 20
32 66 51 11 14 24 89 43 95 54 91 99 65 59 42 96 88 8 19 75 1 55 52 38 21 4 5 63 40 15 7 62 79 72 17 57 45 77 98 50 58 74 3 23 64 16 37 60 69 68 90 28 6 73 70 34 30 53 2 76 85 82 41 27 100 18 29 94 10 22 78 31 36 87 39 49 46 47 93 26 67 84 81 44 56 12 80 83 20 61 13 97 33 86 71 25 48 92 9 35
64 1 55 98 5 36 68 27 99 50 89 18 57 39 84 4 19 86 46 92 7 78 100 6 8 9 49 34 25 93 44 12 72 35 24 52 22 60 21 23 33 54 61 17 20 87 96 69 38 76 45 30 75 63 53 56 97 74 83 80 51 40 67 43 58 70 82 90 85 3 62 32 47 73 81 31 79 91 88 15 26 11 13 10 28 48 41 66 94 14 42 71 16 2 29 65 95 77 37 59
41 67 73 52 80 75 57 7 55 96 94 4 48 61 26 2 24 29 85 1 97 39 42 43 91 49 62 28 70 14 21 32 89 92 88 33 36 27 17 45 77 35 53 69 22 78 31 51 40 81 82 68 86 9 3 50 63 30 74 10 83 15 25 19 47 98 84 37 93 20 79 18 64 16 13 66 59 87 76 44 65 34 8 71 58 23 72 90 54 6 95 56 38 12 5 99 60 100 11 46
35 39 79 59 66 71 16 80 4 40 64 2 81 73 54 82 70 27 41 88 78 43 75 51 34 32 24 33 23 49 74 17 14 21 11 50 7 22 62 99 47 89 44 58 72 84 38 36 77 95 61 45 1 19 85 93 87 3 25 83 56 94 69 63 76 57 68 18 15 86 55 42 30 98 29 6 37 12 46 52 5 91 60 97 92 9 28 53 48 8 65 20 96 31 26 100 13 90 67 10
93 57 78 38 72 20 48 61 12 15 4 40 30 54 70 46 62 91 29 81 2 21 32 77 59 58 76 87 84 100 56 26 36 83 60 3 13 63 73 34 98 47 1 68 89 94 43 44 45 11 33 9 28 27 49 37 6 80 22 64 86 19 10 7 35 92 67 5 17 55 41 97 88 65 31 52 42 69 95 99 24 74 96 16 71 85 79 14 66 90 50 8 39 51 23 53 75 82 18 25
95 9 11 87 71 16 19 24 84 61 7 92 13 1 20 33 49 55 77 83 35 30 78 47 98 52 65 70 21 76 17 3 8 14 15 64 66 62 27 53 25 6 5 56 63 75 82 34 89 93 29 50 26 4 96 59 74 44 28 67 10 58 37 100 73 31 36 48 54 18 86 23 91 68 79 12 97 99 80 88 22 2 57 40 90 45 38 42 39 94 46 81 69 43 85 60 41 51 72 32
18 92 72 51 9 14 83 74 45 46 36 42 58 85 10 7 31 61 89 99 17 98 69 62 20 19 73 27 79 64 26 68 22 94 65 93 41 54 3 55 67 77 87 24 29 21 63 47 39 30 80 66 43 57 91 95 13 56 75 32 53 6 5 15 33 59 97 11 2 44 28 35 25 12 38 76 1 70 100 96 40 49 78 81 52 86 90 34 8 88 84 50 71 82 48 23 37 60 16 4
75 47 70 16 91 80 15 68 38 97 13 50 71 31 83 86 63 48 23 41 73 64 30 99 62 85 89 72 51 84 3 21 29 81 93 58 61 53 55 69 43 9 28 49 37 14 66 92 60 96 46 26 98 1 32 4 8 6 65 39 90 25 78 95 54 20 52 76 24 88 11 2 44 7 57 79 22 33 77 35 87 27 56 67 17 59 5 10 34 12 100 19 74 45 40 18 82 36 94 42
50 89 94 31 10 19 6 85 27 26 53 28 32 14 3 73 34 52 40 20 24 25 92 56 54 72 58 77 2 57 18 59 87 23 9 67 70 43 49 35 29 75 21 41 17 99 47 13 1 91 83 63 100 7 90 22 48 62 69 86 80 65 95 42 98 81 64 82 38 84 36 46 12 39 5 4 88 11 97 74 66 45 16 79 93 37 68 60 76 51 78 33 61 44 8 30 55 71 96 15
77 42 12 73 74 88 41 86 54 44 48 32 91 51 22 92 83 49 16 6 46 13 24 68 30 89 67 47 65 11 15 37 3 55 96 84 17 70 97 81 90 5 76 78 45 20 4 29 8 66 98 52 50 64 87 40 9 38 31 19 34 43 21 61 99 26 71 63 27 56 58 33 28 1 82 60 85 79 18 36 72 14 53 95 25 80 39 35 2 7 57 59 75 23 93 94 100 10 69 62
44 48 46 24 82 49 93 33 76 25 20 14 39 50 89 40 96 98 94 52 32 57 41 72 58 5 64 4 63 79 69 2 10 90 91 74 51 99 68 13 65 67 26 66 6 95 77 18 83 45 19 59 71 78 23 100 62 87 86 88 21 53 70 92 28 54 12 17 56 11 60 8 81 37 80 73 27 38 30 42 16 15 31 43 35 1 9 7 3 47 34 84 29 85 36 75 97 55 61 22
67 13 6 71 32 85 59 20 52 94 3 81 8 64 98 75 44 35 22 49 69 50 28 7 82 73 2 31 43 47 62 38 11 15 33 42 23 58 57 25 36 80 88 74 9 18 65 16 78 90 10 89 66 79 17 54 45 21 91 72 14 99 97 37 55 1 76 100 5 24 53 27 61 48 39 56 93 26 4 29 12 19 95 83 77 41 30 63 68 84 92 86 51 60 46 96 40 70 87 34
94 90 2 42 37 9 38 29 13 35 8 17 52 40 60 100 50 67 4 19 99 62 11 49 41 69 54 76 53 77 48 18 51 5 66 56 3 32 93 85 6 64 24 12 57 44 26 31 79 27 58 73 65 43 28 23 21 33 82 30 46 88 81 89 1 75 72 86 92 10 80 59 84 74 91 55 68 34 14 97 83 36 45 22 20 87 78 98 95 70 47 61 15 96 39 71 25 16 63 7
58 44 74 43 92 30 34 99 3 11 40 46 54 41 85 6 14 68 31 61 62 12 29 59 37 47 55 48 19 90 42 75 24 93 26 77 87 45 18 21 80 91 9 13 38 8 78 73 15 23 22 49 27 71 56 83 64 25 96 51 97 33 53 86 89 79 32 10 70 36 81 4 50 2 66 65 57 84 35 1 7 17 98 94 76 63 95 5 60 52 20 16 72 28 100 67 69 88 39 82
55 85 66 64 29 21 88 17 96 43 93 3 27 79 2 30 5 26 34 24 12 28 90 42 45 41 15 57 61 7 11 71 69 98 58 4 31 18 60 37 9 82 48 91 51 62 22 78 76 83 73 75 19 70 74 46 49 52 16 35 39 100 80 54 72 67 25 87 1 89 77 95 65 50 59 84 33 20 94 86 97 13 47 38 40 68 14 32 44 23 6 92 36 99 56 10 53 63 8 81
34 99 63 19 68 4 65 69 85 33 62 83 60 32 66 90 61 11 51 37 64 53 5 98 9 35 25 71 74 26 81 58 15 67 86 38 39 73 28 96 72 27 47 84 52 42 97 10 20 54 2 43 24 3 30 75 36 100 93 77 82 23 44 95 6 88 55 8 78 1 92 76 13 31 7 21 17 16 50 80 94 18 79 56 46 40 89 49 22 59 29 91 48 87 45 41 70 57 12 14
98 12 41 49 28 29 81 70 47 86 35 71 40 75 63 59 17 18 58 54 16 44 91 97 42 87 69 80 60 30 24 99 4 32 50 53 96 1 20 72 82 85 89 67 27 65 13 100 7 6 48 39 95 38 94 84 43 34 73 26 2 62 61 9 3 56 10 52 25 77 51 83 76 92 19 68 23 46 45 14 55 31 15 88 11 8 64 22 78 57 74 21 5 66 33 93 90 37 36 79
15 91 32 58 89 78 12 71 95 30 87 33 99 66 55 49 40 79 36 97 43 65 54 73 6 8 68 22 67 17 27 93 52 69 31 94 14 38 25 48 23 88 100 90 42 56 35 85 29 59 28 61 84 77 46 47 50 72 26 60 18 76 98 51 9 3 2 13 45 80 11 16 24 57 41 64 81 1 92 20 21 96 75 34 10 5 7 4 62 37 44 82 53 63 19 39 83 86 70 74
19 38 33 40 12 94 72 16 39 8 47 98 20 24 30 93 69 7 84 100 71 54 50 67 1 77 34 79 42 41 86 83 88 75 5 14 6 4 48 46 62 76 90 29 85 45 52 96 92 73 13 23 64 37 44 10 61 51 68 55 27 17 32 81 18 87 59 15 26 11 97 74 43 3 99 63 25 28 21 58 60 80 65 57 82 2 70 36 53 9 49 22 89 91 35 95 78 31 66 56
52 34 3 86 84 66 77 83 31 23 26 74 16 11 53 95 42 25 37 2 39 72 55 90 81 80 88 51 100 18 64 67 46 36 92 24 5 94 78 71 61 44 99 87 97 6 76 93 85 62 89 40 73 17 7 35 56 59 8 63 43 79 49 29 82 60 28 70 4 22 91 96 19 14 20 15 10 21 12 57 9 68 69 48 65 98 75 41 45 13 30 27 47 33 32 1 38 50 54 58
2 71 34 11 39 28 33 40 77 66 17 67 56 97 95 69 30 47 18 43 49 6 93 87 15 94 45 50 13 23 90 1 12 60 21 9 80 100 10 20 5 19 32 7 41 73 8 22 74 65 91 58 3 48 68 36 79 89 57 81 63 35 62 52 75 42 86 64 14 44 85 53 4 76 16 70 31 29 82 51 84 25 83 46 37 26 54 55 59 78 27 88 24 72 38 92 96 61 99 98
68 36 13 62 44 11 29 8 94 42 46 54 6 22 58 18 27 97 14 48 88 45 33 40 84 38 30 55 89 75 65 53 41 96 10 43 57 56 4 61 69 20 78 24 81 3 64 17 63 5 87 79 35 52 50 26 77 12 49 2 32 31 59 71 23 25 16 21 51 7 99 100 82 19 67 47 86 9 90 92 39 76 74 37 34 28 60 15 91 80 66 98 70 95 1 72 73 93 85 83
74 55 30 80 98 87 35 42 20 79 22 56 50 68 10 58 13 38 47 84 8 88 82 19 63 45 60 95 52 43 12 94 57 53 39 2 100 29 91 59 73 92 44 51 36 23 17 67 5 40 14 15 4 85 11 16 81 49 32 54 61 48 83 97 65 90 18 99 28 9 6 25 86 70 96 46 7 62 78 77 33 37 27 3 75 89 1 31 21 69 26 76 41 24 34 66 72 64 93 71
53 6 85 13 54 46 49 89 44 14 42 70 5 88 28 15 36 33 62 63 23 79 58 17 61 67 47 97 94 9 45 29 90 38 35 39 73 76 64 18 84 66 65 34 60 7 3 30 91 19 12 86 74 55 69 95 25 82 81 21 83 22 40 4 99 48 26 16 10 51 78 11 32 27 98 20 96 24 57 41 2 56 43 75 1 52 87 93 92 50 8 71 77 100 37 31 68 59 80 72
9 17 60 1 57 50 78 25 97 4 49 51 38 84 37 54 21 5 98 11 36 63 59 45 16 91 81 66 3 53 22 48 65 52 32 82 85 15 35 83 10 34 19 42 92 67 7 23 87 2 6 96 39 18 99 13 14 40 76 56 70 20 8 77 80 55 46 68 41 61 69 12 27 43 95 28 74 30 79 72 100 73 26 44 31 29 93 62 47 64 94 24 88 71 86 90 33 89 58 75
79 21 64 2 19 63 42 51 75 17 55 26 59 52 23 84 39 37 67 3 11 77 34 20 78 74 83 15 5 44 70 10 27 30 85 69 81 46 96 1 14 90 13 31 95 61 99 56 35 57 86 25 9 97 29 28 41 8 16 24 88 68 92 58 40 80 82 50 6 47 4 45 87 94 38 7 100 71 72 76 89 32 36 66 22 93 53 33 12 98 48 43 49 62 73 54 91 18 60 65
49 78 88 8 76 62 70 66 98 55 1 6 11 15 51 60 95 93 59 56 31 87 79 80 64 17 33 81 27 38 44 73 71 86 46 50 48 69 22 65 19 25 97 99 35 39 42 5 14 9 41 74 34 72 67 94 75 58 26 23 57 36 84 47 13 91 45 12 21 2 68 40 83 82 4 100 3 77 54 18 37 63 7 28 32 92 61 16 85 89 96 30 90 53 10 52 29 24 20 43
87 3 59 81 95 42 58 39 78 6 70 73 14 27 25 71 47 9 82 23 65 50 21 91 74 24 8 84 86 45 83 35 92 100 7 34 32 31 90 38 96 48 53 52 69 46 49 64 99 60 63 2 97 89 4 80 26 16 36 13 76 28 88 72 54 44 17 1 5 15 30 37 55 93 56 75 61 51 67 66 94 43 33 98 10 11 57 68 29 19 85 77 79 41 18 62 20 40 22 12
50 96 89 90 62 69 9 91 80 19 38 72 18 10 76 12 8 27 88 74 63 85 2 95 99 4 82 35 44 28 67 31 61 87 75 25 42 17 15 58 78 84 11 93 86 30 36 26 59 37 24 20 55 29 16 71 57 21 7 97 53 1 52 66 34 68 98 45 32 81 83 77 54 79 49 43 92 60 70 48 73 39 3 13 51 33 65 64 100 40 22 46 23 14 6 47 5 56 94 41
18 75 94 97 99 91 90 67 82 98 74 78 69 29 92 5 65 10 13 62 93 35 47 58 23 79 40 73 39 54 59 7 64 56 55 96 24 41 61 80 32 33 27 89 43 25 68 11 30 15 31 85 60 1 95 45 88 50 17 71 12 70 26 36 48 100 87 14 8 72 49 83 51 6 2 9 52 81 16 37 21 44 38 76 63 20 34 19 46 3 86 66 84 4 77 22 28 42 53 57
43 50 92 27 34 74 66 19 45 47 78 39 31 33 73 37 23 85 76 26 54 36 14 71 12 97 46 29 95 56 4 22 30 94 13 61 91 7 6 44 28 83 81 58 99 52 10 40 68 11 84 80 15 79 60 49 82 48 9 1 5 98 100 25 20 77 51 62 38 42 64 16 17 67 75 89 8 70 69 65 87 53 41 35 72 88 18 3 86 93 32 21 2 90 63 59 24 96 57 55
11 82 31 72 33 8 51 44 99 79 39 63 22 14 27 66 81 16 74 98 25 21 86 29 100 55 61 90 57 58 54 78 83 1 24 93 43 40 88 28 60 18 64 92 5 68 75 97 19 77 30 95 46 59 34 52 91 6 12 15 47 2 67 73 53 13 10 4 37 32 38 35 70 56 26 45 20 50 36 69 42 89 23 87 48 71 94 9 80 65 41 85 62 84 7 76 3 17 49 96
73 49 66 16 22 68 18 95 48 10 19 59 78 46 29 62 55 56 69 77 99 3 74 15 60 5 86 32 92 34 84 79 75 63 40 87 90 57 37 52 2 35 43 82 39 100 70 98 33 96 50 97 23 67 13 4 21 38 91 14 89 71 51 42 58 94 54 88 9 1 7 31 8 24 25 85 41 27 47 44 72 20 93 53 64 61 12 17 6 28 76 11 65 83 30 36 45 81 26 80
44 53 45 38 49 17 27 36 9 64 61 25 3 4 12 97 100 6 46 14 16 83 81 82 55 99 96 63 32 88 72 56 48 39 70 67 2 52 59 68 75 41 80 69 54 98 87 37 51 95 35 84 58 42 89 29 79 20 43 57 15 26 66 33 28 8 23 11 47 10 19 85 94 62 5 21 18 86 7 22 90 93 92 31 50 60 40 77 74 34 71 1 78 73 65 24 76 30 91 13
67 58 70 17 10 27 53 35 65 26 100 97 43 31 20 44 83 80 7 55 91 64 39 54 92 87 84 2 75 59 21 45 28 71 11 85 63 82 16 42 34 94 5 40 30 13 66 72 73 22 37 4 76 38 52 6 32 24 8 50 36 9 14 68 41 74 47 51 69 29 96 93 90 89 48 61 33 79 56 95 46 77 25 19 3 62 86 23 57 1 98 60 99 18 49 12 88 15 78 81
8 98 43 61 63 99 83 46 14 84 97 55 100 47 77 39 31 73 91 15 12 68 5 64 50 16 35 80 70 52 53 60 67 4 34 3 19 51 9 36 49 2 56 27 75 33 32 58 82 69 62 28 30 44 18 54 78 76 93 22 10 66 29 7 6 21 38 87 24 20 40 25 23 85 92 95 13 57 41 89 86 88 90 42 71 65 72 1 94 96 11 26 37 81 59 45 17 48 74 79
32 97 72 88 51 57 36 4 33 37 10 27 84 17 70 11 53 63 93 65 22 66 90 46 14 23 20 56 18 67 26 34 7 58 3 12 52 30 5 50 40 16 21 9 24 59 29 91 54 71 77 79 85 49 61 82 38 19 81 39 64 41 60 43 35 96 42 94 1 89 62 44 92 55 100 86 87 15 75 8 83 45 47 68 98 13 80 25 73 74 6 48 28 69 78 2 95 99 31 76
77 63 4 26 21 70 10 20 24 50 27 19 51 65 8 14 29 42 56 32 64 39 44 57 43 37 92 12 41 13 55 28 73 48 91 33 84 96 85 47 31 5 49 18 46 79 34 59 97 98 54 11 38 22 94 88 7 53 83 72 60 86 45 30 1 62 58 95 93 90 36 76 3 100 81 87 6 23 17 2 61 80 40 71 15 74 69 99 9 75 16 78 25 68 82 89 67 66 52 35
42 81 52 20 58 54 28 69 2 3 6 57 15 9 32 86 93 14 96 64 24 53 8 10 44 71 19 65 79 33 37 5 43 45 74 59 48 12 95 7 38 49 84 41 87 76 18 21 46 72 34 26 66 73 78 55 17 97 39 27 67 94 75 23 36 70 56 90 89 77 1 30 80 47 13 31 16 61 60 98 88 40 100 99 83 82 22 91 63 85 29 35 68 50 4 25 92 11 62 51
85 84 100 64 18 45 38 70 42 76 63 8 44 60 36 30 89 19 43 29 58 62 2 41 11 72 16 79 98 24 49 33 47 65 87 86 80 1 23 82 53 3 20 37 22 5 14 69 32 83 51 66 56 74 54 50 77 17 73 90 40 52 10 27 59 99 96 31 88 92 34 61 9 26 15 71 75 68 94 7 25 48 12 4 28 78 67 39 35 91 55 93 13 6 95 81 57 97 21 46
23 69 37 3 14 96 91 29 35 71 65 83 26 16 48 63 25 86 20 21 82 19 94 32 36 98 39 7 93 97 6 62 50 57 51 60 56 42 87 17 95 54 2 10 28 1 89 45 67 58 88 5 8 76 73 41 92 99 55 77 9 81 24 15 38 18 90 22 13 31 100 68 75 64 40 11 84 53 27 80 59 78 79 33 12 44 52 46 72 49 61 4 43 47 70 85 66 74 34 30
56 14 25 77 48 40 5 75 50 44 18 34 12 26 54 6 7 41 32 27 55 78 61 4 57 1 31 72 58 3 51 21 20 13 38 63 89 8 36 19 39 29 46 65 11 28 67 10 2 66 47 45 94 23 81 99 95 83 76 80 90 42 9 92 100 37 30 59 84 82 15 24 16 88 17 33 53 91 98 93 52 64 49 79 68 70 62 87 96 43 85 69 22 97 71 86 74 35 73 60
35 61 28 57 40 72 6 3 100 83 54 44 89 37 81 7 5 79 39 18 84 59 9 34 32 15 14 43 33 42 16 94 93 25 68 27 30 10 21 51 56 50 17 71 47 55 60 19 53 78 36 67 13 77 88 91 90 45 69 31 96 92 48 22 64 86 41 12 70 97 23 95 99 87 8 80 1 11 29 73 76 82 63 52 2 58 49 24 85 20 66 75 46 65 62 74 4 98 38 26
37 32 80 36 11 48 76 53 55 85 15 93 9 7 64 73 67 26 17 66 92 79 46 44 89 43 77 24 59 70 29 4 33 81 62 13 74 38 69 14 16 56 3 100 19 21 31 27 90 51 60 99 88 61 84 22 34 1 63 83 94 6 65 2 30 82 75 28 40 35 98 71 68 49 86 72 78 8 87 91 45 23 50 10 5 97 25 96 41 39 95 20 18 57 52 42 54 58 47 12
60 100 62 82 87 84 69 51 38 27 58 43 64 44 56 90 35 29 2 95 73 67 15 92 28 77 94 17 4 74 36 46 80 31 47 30 81 19 33 88 50 99 61 45 32 70 83 41 12 13 7 1 5 8 22 96 76 85 75 26 52 72 57 14 86 11 40 78 68 23 48 98 53 54 71 93 79 65 42 34 66 91 39 24 18 21 63 10 37 25 89 9 97 3 55 49 59 6 16 20
95 33 77 55 59 67 40 37 63 82 34 100 96 6 42 92 9 39 24 5 51 25 79 13 17 47 48 60 15 36 32 20 99 70 23 66 75 44 89 11 88 93 16 2 80 83 41 61 4 94 21 85 45 62 72 90 28 65 87 49 84 18 7 31 98 50 35 91 86 68 52 54 22 46 29 69 71 73 1 78 10 14 53 38 56 43 74 27 19 97 12 3 81 26 58 76 64 8 30 57
41 46 12 85 3 60 77 55 87 66 44 57 51 79 26 20 78 83 15 16 74 28 36 86 49 84 90 39 64 62 61 59 17 88 30 99 9 71 94 40 70 32 54 95 7 31 23 48 50 91 1 33 52 4 65 5 53 35 68 96 42 93 21 47 72 63 29 73 43 98 82 80 45 97 69 58 22 13 6 75 56 11 2 14 25 100 8 67 18 27 76 81 89 19 38 37 34 92 24 10
27 89 97 98 84 21 68 63 32 94 80 56 62 19 100 60 42 58 5 31 54 23 81 83 2 59 47 20 88 10 35 12 52 38 6 92 65 3 1 74 7 86 96 66 78 41 72 99 95 53 71 57 67 70 91 24 93 69 61 18 29 14 87 82 45 39 43 46 48 16 77 90 44 40 37 79 9 26 11 33 49 50 55 8 34 75 36 13 76 30 51 73 4 17 25 64 15 22 28 85
94 66 98 37 72 62 96 85 19 67 73 26 53 78 16 84 8 91 75 70 95 55 34 39 10 42 54 99 82 63 9 89 23 59 4 1 97 56 50 52 93 79 87 51 83 86 58 88 48 46 49 15 20 68 71 47 81 92 31 64 30 5 25 100 33 60 11 43 77 3 80 65 74 76 24 32 69 2 22 61 28 90 29 7 38 35 13 18 12 17 57 14 21 45 41 40 36 44 6 27
88 35 93 95 12 33 14 89 74 34 31 25 61 98 69 87 24 29 15 77 8 99 28 42 80 6 3 86 97 65 96 60 91 52 66 38 59 94 62 4 72 67 1 84 20 71 64 79 75 30 68 90 92 46 70 22 26 55 37 10 45 82 5 63 2 56 54 7 100 49 53 85 41 73 36 47 48 81 39 51 78 58 76 23 57 17 21 83 16 18 19 50 40 11 43 13 27 32 44 9
75 12 59 93 42 94 71 27 49 24 34 72 15 66 19 40 62 65 92 48 69 98 25 18 95 55 37 68 29 83 82 22 88 56 52 70 100 86 81 91 84 39 23 8 79 51 1 14 58 61 17 60 5 63 53 7 89 43 26 41 21 6 35 77 73 30 78 44 97 80 28 74 64 32 31 9 46 96 67 99 45 54 16 90 87 36 2 57 20 47 38 85 3 13 76 33 50 10 11 4
14 65 67 75 55 92 7 53 59 51 32 70 97 95 5 90 96 22 99 13 74 84 50 23 60 24 44 49 91 4 79 8 76 87 17 37 9 54 41 15 34 1 26 77 71 82 73 68 98 63 27 64 6 58 35 78 57 12 46 45 80 10 33 29 43 25 28 52 42 62 39 47 36 40 61 66 69 38 20 11 16 56 18 81 72 89 31 83 86 94 2 88 48 30 93 3 21 100 85 19
33 1 53 47 64 82 75 40 55 72 5 74 42 15 83 25 14 43 50 66 65 30 70 13 22 62 95 6 89 91 7 38 71 31 18 58 86 29 3 73 28 9 48 21 27 12 4 16 92 68 45 2 24 98 39 26 36 78 34 69 35 8 41 37 54 67 52 20 51 87 79 59 97 61 10 84 99 57 60 76 23 49 85 94 93 88 19 56 81 46 100 80 11 44 77 32 63 90 96 17
28 66 82 94 97 44 90 31 48 33 36 67 65 91 74 4 30 78 11 37 57 40 47 6 18 8 24 34 60 13 54 9 42 14 55 85 22 70 51 38 29 58 98 5 3 52 73 7 75 53 2 25 26 56 79 19 62 59 49 46 12 71 95 61 63 100 68 45 77 15 41 64 69 39 35 23 27 21 17 86 80 84 16 76 88 1 32 81 43 89 99 83 96 20 72 50 10 92 87 93
49 77 88 37 43 21 40 17 47 82 23 78 38 44 86 15 9 55 73 56 95 70 19 33 29 50 5 24 22 46 61 48 66 53 30 35 45 75 28 98 80 26 7 52 16 25 31 4 12 6 18 39 64 63 20 83 71 51 36 42 85 93 76 89 3 1 2 8 32 14 58 27 74 72 79 94 62 65 54 34 84 68 69 57 91 87 41 60 100 13 96 92 97 99 59 10 11 81 90 67
75 32 8 42 11 57 56 24 12 30 19 54 27 93 4 58 100 38 29 6 31 28 55 91 62 22 98 68 67 10 9 51 25 41 13 81 52 18 73 21 78 61 47 23 59 37 74 49 99 76 90 33 45 36 60 40 48 44 50 86 14 34 79 35 70 20 64 72 15 69 3 53 66 82 71 83 85 39 95 94 16 26 2 63 43 17 89 96 80 88 5 97 84 92 65 7 1 77 46 87
80 18 21 82 34 47 7 83 46 37 87 65 9 64 78 33 55 11 58 31 73 85 41 22 45 49 94 20 27 16 32 29 14 77 92 26 24 19 10 40 44 6 51 100 81 39 72 15 60 17 69 54 70 3 35 75 25 95 12 8 42 5 71 57 13 88 66 28 52 30 43 4 23 50 2 89 79 59 1 61 74 36 91 98 48 96 38 68 62 97 86 76 53 93 56 99 90 63 67 84
41 27 75 87 62 48 96 71 45 53 68 43 14 19 39 37 52 61 84 26 80 17 13 58 18 77 15 47 74 25 12 56 22 24 5 94 31 76 2 55 6 99 28 66 30 20 16 64 40 7 73 32 97 4 65 93 42 78 86 60 34 100 35 51 9 11 59 10 21 23 98 63 81 3 79 85 70 1 69 29 91 89 83 95 92 33 44 67 8 90 49 50 36 57 54 46 88 72 82 38
60 52 54 53 76 8 16 61 64 80 39 97 31 55 42 83 35 26 13 84 41 89 11 18 20 100 25 21 51 58 3 7 5 32 10 37 43 50 69 91 67 77 73 17 19 56 57 24 29 38 49 1 15 9 74 81 6 48 4 71 30 28 2 34 12 79 36 23 27 95 88 82 68 14 75 44 22 99 92 33 93 96 78 40 65 86 70 66 59 85 98 47 90 87 63 94 45 46 72 62
37 38 50 51 56 29 22 11 77 43 66 98 40 78 4 97 34 87 36 5 25 12 33 72 21 9 81 39 44 62 18 53 30 69 65 74 19 17 31 14 16 88 61 2 32 68 49 89 85 15 28 6 95 94 90 24 93 71 57 10 73 82 23 52 45 59 35 64 48 99 92 42 55 70 1 100 8 13 7 20 96 91 75 27 76 80 63 26 54 83 60 3 79 86 58 46 84 67 47 41
55 46 36 59 38 66 29 63 51 11 61 35 22 50 3 20 56 58 82 74 34 27 24 73 54 19 67 49 53 28 62 4 80 92 31 52 6 95 37 79 93 57 23 68 39 45 41 14 48 13 21 10 99 7 5 96 64 65 32 83 2 1 33 94 98 76 26 25 86 72 89 9 40 85 44 69 81 88 87 18 47 60 15 8 16 75 12 90 97 77 78 91 70 84 43 100 17 30 71 42
15 39 80 58 9 92 41 44 18 23 38 22 72 51 66 100 63 43 16 98 32 65 68 12 49 35 40 4 61 27 67 45 17 83 6 34 14 69 26 29 2 84 70 95 54 30 52 47 50 81 1 59 19 5 36 10 99 31 25 13 76 24 88 3 94 91 87 42 62 56 85 60 48 79 86 75 93 8 21 96 78 11 28 89 90 71 97 64 53 46 73 77 33 82 55 37 20 57 7 74
12 7 77 95 80 14 68 22 46 54 33 9 20 5 83 96 2 90 19 41 44 47 36 74 55 97 11 27 25 34 4 26 15 35 66 10 39 73 53 6 58 75 98 32 86 16 24 78 38 37 31 52 59 8 30 64 50 62 17 94 100 99 84 87 89 13 43 51 85 18 82 3 28 1 72 93 23 29 63 91 67 21 81 88 40 45 79 49 57 70 42 60 92 61 48 65 76 71 69 56
85 100 93 75 17 74 81 55 65 97 79 14 71 3 26 82 73 76 89 62 21 54 46 39 28 7 33 57 40 38 35 34 61 47 80 58 2 31 48 11 36 64 83 30 51 78 77 99 69 9 87 20 43 52 22 5 44 1 72 53 94 84 42 24 96 50 23 15 8 88 86 98 91 49 29 68 25 95 16 90 12 13 60 67 37 92 19 10 6 59 41 32 4 45 18 63 70 56 66 27
22 20 6 19 5 44 71 43 38 62 53 50 64 66 13 18 16 47 34 17 59 31 69 15 12 89 58 67 4 46 7 87 11 42 40 30 32 33 8 80 68 70 79 45 52 14 35 97 26 55 10 99 23 98 39 94 75 85 88 41 84 2 51 60 24 90 63 91 25 86 81 100 65 57 21 76 3 92 93 1 9 28 96 29 82 72 36 27 78 61 95 56 77 74 37 49 83 54 48 73
57 65 5 31 68 69 51 30 9 27 26 6 16 20 76 75 11 18 88 95 63 55 45 38 10 94 8 17 28 4 36 81 33 82 46 61 74 41 15 48 40 32 3 99 72 83 47 44 59 85 71 91 1 37 34 100 2 87 35 19 86 79 7 96 60 42 67 21 54 98 80 39 22 89 49 43 92 93 12 78 29 24 25 56 14 97 90 53 77 66 84 73 23 13 52 62 64 58 70 50
29 42 34 71 97 25 58 68 4 8 74 39 53 49 16 69 70 2 59 73 52 6 62 24 91 43 44 51 13 64 37 47 48 21 9 84 96 99 33 28 50 89 81 85 18 82 83 86 1 94 41 61 92 78 20 90 88 56 31 32 72 36 100 67 27 3 98 7 26 93 79 10 76 46 80 22 60 87 75 11 17 63 95 38 77 12 14 5 23 30 65 15 19 66 35 45 54 40 57 55
27 75 14 35 31 81 93 12 76 42 2 55 17 54 25 19 40 49 37 20 53 13 21 87 74 79 7 33 15 36 11 32 99 70 23 4 91 22 50 73 88 86 100 29 69 38 1 85 24 18 66 30 61 62 72 59 8 16 9 26 80 10 95 64 90 98 78 5 92 84 77 96 97 6 56 67 52 89 51 65 63 34 39 28 58 68 83 3 44 60 94 82 71 41 45 47 57 48 46 43
26 35 24 52 81 28 46 86 63 66 15 3 43 32 39 2 27 25 47 70 17 72 29 11 23 69 90 71 75 14 38 1 91 73 8 19 41 93 61 56 33 36 54 78 42 99 22 5 83 100 30 97 50 6 76 84 13 80 7 18 82 98 94 10 67 87 12 89 4 68 48 37 96 16 31 79 88 20 9 77 95 58 55 85 51 40 74 21 45 65 92 57 62 64 49 53 59 60 44 34
21 90 73 6 51 82 12 16 49 19 70 63 58 36 64 42 13 9 99 15 62 8 79 23 7 41 3 11 57 66 69 35 55 5 77 25 88 4 24 98 60 1 50 91 29 86 30 94 52 48 17 95 22 85 84 61 45 100 89 76 27 40 87 14 43 92 97 20 68 81 56 80 83 93 10 72 78 74 96 75 28 18 65 39 67 2 32 54 34 31 71 26 37 44 38 33 47 46 53 59
38 99 33 22 96 80 88 8 85 55 31 87 18 69 2 10 17 67 24 54 43 23 15 82 6 28 37 16 59 79 5 73 12 36 86 64 83 71 11 4 75 25 42 60 45 98 39 61 30 29 68 94 100 93 32 57 49 92 13 35 89 26 78 44 62 95 84 1 20 3 74 91 53 97 76 51 48 77 90 9 81 72 56 7 52 21 34 14 46 19 47 66 65 27 41 40 63 70 50 58
34 82 3 98 89 24 14 67 54 6 58 18 55 1 74 49 4 39 2 16 35 29 91 92 100 88 77 40 8 56 96 50 59 19 7 13 75 66 20 99 5 80 84 61 12 31 23 27 10 93 37 85 90 72 71 46 94 41 63 87 57 25 70 95 30 81 76 44 97 83 68 78 45 62 69 32 42 15 79 48 64 86 38 73 11 60 65 9 43 51 53 22 21 17 26 52 28 47 36 33
69 33 16 70 71 17 66 7 80 85 32 93 97 6 22 12 23 48 50 92 46 99 30 67 1 63 89 84 86 45 29 74 94 75 62 57 5 100 83 81 61 65 37 49 78 21 42 26 90 60 52 31 98 58 91 79 87 3 82 96 95 14 18 9 56 68 72 88 40 2 55 8 51 15 25 35 13 73 47 4 24 76 53 34 10 43 64 77 41 39 27 20 54 11 36 59 38 44 28 19
36 16 83 90 87 33 15 25 32 98 91 42 96 59 51 85 67 64 73 2 18 44 58 97 94 4 84 99 1 52 79 71 23 88 47 92 70 86 60 69 7 21 93 20 38 13 46 100 14 31 9 40 41 68 95 8 11 89 61 57 56 78 80 82 76 72 75 19 45 55 29 77 63 81 24 27 65 12 50 26 10 39 54 37 5 62 28 35 66 6 74 48 3 49 34 43 53 17 30 22
100 47 32 8 43 95 76 74 78 25 35 16 11 7 19 13 44 91 55 23 38 45 65 71 9 86 69 10 6 83 64 31 18 60 4 42 84 40 94 68 99 85 1 93 75 41 36 88 98 90 97 89 20 46 27 87 28 72 96 15 48 80 79 21 81 82 62 14 67 49 53 54 12 73 57 58 17 51 56 37 66 77 50 92 63 52 61 70 33 34 39 59 5 26 30 2 24 22 3 29
14 67 63 24 28 60 75 37 72 40 20 59 62 95 89 21 47 78 17 1 49 87 97 99 42 38 34 45 91 54 44 83 79 27 26 88 77 52 41 74 23 93 96 90 76 100 58 98 68 56 94 84 85 64 4 7 82 35 46 81 15 18 65 12 86 39 51 70 2 80 33 92 30 71 6 73 5 69 3 66 55 25 13 16 43 61 50 36 31 57 48 19 9 53 29 10 11 32 22 8
64 74 41 40 49 4 69 10 34 89 44 94 28 85 86 46 80 35 11 93 27 2 92 25 17 68 73 42 52 59 84 20 75 100 96 98 90 15 1 45 9 39 76 82 99 24 97 79 95 91 13 58 88 16 87 78 61 43 65 12 7 62 21 72 48 77 29 81 56 67 51 66 8 54 55 60 71 33 70 63 37 53 22 83 6 5 57 38 18 23 32 30 47 31 19 36 50 3 26 14
95 49 11 73 99 87 72 39 19 35 97 84 3 75 77 47 26 83 64 68 92 67 1 44 2 82 62 76 9 91 28 90 29 86 93 71 10 61 98 88 96 79 85 43 6 94 100 41 81 30 7 51 55 89 13 80 54 58 22 46 45 53 69 63 4 17 21 78 5 74 60 32 52 56 66 70 57 31 42 27 65 15 8 48 18 59 25 23 40 37 34 33 38 14 12 50 36 16 24 20
87 78 98 81 29 71 89 80 66 39 85 28 61 91 1 93 65 8 51 59 86 69 10 95 99 73 64 77 21 88 24 79 60 43 90 53 97 94 22 35 82 100 38 57 33 6 76 75 19 92 84 83 54 70 3 74 63 11 68 67 52 72 5 2 34 26 17 62 37 96 14 18 56 7 48 4 46 55 41 58 49 31 45 23 42 50 13 32 47 9 44 16 40 30 25 27 15 36 20 12
93 92 97 36 65 78 23 91 28 46 62 99 60 73 100 59 50 52 94 55 39 86 82 54 84 17 98 31 95 74 15 77 4 96 18 1 85 20 88 58 90 11 72 80 7 87 81 29 79 61 24 68 75 34 89 67 56 66 51 48 53 76 64 19 2 63 69 38 83 41 49 71 47 12 3 6 9 5 45 57 26 43 33 13 70 35 21 16 37 27 30 14 32 22 40 42 44 10 8 25
31 84 29 55 66 42 70 33 94 69 73 62 91 79 15 23 99 65 6 75 71 43 59 57 93 61 72 60 100 26 1 88 10 98 58 56 87 3 92 64 18 82 90 89 85 95 96 83 20 77 63 80 86 19 16 45 53 47 37 97 21 51 22 81 74 48 11 76 78 46 52 12 54 67 4 50 68 7 39 14 5 44 41 30 36 28 8 13 27 25 40 9 35 2 32 24 34 38 49 17
52 3 55 96 4 84 9 79 98 99 93 51 56 67 91 94 61 53 41 100 7 25 39 86 80 58 1 28 82 11 90 78 69 64 21 36 95 38 85 72 70 47 30 87 83 65 13 81 76 68 89 74 34 57 77 66 60 27 75 88 35 63 12 62 73 33 71 46 43 48 54 2 44 92 37 23 59 16 22 49 97 50 31 14 24 26 45 17 19 40 8 42 29 20 10 32 5 6 18 15
98 97 62 85 91 94 65 66 74 75 47 73 84 76 67 1 77 57 92 87 78 79 86 83 95 53 48 100 81 93 59 99 72 2 88 44 42 82 90 96 49 56 89 28 35 71 26 37 51 45 80 63 68 30 70 52 9 7 58 23 39 69 41 36 21 31 25 54 11 16 43 33 13 55 61 15 24 64 20 38 60 27 3 5 32 19 40 34 4 12 50 46 18 8 6 22 29 14 17 10
81 86 79 56 3 68 99 42 92 94 100 61 69 98 84 95 78 93 5 24 1 57 14 90 15 85 82 87 88 96 89 46 31 91 75 83 63 51 25 77 62 55 97 67 80 64 21 60 4 54 48 50 71 27 53 73 76 34 28 30 29 70 74 66 72 44 40 43 38 39 47 65 17 52 59 49 45 2 11 36 32 23 26 58 35 8 41 18 20 7 22 10 16 19 33 12 9 37 6 13
84 85 35 89 59 67 77 99 91 96 80 33 78 39 56 73 97 1 72 86 88 100 74 98 81 37 95 22 94 63 82 93 64 90 60 66 57 53 34 65 83 48 87 76 79 70 68 92 42 52 12 75 28 61 2 71 43 69 62 44 50 47 58 41 32 54 55 4 9 26 30 46 31 24 15 45 10 49 36 21 40 38 23 51 17 20 5 19 16 18 25 29 14 3 7 13 27 8 11 6
94 98 85 49 95 90 59 19 96 84 78 91 99 77 5 71 69 70 1 97 100 74 93 80 89 40 88 86 42 65 81 68 92 67 50 75 72 44 82 53 32 76 16 37 20 62 38 48 45 63 83 23 60 66 79 56 30 54 87 58 51 55 52 31 47 43 57 13 34 36 39 73 21 33 35 64 61 28 6 25 22 14 18 41 46 11 2 15 29 17 26 27 7 10 8 9 3 24 12 4
88 96 82 93 100 91 50 73 87 86 1 71 79 94 78 92 95 85 75 80 72 98 83 62 64 32 61 81 97 70 66 58 90 16 89 99 65 57 77 37 19 27 74 56 43 46 63 68 39 59 60 69 84 53 67 49 34 52 2 51 55 48 26 54 33 30 45 18 76 24 41 40 25 31 36 14 44 47 38 35 23 12 29 10 15 13 42 22 17 3 20 6 8 4 11 7 21 28 9 5
91 1 89 97 50 86 45 95 82 56 94 90 100 61 69 65 81 98 76 99 93 88 54 84 66 80 68 70 39 51 83 67 87 72 85 77 71 92 52 44 79 74 53 63 64 42 75 40 58 46 78 43 21 48 96 34 47 30 59 49 18 23 57 25 55 27 33 73 17 35 28 62 41 32 26 38 36 60 19 6 11 37 7 24 20 29 31 4 22 14 13 8 2 12 5 3 10 15 16 9
