426556 348455 318381 317101 289469 296754 278222 258154 252294 231301 224567 229283 218528 212046 199294 198859 181878 182844 162269 159690 151891 159690 149286 146766 138334 126354 132044 121297 119158 112722 111161 105812 101858 99572 97855 87826 88753 86668 85222 81364 79481 81364 76109 74953 72236 62305 64902 62891 60250 54945 53780 53780 55524 54790 50789 50421 46741 45441 43361 43781 43189 37515 40910 37601 37168 38393 32842 28838 30095 30186 28531 28405 27832 29892 27023 28067 27431 25358 25358 23217 24057 23152 23301 21939 21126 20239 20273 19425 19550 19323 19418 18177 17805 17631 17237 16663 15688 14656 14179 14522 14813 13794 13063 13442 12683 10943 11893 11715 10872 10561 10007 10229 9829 9197 8983 8894 8447 8299 7700 7352 7631 6949 7281 7064 6964 6602 6563 6396 6267 6129 5837 5515 5616 5457 5317 4861 4966 5233 4922 4613 4770 4482 4019 4443 4281 4347 4117 4079 3546 3800 3612 3604 3533 3486 3403 3416 3105 3356 3016 2927 2940 2769 2598 2713 2459 2319 2470 2347 2348 2326 2233 2195 2093 1903 1877 1930 1880 1873 1823 1742 1694 1663 1679 1597 1387 1252 1389 1337 1309 1327 1242 1170 1188 1128 1110 1100 1020 1047 1005 975 960 996 885 831 799 886 840 804 810 758 767 780 734 695 715 659 696 674 677 633 629 590 547 529 541 489 509 494 478 477 460 423 389 426 392 355 363 365 352 352 349 323 296 302 303 295 276 272 276 274 250 243 240 234 224 212 210 215 222 197 191 188 187 186 190 178 174 158 164 152 149 150 145 140 139 138 134 133 126 127 125 123 117 114 115 107 105 104 103 95 89 90 94 89 83 81 79 72 74 67 65 71 65 64 64 58 55 55 56 52 53 50 50 49 48 44 41 42 43 40 40 39 38 36 35 34 35 35 34 34 31 31 29 29 29 27 27 26 26 26 25 24 23 23 20 21 21 18 20 18 19 17 17 17 16 16 15 16 16 14 13 13 12 13 13 12 12 12 11 11 11 10 10 11 10 9 9 9 9 9 8 8 8 8 8 7 8 7 7 7 7 7 6 6 6 6 6 6 5 5 5 5 5 5 5 5 5 4 4 4 4 4 4 4 4 3 3 3 3 3 3 3 3 3 2 2 2 2 2 2 2 2 2 2 2 2 2 2 2 2 2 2 2 2 2 1 1 1 1 1 1 1 1 1 1 1 1 1 1 1 1 1 1 1 1 1 1 1 1 1 1 1 1 1 1 1 1 1 1 1 1 1 1 1 1 1 1 1 1 1 1 1 1
52 86 73 60 62 88 35 70 64 71 76 43 30 58 12 49 34 53 45 24 98 38 84 20 96 57 11 87 66 36 41 89 33 40 72 78 55 1 75 92 28 22 61 69 56 21 67 31 100 83 50 37 5 94 23 81 95 42 68 44 18 7 65 48 77 29 32 13 17 46 51 80 9 15 25 54 3 99 74 97 93 6 47 14 4 39 82 85 91 63 10 79 19 90 59 27 26 8 2 16
63 5 27 86 49 90 37 11 57 20 100 59 92 41 13 44 88 10 85 19 16 22 25 97 39 14 81 91 96 68 26 2 12 77 1 35 31 34 84 42 6 45 30 56 17 75 67 36 74 47 87 78 62 80 58 99 28 38 48 55 54 3 71 94 29 76 89 23 79 98 52 24 32 50 9 69 33 93 73 40 82 53 72 95 66 43 4 51 83 8 61 18 21 64 7 65 60 70 46 15
18 54 10 19 33 60 58 81 35 36 37 20 77 47 95 49 30 44 55 82 29 38 41 53 57 7 32 52 86 94 59 56 4 27 2 6 98 1 11 40 50 76 70 64 9 65 100 31 79 83 85 13 16 72 92 84 46 69 14 43 42 87 39 61 96 48 26 78 68 21 51 75 66 15 99 97 62 73 22 28 12 71 67 89 24 93 91 23 90 3 34 88 5 45 74 17 25 63 8 80
1 22 66 91 79 81 84 21 46 82 13 27 59 20 43 19 87 70 34 63 99 64 74 7 18 65 48 86 26 36 15 6 62 10 96 58 28 31 4 92 49 17 61 40 83 33 51 100 77 30 93 37 60 41 56 12 94 23 78 44 5 80 45 98 47 72 75 68 53 39 24 67 3 89 57 11 38 32 29 35 50 73 54 85 42 90 55 71 76 14 9 95 52 97 69 88 16 8 2 25
43 47 78 62 29 38 63 79 55 85 1 19 95 94 18 56 88 36 91 71 74 64 65 49 82 68 13 89 15 37 81 61 35 17 7 28 4 98 90 11 97 42 60 10 84 20 22 23 25 69 53 16 99 50 100 2 31 73 39 67 51 48 8 93 40 87 32 30 24 80 12 66 41 46 76 96 33 34 21 14 5 77 72 54 75 9 83 45 52 27 86 3 59 70 6 44 26 92 58 57
92 51 36 58 28 19 57 68 17 27 70 29 88 35 10 91 76 84 62 50 72 81 67 2 24 82 21 31 26 3 96 49 14 54 16 5 56 46 87 20 94 43 97 73 37 42 30 100 90 15 83 93 98 45 18 8 53 11 32 66 4 71 86 47 7 85 89 23 64 9 77 95 78 40 61 55 12 6 74 52 59 39 34 99 65 33 22 41 80 25 38 79 69 48 63 13 60 44 75 1
5 56 46 33 12 98 59 61 62 58 42 36 78 31 45 49 85 100 76 94 63 74 84 1 64 57 19 91 27 67 52 2 26 22 17 83 87 75 68 43 25 24 96 51 81 11 69 34 65 29 20 15 7 47 23 9 93 39 70 55 90 54 21 92 4 95 18 6 50 38 13 80 40 72 88 97 53 86 79 66 3 82 73 89 30 37 28 8 71 44 10 48 32 14 60 41 35 99 77 16
89 43 67 22 62 56 51 4 65 87 66 72 49 80 71 13 40 30 36 79 16 64 9 25 75 15 50 46 96 26 41 5 24 77 83 76 31 84 45 1 52 38 74 32 85 57 18 61 92 86 27 29 90 95 20 81 11 73 93 35 23 53 12 70 42 10 97 55 21 98 88 58 28 48 2 33 82 39 8 54 19 63 47 14 7 6 17 91 60 69 34 100 68 44 78 3 59 37 94 99
65 21 98 6 18 90 91 62 24 83 67 57 76 48 22 97 77 80 96 28 75 34 30 12 72 32 11 70 41 68 33 35 9 8 36 66 40 87 23 17 37 47 54 78 89 63 64 49 1 60 15 99 13 86 81 43 55 46 38 26 88 52 50 94 84 59 74 3 16 71 58 25 79 2 31 69 95 42 10 5 82 20 19 73 4 56 7 39 45 61 51 14 29 100 85 27 92 93 44 53
14 5 96 51 19 86 18 27 58 62 46 60 85 84 76 17 63 3 32 66 88 79 45 95 6 4 9 39 15 42 87 33 38 35 72 74 34 50 81 12 20 68 100 29 13 65 16 10 24 54 40 64 26 94 71 98 8 89 48 80 11 57 90 75 25 61 99 92 69 41 59 47 44 7 23 78 21 52 2 28 77 53 67 55 56 31 82 49 91 97 83 43 37 1 70 93 36 73 30 22
66 13 55 56 97 94 37 16 57 81 85 80 92 68 11 67 2 69 26 76 60 46 33 90 7 89 54 93 28 1 53 82 52 23 48 96 79 20 95 18 84 3 32 77 43 45 62 36 70 91 74 47 58 83 63 30 21 35 14 49 72 78 71 41 27 17 50 75 87 99 51 19 61 44 59 6 22 73 65 40 88 4 100 38 24 34 42 31 29 12 39 9 64 10 98 15 25 5 8 86
52 17 57 37 82 3 83 53 87 21 41 59 31 38 16 56 30 7 50 13 22 67 88 40 47 73 93 1 86 14 34 26 58 18 60 78 51 79 89 94 80 72 28 64 48 36 100 62 75 96 84 11 54 2 29 85 32 69 45 39 63 99 65 49 24 25 90 77 43 33 35 92 46 66 42 68 10 74 19 9 4 6 91 95 20 61 44 12 97 76 27 23 5 55 8 71 81 70 98 15
100 40 79 77 50 83 80 72 85 68 16 31 51 76 33 66 35 19 82 95 45 62 92 88 26 14 7 98 52 22 12 48 60 37 75 23 94 55 27 89 24 36 18 96 6 64 99 44 43 10 67 65 39 38 70 13 90 34 97 30 86 3 4 8 56 93 61 63 47 32 49 81 87 74 20 15 2 9 53 17 69 11 58 41 42 57 91 28 78 71 59 5 21 73 1 54 29 46 84 25
28 29 89 32 26 66 49 19 76 71 96 95 77 43 72 44 88 45 7 48 99 51 52 20 39 59 68 94 81 84 61 50 40 46 58 73 83 34 92 35 33 60 13 17 10 56 12 75 80 65 21 5 62 67 37 90 16 38 98 79 42 8 31 6 55 47 86 93 97 57 4 70 1 9 53 11 14 36 41 18 25 15 87 3 100 27 85 74 54 63 23 30 22 64 69 24 78 82 2 91
62 15 85 70 76 22 94 21 45 33 54 2 17 46 60 83 7 6 81 68 98 84 13 56 16 12 74 96 58 90 95 100 36 30 1 19 67 97 3 26 87 40 61 9 99 53 88 31 91 5 64 86 80 57 65 35 59 49 82 93 39 25 8 18 29 48 66 78 37 28 69 24 43 79 77 23 32 92 11 44 75 10 71 63 34 51 41 73 72 20 4 38 47 89 42 14 52 55 50 27
78 88 75 31 4 9 61 40 38 92 73 49 14 67 57 26 87 22 84 64 17 1 36 2 44 33 81 89 95 18 55 77 91 86 98 29 63 23 80 32 97 46 30 54 56 60 70 94 16 47 69 50 12 72 35 96 45 3 21 27 13 42 37 52 62 28 82 68 15 93 66 74 83 10 85 25 48 76 34 99 53 8 11 6 71 65 79 5 100 7 90 20 58 24 59 19 41 43 51 39
53 31 16 5 49 37 81 97 94 72 52 90 47 14 63 88 84 51 8 100 60 38 4 79 80 91 33 9 99 7 24 18 34 89 29 48 22 64 36 92 73 67 58 35 28 78 27 50 6 77 66 95 69 19 57 62 65 68 42 56 46 21 25 85 17 96 15 10 11 30 26 43 3 70 55 98 40 44 12 86 41 54 39 20 45 74 87 76 13 1 93 2 59 23 82 75 32 61 71 83
10 46 51 45 32 84 39 11 95 20 36 16 100 58 88 97 69 55 57 37 12 13 82 21 34 30 27 5 33 89 99 31 87 94 19 26 80 44 76 65 83 93 35 63 78 1 41 43 72 40 18 17 79 62 66 22 38 60 15 68 4 6 28 61 71 77 42 85 2 23 50 52 73 75 90 47 67 53 25 96 24 91 64 98 14 54 74 81 92 70 29 8 3 56 7 86 9 49 59 48
19 14 23 63 41 58 42 77 34 43 10 35 96 44 30 62 82 12 91 36 97 68 95 66 61 48 90 11 49 67 98 24 29 27 26 86 45 78 22 74 28 7 31 100 17 94 37 4 59 83 51 13 88 1 25 3 87 47 80 89 5 60 9 54 32 76 20 50 6 53 18 72 2 21 8 55 39 99 73 57 38 70 85 92 75 16 71 15 81 93 65 69 79 52 33 64 84 40 46 56
22 64 62 54 42 60 55 94 83 77 98 1 30 72 86 71 13 81 14 90 82 32 63 15 33 79 36 88 25 28 75 89 2 17 68 12 46 31 16 61 40 66 34 69 70 10 39 56 57 11 37 78 59 53 58 52 41 96 91 4 6 18 45 84 51 92 27 87 8 67 24 7 85 73 38 20 80 23 26 35 93 44 76 21 99 97 50 43 5 9 74 47 19 29 49 65 48 100 95 3
48 56 20 30 53 7 52 81 79 97 87 37 25 27 93 92 34 47 13 82 18 95 67 8 42 83 29 17 90 44 28 11 96 55 5 10 84 61 14 98 6 4 78 85 64 46 60 9 100 66 63 73 50 41 86 54 91 43 68 33 69 51 77 24 35 40 26 21 45 16 76 59 99 94 15 22 62 80 31 65 49 72 71 1 57 58 88 3 39 89 19 32 75 12 23 74 70 2 38 36
16 26 73 13 24 81 41 79 2 48 93 62 86 85 4 20 76 29 11 59 91 58 65 17 46 34 77 7 1 37 72 51 6 15 18 25 55 36 38 39 45 22 27 56 71 90 8 63 87 30 80 43 74 50 49 53 83 70 92 64 40 84 82 88 75 19 21 54 3 47 10 61 31 89 95 5 96 69 33 97 23 100 68 67 52 99 9 66 98 28 42 44 14 35 12 32 94 60 78 57
30 32 8 38 47 62 40 7 25 36 6 43 61 53 27 67 26 44 51 21 31 78 41 77 96 65 16 66 48 49 59 17 23 10 100 70 98 86 42 9 50 91 64 94 87 34 15 58 74 28 88 3 72 75 92 89 60 55 71 99 95 13 80 45 79 20 57 81 56 83 52 5 37 46 73 84 97 93 54 76 63 35 1 4 12 29 39 85 14 19 2 82 69 90 22 18 11 68 24 33
44 69 65 60 45 20 35 10 32 75 100 79 97 55 94 49 99 14 2 22 72 83 15 67 98 23 5 51 9 42 39 58 50 40 59 3 53 12 11 82 66 85 89 41 25 19 34 87 13 37 28 84 6 16 27 47 78 88 24 46 90 92 63 95 93 7 73 86 36 52 62 1 71 57 29 56 70 31 96 74 21 17 30 54 38 4 48 91 33 8 81 18 68 77 43 76 26 64 80 61
2 94 50 80 36 88 86 84 20 52 62 32 63 91 12 13 73 98 55 83 51 92 85 37 58 71 76 31 66 60 9 43 30 72 27 21 64 57 49 28 65 97 59 44 1 33 45 24 61 22 93 53 35 89 99 5 95 42 7 75 82 48 96 74 77 56 46 70 17 79 68 69 67 78 25 54 3 10 81 14 15 23 47 40 26 41 11 8 4 100 18 19 29 39 6 16 87 38 34 90
83 86 37 14 44 70 22 18 82 84 51 3 95 59 34 33 56 53 29 62 19 36 42 98 85 64 97 65 54 25 21 57 20 13 90 88 2 49 4 24 79 32 77 10 60 50 91 74 73 99 94 41 5 15 6 68 23 81 100 87 43 69 39 1 40 38 75 17 63 92 31 71 9 35 76 58 11 89 48 12 55 46 61 93 66 67 26 16 28 72 8 80 52 7 45 78 30 27 96 47
36 47 10 84 98 79 20 51 52 35 4 25 48 17 46 12 85 38 62 45 49 8 96 3 19 57 86 34 37 94 42 60 33 64 24 6 27 9 75 78 92 77 82 13 95 99 83 65 39 43 50 1 28 81 71 2 29 11 90 32 56 7 54 5 53 30 87 100 58 80 23 18 41 40 44 74 55 68 21 67 16 66 72 97 88 63 73 61 15 69 70 93 89 76 14 22 31 59 91 26
89 8 31 40 21 61 6 3 64 32 76 78 65 35 13 48 90 88 18 58 33 4 74 68 91 72 50 87 100 26 81 7 10 83 86 2 92 1 24 15 54 98 80 16 52 20 57 51 71 69 75 27 77 43 30 63 28 56 95 12 60 62 66 17 11 94 45 42 53 37 84 36 93 41 14 19 49 29 38 85 96 73 67 82 55 39 59 9 23 46 25 22 70 97 34 44 47 99 79 5
5 16 29 89 22 57 34 8 17 99 94 52 88 87 43 68 53 56 45 86 75 21 69 59 37 100 58 61 64 91 38 73 72 93 50 28 90 71 26 7 77 44 92 19 96 14 62 84 2 67 20 81 55 70 11 78 79 15 36 23 18 1 83 82 48 66 35 4 24 46 39 40 32 42 54 85 76 12 49 95 6 80 9 25 30 98 27 97 51 65 3 13 33 31 74 10 60 47 63 41
4 70 63 91 43 45 3 93 89 56 22 77 60 34 75 17 23 10 73 24 16 98 7 74 65 97 6 64 26 29 19 14 15 32 2 5 37 58 99 44 100 69 90 25 40 52 61 79 88 31 39 85 9 8 67 50 20 59 66 82 35 71 78 48 38 27 95 13 55 21 87 84 47 62 80 76 81 1 36 33 72 68 41 11 46 96 83 94 18 30 12 51 54 28 86 57 42 92 49 53
75 59 6 41 33 92 10 95 73 37 18 60 9 56 47 16 80 78 34 57 63 28 94 39 74 89 32 48 13 14 54 79 68 5 23 53 99 98 43 97 30 45 46 81 84 29 55 22 64 1 86 31 52 82 2 51 58 4 38 44 7 17 76 19 42 3 11 91 27 8 12 65 66 90 62 21 25 61 20 49 70 69 100 96 36 72 15 67 85 50 77 26 83 87 35 40 88 24 93 71
14 10 54 62 5 3 71 1 11 86 38 81 33 78 18 70 64 66 72 65 89 46 30 76 31 41 56 50 44 4 2 47 97 95 52 63 88 35 93 85 9 58 55 68 19 15 77 13 94 61 53 37 100 36 91 73 12 82 32 80 21 49 29 79 96 74 17 92 75 87 22 34 90 6 83 42 26 45 84 20 48 43 69 57 51 60 98 27 24 16 99 59 7 25 67 23 39 8 40 28
7 87 33 78 80 13 36 46 4 1 75 24 12 57 85 44 89 18 48 71 74 41 70 69 97 66 100 91 6 43 52 35 39 54 99 45 65 94 64 42 95 56 23 2 83 21 51 34 96 76 26 88 98 68 20 29 10 53 27 28 8 32 22 93 55 11 25 30 19 62 47 81 14 72 61 3 38 59 79 82 50 92 73 5 58 90 84 60 49 17 31 86 67 15 40 77 37 63 9 16
52 41 47 10 79 14 32 62 16 98 15 21 34 93 3 19 1 71 31 35 4 17 45 65 90 7 59 33 74 24 94 61 77 87 70 75 68 67 86 11 20 29 60 82 30 85 78 81 8 9 6 69 53 76 56 37 43 57 39 25 22 97 2 91 13 83 88 80 73 66 92 48 46 50 55 36 42 27 72 89 64 40 38 28 5 49 96 99 84 23 26 58 95 44 63 100 51 54 18 12
92 42 83 4 89 86 62 22 80 26 13 51 59 64 61 31 32 90 20 50 85 81 12 33 25 10 17 21 19 78 46 5 28 56 97 34 95 30 45 6 38 65 49 40 39 73 67 9 84 88 27 58 2 77 93 24 94 99 87 47 72 63 55 98 91 79 70 36 1 60 100 75 44 3 53 82 69 66 8 37 43 57 54 35 23 18 7 14 71 52 76 41 96 48 15 11 16 74 29 68
41 97 22 34 67 11 21 4 78 76 8 58 36 62 54 14 65 95 37 26 59 43 20 86 57 28 53 99 51 71 1 45 66 90 31 83 89 56 91 93 15 27 87 73 50 74 24 100 69 92 77 35 23 38 18 75 2 52 25 30 81 29 48 39 98 6 63 33 61 12 94 60 64 82 9 96 47 46 70 10 5 13 40 49 72 19 32 84 79 3 17 88 44 85 16 42 7 55 68 80
21 92 71 23 31 30 54 67 62 27 37 13 3 41 20 63 40 72 5 2 58 85 97 16 52 15 48 47 69 36 25 91 79 8 12 60 38 39 44 45 57 70 100 29 76 24 93 1 19 78 87 86 90 6 33 66 75 80 28 26 51 9 49 10 61 4 43 73 96 77 82 68 89 7 94 59 17 22 74 98 56 50 53 65 81 35 55 95 64 11 34 83 32 18 84 88 14 46 42 99
72 4 100 18 6 41 15 33 35 82 95 93 42 70 19 25 62 67 61 63 57 30 80 90 23 1 9 52 88 68 56 10 89 51 73 31 47 20 83 91 84 48 37 21 49 96 98 5 26 34 3 38 99 11 81 74 46 16 77 76 54 87 17 27 44 75 29 22 60 64 43 32 55 69 28 92 7 8 45 40 86 24 2 85 65 66 13 71 12 78 36 53 50 14 79 94 58 97 39 59
6 13 21 8 50 90 5 86 23 94 49 47 79 30 95 82 58 39 75 85 80 96 84 4 60 12 63 93 62 35 18 33 43 66 38 41 61 81 20 37 11 74 51 89 9 100 97 3 45 29 15 16 68 92 28 25 40 17 78 46 88 44 24 31 64 2 22 55 87 1 65 73 56 27 99 26 54 32 7 72 52 48 77 14 69 67 10 53 70 42 98 36 91 83 19 34 59 71 57 76
86 11 27 20 59 38 83 23 69 5 46 94 85 47 7 91 66 76 12 77 26 79 28 9 41 99 62 75 30 82 15 63 61 97 60 93 1 32 72 84 37 88 19 87 81 18 68 56 92 21 35 90 16 3 24 4 71 48 43 55 25 67 50 14 36 100 53 6 74 39 80 58 10 34 57 51 52 13 22 65 45 96 49 89 31 64 42 70 2 29 73 95 98 33 78 17 40 44 8 54
51 82 46 87 65 18 37 72 100 95 83 11 69 28 97 52 30 86 93 27 88 71 16 53 59 62 54 15 61 90 68 56 4 57 32 7 81 2 31 49 24 55 74 48 35 79 75 36 99 25 67 5 43 34 78 94 14 41 85 33 80 45 47 50 3 29 84 40 22 73 77 8 26 39 20 10 89 63 1 19 12 60 23 42 9 70 6 44 76 98 21 38 17 91 64 13 92 96 58 66
18 43 66 69 7 25 59 97 71 85 72 27 81 3 89 32 4 23 17 67 36 57 9 45 68 86 75 53 41 84 82 6 99 16 63 13 77 91 90 40 49 33 70 11 22 48 19 80 10 64 1 87 60 94 51 14 74 20 26 56 12 46 8 55 29 21 78 37 79 95 88 92 96 44 42 50 98 47 15 54 38 93 28 34 73 83 5 35 61 58 62 39 2 65 24 30 52 100 76 31
65 58 17 50 62 98 80 18 60 53 64 68 99 25 2 56 77 63 70 36 1 91 52 5 88 47 49 83 11 22 85 72 19 75 26 74 16 73 84 20 94 76 43 32 67 71 69 37 29 7 38 27 66 30 8 57 82 33 93 3 6 4 81 46 54 59 55 51 92 35 24 23 40 28 34 15 90 96 100 79 89 21 87 45 13 31 44 48 78 12 39 14 42 9 10 97 95 61 41 86
90 91 34 74 42 65 58 53 15 49 97 28 78 88 52 76 27 80 87 30 32 75 5 64 38 59 24 46 84 55 77 99 51 82 72 96 19 54 4 12 25 94 36 7 89 98 79 6 67 60 37 29 83 35 3 16 18 66 57 40 11 41 100 47 17 48 50 93 69 22 21 39 92 26 23 44 95 14 63 81 20 62 33 10 43 61 31 56 86 2 1 9 8 45 71 68 13 73 85 70
39 33 55 6 100 72 47 61 63 28 20 99 64 51 23 36 71 56 80 98 97 65 78 7 2 29 25 4 22 75 70 49 31 77 9 18 46 89 42 13 59 24 44 57 26 16 15 27 85 35 41 10 92 52 43 30 48 73 34 54 84 53 96 32 62 14 8 3 67 50 69 82 94 81 91 12 21 11 93 60 88 86 95 74 68 76 17 38 40 87 83 5 37 79 58 66 90 45 1 19
9 5 53 33 11 69 28 55 91 29 39 54 72 19 30 83 98 1 76 18 27 22 26 95 51 4 82 37 7 34 36 48 62 46 88 8 13 68 81 99 12 92 50 6 14 67 100 44 89 32 70 25 57 80 38 86 79 85 2 21 42 31 71 59 84 16 90 60 64 24 35 47 23 43 66 78 73 41 10 45 49 58 96 56 74 93 20 15 63 97 65 75 87 17 77 3 61 94 52 40
49 66 90 51 97 10 98 91 84 40 85 36 96 80 62 89 88 8 27 25 39 5 93 43 42 82 44 28 68 45 12 59 73 50 7 35 21 46 53 17 6 16 14 100 13 54 30 24 77 20 32 1 22 83 29 81 70 23 56 75 55 11 9 92 74 41 76 4 99 26 18 67 52 48 31 87 86 57 65 47 3 72 19 38 33 34 58 69 60 71 61 63 79 37 94 95 2 15 64 78
100 54 64 61 99 56 70 21 18 87 77 96 17 27 80 58 44 28 55 19 31 34 25 97 7 94 13 9 81 3 37 20 16 71 62 76 4 1 75 89 79 2 30 95 85 11 74 72 24 93 40 52 86 47 84 67 38 46 49 32 23 8 59 60 82 57 45 83 50 41 26 42 51 14 88 6 68 36 78 53 33 73 98 22 10 43 91 12 90 65 5 48 66 63 39 92 35 29 69 15
17 40 56 49 24 94 8 16 79 58 36 37 67 10 64 99 92 30 50 11 45 62 88 12 33 46 35 70 55 31 87 41 82 59 27 9 86 93 69 7 73 60 83 84 47 68 71 74 48 42 51 61 26 15 34 91 57 89 14 38 63 3 20 1 25 78 54 66 5 65 13 95 81 19 77 39 22 6 2 44 18 100 52 53 29 97 28 23 72 4 43 90 76 80 98 75 96 85 21 32
29 51 60 86 28 83 42 68 53 81 4 82 92 72 40 39 63 27 56 78 98 38 100 1 87 14 11 76 73 32 41 80 5 74 13 44 7 50 36 47 90 3 45 49 66 33 37 75 20 19 85 43 25 23 67 95 89 64 70 88 69 58 35 97 24 93 57 18 12 61 17 15 84 21 2 91 48 52 31 96 59 16 34 99 71 6 77 54 26 55 10 79 62 46 8 65 30 9 94 22
13 52 87 42 74 9 89 19 75 62 41 66 84 46 45 26 82 72 36 31 24 67 11 88 73 33 79 49 27 16 8 32 12 55 29 48 56 94 68 90 93 39 54 78 4 70 18 10 35 86 2 60 85 65 100 58 6 38 1 43 83 76 30 80 47 63 95 21 40 25 14 97 5 92 59 69 53 61 34 57 15 91 50 44 3 28 22 51 96 17 20 23 64 7 81 71 98 77 99 37
87 93 36 56 78 21 63 94 45 83 100 1 76 44 71 29 8 97 73 59 82 74 39 92 65 68 7 55 79 18 61 62 17 22 48 47 84 3 66 95 52 67 13 77 37 46 86 35 40 80 69 32 91 72 53 12 23 58 5 89 38 54 90 24 19 96 11 10 6 49 64 85 57 15 98 25 30 28 26 88 99 70 43 60 20 16 9 31 81 27 42 34 75 51 33 41 50 2 4 14
47 6 89 39 45 95 55 37 34 51 67 44 68 48 77 43 2 18 26 76 72 92 33 25 24 73 70 65 52 13 83 53 54 81 96 85 80 59 23 61 28 42 97 64 93 40 22 7 32 12 94 11 29 19 63 88 8 84 30 69 46 78 86 82 56 17 75 14 100 99 31 66 27 71 15 98 10 58 57 35 87 38 91 90 60 4 62 41 5 16 74 3 21 36 49 50 9 20 79 1
10 29 91 99 44 76 7 79 65 71 90 70 50 8 86 95 97 57 83 32 33 84 68 36 18 48 56 3 17 67 98 2 27 38 94 55 22 75 62 85 80 82 31 35 88 45 16 43 100 24 13 73 72 37 60 34 26 12 21 87 64 93 25 61 4 9 81 78 15 69 51 19 54 63 5 23 77 1 41 59 28 20 58 30 49 74 14 39 66 53 40 46 47 11 42 52 89 6 96 92
19 2 28 77 63 22 38 52 46 89 42 72 56 12 66 10 87 60 91 48 40 32 71 18 74 79 21 8 15 5 24 26 35 84 3 82 45 57 54 44 97 51 34 98 70 53 64 62 75 49 58 81 67 1 30 76 37 96 83 92 13 85 39 16 33 36 99 7 88 78 59 11 61 94 95 65 6 73 68 17 69 31 90 55 86 9 4 20 29 100 93 43 41 50 80 14 23 27 47 25
32 17 98 45 29 5 51 27 13 88 52 25 47 38 81 63 84 3 18 96 99 70 42 37 6 30 93 31 49 28 26 23 24 14 67 58 64 33 59 74 8 46 57 69 1 36 12 97 94 62 65 85 40 86 11 44 95 79 55 78 77 61 87 41 66 50 100 43 34 71 54 80 76 35 90 20 91 9 19 4 21 53 16 73 83 7 48 82 39 72 89 10 22 2 92 15 68 60 75 56
31 22 78 5 23 48 91 77 36 69 98 24 49 67 10 33 74 76 65 57 79 6 19 15 37 32 30 26 58 1 11 4 83 39 16 28 73 55 89 92 99 9 61 66 64 94 42 41 90 3 84 17 59 2 14 87 96 7 45 82 86 80 27 52 51 95 20 50 46 88 71 63 68 56 38 13 100 34 12 29 72 8 70 25 21 47 54 75 97 93 53 18 43 35 85 60 81 40 44 62
92 50 3 25 76 36 94 78 96 1 69 47 82 33 26 14 34 10 13 85 43 90 67 49 72 91 97 66 20 81 88 100 30 29 83 19 27 61 24 15 40 28 98 9 56 51 21 4 80 71 99 6 58 75 74 22 55 45 2 64 39 95 68 8 52 54 65 44 35 59 37 87 79 73 48 57 32 42 53 86 16 77 63 62 7 11 41 18 70 46 38 17 12 89 60 93 31 5 23 84
48 49 20 95 33 39 65 99 87 13 11 35 77 94 57 16 59 23 29 63 7 97 3 34 82 76 41 5 42 2 96 50 85 17 86 12 60 84 19 9 62 38 25 18 28 22 88 26 78 54 64 91 24 53 31 98 81 56 44 66 71 1 45 51 32 61 15 70 68 79 83 37 67 75 89 55 46 8 58 52 93 6 10 47 72 40 100 73 80 14 30 4 92 27 69 74 36 43 90 21
43 56 22 63 32 23 84 3 81 33 61 90 91 66 72 82 41 47 98 45 44 16 36 20 85 51 100 24 74 26 28 57 75 35 19 99 55 80 87 64 34 52 58 93 12 42 60 94 59 27 88 70 54 40 39 9 78 14 13 97 15 6 77 10 7 53 49 86 11 21 76 2 8 38 67 68 62 92 95 71 73 4 29 83 89 65 79 50 46 25 18 1 5 17 96 31 48 37 30 69
14 71 33 30 19 49 32 10 76 48 47 16 4 60 24 8 69 38 2 82 62 64 35 44 96 54 86 13 94 15 53 29 46 89 36 66 65 31 28 79 75 56 27 85 50 93 39 23 61 68 12 41 7 58 40 73 43 88 97 90 95 51 42 74 9 77 17 22 20 98 34 99 87 57 6 11 67 55 3 1 70 84 25 21 63 5 78 45 52 18 100 81 59 37 83 80 91 26 92 72
30 15 96 9 12 29 50 81 38 41 73 20 100 5 88 3 35 44 48 54 76 36 47 28 26 43 16 90 65 94 34 77 66 56 23 79 52 42 14 97 55 40 60 51 17 8 45 63 69 1 83 13 62 57 92 31 91 74 85 93 87 24 98 95 89 10 61 33 37 22 49 70 2 72 25 27 39 7 11 80 75 46 59 67 4 58 71 6 18 86 19 21 99 84 53 64 78 32 68 82
53 69 61 58 36 7 88 1 8 97 60 43 37 84 27 81 55 90 11 100 22 66 74 42 34 65 91 41 89 44 59 14 28 52 17 30 98 64 3 24 33 79 92 83 95 54 72 20 93 94 21 99 73 67 16 47 10 40 15 86 56 57 82 76 75 87 5 13 2 68 50 6 62 78 85 46 23 31 9 77 25 71 4 96 26 63 38 80 12 35 51 32 19 29 70 18 39 49 45 48
62 19 67 75 47 31 49 40 25 15 18 81 90 14 59 32 52 78 72 84 74 95 13 55 61 64 3 17 69 41 9 73 38 54 20 21 68 86 98 42 87 99 35 44 76 34 27 65 6 77 63 50 88 45 58 8 11 43 100 4 94 60 28 79 71 7 39 89 33 92 56 29 37 2 30 66 16 22 96 97 53 10 12 1 57 51 26 36 83 23 48 85 80 5 82 24 70 93 46 91
28 14 26 22 90 33 57 74 85 2 6 71 30 53 63 66 50 95 1 24 17 52 65 67 20 98 76 96 51 37 21 89 9 8 75 25 39 58 11 34 83 36 62 99 18 10 70 31 64 92 61 93 77 7 68 49 12 87 81 35 5 32 46 48 69 56 27 73 94 60 4 78 42 91 41 84 79 45 29 15 19 55 40 16 23 86 88 43 13 44 80 82 3 100 59 38 47 72 97 54
59 99 41 31 49 19 81 7 55 32 76 73 95 39 74 70 6 71 51 64 18 9 90 65 16 89 33 87 56 14 72 37 43 4 82 15 67 98 38 2 66 93 77 94 42 1 91 52 86 44 80 3 61 25 57 62 53 47 24 27 79 21 84 45 35 28 26 75 97 12 58 60 40 46 8 10 96 69 13 5 48 23 30 85 100 29 11 78 92 50 88 20 34 22 17 54 83 68 63 36
95 73 71 32 26 4 10 69 56 93 8 60 76 55 40 91 36 84 61 37 89 78 15 33 80 23 74 67 88 99 94 82 6 30 51 86 44 96 64 98 65 68 5 16 38 75 43 58 57 72 39 47 100 62 97 53 31 19 66 49 18 63 12 83 21 34 46 42 1 17 11 7 85 90 14 92 2 20 35 9 24 54 50 41 81 59 27 87 45 3 29 70 13 52 48 28 25 79 77 22
38 12 15 79 53 37 52 36 82 72 93 21 97 59 51 67 13 14 19 58 75 22 7 16 71 99 88 11 48 86 81 62 55 47 65 24 92 44 26 3 91 70 42 8 32 98 68 61 10 60 4 95 5 54 27 90 28 77 78 84 40 64 57 17 1 20 73 63 29 18 94 43 83 89 50 85 80 2 87 66 96 35 31 6 45 39 25 49 100 30 41 69 56 46 23 76 34 74 9 33
84 31 63 21 92 44 3 76 58 56 16 52 85 96 93 89 67 41 57 2 60 13 71 11 98 46 29 88 33 5 39 10 68 94 43 26 83 78 6 59 12 17 50 73 48 19 53 45 74 37 75 15 36 95 90 35 7 49 51 23 20 18 66 72 79 47 86 77 8 82 62 14 64 54 69 97 34 38 70 61 30 1 80 4 65 22 87 55 25 9 32 100 24 91 27 81 42 99 40 28
1 46 37 54 35 14 4 95 73 77 59 3 31 85 78 20 32 63 5 80 29 51 38 98 91 75 36 6 44 68 55 18 88 27 99 2 50 56 16 40 47 97 83 10 45 71 52 87 8 7 66 64 23 81 49 89 94 70 72 67 48 13 21 62 34 76 58 17 60 9 30 25 100 42 11 96 82 12 33 28 41 15 22 79 69 57 65 74 24 61 90 19 39 43 26 86 84 92 93 53
72 21 23 8 41 38 68 28 14 63 10 51 3 91 7 25 76 66 45 47 16 29 92 69 75 12 32 94 84 71 42 24 19 79 70 88 36 13 95 100 90 4 78 86 83 65 61 93 54 58 53 34 80 82 6 81 60 35 31 5 59 99 37 98 87 40 97 85 18 15 48 52 1 9 2 56 43 27 73 26 55 17 96 11 46 33 89 57 49 20 22 30 77 39 74 44 62 64 50 67
4 64 18 85 5 84 86 9 16 20 15 79 69 37 33 68 83 53 14 65 19 8 95 74 63 10 67 39 29 22 43 51 96 7 90 6 93 71 32 76 45 66 17 52 40 50 34 42 13 61 36 78 49 70 25 27 87 72 80 12 82 91 56 88 30 2 35 55 23 46 98 59 28 3 44 21 11 89 38 99 57 92 60 97 48 41 73 94 47 1 81 77 58 54 62 100 75 31 24 26
29 38 31 37 21 69 61 11 32 75 87 22 50 56 60 71 26 46 63 10 12 20 94 53 92 28 77 42 55 90 8 41 62 95 59 17 40 49 97 35 100 78 54 81 6 64 57 68 58 83 86 39 79 16 2 99 65 91 25 70 93 7 4 5 27 74 89 24 85 30 15 72 13 19 73 52 14 80 48 18 36 44 23 82 76 96 1 67 33 84 9 51 98 45 43 47 88 34 3 66
69 92 62 40 67 60 21 42 64 76 38 58 51 36 22 48 65 81 32 26 91 90 85 86 39 83 50 98 97 89 100 11 23 41 18 3 37 35 46 82 77 7 70 17 79 14 95 66 96 30 9 74 55 8 56 33 20 16 34 44 61 2 71 93 80 4 63 87 43 1 84 13 75 24 5 47 73 10 72 88 27 94 53 49 68 25 99 28 15 78 59 6 52 31 45 19 29 54 12 57
51 57 27 14 31 89 39 38 95 71 96 77 20 87 94 62 40 5 28 21 63 4 79 76 44 78 19 69 100 7 91 80 60 10 30 73 26 97 61 45 59 47 55 33 52 46 67 41 72 66 18 53 13 36 12 58 83 17 6 8 43 48 65 84 99 82 70 68 16 29 92 15 9 50 88 74 22 90 81 64 23 11 49 35 24 98 85 3 2 32 25 54 93 56 1 42 37 86 34 75
12 86 21 96 18 5 35 84 89 53 51 78 14 29 2 93 1 98 76 15 88 83 54 62 46 57 17 61 9 4 75 48 10 13 58 70 28 77 99 6 52 60 43 38 22 85 8 50 73 31 59 65 37 20 33 36 41 82 32 91 49 92 81 66 55 27 87 100 69 67 25 40 3 7 94 44 97 23 30 45 56 34 95 64 71 72 39 42 79 74 11 90 16 80 63 68 26 24 19 47
9 70 75 10 34 83 22 4 60 29 40 62 72 89 71 13 56 74 49 35 27 47 88 45 97 14 90 20 19 42 50 43 15 53 1 64 51 2 80 26 92 32 23 25 81 41 6 48 79 78 33 84 39 68 59 3 58 98 91 65 7 52 54 86 76 11 21 30 61 95 96 24 73 28 93 87 38 66 67 77 37 82 100 57 31 17 8 12 36 69 55 44 63 85 99 46 94 5 18 16
78 88 66 23 75 57 54 89 4 40 1 19 27 43 14 2 60 67 81 13 30 7 31 85 35 17 41 18 6 55 93 53 72 32 24 95 87 34 49 37 62 45 64 97 96 56 77 29 91 100 52 28 12 26 86 84 5 48 33 79 21 76 83 36 50 46 42 92 65 38 10 74 70 68 59 58 9 44 25 80 63 3 90 20 73 99 82 61 71 98 47 22 69 15 16 94 11 8 51 39
93 54 1 42 11 79 27 8 20 62 85 57 25 22 18 83 94 100 37 53 71 21 69 88 90 66 6 80 68 38 95 46 26 15 44 10 23 30 92 39 50 65 24 45 98 73 75 61 76 96 49 55 60 41 70 16 56 13 7 99 4 58 63 34 40 72 3 64 47 84 43 97 31 51 87 77 33 59 36 78 12 74 19 48 82 28 32 81 91 89 17 86 67 14 35 9 2 52 29 5
86 7 44 89 4 92 6 22 94 81 80 11 33 20 79 35 8 12 62 77 85 71 30 59 69 97 27 2 95 49 56 39 5 46 52 65 63 14 18 53 9 88 96 43 10 83 100 51 1 57 58 98 16 3 91 61 90 34 47 36 50 42 31 75 72 25 24 99 73 93 82 64 23 70 21 15 84 78 37 29 45 66 67 68 38 60 74 41 28 19 26 13 76 48 87 17 32 55 54 40
21 74 16 34 79 39 60 55 83 87 75 29 65 88 46 97 64 51 22 90 4 17 63 40 27 62 58 89 86 78 1 56 20 72 5 23 33 36 68 48 37 44 32 41 84 77 24 26 11 67 93 57 50 14 19 13 2 15 95 80 35 8 61 85 47 30 91 82 99 53 12 81 43 71 96 3 54 76 45 42 6 25 52 31 9 10 59 69 98 28 66 92 18 94 100 70 7 38 49 73
89 75 10 70 65 63 36 19 53 95 54 94 48 17 3 76 58 88 34 50 59 27 96 24 31 100 44 60 7 25 41 6 14 86 98 57 2 12 79 93 49 72 82 13 30 68 78 62 92 91 20 64 9 38 47 52 45 11 43 28 39 69 35 80 84 37 46 56 22 87 97 42 21 81 66 51 4 32 74 67 5 55 1 61 15 18 90 40 85 29 77 26 33 83 73 23 16 71 8 99
90 4 87 33 20 41 28 48 100 83 94 12 13 31 53 44 73 70 75 27 42 1 29 55 60 58 30 23 22 17 38 72 77 37 97 78 99 47 91 65 84 2 49 68 25 26 69 45 71 19 50 15 21 92 18 86 88 85 36 16 66 67 9 89 93 6 79 81 46 8 39 61 56 74 98 82 40 96 10 52 43 35 54 5 34 62 7 51 11 76 3 59 14 24 32 95 64 63 57 80
6 16 83 51 86 58 40 57 91 37 22 32 81 19 47 17 88 29 70 66 15 93 26 90 100 7 98 34 36 82 87 67 97 71 31 8 79 9 14 12 94 27 13 5 85 60 30 3 25 11 64 39 56 76 20 96 89 42 92 52 72 49 46 54 18 62 74 80 44 73 65 23 99 43 28 41 69 77 21 10 35 24 61 78 55 48 50 1 84 2 4 75 38 63 53 33 45 59 95 68
49 68 81 86 59 61 14 36 2 84 90 15 8 70 11 31 28 39 20 79 62 38 97 5 19 47 95 1 37 34 12 35 99 23 87 76 54 83 45 89 93 69 100 56 75 16 33 44 66 9 88 13 98 43 29 17 21 52 27 67 46 25 78 55 77 94 53 91 96 42 71 48 10 82 30 26 41 74 22 57 32 58 73 63 50 92 18 85 4 6 64 80 7 65 40 24 60 51 72 3
7 40 54 6 82 12 56 23 57 28 72 13 92 46 30 90 55 86 68 97 77 60 45 4 80 34 5 64 81 91 14 63 79 16 100 24 89 32 85 49 21 42 18 71 43 78 98 22 26 8 61 95 74 87 38 94 59 67 58 41 1 84 17 31 96 29 35 36 50 66 52 73 51 62 99 33 75 47 20 44 88 39 11 93 25 19 83 15 76 70 27 48 2 9 10 3 65 53 69 37
13 18 46 69 7 3 62 93 78 58 39 27 67 68 44 52 61 92 31 43 49 36 28 9 66 72 53 76 99 24 48 59 33 64 32 63 81 50 22 94 73 29 14 82 35 74 71 75 2 51 16 40 17 10 65 85 98 4 70 88 83 97 57 91 19 21 20 23 5 37 80 1 55 15 77 42 47 41 8 96 26 60 34 95 30 56 84 54 90 11 86 79 89 25 6 45 87 100 38 12
22 32 53 78 99 90 34 72 46 18 37 67 87 57 54 92 66 36 27 6 26 68 41 56 20 15 13 51 62 43 83 31 52 21 73 45 94 79 98 58 71 39 33 19 55 70 3 1 65 38 85 97 69 89 35 4 29 25 59 48 84 17 30 14 100 75 86 40 63 81 77 47 96 49 9 91 7 28 16 60 64 50 2 10 74 76 80 5 23 61 24 93 95 12 8 88 82 44 42 11
17 76 6 13 89 9 70 33 84 43 31 2 77 74 34 19 35 55 82 94 51 98 4 23 58 29 78 52 96 45 68 99 61 5 12 92 16 81 24 1 28 3 80 54 60 67 85 79 30 50 83 93 57 44 53 91 71 69 42 25 26 11 48 39 90 100 22 59 21 41 87 8 72 14 7 36 95 63 49 86 15 46 38 65 75 66 10 97 64 20 56 47 32 18 88 27 40 73 37 62
41 98 100 5 80 31 18 46 19 25 95 30 9 78 4 12 86 83 96 62 6 43 39 66 57 68 64 7 73 16 36 79 89 75 2 44 90 54 67 11 55 74 56 21 49 48 93 58 33 15 70 35 28 29 82 88 40 81 26 47 8 37 92 20 24 38 61 60 17 77 22 85 32 10 34 76 3 13 52 1 50 69 94 99 27 97 45 53 51 42 23 63 91 87 84 71 14 72 59 65
87 94 65 39 22 96 45 68 71 27 41 7 79 5 13 56 98 28 50 12 80 52 82 95 61 1 86 37 77 75 33 49 4 51 88 31 53 23 62 91 30 16 19 29 63 24 55 11 70 10 26 34 6 73 8 66 25 89 20 35 81 44 59 72 38 83 15 32 64 74 100 18 14 69 67 54 90 93 84 97 42 48 85 92 36 3 43 60 40 9 99 46 17 21 78 57 58 47 76 2
75 26 47 97 73 45 20 86 35 36 91 49 10 58 85 1 62 22 17 71 56 9 100 42 25 94 4 15 66 72 19 2 29 48 60 5 38 88 37 43 54 46 44 95 69 40 11 82 16 21 13 65 68 6 64 30 18 55 77 93 78 31 34 59 98 79 84 83 51 39 63 32 89 92 70 50 81 53 41 61 57 7 76 28 12 90 27 23 14 52 8 3 87 33 67 99 80 96 74 24
52 10 55 3 96 30 90 82 69 5 44 80 21 83 15 49 63 8 12 67 73 58 70 79 91 4 93 35 13 9 85 17 36 66 38 7 76 1 81 88 6 92 61 2 59 18 51 100 89 34 74 68 99 72 37 75 56 60 28 84 27 29 20 42 54 16 25 31 40 24 23 71 78 48 41 39 64 57 47 33 98 62 87 22 43 45 65 11 26 46 97 53 50 77 19 32 95 94 86 14
18 8 68 38 28 88 93 63 55 82 3 91 36 79 56 26 23 1 40 78 75 5 87 21 52 70 2 12 30 32 44 45 73 58 83 29 34 72 64 14 57 6 37 96 9 100 92 4 19 65 81 74 66 11 67 69 31 59 48 89 71 43 80 94 61 85 10 84 13 62 27 77 17 33 24 22 25 46 90 53 86 16 39 50 42 49 15 47 60 99 54 95 41 20 7 98 51 97 35 76
100 51 34 18 6 10 71 16 23 94 99 88 84 41 95 67 21 64 25 83 98 28 35 1 75 85 74 47 11 13 24 61 17 87 29 60 31 89 54 20 80 76 81 40 72 96 9 70 39 62 2 36 90 50 43 19 14 58 93 38 22 45 42 27 63 78 97 77 56 57 66 68 48 79 92 59 65 52 7 15 82 53 69 33 5 55 73 26 46 30 12 37 8 44 4 49 86 3 91 32
19 37 60 4 62 11 15 66 63 72 49 5 64 47 75 20 93 91 79 22 32 85 80 12 87 33 59 55 83 84 2 7 34 77 42 30 57 3 69 36 24 67 90 92 99 21 97 10 27 18 28 78 71 45 39 74 8 38 82 23 51 9 96 17 56 44 73 26 95 35 13 88 94 52 25 61 53 68 54 43 89 1 58 81 29 40 98 16 48 86 46 100 70 76 14 41 50 65 31 6
65 97 88 77 60 72 66 17 15 39 46 93 61 76 12 36 7 54 53 41 58 49 89 22 47 73 48 81 1 31 18 32 16 90 4 86 74 67 71 84 25 95 59 78 33 9 94 20 37 42 3 30 62 82 100 5 70 57 38 10 87 83 98 51 11 13 99 6 24 64 14 50 52 44 80 69 26 29 35 56 55 40 28 45 19 27 96 75 63 43 91 34 68 8 79 92 21 2 85 23
73 85 82 9 50 100 52 67 38 4 83 54 22 13 61 58 71 69 66 65 24 25 36 64 95 92 39 28 14 3 51 98 2 59 20 18 46 26 6 99 63 43 16 86 89 11 19 56 97 80 40 17 84 21 78 45 48 53 49 7 30 87 8 32 91 41 76 42 12 33 29 75 44 27 31 60 68 15 79 81 37 96 77 72 47 34 35 70 5 55 10 88 62 23 57 93 90 74 94 1
79 28 85 49 69 66 61 37 11 21 64 20 60 34 62 92 36 7 93 86 54 95 67 48 89 16 81 99 5 10 15 33 12 57 65 26 1 73 72 23 46 58 4 6 19 8 25 31 84 32 51 47 43 83 96 24 75 80 39 44 42 77 76 50 74 59 88 3 45 71 94 82 91 63 90 13 18 98 53 17 30 68 70 14 56 35 55 38 100 87 2 9 78 97 22 40 41 29 52 27
74 91 90 12 94 36 10 77 56 85 42 68 100 62 16 99 44 6 83 58 45 22 84 3 72 80 70 67 26 18 25 47 35 30 86 21 13 46 87 28 8 55 51 52 14 20 63 27 34 29 89 41 76 23 71 54 38 64 31 49 60 53 69 97 82 48 5 24 88 96 17 65 92 66 15 78 19 73 2 98 75 43 93 40 95 11 32 7 33 1 57 50 37 79 81 4 59 9 39 61
39 52 50 45 97 86 5 62 8 92 36 76 30 67 80 88 27 72 23 19 16 70 11 7 73 48 3 24 64 87 37 57 51 18 68 79 47 55 84 90 53 38 74 93 10 99 61 81 29 69 32 91 2 95 66 14 46 35 60 4 13 94 49 6 12 20 43 100 58 28 83 41 26 40 89 25 17 42 34 65 77 15 63 98 33 9 1 71 54 85 22 21 44 78 56 31 96 82 75 59
36 96 17 20 98 29 57 94 13 49 77 95 63 37 87 60 85 27 7 10 78 62 9 97 23 59 68 33 15 35 61 4 41 22 50 75 88 39 89 18 19 52 28 32 67 79 76 72 45 86 21 92 53 80 81 51 65 31 30 8 69 24 100 1 48 93 66 54 74 16 58 84 47 6 91 55 12 14 26 2 56 90 43 38 40 5 71 44 3 73 70 83 64 82 34 11 42 46 99 25
5 58 51 84 100 37 8 18 82 66 61 22 88 28 52 31 47 97 87 13 40 91 16 74 59 41 79 21 27 67 70 60 54 50 72 48 19 68 26 73 96 36 45 10 78 33 15 65 17 76 38 99 83 53 30 95 7 46 1 43 94 71 90 86 89 57 39 92 29 23 49 69 62 34 20 6 42 11 63 4 24 44 98 3 14 81 25 9 80 35 93 2 75 55 12 77 32 85 64 56
30 5 36 56 53 94 86 91 33 41 73 21 49 59 19 39 2 46 55 98 17 96 12 34 44 82 7 75 52 1 99 10 40 79 51 15 95 42 43 78 11 24 97 48 69 90 57 87 85 72 6 50 22 16 93 68 20 88 83 64 100 54 45 47 25 3 58 63 27 18 35 67 80 26 61 8 62 9 60 14 76 70 31 89 66 65 74 84 81 32 29 77 92 28 23 38 13 37 4 71
38 15 28 7 87 22 100 78 18 98 4 33 32 44 23 91 90 74 80 54 19 34 94 67 2 79 82 53 71 36 11 26 8 25 13 96 52 60 3 65 97 9 89 73 43 46 50 35 99 40 92 16 48 20 27 63 93 72 14 39 88 41 47 84 17 77 49 56 37 61 64 95 5 21 55 57 86 58 68 85 59 10 29 24 51 6 62 66 45 12 83 69 42 1 76 75 81 31 30 70
40 31 89 95 74 13 30 51 17 26 11 79 96 72 5 14 82 44 57 37 97 75 7 68 81 32 16 46 42 86 56 91 39 93 48 83 22 87 90 100 65 77 36 8 25 53 52 6 98 47 80 23 35 54 92 67 94 99 12 69 63 4 70 60 62 19 27 85 18 50 88 34 84 9 76 2 21 55 78 71 49 38 59 10 58 43 28 73 24 3 41 20 29 64 33 66 61 45 1 15
77 63 58 28 43 70 89 53 75 86 97 59 68 91 64 76 41 45 8 35 44 79 20 60 92 30 88 49 16 22 72 50 31 29 62 34 55 61 38 32 15 94 57 100 85 56 74 52 40 25 69 37 24 2 6 78 4 23 98 65 90 3 39 19 51 14 95 17 67 10 26 80 66 73 54 12 48 81 11 47 96 83 33 42 13 7 87 27 18 71 5 1 99 46 82 36 84 93 9 21
62 11 98 99 92 49 47 76 79 15 10 35 82 96 37 2 30 43 45 21 29 20 25 39 88 71 97 83 54 28 65 12 27 94 24 17 73 91 61 13 75 85 31 7 60 42 68 23 67 33 4 90 52 81 34 50 57 56 87 70 55 93 77 95 86 53 8 51 80 26 18 66 100 41 44 19 89 6 58 59 63 64 9 22 3 74 72 48 69 84 32 38 5 16 1 14 36 40 46 78
72 2 29 30 26 98 67 9 87 13 100 7 66 55 89 4 34 14 61 47 31 81 42 43 39 91 11 5 35 60 77 20 78 40 32 53 36 58 51 24 95 48 86 28 22 65 37 49 88 71 84 3 82 15 62 76 16 17 99 27 54 59 21 8 52 63 33 18 1 46 68 19 90 69 38 56 80 44 57 12 41 94 25 6 64 70 85 45 92 74 73 23 96 93 83 50 75 79 10 97
53 17 78 63 7 21 50 74 14 57 20 52 12 84 51 68 59 11 13 90 89 6 93 77 26 54 96 9 41 81 88 23 55 83 60 99 45 44 95 3 38 70 42 18 66 94 39 46 92 35 65 69 36 58 25 34 28 75 5 79 86 64 56 24 33 61 100 10 8 91 48 87 29 43 32 85 30 1 31 40 27 73 72 82 62 4 67 80 47 97 98 71 22 76 15 16 37 49 2 19
31 93 15 98 48 18 49 1 85 52 62 2 91 38 45 25 74 22 84 24 79 30 65 92 82 77 67 50 61 29 26 100 83 47 76 19 86 80 11 37 41 28 21 9 39 51 20 5 43 27 35 60 69 7 56 12 6 73 68 40 23 33 4 46 3 54 55 71 78 63 99 36 81 75 42 89 66 8 87 72 97 17 64 53 10 16 88 57 70 44 34 14 59 90 96 13 94 32 58 95
16 47 61 60 35 33 22 95 73 56 1 81 6 10 94 89 68 92 29 50 84 13 78 15 71 51 91 48 17 43 21 27 98 12 100 28 80 69 76 44 40 93 34 63 49 97 99 24 87 54 37 82 58 3 23 25 79 77 90 32 11 46 65 45 75 66 9 4 85 52 59 2 8 42 62 74 39 70 96 5 36 20 7 57 83 88 38 14 72 53 31 19 55 18 86 64 30 26 41 67
15 60 18 50 71 4 59 27 81 1 55 3 99 33 57 12 13 95 2 36 74 64 19 86 63 7 20 11 100 51 54 77 46 82 73 9 5 56 16 43 79 91 30 84 45 52 62 97 49 87 39 32 61 75 28 37 96 14 17 90 6 25 68 41 42 92 65 40 23 83 69 31 76 89 48 21 98 38 70 35 93 8 10 67 72 47 22 94 29 66 53 44 24 88 26 80 34 58 78 85
7 22 96 75 78 48 56 50 32 68 52 28 17 64 20 19 67 69 36 80 39 97 13 8 3 100 85 84 58 2 98 44 30 35 23 66 24 31 59 49 87 82 72 38 47 73 45 60 1 37 63 88 79 70 99 57 91 33 92 86 12 18 16 81 4 95 21 14 55 9 51 43 42 10 94 76 46 34 29 26 53 77 11 62 25 93 89 6 83 27 61 5 54 65 71 74 40 15 90 41
21 50 22 62 79 80 41 81 16 6 18 32 97 85 78 44 87 12 14 91 1 66 38 69 98 46 49 13 25 68 34 29 33 55 70 73 84 86 60 47 100 51 2 83 71 40 42 93 48 28 99 96 59 57 3 35 53 45 72 82 5 8 27 52 15 10 90 75 94 17 30 63 67 24 11 37 74 88 9 36 4 54 76 64 89 58 26 95 39 23 20 43 19 56 77 65 7 61 92 31
4 57 43 79 21 64 37 69 34 44 13 71 31 94 33 3 99 8 98 61 85 16 5 28 51 86 9 6 81 25 53 58 12 95 67 88 76 59 19 35 91 68 66 17 26 15 7 63 75 49 41 84 100 40 14 10 55 96 89 42 77 62 24 38 1 87 29 23 36 47 11 39 54 72 52 46 70 83 93 48 32 92 73 65 20 22 82 50 78 18 30 74 56 2 80 97 60 27 45 90
18 49 37 21 42 20 68 28 36 51 59 57 78 14 24 29 81 19 48 43 60 67 3 16 34 72 35 58 22 4 100 5 9 38 1 12 40 96 97 89 99 25 46 44 32 64 83 94 10 8 86 6 56 62 2 31 74 76 27 75 15 11 13 88 79 47 17 50 92 71 54 7 61 70 53 98 82 91 95 66 23 63 26 90 30 87 41 55 52 93 80 85 39 45 69 73 65 77 84 33
8 41 67 25 96 73 38 34 54 97 16 86 90 93 5 17 26 80 6 31 99 42 95 11 1 85 36 94 48 7 46 56 75 72 44 55 92 57 53 51 20 4 87 43 13 22 100 30 77 24 62 40 37 59 58 29 81 66 71 68 79 83 50 18 88 74 3 89 65 82 47 14 10 19 69 27 63 61 23 9 33 84 2 28 45 39 78 35 49 91 21 70 32 12 64 15 52 60 98 76
84 29 20 87 47 23 39 52 58 93 66 24 37 80 26 71 8 50 19 30 22 74 15 49 69 25 54 17 65 9 1 63 79 10 88 6 27 94 28 12 45 40 18 51 75 60 67 42 33 61 36 70 13 34 31 53 90 82 57 21 38 43 11 83 35 96 81 55 16 73 98 89 2 3 85 68 44 32 99 95 92 41 91 97 46 86 56 100 76 14 62 4 7 48 59 78 77 64 5 72
10 73 64 29 49 62 3 79 80 85 93 84 59 48 12 90 24 67 72 27 83 8 61 2 42 23 100 4 51 74 94 7 38 39 26 58 63 75 36 98 34 97 32 87 52 45 43 9 65 88 15 5 21 30 57 81 60 16 47 54 95 53 66 78 44 82 89 86 6 99 56 71 37 46 14 96 55 20 1 28 19 91 69 41 35 33 11 31 13 50 76 17 77 25 40 18 92 70 68 22
1 13 57 61 67 91 51 90 45 16 98 60 56 53 7 33 89 31 73 15 36 4 92 44 96 65 77 41 95 49 9 72 6 97 12 74 37 52 93 42 83 47 20 66 55 14 86 43 35 100 94 81 80 46 17 85 87 69 32 5 18 29 82 62 21 50 26 68 22 8 10 70 27 99 64 38 34 76 3 19 11 23 28 79 24 59 54 39 25 78 40 58 2 63 48 30 88 75 71 84
95 43 10 91 18 44 40 99 25 88 96 49 4 3 61 83 77 30 38 63 7 32 47 33 68 57 62 70 89 55 42 13 2 46 59 82 67 84 66 45 31 98 5 22 87 90 64 74 85 93 75 27 50 28 97 20 23 19 56 94 65 80 37 48 9 100 54 60 35 6 34 58 69 81 29 92 14 78 15 76 72 21 71 11 73 51 53 36 79 17 1 41 12 39 8 52 16 86 24 26
9 40 5 22 89 96 6 7 95 48 78 11 42 35 31 8 100 66 26 84 57 30 68 65 46 15 32 76 69 72 55 18 86 16 98 81 44 33 27 14 41 64 28 49 59 85 88 37 74 3 77 53 93 67 90 61 83 94 43 12 56 17 63 70 92 75 45 34 73 80 62 29 36 4 50 97 52 47 24 82 38 71 1 20 21 54 39 99 2 58 19 25 13 51 10 60 23 87 79 91
14 64 1 58 29 95 55 12 24 26 6 77 38 15 79 84 69 100 11 45 88 51 52 25 16 47 56 93 44 94 41 49 54 23 36 72 33 60 46 59 96 17 82 89 30 68 53 5 98 99 66 57 92 35 63 62 21 74 7 97 20 85 90 10 32 34 78 73 87 65 50 8 83 39 75 3 2 27 67 71 48 13 22 61 4 37 9 18 28 19 42 81 80 91 70 86 31 43 76 40
48 69 91 74 65 92 42 11 64 18 8 13 34 51 77 56 52 28 40 79 63 47 33 20 35 94 24 39 7 16 82 73 29 32 31 41 4 93 23 88 53 99 17 98 6 19 22 2 72 5 12 1 55 36 87 90 78 60 80 76 61 45 25 85 66 46 75 59 10 81 15 37 9 54 57 84 49 96 38 70 50 95 100 30 86 26 58 67 71 89 43 97 83 14 27 44 62 68 21 3
86 14 31 32 22 38 19 97 52 94 40 90 76 56 66 63 73 83 91 53 43 92 15 88 6 62 29 26 20 84 8 67 68 13 30 10 77 64 75 39 47 69 35 16 17 34 21 36 2 58 1 98 23 41 49 27 45 70 59 78 82 71 87 5 7 9 42 93 79 28 37 72 57 50 95 44 12 80 33 46 99 4 61 54 65 96 51 74 85 100 48 18 89 55 60 81 25 24 3 11
24 42 3 31 36 19 58 23 89 35 22 62 85 39 81 13 88 73 96 66 12 29 63 37 97 75 21 1 33 17 28 60 41 27 2 25 79 78 47 94 11 32 90 77 38 98 72 80 40 64 9 43 49 52 86 69 59 91 26 16 50 44 84 61 87 83 70 99 68 30 65 56 46 48 6 20 76 10 100 54 45 93 4 95 14 57 8 71 15 67 51 82 5 7 74 34 53 55 18 92
90 80 44 85 82 61 91 45 62 99 38 58 47 30 88 35 56 55 63 95 71 84 74 36 27 70 75 42 5 32 48 24 72 86 17 7 93 97 18 53 15 66 33 81 79 83 11 6 25 22 87 28 54 68 12 43 2 51 78 92 59 37 76 49 29 21 57 13 19 26 1 69 23 94 8 52 67 41 73 64 20 100 46 34 9 31 14 3 60 4 89 10 16 50 39 40 98 96 77 65
47 19 23 50 44 90 81 38 4 66 69 70 65 52 93 48 97 84 56 77 59 7 71 76 74 10 54 2 6 45 95 26 82 37 96 3 64 13 86 67 46 27 24 94 98 75 79 68 99 20 18 55 16 42 51 87 89 39 28 41 40 61 22 60 62 17 32 36 34 1 92 11 21 91 73 15 33 53 25 83 88 31 80 63 12 29 100 49 5 72 9 30 43 35 58 14 78 8 85 57
92 38 90 54 63 11 4 21 96 25 87 19 57 20 62 93 53 70 32 94 42 28 30 72 37 97 27 60 55 82 75 17 61 48 43 2 83 35 31 99 59 78 100 33 40 18 91 46 13 1 85 58 29 26 24 89 88 49 36 66 80 51 12 98 71 41 79 81 15 50 84 52 64 56 23 47 7 74 8 10 73 6 16 39 95 67 5 76 86 69 65 22 3 9 45 77 68 34 44 14
100 66 79 30 4 63 35 22 94 41 54 29 99 98 14 62 1 71 82 12 49 6 42 53 85 58 33 8 84 38 52 39 24 81 9 65 46 47 32 11 90 72 78 25 48 16 27 34 80 57 67 61 26 92 70 88 10 20 93 87 43 77 86 75 91 37 50 44 97 15 7 59 68 51 17 5 18 36 19 60 31 74 96 55 40 64 28 56 23 2 3 13 95 21 73 76 89 45 69 83
89 46 28 62 23 57 88 10 54 77 94 27 20 22 80 64 92 53 68 59 4 78 69 12 90 34 35 61 96 13 39 14 17 52 3 85 26 98 36 93 73 65 56 75 83 82 30 7 66 19 50 95 40 8 16 6 58 84 25 55 15 9 70 79 72 76 63 87 47 67 21 74 1 49 2 33 42 31 37 5 43 99 38 48 41 60 91 24 11 29 81 86 18 97 32 100 45 44 51 71
29 28 16 37 73 12 36 8 87 20 15 78 33 46 72 97 65 88 27 100 91 60 79 23 64 30 63 7 86 71 81 62 96 17 58 92 39 14 49 48 26 2 4 56 35 57 70 93 45 51 53 52 5 77 19 3 98 41 95 99 54 42 61 31 13 38 24 55 75 84 22 1 32 74 21 10 69 89 66 18 83 80 67 50 47 76 44 82 40 25 90 6 59 94 43 11 9 85 34 68
49 86 63 14 31 50 21 4 17 43 67 12 81 19 3 70 71 41 66 6 30 42 88 56 33 54 25 18 9 35 83 46 39 7 75 95 2 80 59 97 91 76 64 45 96 77 34 44 78 92 16 38 98 65 84 13 5 79 58 36 60 1 28 74 27 72 87 32 61 37 23 99 89 82 53 69 22 15 10 26 52 57 94 68 55 40 90 20 100 11 8 51 62 85 24 93 48 73 47 29
22 56 60 8 20 3 75 42 58 5 28 51 95 36 44 32 94 78 62 11 27 64 85 9 89 17 19 23 80 91 38 31 83 21 18 98 50 26 92 84 12 43 61 99 81 93 69 63 57 67 41 73 74 47 71 49 37 53 70 48 1 13 77 82 39 79 55 33 40 66 24 34 96 68 7 65 16 46 45 14 25 90 59 4 29 10 6 87 97 30 2 54 76 52 88 15 35 100 72 86
65 21 81 18 45 14 54 3 11 75 47 30 12 87 27 10 60 26 39 2 72 67 5 48 59 80 36 56 66 86 78 91 73 74 83 63 23 61 79 1 19 88 37 97 84 99 24 29 89 50 28 85 17 43 68 96 95 34 55 25 4 49 100 94 69 40 76 82 42 22 31 92 51 71 52 58 32 98 16 44 6 7 93 35 57 41 13 9 90 46 38 53 33 77 62 64 70 20 8 15
17 76 85 69 41 30 84 19 24 33 51 1 27 66 97 52 6 10 65 57 18 95 93 21 31 68 91 28 26 34 14 32 55 56 5 8 7 20 90 58 54 35 16 71 99 53 25 61 79 38 89 13 67 94 74 45 86 81 77 15 22 87 47 36 11 48 82 64 63 49 100 23 73 62 88 60 9 29 72 59 70 3 12 44 75 83 4 43 96 98 39 92 46 78 42 50 2 40 80 37
66 71 46 12 25 13 92 72 80 4 75 94 3 76 86 58 32 7 81 22 54 97 45 49 39 29 17 88 79 24 43 61 35 15 38 51 47 68 53 23 6 56 59 57 37 11 95 42 84 21 99 31 9 14 65 98 40 87 33 28 74 67 69 34 89 16 62 30 20 96 82 73 70 44 78 55 77 90 83 2 18 60 64 1 50 19 41 48 26 85 5 8 52 27 100 10 91 63 93 36
74 82 47 87 46 88 65 84 2 45 42 99 72 55 64 54 50 38 22 18 76 25 12 66 24 16 44 59 14 41 93 98 89 70 27 13 81 58 26 91 21 7 62 85 68 100 33 3 97 9 49 15 86 19 40 17 71 67 48 34 30 69 31 52 90 29 57 37 60 53 43 61 56 79 83 51 73 23 1 36 8 96 77 92 5 35 20 80 39 6 75 32 78 10 63 4 11 94 95 28
56 87 50 10 90 65 18 46 20 28 72 80 8 27 59 99 40 6 53 62 15 68 16 79 42 14 95 34 74 75 12 2 19 51 52 91 98 83 30 9 97 44 49 82 63 96 76 24 61 77 88 70 60 1 33 5 26 43 13 67 64 84 39 93 100 94 11 21 54 78 66 41 17 35 57 22 71 55 81 25 89 32 86 31 38 58 48 7 4 3 47 36 69 23 85 45 29 92 37 73
19 7 53 75 24 67 27 33 23 39 85 25 60 64 30 26 80 63 1 71 77 57 31 95 88 4 94 40 37 15 70 59 14 55 16 93 61 49 44 34 62 3 29 68 89 41 18 97 69 45 20 10 73 74 66 35 91 48 100 47 86 21 83 72 96 42 54 22 11 92 99 32 43 9 90 6 81 2 36 17 12 46 87 52 58 5 79 78 98 76 56 50 8 84 65 28 82 51 38 13
39 32 69 99 19 100 60 17 65 34 95 38 42 8 63 49 61 29 31 67 40 62 13 1 18 64 20 90 94 37 50 47 66 89 87 76 55 91 97 82 9 79 15 21 28 70 85 78 73 11 36 41 4 52 96 57 12 25 81 88 46 58 2 59 48 14 22 7 33 51 56 84 98 92 54 77 26 45 53 35 3 72 30 93 27 86 10 44 24 71 23 75 68 5 6 80 83 74 43 16
32 33 88 60 75 79 83 89 46 2 90 15 17 80 85 81 66 86 37 28 99 49 84 77 26 1 76 38 97 67 19 45 16 8 56 23 13 34 22 95 71 91 58 69 9 87 3 35 20 44 61 57 70 10 59 94 48 4 51 54 5 31 92 41 12 36 96 43 21 29 25 65 72 7 64 82 62 63 24 40 30 68 98 74 52 18 50 55 14 53 27 11 93 100 78 42 47 6 73 39
6 16 75 80 34 84 14 52 25 37 81 67 93 57 49 60 7 51 5 64 32 83 61 4 23 13 100 89 73 42 68 79 20 35 29 47 82 86 71 76 10 33 44 77 31 39 78 87 19 54 40 3 91 99 95 12 41 11 15 63 65 92 30 46 24 56 66 8 2 38 96 48 85 27 9 50 97 28 22 74 21 69 70 45 18 72 26 1 36 55 17 88 58 43 98 94 90 53 59 62
78 85 27 74 100 58 63 57 69 86 52 37 96 31 23 67 76 36 17 97 62 91 41 20 81 59 49 51 68 14 87 33 40 46 80 64 56 9 93 28 95 60 13 5 18 21 98 65 29 32 26 99 77 53 11 84 6 7 38 89 25 94 10 55 34 4 39 70 44 88 54 47 22 15 73 66 79 42 48 12 35 82 19 72 43 92 71 45 83 8 1 90 50 24 16 3 61 2 30 75
75 99 21 70 53 66 34 40 36 15 37 72 56 88 95 1 23 81 12 41 33 27 100 68 2 43 73 20 30 79 89 50 10 71 97 80 22 32 42 64 25 77 55 19 4 9 94 51 76 47 86 6 39 35 58 16 11 85 45 69 8 57 17 92 74 59 5 83 96 98 14 24 13 63 62 78 46 93 67 29 26 91 84 7 82 31 3 60 52 28 18 48 90 44 49 65 87 38 54 61
44 8 65 31 69 9 62 99 57 100 55 36 91 89 47 16 4 23 49 82 1 43 20 18 95 73 24 96 54 3 59 51 46 42 90 70 53 87 32 6 92 48 97 13 88 71 15 74 52 10 83 5 85 67 38 30 29 98 39 7 81 76 37 66 86 25 58 80 45 93 12 50 79 60 75 11 41 68 21 72 28 77 34 40 19 17 56 84 61 35 78 14 63 33 64 22 27 26 94 2
33 88 100 77 80 25 32 53 52 95 64 96 37 70 19 18 55 65 50 48 36 85 89 22 60 78 67 69 62 87 61 35 44 5 26 45 74 81 31 41 63 68 92 72 56 10 75 94 11 12 27 30 76 83 99 58 82 13 6 86 20 7 57 14 47 1 8 2 84 16 4 42 71 90 29 59 3 66 49 24 15 40 9 98 34 51 54 73 46 43 91 79 38 28 17 97 21 93 39 23
73 75 26 29 59 56 28 67 83 69 77 31 68 43 74 90 57 18 70 16 51 13 52 62 55 33 6 66 71 10 86 82 88 93 1 5 38 2 46 39 65 95 45 35 23 79 19 9 37 20 58 60 53 76 100 4 8 80 85 44 21 40 24 50 15 27 89 91 99 25 94 36 14 22 42 48 30 92 78 98 64 11 63 49 81 87 7 61 54 97 34 3 17 72 84 47 41 32 96 12
28 68 20 32 76 72 98 94 81 89 46 73 25 35 22 56 93 60 51 26 45 33 7 86 41 91 16 31 42 44 1 6 8 10 82 57 21 36 85 27 75 92 19 70 39 50 55 49 90 80 2 88 96 37 78 54 87 15 5 40 71 63 29 65 18 62 4 79 17 95 48 67 3 38 30 13 11 59 99 47 53 66 43 14 74 61 83 24 84 12 100 9 34 64 97 52 77 58 23 69
51 61 89 25 60 42 23 22 34 84 1 16 6 75 43 82 28 5 76 31 98 74 94 85 7 92 58 46 36 90 52 37 99 83 4 39 68 57 45 20 33 70 96 11 93 67 71 100 8 91 35 49 66 65 62 2 18 59 44 38 56 97 48 19 40 30 88 86 12 21 87 78 55 26 14 41 10 77 13 9 72 81 95 3 69 79 17 27 63 73 80 29 54 15 53 32 50 64 24 47
69 92 35 95 74 7 94 16 45 82 83 59 97 53 11 10 21 98 18 89 57 1 38 64 47 76 32 58 56 28 33 20 52 75 42 29 90 71 86 40 80 9 25 87 65 8 51 22 27 96 39 81 43 46 34 36 14 3 60 23 93 48 68 24 61 85 17 6 50 41 2 88 62 66 55 54 84 13 30 4 49 44 72 78 63 37 77 26 91 70 12 5 67 79 19 73 31 15 99 100
41 56 15 84 86 98 66 10 64 81 9 54 69 17 40 14 58 1 20 83 78 21 3 90 63 71 77 57 11 18 25 99 91 32 75 53 19 12 68 26 38 97 36 22 33 48 93 60 30 35 59 27 28 92 47 67 70 89 82 94 55 95 45 62 76 2 29 42 100 61 34 51 44 46 8 23 4 7 73 96 16 50 85 5 13 43 39 31 72 74 24 37 79 87 80 88 52 65 49 6
59 21 31 89 28 86 70 66 60 49 80 43 100 79 16 36 83 56 93 27 24 75 65 3 1 98 26 53 61 5 96 77 62 39 67 99 88 44 19 90 87 42 74 40 64 20 41 52 17 69 51 84 12 9 6 37 55 38 10 4 95 54 46 45 50 13 73 14 35 94 71 85 78 34 92 32 68 22 7 33 97 63 58 81 76 11 18 23 48 72 25 2 29 8 15 91 30 47 57 82
93 20 33 28 32 76 84 36 47 63 11 79 22 12 10 66 44 54 41 45 82 58 9 40 92 77 48 56 67 89 4 43 95 90 7 88 65 59 69 78 30 51 98 81 14 74 8 72 70 57 80 25 83 96 31 50 94 52 42 68 2 64 71 39 19 3 75 34 55 35 21 18 87 6 38 61 1 73 60 53 5 24 23 16 15 27 62 85 29 17 46 100 99 37 86 13 26 49 91 97
2 12 68 6 11 26 75 81 13 21 50 5 4 28 52 64 84 76 61 80 22 20 78 65 44 66 39 99 29 1 18 27 97 14 62 58 89 31 92 36 49 45 51 56 72 82 63 23 34 7 70 17 90 38 8 74 93 46 57 42 77 32 96 10 98 54 43 37 95 33 30 19 94 53 85 91 86 48 15 67 69 16 47 73 60 88 100 35 3 87 41 71 55 83 79 24 25 9 40 59
79 6 54 4 12 10 30 34 99 40 97 24 48 68 18 84 37 39 25 76 95 88 96 15 28 41 9 3 35 53 2 80 51 72 44 60 1 73 75 100 50 55 14 49 52 78 61 21 58 22 62 47 57 86 91 66 23 20 46 32 7 90 59 8 38 19 74 82 69 42 26 81 31 33 94 36 43 11 29 85 92 13 5 83 64 56 89 16 70 67 63 93 87 17 77 98 65 71 45 27
13 18 51 98 50 20 92 82 38 1 62 95 76 94 87 63 30 64 55 96 58 70 67 2 46 48 93 27 83 22 54 12 85 4 31 35 60 77 11 15 28 32 86 75 78 33 97 41 16 40 37 65 71 21 57 8 74 45 34 90 72 24 9 89 3 53 81 84 26 59 10 68 91 56 23 52 17 6 100 43 73 25 29 99 36 39 88 66 47 44 61 69 42 80 7 49 14 79 5 19
52 26 82 79 33 37 65 48 71 27 93 83 59 72 2 62 35 57 23 78 97 99 95 39 73 11 96 5 77 60 15 41 34 54 70 55 8 94 61 45 20 64 42 51 69 36 67 30 68 18 56 50 84 25 86 44 53 74 14 75 49 91 80 88 63 7 24 89 43 13 76 87 47 28 32 46 40 1 90 81 19 21 10 85 3 6 22 38 12 58 4 17 98 31 92 16 9 29 100 66
87 70 67 48 98 80 7 79 14 13 20 88 38 93 45 29 56 96 75 84 26 16 11 24 100 12 97 15 41 83 85 89 78 40 60 72 94 52 23 76 55 17 27 2 50 57 9 31 71 6 63 39 68 34 92 19 28 99 66 35 53 46 86 32 30 44 90 22 5 91 77 64 82 81 21 37 65 8 42 95 36 43 49 33 51 4 59 69 25 61 10 58 47 54 73 74 62 3 1 18
12 57 23 63 94 89 71 21 73 52 22 76 90 13 60 44 92 27 28 91 43 98 19 59 34 32 5 35 99 78 11 58 77 97 48 83 18 56 3 61 40 72 81 9 84 64 45 37 67 93 75 29 80 15 30 95 16 55 49 24 69 4 8 79 54 6 10 7 51 62 65 82 26 36 96 2 38 88 41 46 85 17 50 39 31 47 53 74 66 100 20 25 14 1 87 33 42 86 68 70
36 80 61 22 99 69 18 55 31 98 100 47 92 56 53 17 24 67 79 65 3 46 14 7 51 35 2 12 88 77 91 5 4 59 63 30 16 42 83 82 8 25 43 28 34 52 29 81 54 66 44 11 37 87 97 20 21 64 73 84 90 76 13 86 1 78 9 85 6 23 27 15 48 39 93 26 19 71 58 57 41 49 33 38 68 74 96 70 45 40 62 94 60 89 10 75 95 72 50 32
40 73 1 51 67 94 21 77 85 68 41 44 13 83 56 71 52 91 7 79 19 34 92 8 38 76 30 37 49 36 53 72 60 50 59 65 5 89 66 2 100 28 80 17 42 15 6 27 26 29 33 23 35 54 43 78 10 4 12 93 63 3 98 84 55 11 95 81 74 32 97 25 57 14 69 82 75 58 47 61 31 62 90 20 48 16 87 39 86 9 88 46 96 22 24 18 45 70 64 99
5 10 83 38 6 45 4 50 76 62 96 91 21 29 13 43 65 47 72 15 7 66 25 16 35 46 11 84 19 26 100 44 36 53 9 74 86 75 80 67 37 30 57 8 55 1 85 48 94 71 3 52 22 89 18 34 20 70 98 79 87 69 81 2 23 61 32 73 88 64 59 33 28 40 95 42 90 14 93 68 27 58 60 97 49 63 78 56 51 99 54 82 24 39 12 17 92 77 31 41
65 91 64 49 5 28 39 7 32 72 61 57 66 14 54 4 85 3 83 63 73 96 82 25 40 33 81 13 17 31 55 22 30 52 43 6 36 50 79 1 94 58 89 16 87 26 92 8 86 37 15 78 88 42 60 10 90 44 68 21 38 59 76 47 51 77 27 23 75 46 29 95 84 99 80 20 53 9 12 19 98 100 18 34 62 48 67 11 69 45 70 74 56 93 35 71 2 97 41 24
55 49 10 33 35 64 90 97 95 58 16 93 34 60 46 32 62 73 37 30 83 22 47 72 19 1 98 17 65 29 51 4 5 56 36 44 54 84 28 42 31 94 41 89 45 75 39 50 96 24 38 53 6 57 3 68 7 14 99 92 82 78 27 81 52 20 18 26 13 77 88 80 85 2 76 69 100 12 87 15 23 8 67 63 71 70 9 40 79 91 11 59 21 25 74 66 43 61 86 48
1 74 55 3 49 22 61 39 75 71 13 68 31 62 34 97 73 90 57 86 12 5 29 98 87 89 4 7 58 37 46 48 15 47 88 18 95 67 6 84 24 65 50 41 19 51 77 45 32 43 72 64 76 8 17 91 81 11 56 52 94 60 66 16 9 85 63 40 79 69 38 92 99 82 28 10 25 20 33 80 93 23 26 70 42 54 35 100 21 27 53 83 44 36 14 30 96 59 2 78
10 59 44 58 26 29 81 93 63 57 3 86 88 91 15 8 1 84 45 54 89 71 90 5 98 28 68 6 27 51 94 53 43 66 50 19 80 55 60 69 79 99 72 95 47 24 83 62 39 100 77 16 13 23 56 33 65 40 30 97 42 2 22 70 35 76 21 75 18 87 92 52 73 78 17 11 48 61 38 82 96 31 25 4 7 64 85 36 49 14 74 20 41 9 32 46 34 37 12 67
15 94 71 9 62 33 5 74 53 92 59 49 86 52 75 3 98 18 19 100 16 81 79 28 21 51 41 50 20 10 77 56 82 38 73 26 24 46 27 37 99 69 83 54 95 45 42 36 88 60 65 1 85 68 14 22 57 7 87 12 96 80 35 91 17 30 70 66 58 67 13 63 32 47 61 84 39 34 97 76 43 48 40 31 72 93 44 6 78 2 55 4 64 90 8 23 89 11 29 25
24 76 57 96 82 73 42 61 18 6 60 35 63 84 11 81 38 7 56 2 39 9 70 44 71 64 62 87 13 55 26 31 23 86 19 10 28 30 51 53 93 67 34 33 15 46 99 98 59 94 21 43 36 58 29 25 4 12 17 27 79 1 78 97 32 100 45 50 16 52 37 77 5 72 48 89 80 83 3 88 20 54 91 68 66 49 8 14 92 69 65 47 22 85 90 41 40 75 74 95
69 33 66 61 76 7 88 1 15 36 8 96 20 25 4 91 90 100 6 37 63 65 28 60 74 71 13 81 51 32 9 29 27 64 18 73 52 39 89 14 45 46 30 44 26 11 16 43 93 99 12 40 67 3 49 24 58 35 97 5 23 92 84 38 53 79 59 21 10 22 98 56 75 57 50 68 47 31 70 48 87 41 80 95 83 62 55 54 2 85 42 34 77 82 94 86 78 17 19 72
62 5 37 21 69 48 60 90 35 29 49 27 61 41 89 83 59 31 98 11 72 8 87 43 3 86 53 23 10 28 34 30 73 22 95 78 71 88 47 97 40 4 77 14 79 100 20 70 64 92 94 96 99 36 81 52 75 84 2 76 18 9 50 17 42 57 33 68 80 6 63 39 46 7 44 65 55 32 26 66 82 15 54 74 56 25 51 67 13 93 19 1 91 45 85 38 16 24 58 12
22 86 98 40 48 36 93 63 100 20 76 30 49 16 37 52 60 14 87 50 74 32 33 55 25 83 90 91 73 18 99 13 72 77 3 34 45 69 38 51 66 47 23 29 81 19 62 80 42 78 84 68 2 28 24 75 96 79 85 8 6 7 82 27 56 21 61 31 15 92 17 43 1 71 41 12 95 44 9 65 4 94 39 10 26 67 58 5 64 89 97 11 70 88 59 54 53 46 35 57
32 14 17 5 65 23 19 45 55 40 99 52 30 48 51 89 36 97 38 47 56 90 85 84 69 75 88 8 15 60 98 2 24 41 86 25 67 96 18 28 77 29 46 63 6 16 72 79 49 61 4 87 62 10 20 9 27 58 100 43 83 22 12 95 33 94 3 71 78 37 68 13 64 70 34 44 91 7 74 1 59 53 73 50 35 57 82 76 80 66 93 81 39 21 26 92 11 54 42 31
86 97 58 91 52 100 8 68 79 69 66 29 57 85 71 60 77 88 31 43 44 17 99 76 65 10 56 61 25 24 42 82 9 30 13 28 87 23 95 3 84 39 32 96 49 34 50 2 1 27 93 35 73 47 12 14 45 16 90 80 48 41 21 18 55 40 26 64 94 83 62 72 54 89 11 74 6 70 37 78 33 38 7 92 75 22 5 53 15 4 98 63 19 51 67 36 59 20 46 81
53 50 41 23 43 63 35 59 8 75 91 12 78 38 85 13 100 22 14 61 86 79 54 67 16 57 21 94 64 5 36 62 31 95 58 82 37 2 87 49 34 6 56 84 96 18 24 7 11 76 9 73 60 30 25 81 32 77 71 3 88 40 42 48 44 4 65 17 92 10 1 97 51 74 99 98 45 80 68 28 52 83 46 89 39 55 72 15 93 29 66 70 69 20 33 19 47 27 90 26
30 43 62 20 28 81 58 78 16 83 44 22 65 39 18 35 68 5 8 66 29 23 36 92 97 14 75 70 37 89 88 7 2 94 12 96 31 47 76 13 55 98 87 86 17 73 100 56 91 3 57 85 48 59 84 63 38 67 72 25 27 49 54 26 77 93 79 32 34 80 51 6 40 24 15 19 64 52 95 10 99 74 4 61 69 45 90 42 11 50 9 41 33 46 71 1 60 82 21 53
28 41 6 97 87 44 27 62 33 2 32 51 47 15 40 19 34 60 13 18 88 36 26 56 31 4 85 96 16 68 81 67 86 58 5 48 77 79 72 7 50 22 21 98 71 65 76 82 30 64 1 90 74 70 35 53 37 39 89 10 100 93 63 61 75 46 49 43 8 99 52 66 29 3 91 92 54 11 57 42 55 20 94 45 24 9 38 12 23 25 59 95 17 14 83 78 80 73 84 69
77 19 79 13 18 57 15 12 4 56 78 62 14 47 5 33 97 10 26 71 17 38 74 37 75 72 3 39 94 86 44 100 88 89 2 24 63 20 16 95 30 93 41 25 59 42 52 34 69 8 6 82 96 40 27 29 46 51 32 91 61 84 49 83 92 87 53 54 36 65 80 31 67 60 66 48 98 81 11 64 45 55 22 35 73 90 99 50 28 1 76 23 43 7 58 70 68 85 9 21
95 42 22 45 20 41 55 91 96 51 6 1 50 3 43 48 8 46 36 53 84 67 80 69 82 92 29 89 30 74 39 24 26 13 68 85 27 93 99 11 28 7 14 66 40 71 57 5 35 49 61 32 58 62 63 31 60 94 25 16 12 17 56 54 72 9 86 44 65 73 64 75 10 19 77 15 21 2 23 79 38 34 100 90 18 59 4 47 33 78 83 97 76 52 70 81 88 87 98 37
100 93 3 78 11 26 41 86 62 44 98 77 32 96 31 70 87 72 34 12 60 84 15 42 27 13 76 28 1 53 82 57 6 16 38 9 7 71 81 58 47 24 2 85 37 99 64 66 17 88 67 74 56 19 65 61 83 43 33 39 51 45 20 5 40 25 46 8 29 21 50 89 90 4 59 97 23 91 35 54 63 95 69 48 10 94 14 49 18 52 30 80 75 55 22 68 36 92 79 73
29 4 72 7 60 79 3 51 91 89 69 58 10 59 57 20 94 70 12 36 31 92 35 88 68 16 50 47 96 44 55 45 61 81 30 17 54 34 22 98 33 27 5 83 67 90 86 11 71 15 66 37 93 41 28 76 2 85 24 82 80 87 25 42 18 14 78 13 97 84 49 40 9 75 6 39 74 48 63 56 77 64 38 53 46 26 73 95 100 19 21 43 32 65 62 99 23 8 52 1
17 38 73 42 97 91 51 9 78 82 67 37 87 30 26 49 99 44 29 28 4 52 69 36 85 68 59 55 71 3 56 32 19 23 98 15 5 64 43 35 92 76 20 94 60 14 79 75 8 1 40 93 21 77 74 62 25 47 83 48 11 53 65 6 12 72 100 33 46 63 84 58 81 54 89 27 66 10 2 70 24 7 61 41 45 34 13 57 90 16 86 18 80 50 88 95 39 31 96 22
72 64 29 49 12 62 54 28 56 33 94 15 17 51 61 58 67 80 65 95 30 46 97 85 7 41 79 18 89 75 8 23 38 84 83 81 99 3 98 9 71 16 37 45 35 68 53 1 26 5 32 91 59 43 93 73 48 19 27 70 66 21 87 78 4 34 42 60 24 88 47 69 36 92 25 22 55 74 31 40 50 57 52 6 20 96 11 82 14 86 77 10 2 100 39 76 13 44 63 90
47 46 5 86 22 31 59 8 89 35 85 38 9 44 24 2 63 53 17 77 79 51 68 23 91 62 70 52 95 13 75 73 98 74 65 3 4 12 14 94 21 36 64 6 18 87 37 100 76 83 88 69 16 80 90 50 55 72 58 66 78 67 11 49 15 56 82 30 19 39 7 1 41 42 20 57 40 45 25 97 32 93 96 54 33 29 10 99 81 84 43 26 60 28 27 34 48 61 71 92
33 98 96 9 42 49 45 23 69 21 18 71 82 10 97 68 64 50 73 62 26 90 63 74 72 80 78 48 86 15 14 39 17 27 32 7 51 55 84 59 53 52 58 38 30 40 3 13 24 19 85 31 29 1 87 66 8 81 91 65 35 61 34 75 54 36 99 93 67 77 83 37 56 41 70 47 44 57 79 12 88 4 16 5 25 28 6 20 76 46 89 22 95 11 60 100 94 43 92 2
56 66 43 91 59 70 50 27 19 100 10 3 48 20 81 99 40 74 18 94 85 93 39 33 90 58 63 9 52 67 26 80 79 21 96 2 44 1 28 6 83 88 45 97 75 77 22 68 54 87 89 61 17 95 53 30 78 34 60 64 84 13 16 82 69 37 76 36 73 29 15 47 72 49 24 25 14 38 8 86 42 11 12 62 57 98 32 41 5 71 51 92 55 35 23 31 7 46 4 65
73 29 78 62 63 65 86 37 20 81 40 19 96 5 54 39 41 45 1 90 27 47 4 21 64 100 6 83 74 72 53 14 16 87 17 66 34 57 49 88 95 56 61 82 89 98 18 35 79 30 69 38 28 94 68 44 12 42 51 36 13 8 92 31 52 59 25 77 22 9 24 15 93 26 7 58 91 55 10 60 11 70 76 67 48 99 80 3 85 23 32 46 50 33 43 71 75 2 97 84
43 13 91 28 36 21 6 95 46 88 39 70 57 34 77 93 53 66 22 24 18 33 5 12 55 25 7 38 9 90 72 63 8 37 16 76 64 32 67 89 41 78 15 71 99 96 69 60 74 86 44 50 23 45 2 17 79 75 80 87 26 83 4 20 29 48 35 100 68 1 58 73 14 62 61 3 52 98 19 49 59 84 30 42 27 81 65 51 97 11 31 85 92 56 40 54 82 94 10 47
41 2 85 48 29 56 28 38 24 52 90 16 33 58 30 95 26 83 39 59 49 34 7 11 18 79 74 64 22 81 12 89 99 82 100 86 36 54 37 65 10 66 46 78 13 50 21 20 73 42 87 97 40 14 67 94 71 69 47 55 1 62 70 80 88 44 84 51 27 25 31 23 17 68 98 5 53 63 72 61 57 92 19 96 43 60 91 75 4 3 8 32 93 77 45 9 35 6 76 15
19 51 87 61 75 14 68 89 83 49 47 13 85 39 62 88 76 78 84 6 42 99 30 18 33 48 86 93 97 45 15 46 10 29 27 92 67 59 90 34 8 82 70 69 22 79 55 9 57 31 16 95 4 50 37 43 11 17 5 56 21 94 2 74 25 1 26 3 63 66 35 36 23 52 41 60 32 28 54 71 12 80 53 24 81 65 20 7 40 98 38 77 58 72 100 44 64 96 73 91
52 82 36 69 90 60 83 11 94 15 4 84 77 87 20 26 47 86 70 57 59 9 88 34 81 65 56 42 62 14 78 99 29 8 24 41 79 89 61 12 75 2 35 43 28 22 71 6 19 72 74 58 53 54 39 51 18 13 45 49 5 48 31 85 100 3 91 10 1 17 23 32 55 50 67 21 95 92 7 46 30 73 98 64 38 33 25 97 96 76 27 93 16 44 63 66 37 68 40 80
93 7 34 20 31 92 38 19 11 43 72 94 59 78 95 12 32 71 63 22 6 4 14 79 2 17 41 24 68 77 37 33 75 25 23 26 84 9 36 64 80 39 62 54 83 56 74 46 97 67 18 86 98 73 16 96 5 91 81 99 90 58 61 1 82 53 15 87 47 49 69 8 42 51 88 76 89 29 60 57 28 35 85 21 65 66 50 40 45 30 55 44 13 10 48 27 70 52 3 100
9 22 88 18 89 83 36 69 60 97 51 67 81 80 72 14 74 55 5 13 33 64 3 45 24 66 19 90 84 34 42 43 54 12 56 79 52 86 20 85 77 29 96 41 32 21 27 4 68 58 50 98 92 99 23 2 95 25 70 7 53 31 59 94 62 63 87 26 40 15 11 65 37 73 48 38 30 71 1 35 6 39 93 44 82 76 28 57 49 61 47 75 8 78 17 10 91 100 46 16
44 15 55 37 73 19 56 91 2 45 31 25 30 22 94 18 69 38 76 16 75 85 89 97 61 29 27 4 81 82 46 47 39 40 90 5 8 87 24 48 93 28 36 92 63 83 43 41 58 51 13 53 12 11 70 95 14 49 77 88 50 33 100 54 96 6 59 79 42 32 26 74 21 35 80 66 34 23 52 17 86 71 1 57 60 10 7 20 72 67 99 3 68 84 65 64 98 9 78 62
74 17 41 63 50 58 37 4 99 28 87 32 8 27 64 92 89 26 93 48 83 5 47 3 96 59 98 2 14 49 9 6 68 7 76 21 60 52 66 23 65 43 24 100 38 29 25 10 16 62 56 35 86 44 40 45 88 82 13 15 55 57 90 51 30 61 46 78 20 95 22 85 80 94 77 33 70 53 81 72 18 1 31 79 71 54 67 36 12 91 73 19 39 97 42 11 84 34 69 75
31 32 63 51 19 61 14 55 58 53 15 78 34 43 80 56 88 54 81 26 99 13 36 62 37 94 16 1 11 84 38 77 40 93 20 8 45 83 85 73 87 35 44 64 48 97 33 72 6 65 92 60 100 74 82 4 28 3 95 89 7 42 47 75 86 27 79 2 21 91 68 29 96 22 17 50 39 46 30 25 76 10 59 49 52 57 98 71 66 9 12 5 67 23 69 70 90 24 41 18
92 16 47 58 44 88 100 27 62 25 91 80 12 76 74 36 86 6 32 67 45 66 52 53 95 23 64 69 79 83 77 49 35 17 1 31 18 97 46 99 63 55 54 11 9 93 30 87 43 28 75 10 57 2 33 24 90 98 14 78 71 37 56 50 84 19 65 4 61 38 82 70 22 21 20 8 73 89 13 96 5 68 34 3 42 59 72 94 60 40 81 48 7 15 26 41 51 29 85 39
84 85 81 6 23 25 63 33 14 57 11 20 64 89 19 66 80 56 48 82 95 21 70 4 52 34 100 40 36 9 98 10 46 79 72 55 93 35 54 32 49 74 50 99 88 94 75 30 65 42 28 68 5 26 51 91 31 73 38 39 83 44 96 60 1 16 97 24 37 13 62 18 3 15 2 87 43 47 22 67 41 69 90 7 12 92 59 53 71 17 29 86 78 27 76 45 58 77 8 61
39 58 72 38 4 45 32 84 35 66 41 31 100 33 52 54 7 11 82 36 56 98 90 59 26 15 68 76 49 78 95 17 12 51 87 63 92 81 83 24 73 85 19 28 55 10 70 65 89 25 20 13 61 57 71 8 86 23 1 40 22 97 48 47 21 75 50 91 99 46 29 80 69 43 64 77 96 6 16 42 37 53 5 14 9 18 74 67 79 93 2 88 62 94 34 30 27 60 44 3
2 37 69 23 47 30 67 72 79 4 73 99 84 88 10 25 71 65 80 35 76 22 42 55 60 77 95 21 100 94 91 11 89 15 52 51 33 36 27 17 31 40 82 63 26 85 19 49 20 61 62 39 24 29 96 34 57 66 6 44 64 43 54 81 50 7 53 83 12 16 59 48 68 90 70 13 75 58 78 74 92 32 86 93 5 3 9 18 98 14 56 38 41 8 1 46 87 97 45 28
21 47 26 8 86 3 90 45 82 77 38 33 72 66 46 97 2 81 49 62 39 1 92 17 6 73 30 80 69 79 19 41 44 55 29 60 89 56 59 93 20 58 25 40 67 15 34 74 84 31 53 87 50 76 100 78 98 57 48 28 42 51 27 83 7 54 11 70 85 24 88 95 71 10 91 96 63 13 99 43 52 4 64 65 23 94 35 9 61 12 22 14 18 5 16 36 75 32 37 68
89 28 64 33 45 98 10 23 34 13 66 36 68 37 16 90 6 1 62 25 80 7 54 72 58 78 94 11 56 43 51 79 96 5 26 12 2 44 30 91 97 99 4 95 14 67 93 24 100 21 38 47 70 20 19 85 53 48 92 65 49 41 69 8 76 82 88 75 60 81 52 87 61 27 73 59 22 77 84 15 31 83 9 40 86 17 55 42 39 32 3 50 46 63 35 57 29 74 18 71
49 69 57 89 24 9 40 3 95 37 75 73 65 67 22 71 27 63 50 64 72 32 31 5 28 7 36 26 33 16 43 35 83 54 97 30 39 98 60 92 62 46 80 29 25 8 94 21 52 19 15 88 68 70 59 86 6 53 82 47 4 77 10 42 66 74 45 93 87 51 1 78 44 14 34 41 11 90 23 81 48 38 2 55 76 56 79 85 84 20 100 58 12 91 96 18 61 17 99 13
87 71 62 5 32 12 49 39 65 26 67 21 31 74 44 82 81 91 73 58 15 88 93 77 59 30 75 33 7 35 94 18 55 14 80 45 24 61 38 41 19 79 72 68 23 48 98 22 90 34 36 92 43 52 11 20 89 96 46 69 56 29 8 95 47 10 9 99 2 78 64 50 100 66 28 85 6 27 57 53 25 40 60 1 13 70 3 54 83 97 17 51 37 16 84 4 86 63 42 76
75 87 61 29 100 4 22 37 31 84 85 28 69 17 23 16 50 76 66 94 44 74 68 9 88 98 35 56 41 25 18 5 34 27 7 65 90 58 72 26 99 60 57 73 81 53 77 97 10 38 93 36 83 62 24 67 82 80 12 91 40 46 42 92 64 95 96 86 33 8 51 19 79 63 52 6 71 59 21 2 89 20 39 78 49 11 43 55 3 1 48 13 14 54 70 47 45 15 30 32
12 54 73 25 99 86 91 18 16 94 28 5 60 8 27 76 64 30 61 53 63 97 4 56 72 70 32 34 77 2 96 20 78 41 82 7 68 33 95 40 24 65 98 35 93 57 15 52 37 11 83 1 66 89 3 47 29 31 44 80 38 90 46 19 74 13 55 59 23 42 92 84 43 79 6 26 10 69 45 9 36 50 67 81 62 22 71 87 48 58 75 100 21 17 14 88 39 51 49 85
14 88 100 32 74 76 37 46 71 95 10 81 20 64 63 3 13 57 53 22 82 65 16 67 66 91 73 5 80 1 11 98 24 72 51 23 19 42 75 39 79 94 18 97 31 26 68 58 27 44 33 52 69 7 60 12 40 15 49 54 2 25 28 70 35 17 61 55 96 62 38 59 92 9 29 78 48 8 34 85 21 84 87 83 50 93 89 56 36 45 30 90 99 43 4 86 41 47 77 6
13 96 22 21 25 84 61 90 4 86 99 72 92 60 47 32 67 36 28 54 12 78 63 8 57 43 5 41 44 17 83 58 66 7 27 34 23 49 79 94 38 82 89 18 45 75 39 26 70 50 65 85 55 87 20 68 93 33 15 52 59 31 35 98 11 29 62 10 100 64 97 88 2 40 24 56 69 14 48 1 3 73 46 16 19 9 53 95 51 6 42 30 77 76 74 80 37 71 91 81
8 75 58 22 71 18 65 62 25 16 97 90 88 56 7 10 63 29 68 24 32 81 84 28 89 12 17 60 66 38 36 37 33 39 13 44 94 14 69 42 45 3 100 21 43 52 92 50 87 27 35 78 9 1 47 19 59 76 55 41 93 85 20 91 61 77 82 80 64 96 98 2 26 53 57 51 54 73 74 95 4 72 49 30 15 67 48 5 23 99 46 79 34 31 6 40 83 70 86 11
59 49 18 79 21 10 93 97 55 58 50 43 32 41 60 68 52 3 84 61 78 95 29 25 38 11 44 66 67 36 99 22 91 53 65 13 1 39 51 47 57 6 92 85 75 9 88 63 86 77 4 16 90 30 37 69 20 87 7 8 27 54 17 26 80 62 70 14 5 33 12 34 89 48 76 23 100 15 35 19 24 96 71 72 31 28 73 82 46 42 98 2 56 83 81 74 94 45 64 40
40 60 98 10 34 67 66 51 56 68 54 57 79 19 53 29 4 8 7 97 91 75 100 15 47 85 33 88 35 87 65 12 62 52 32 72 21 73 16 58 94 27 13 89 37 36 6 61 78 83 63 64 49 96 95 5 45 39 99 93 30 22 80 14 38 92 42 50 55 71 17 25 31 28 59 46 1 9 26 44 69 41 77 11 74 48 84 76 24 18 70 81 3 2 90 23 82 20 43 86
51 92 21 4 33 89 7 68 75 93 32 84 6 14 56 70 28 98 96 57 86 62 79 48 46 47 88 12 54 22 2 50 36 71 76 53 95 13 87 85 100 67 30 8 42 78 61 44 66 1 72 37 77 10 97 74 27 60 20 34 82 91 39 17 9 11 3 40 69 59 63 81 83 73 31 55 90 52 15 65 16 99 18 24 58 45 26 43 25 35 23 41 5 80 19 38 64 49 94 29
6 82 10 60 96 72 20 17 13 98 81 93 38 52 45 62 76 23 55 30 57 16 85 1 35 97 90 15 42 71 25 91 51 70 50 19 87 77 80 73 9 44 83 86 68 22 37 29 34 33 58 31 92 75 14 36 94 59 43 66 69 67 12 89 79 28 27 100 26 41 24 99 8 46 95 61 65 78 63 18 88 74 11 7 47 49 4 39 21 84 54 53 64 48 32 3 2 40 5 56
16 31 85 97 46 28 57 61 32 5 59 7 63 38 87 17 36 43 27 76 51 58 9 90 1 54 53 75 99 4 48 73 95 37 60 6 47 50 44 100 96 24 34 49 98 39 45 8 77 30 2 11 79 15 81 13 65 88 10 82 86 93 71 20 19 78 89 23 67 18 83 64 62 42 69 74 80 22 25 14 72 3 84 52 68 33 56 12 91 66 40 21 70 29 94 92 26 55 35 41
55 46 60 85 79 69 62 93 47 63 44 91 90 12 3 4 35 19 41 13 1 96 99 84 40 23 9 53 65 72 34 10 14 30 100 83 28 80 92 15 25 33 31 94 50 74 8 48 45 58 57 73 71 16 17 27 26 42 78 49 81 37 24 38 51 2 18 66 11 61 77 68 98 39 5 32 76 36 95 56 70 54 43 64 21 6 20 97 52 86 88 22 87 89 67 75 7 59 29 82
66 7 50 95 49 90 23 77 100 72 6 44 13 91 14 8 55 47 22 21 4 43 25 40 65 30 79 57 84 24 89 61 97 74 58 18 88 31 71 45 15 52 16 83 33 34 51 27 32 64 80 29 54 9 92 37 81 46 28 63 60 59 98 2 3 38 86 68 56 35 94 67 69 70 93 36 19 76 41 10 20 82 26 42 39 99 78 11 85 73 5 17 96 87 62 1 53 75 12 48
79 26 89 3 52 38 30 42 20 62 61 54 25 48 86 1 24 90 75 15 40 23 82 37 87 73 85 69 88 91 100 51 28 83 36 2 13 46 97 59 84 72 78 17 4 70 9 56 67 99 77 5 39 94 29 16 58 41 66 92 8 33 21 31 34 10 22 32 6 53 7 11 27 44 14 76 45 96 49 80 35 95 50 98 64 55 18 60 63 43 74 71 47 93 12 68 81 65 19 57
4 63 1 13 80 50 71 40 53 27 55 77 61 28 12 20 57 67 11 89 19 25 96 7 16 32 58 46 26 84 75 39 60 97 88 76 82 30 18 98 73 2 81 69 65 10 41 78 29 87 49 15 56 36 99 3 23 35 72 86 79 95 45 6 48 83 17 21 44 94 100 51 52 24 42 54 64 68 31 33 8 90 85 62 34 43 38 70 47 74 93 9 91 37 59 22 14 5 92 66
78 91 15 30 53 66 8 38 69 34 18 49 27 83 59 35 56 28 36 65 7 79 97 42 19 43 25 67 58 31 41 48 77 50 86 10 40 94 6 2 12 17 33 84 95 45 11 81 61 24 26 96 100 68 82 87 21 75 39 5 63 80 9 88 98 20 76 89 73 93 71 52 13 99 55 57 47 1 37 29 32 64 72 14 51 74 90 16 70 44 62 85 54 46 22 60 92 3 4 23
5 8 79 14 20 94 38 59 45 71 80 52 67 75 88 81 66 39 40 98 16 68 12 74 41 34 11 76 97 43 1 33 85 35 42 24 86 23 19 61 31 25 55 48 6 60 3 62 72 9 51 65 91 92 56 22 7 69 73 64 46 32 77 27 63 96 95 4 17 87 13 82 37 57 30 44 84 70 47 83 53 93 28 49 89 26 58 100 29 2 18 36 90 10 78 15 21 54 50 99
18 61 3 45 42 39 35 8 63 56 9 78 86 53 34 84 69 46 76 100 71 49 19 20 92 80 81 4 48 67 21 44 5 59 17 28 65 91 11 6 90 22 74 10 79 1 95 94 96 88 85 32 62 41 23 57 75 89 68 16 72 58 13 55 87 37 99 51 24 82 43 33 66 2 7 38 25 93 70 77 98 60 73 40 36 47 27 15 54 52 83 97 29 12 64 50 30 26 31 14
31 93 96 98 65 80 39 1 81 99 83 37 66 85 75 67 77 38 25 12 79 20 11 22 64 94 26 3 19 41 54 60 72 10 4 47 55 84 89 88 53 95 51 16 34 97 78 36 2 18 86 28 52 42 33 49 46 58 59 35 15 13 30 32 23 7 100 71 74 50 48 14 56 69 44 92 62 61 68 82 87 6 70 21 40 90 17 73 76 8 43 29 63 45 24 91 9 27 57 5
7 11 54 12 26 64 92 63 15 76 98 35 93 55 49 2 40 51 38 78 62 71 74 16 27 100 70 20 61 82 33 18 52 77 1 39 80 75 32 90 19 48 56 9 30 46 72 31 94 65 3 81 23 59 8 88 10 73 42 43 25 60 4 41 89 28 57 44 45 68 84 85 91 6 50 58 67 66 96 47 83 34 95 99 29 79 5 14 13 87 21 69 24 22 53 17 36 86 97 37
90 69 17 78 31 95 52 7 80 36 20 94 99 16 79 43 93 72 51 91 97 8 71 86 44 46 21 40 100 45 85 11 10 75 83 92 81 60 84 18 66 56 42 96 87 33 29 23 59 12 9 49 4 73 30 58 32 14 57 67 6 1 65 76 13 41 63 2 50 98 25 61 47 22 15 39 68 88 38 48 19 55 54 5 3 62 82 26 64 28 53 70 89 35 27 77 34 37 74 24
65 52 66 39 94 22 5 48 8 85 4 28 76 13 15 88 47 27 57 79 89 60 95 98 34 35 62 58 74 49 86 43 41 84 23 64 16 68 3 1 37 78 77 14 19 24 69 45 42 71 67 17 61 46 18 33 70 72 55 75 87 2 31 36 90 82 21 7 54 30 96 73 100 10 99 91 9 12 20 97 26 81 63 44 56 40 51 6 93 29 59 25 38 11 83 32 50 53 80 92
36 99 27 96 5 92 21 50 52 18 16 47 95 20 24 71 89 53 2 83 31 29 61 60 51 78 48 64 10 26 87 49 17 32 12 73 56 67 68 79 46 30 28 38 35 100 74 3 39 86 1 57 43 80 6 81 14 77 93 70 88 94 37 85 42 11 84 13 22 23 65 72 54 41 25 98 82 34 9 76 15 7 91 55 63 58 45 69 97 4 66 59 44 90 8 19 62 40 75 33
87 71 5 84 35 42 75 86 36 37 52 21 10 72 97 91 90 92 20 18 73 17 28 44 23 62 49 1 11 14 39 67 4 51 59 57 50 78 93 95 34 9 27 6 13 64 7 79 25 60 94 55 26 3 12 54 40 96 30 69 77 63 76 61 32 46 43 31 19 74 2 56 82 33 53 47 38 83 66 98 45 48 16 41 100 29 15 99 80 89 65 8 22 24 58 81 88 85 68 70
24 64 90 40 63 31 94 16 38 20 95 58 37 62 60 18 61 96 50 71 29 70 7 68 73 82 97 11 17 34 93 57 30 21 67 3 74 14 47 65 9 98 49 100 66 51 22 2 80 15 59 69 28 6 78 89 56 85 45 76 23 42 81 84 77 36 32 54 88 83 27 41 48 72 75 19 12 91 10 5 55 8 25 53 4 87 99 44 86 46 39 92 52 33 43 13 35 79 1 26
14 37 35 60 89 11 83 28 18 29 69 62 49 57 66 64 74 73 32 63 85 36 65 24 75 12 76 26 20 78 50 41 15 46 48 25 38 88 86 3 54 91 23 98 22 21 33 100 93 51 39 43 84 45 40 52 4 16 58 10 95 61 92 5 56 13 90 42 27 96 30 7 71 81 8 68 17 31 87 70 97 44 80 67 55 34 6 47 2 19 9 94 79 1 77 99 59 82 72 53
89 22 75 86 48 13 45 12 91 6 60 29 21 36 4 44 53 71 79 47 84 67 94 66 33 28 3 52 27 15 24 72 40 8 5 99 46 50 85 11 10 88 43 82 18 65 57 70 100 32 81 30 80 83 63 9 41 56 1 7 20 64 68 93 17 77 74 78 35 51 39 37 42 38 54 97 98 92 2 59 23 49 76 96 26 16 62 61 69 55 90 34 19 25 87 14 31 58 95 73
72 4 67 42 100 36 19 74 89 41 94 68 85 51 10 99 44 12 5 66 88 30 87 49 98 57 77 70 52 55 61 29 9 40 96 91 22 26 45 7 62 93 86 75 17 20 43 13 24 92 6 3 73 58 53 35 18 82 90 25 48 84 34 46 27 56 33 81 97 47 80 39 21 14 78 50 23 32 79 54 63 31 60 1 83 76 8 38 15 71 11 95 37 65 69 28 16 64 2 59
12 85 43 87 22 29 34 9 64 26 62 70 14 93 51 39 41 97 17 50 54 38 45 76 69 91 82 60 15 94 44 59 16 95 30 74 73 61 23 89 21 36 32 71 28 42 24 80 88 8 99 84 5 65 49 10 31 40 47 55 35 3 57 78 53 19 25 6 37 67 4 13 46 75 90 27 81 20 83 68 77 66 33 79 72 96 1 7 92 11 86 63 18 56 98 52 48 100 58 2
40 56 6 69 32 41 47 67 17 92 37 1 97 59 14 52 83 50 34 16 22 85 35 95 68 15 96 91 86 75 88 63 73 12 24 81 71 72 99 28 45 4 66 44 38 48 27 20 13 5 70 25 29 19 2 90 89 49 46 21 74 62 82 18 76 42 8 64 36 39 31 77 55 94 11 33 3 80 58 79 93 57 53 54 30 10 87 51 78 100 61 26 7 9 60 98 65 43 23 84
2 42 16 50 98 70 54 34 57 39 77 32 91 31 85 93 92 84 45 6 58 88 69 33 37 11 59 38 83 60 82 30 20 90 56 17 61 89 26 35 55 64 29 5 47 68 67 10 73 3 74 40 12 86 43 75 87 79 14 27 80 8 22 48 72 62 49 36 46 78 76 18 23 51 9 65 21 44 24 66 99 15 7 28 95 19 96 81 4 53 25 1 41 52 100 94 13 71 63 97
33 98 65 89 7 20 59 11 76 83 8 25 56 35 57 92 68 78 80 48 3 60 26 18 100 58 67 31 69 13 52 32 6 38 95 85 84 77 14 12 49 43 87 66 99 16 19 4 75 72 21 23 55 74 91 53 28 51 17 97 94 9 63 86 71 47 5 30 40 61 15 1 96 54 62 22 44 2 90 88 82 46 29 34 50 64 10 45 81 27 41 37 42 79 39 73 70 93 24 36
15 18 83 31 19 62 41 99 96 75 46 59 3 10 13 89 97 55 48 77 74 42 39 34 85 65 29 61 73 25 37 4 27 16 9 82 53 79 76 64 100 92 30 81 69 40 60 51 1 94 88 93 17 2 71 84 91 67 56 87 54 7 50 72 44 95 78 8 43 38 21 24 36 47 32 52 86 57 12 45 33 11 58 6 66 5 14 35 26 70 80 20 98 28 23 49 68 63 90 22
77 59 44 7 78 57 98 69 85 48 1 71 60 15 31 54 94 80 63 26 24 83 67 43 3 47 2 49 29 9 81 62 79 82 68 35 51 42 22 13 96 45 17 70 56 8 64 50 91 6 84 99 40 25 27 14 88 19 32 23 66 53 86 65 90 61 4 55 87 46 58 74 5 36 21 20 16 89 93 28 38 92 52 30 75 37 39 41 18 76 34 10 12 100 97 33 95 11 73 72
92 41 33 80 67 21 6 79 78 1 49 31 100 68 15 12 88 54 91 86 26 62 5 39 25 77 13 48 14 35 38 47 43 56 44 9 4 81 60 76 87 40 58 57 10 82 94 75 30 45 69 90 53 34 84 63 16 99 51 89 18 83 29 59 11 2 24 17 96 52 37 42 61 74 66 3 73 71 8 64 27 70 22 20 19 65 7 50 28 72 97 23 46 36 85 93 32 55 98 95
6 51 60 77 24 65 18 89 73 69 36 38 82 44 2 13 34 45 83 43 17 57 15 85 28 70 78 41 22 53 46 27 14 86 20 93 98 58 31 9 99 7 59 64 52 19 71 1 90 29 12 97 68 40 87 4 8 55 91 56 84 54 66 16 39 50 75 3 95 62 47 48 26 21 96 5 42 81 11 37 49 94 30 61 35 63 100 74 33 25 76 80 32 72 88 10 23 92 79 67
48 15 71 75 23 49 68 95 33 4 39 13 22 98 93 14 59 86 1 41 60 32 78 36 82 72 20 2 30 79 56 46 8 66 87 29 18 97 37 51 52 47 55 25 85 99 53 26 89 62 92 91 50 28 67 69 11 81 27 24 43 44 84 45 9 54 10 73 61 17 35 6 70 34 90 21 7 63 42 12 64 58 96 57 5 88 65 3 100 40 19 74 83 94 76 16 77 31 38 80
55 68 82 74 99 56 27 57 19 53 31 30 69 46 63 95 21 91 8 96 36 81 80 11 97 54 93 24 5 29 59 79 75 94 43 88 64 44 28 67 6 60 18 2 39 73 52 22 37 76 66 70 16 77 35 98 71 34 38 32 51 17 25 62 61 72 9 33 47 15 14 50 41 92 89 48 26 45 3 4 42 10 12 90 7 86 13 84 40 23 1 83 78 20 49 65 58 87 85 100
73 66 31 5 45 14 42 52 94 51 47 33 64 3 86 60 26 11 65 95 98 4 88 69 91 17 63 50 6 16 28 53 77 58 2 48 81 93 89 27 57 76 37 43 59 56 21 82 61 7 32 74 67 8 39 19 12 13 36 99 78 90 70 49 55 92 29 24 1 41 23 87 22 62 9 15 79 46 72 71 96 100 10 85 25 35 44 75 54 30 20 18 68 97 40 34 80 38 84 83
74 2 29 33 50 23 51 4 46 95 40 20 36 25 94 58 62 88 72 90 30 8 38 21 31 10 91 39 41 1 55 5 96 22 3 75 28 80 67 44 59 16 64 56 15 26 18 98 97 100 27 82 93 52 19 12 86 53 92 68 61 57 69 79 24 66 45 99 60 37 48 63 87 43 83 42 34 14 73 77 11 13 47 35 76 81 32 49 71 85 89 6 54 78 7 17 84 70 9 65
84 13 37 99 97 61 56 21 87 93 3 80 47 30 59 90 38 26 70 2 27 17 41 88 55 25 4 42 33 81 8 6 23 64 75 96 44 46 24 32 15 28 20 45 89 71 79 68 52 40 77 10 9 76 16 31 95 74 12 36 65 48 49 34 54 1 35 82 63 22 69 92 57 50 39 60 67 7 53 5 85 62 94 83 29 98 11 66 14 78 86 19 58 91 73 100 43 72 51 18
90 58 78 85 47 19 70 66 23 13 76 83 34 84 5 26 30 64 6 82 43 95 89 92 21 75 54 99 37 17 72 35 86 87 16 98 55 33 93 36 25 46 97 22 32 94 62 52 77 49 15 53 7 14 68 20 38 48 81 79 96 41 10 74 100 44 50 91 8 1 56 65 67 3 28 12 57 69 29 88 73 80 31 39 24 61 42 71 11 9 63 4 59 51 45 40 60 2 18 27
44 97 91 37 73 88 86 36 71 84 93 16 78 9 22 19 98 95 62 28 77 29 13 12 74 48 50 83 55 38 42 56 68 79 72 70 34 1 53 41 30 51 100 92 60 14 20 35 10 67 24 27 58 43 57 85 2 23 26 3 40 45 11 82 47 75 96 63 65 81 87 32 64 49 99 25 54 6 7 66 76 17 4 52 15 39 80 94 5 61 90 46 8 21 33 18 89 59 69 31
8 73 88 34 75 48 3 55 14 97 41 79 61 70 74 82 99 5 18 59 76 22 20 64 39 83 9 17 1 10 6 37 46 81 98 31 56 12 45 23 24 69 89 32 72 87 42 21 65 28 67 58 35 47 86 43 53 15 95 78 7 71 100 66 19 29 90 26 94 91 77 80 93 4 2 13 62 38 36 68 30 16 63 33 57 60 85 40 49 50 51 44 92 84 96 27 11 54 52 25
59 32 90 58 62 79 81 94 24 5 45 22 88 33 34 48 65 30 82 19 29 64 95 23 63 68 67 51 16 71 91 99 52 13 70 66 92 2 86 53 38 85 35 41 96 98 83 7 20 10 28 60 36 37 31 6 74 25 80 84 100 43 9 39 75 17 89 87 21 49 11 8 72 56 55 61 4 47 97 78 12 54 26 3 46 18 77 57 93 69 27 50 14 44 15 76 42 73 40 1
56 57 66 21 4 12 15 9 54 58 100 76 99 22 75 83 1 63 81 80 42 27 45 40 2 59 7 8 25 51 19 24 89 29 73 55 46 87 20 14 79 39 31 33 49 96 86 5 74 93 26 17 70 44 65 32 37 94 98 88 62 92 95 97 82 78 11 85 34 13 30 23 68 91 50 41 71 61 67 53 43 35 69 38 36 72 28 18 84 16 77 3 90 48 6 64 52 60 10 47
49 28 34 39 44 58 88 18 8 21 78 19 95 89 56 25 32 29 98 37 36 51 14 55 7 97 74 80 81 83 86 17 54 31 26 5 16 20 71 40 75 35 67 13 64 79 77 66 84 48 50 93 24 11 96 2 6 63 82 94 12 46 30 52 69 53 70 60 42 10 85 61 38 68 62 87 90 3 33 59 99 23 1 72 73 4 22 27 45 65 57 47 76 43 92 41 9 15 100 91
39 86 69 28 68 60 89 37 95 94 96 99 66 76 87 62 71 83 56 31 33 16 2 65 18 7 24 35 49 77 54 61 98 25 63 80 22 67 3 34 20 42 27 51 84 9 88 58 92 43 38 30 59 23 93 45 57 44 85 12 4 21 8 72 52 74 55 79 100 32 10 97 14 15 5 26 11 53 19 70 41 6 50 81 47 75 91 1 48 29 73 82 13 64 90 46 78 17 36 40
9 21 28 30 36 10 14 62 11 2 61 67 93 37 44 76 6 22 12 25 18 96 33 5 60 29 70 59 64 42 4 82 55 47 19 41 73 35 17 78 97 79 81 87 48 53 68 46 34 72 20 74 86 26 100 56 43 38 24 54 13 49 16 1 7 57 99 83 75 80 39 15 94 27 88 85 40 77 90 58 63 66 23 65 89 92 50 45 52 3 31 51 95 8 84 91 98 32 71 69
10 14 17 95 41 89 58 46 55 44 49 73 30 60 19 33 37 76 23 54 80 7 39 97 61 79 62 21 13 3 53 2 28 90 18 8 77 31 32 20 65 66 4 99 83 85 15 34 43 25 36 86 57 50 11 68 78 45 5 40 56 51 29 94 1 27 22 59 64 6 82 69 81 52 92 84 9 74 100 98 93 63 42 70 71 35 48 38 96 72 91 88 75 16 67 24 87 26 47 12
86 80 68 11 76 84 100 10 52 35 94 36 44 96 64 56 87 19 49 58 3 28 57 45 81 16 61 33 62 74 51 13 12 14 90 21 50 32 98 91 48 70 77 34 88 67 30 24 72 69 59 82 99 53 60 5 83 17 31 41 22 15 20 7 79 38 73 6 26 85 1 75 43 89 4 8 66 42 9 97 37 39 95 93 40 54 25 23 92 27 2 65 29 55 63 78 18 47 46 71
53 12 100 38 18 76 28 81 63 43 46 3 84 29 37 32 7 1 87 45 98 15 67 4 40 85 49 54 56 2 78 89 88 55 39 79 65 91 30 97 94 10 80 72 86 57 75 33 58 19 44 52 74 35 51 62 5 22 34 48 21 25 47 36 92 16 95 77 68 42 50 31 17 26 64 82 96 66 73 24 27 71 11 99 13 90 83 6 70 8 9 93 69 23 14 60 61 20 59 41
30 47 65 98 25 95 55 63 91 16 51 12 17 34 49 67 28 70 29 1 89 46 35 48 66 41 26 13 92 32 39 45 31 23 62 58 80 64 68 69 8 97 56 11 71 83 99 72 76 9 86 27 22 81 74 36 84 7 37 15 53 78 87 93 4 3 61 43 2 33 18 19 44 59 75 96 6 52 79 85 82 40 100 73 38 57 88 20 60 14 24 5 77 54 10 50 90 94 42 21
1 6 89 51 38 44 36 16 2 68 13 72 90 43 53 30 58 100 37 24 74 79 9 28 59 66 3 98 7 87 93 23 5 17 14 15 33 55 46 49 83 99 70 80 29 18 85 42 64 61 94 11 69 95 62 67 82 57 20 91 65 97 96 60 50 63 88 92 77 73 4 52 78 35 8 10 48 27 84 54 26 21 19 45 56 25 12 81 86 32 47 75 22 39 71 31 40 34 41 76
75 19 62 25 28 18 60 8 47 99 73 5 33 35 20 70 2 74 31 84 1 78 30 39 96 4 82 93 95 44 43 77 72 54 56 26 24 13 38 92 50 32 90 52 40 41 89 65 67 37 9 23 83 57 59 86 79 98 6 42 71 85 22 46 66 94 81 14 11 16 49 58 80 7 34 55 68 91 3 36 88 69 87 64 21 27 17 61 29 12 10 100 63 15 53 97 51 45 76 48
51 60 50 82 87 73 10 78 15 45 62 88 56 67 79 66 100 57 26 64 95 75 84 3 24 98 81 5 68 86 94 58 2 16 38 85 74 96 23 99 71 36 72 93 9 25 92 61 70 34 83 37 54 20 46 47 55 43 13 44 35 76 28 80 42 6 17 18 12 53 27 59 49 19 14 52 89 30 22 48 77 1 40 7 41 29 69 31 21 4 97 90 33 63 65 32 91 8 39 11
13 94 85 79 71 67 50 86 60 57 22 51 6 93 3 8 27 66 14 53 17 20 61 98 89 1 100 88 9 36 96 91 82 15 44 95 45 75 69 81 58 77 33 19 55 52 97 41 35 78 56 68 21 38 25 29 90 76 87 47 11 24 63 74 28 84 54 10 80 59 64 73 92 40 7 2 30 23 48 49 18 32 46 16 62 31 39 42 83 70 12 43 34 5 26 4 37 65 99 72
32 98 35 18 86 4 84 19 25 100 1 81 20 27 72 39 8 31 73 36 88 43 87 90 57 92 97 66 94 5 26 12 83 48 52 17 60 68 99 24 80 55 49 21 64 56 61 30 23 42 58 6 71 70 28 34 96 91 44 38 7 29 77 82 63 93 62 40 67 50 65 47 9 78 53 69 10 15 41 79 45 14 2 11 33 37 74 75 76 46 54 13 16 89 22 95 59 51 3 85
38 87 44 22 21 45 40 67 53 86 3 15 96 14 16 10 23 41 55 61 73 97 94 1 58 33 6 34 37 46 18 7 35 5 75 91 27 56 85 84 11 74 42 9 39 50 25 63 79 66 57 88 90 89 65 17 29 60 2 28 49 77 4 47 80 83 26 82 20 24 52 99 8 48 95 51 69 13 93 64 32 70 71 92 12 98 43 54 72 76 100 30 62 31 59 81 36 68 78 19
16 50 5 23 96 30 32 90 38 63 4 24 81 72 45 49 60 6 13 67 27 58 65 77 26 91 2 56 54 68 95 20 33 42 31 75 19 83 87 48 41 43 82 40 14 73 34 8 17 100 3 28 88 99 35 51 70 47 97 80 94 18 71 61 89 10 53 93 84 69 12 85 1 9 57 22 46 11 66 37 25 92 98 78 86 64 55 7 79 52 59 29 21 76 39 15 62 74 44 36
21 96 23 10 26 22 3 4 83 98 95 86 49 41 89 1 80 65 19 82 79 6 100 84 71 75 13 87 51 37 9 14 38 59 72 74 40 73 61 17 92 93 78 54 50 16 70 45 57 7 18 81 66 29 31 25 60 20 33 52 46 69 68 42 15 30 97 36 55 64 76 67 32 28 94 91 43 90 12 47 48 77 34 63 27 11 5 99 85 53 39 58 2 88 62 44 35 24 8 56
17 5 67 97 12 42 59 23 81 29 39 73 86 62 88 68 50 8 41 35 24 21 99 69 47 76 90 53 71 22 11 31 61 58 95 82 2 36 49 26 77 33 34 28 63 93 98 9 32 96 72 92 6 54 51 94 16 66 15 56 87 40 57 55 64 14 18 30 10 25 80 84 3 46 44 89 100 83 1 45 38 60 43 48 4 65 79 85 91 20 78 74 52 7 19 75 70 27 37 13
66 38 57 32 52 25 42 68 100 40 87 90 85 79 7 3 55 36 17 30 72 65 69 49 95 51 29 81 26 94 24 4 19 77 2 35 53 86 6 27 63 58 92 18 78 15 16 97 45 11 13 61 48 62 91 73 74 12 43 67 60 31 46 8 93 9 76 64 33 84 37 70 75 82 21 54 47 28 10 14 83 34 5 22 20 39 71 44 89 23 41 59 56 80 1 88 50 96 98 99
79 13 43 45 94 90 27 93 36 77 15 11 31 3 47 17 56 40 28 22 85 92 7 62 34 14 59 23 80 18 12 50 60 32 4 86 54 39 44 69 33 67 19 78 83 20 63 49 68 29 99 55 72 6 58 16 37 52 100 75 61 87 2 89 38 48 42 70 5 95 71 88 10 66 96 65 74 8 24 76 97 81 84 21 82 51 26 35 25 91 53 1 64 46 98 57 41 9 30 73
7 88 96 20 34 28 51 74 58 33 8 54 12 56 46 92 73 10 82 16 62 25 47 66 52 65 4 90 79 1 14 80 24 41 60 19 38 98 95 23 40 68 32 75 17 42 93 44 86 50 39 84 2 37 27 13 43 72 48 55 5 67 81 97 91 85 63 22 99 71 21 78 89 6 61 3 77 36 57 35 15 100 9 53 31 70 45 26 64 18 76 11 87 29 83 94 30 49 69 59
62 76 58 8 82 37 100 61 32 28 54 43 67 36 71 93 35 47 53 6 40 68 26 22 88 13 48 94 73 89 15 59 97 75 50 31 87 52 19 42 95 4 57 16 72 64 55 11 27 33 85 41 77 74 39 78 25 80 83 3 81 91 92 49 21 20 79 86 29 60 2 34 51 90 30 66 98 9 7 1 70 24 18 44 63 56 10 69 12 84 65 14 38 23 17 99 96 46 45 5
5 54 37 14 22 72 98 1 20 62 47 33 92 31 18 52 65 67 96 11 49 71 13 23 38 7 91 15 77 16 56 100 44 95 3 93 89 69 84 35 90 30 45 51 43 68 76 4 6 94 41 97 60 21 70 66 12 87 50 27 64 9 61 85 48 59 74 34 17 88 25 29 79 63 32 78 39 73 83 81 55 8 86 10 58 28 53 80 46 99 40 36 24 82 42 19 26 75 57 2
43 17 41 62 29 9 14 59 13 88 67 76 10 47 12 63 92 90 93 31 15 84 74 36 85 97 21 6 69 55 52 26 39 71 80 45 86 30 81 20 53 98 2 56 99 82 37 87 94 77 89 38 7 23 49 8 91 33 60 65 78 44 48 24 35 28 57 75 51 18 68 72 66 70 54 42 25 34 95 19 50 46 64 40 3 79 1 73 4 100 11 32 96 83 27 22 16 5 58 61
65 85 20 12 11 64 34 33 75 25 98 88 87 5 80 35 63 56 68 94 54 36 71 60 72 86 76 24 52 2 41 22 78 82 17 99 1 57 97 44 26 91 43 95 84 29 50 6 19 47 62 69 96 46 14 37 83 74 77 90 15 93 21 10 18 79 4 89 92 8 31 39 28 53 73 59 32 58 45 40 23 49 70 55 9 66 7 48 51 42 61 38 67 27 81 30 13 3 100 16
47 29 55 4 90 50 94 48 56 66 72 93 38 44 43 91 97 3 61 37 71 13 88 25 41 62 86 12 96 67 33 10 85 30 9 98 79 60 76 78 65 64 83 68 59 22 8 36 39 27 2 40 16 15 100 52 26 31 28 70 51 7 84 32 74 1 46 81 45 63 54 95 99 75 24 20 19 92 87 18 49 57 77 42 23 6 89 14 80 11 34 69 5 17 35 73 58 53 21 82
22 74 33 70 73 39 75 21 34 72 55 59 32 19 52 81 94 28 91 95 57 1 11 64 90 85 77 47 61 42 89 82 17 13 24 53 88 49 43 40 20 44 41 38 56 99 6 48 87 92 37 31 98 30 60 10 46 3 7 35 25 45 78 18 84 100 86 54 65 26 96 14 36 4 15 27 76 12 58 29 8 93 67 50 68 16 62 51 63 69 66 9 79 2 80 71 23 97 5 83
100 52 54 61 33 66 89 7 64 82 76 20 37 53 4 2 36 18 65 45 26 5 63 21 27 17 56 49 29 35 77 48 95 40 43 30 84 71 92 67 93 38 23 70 85 46 41 79 78 31 75 57 69 59 19 81 88 13 99 97 50 51 12 16 34 74 3 73 1 9 58 68 22 60 25 6 14 32 72 83 42 96 28 98 10 62 90 55 39 87 80 94 44 91 8 11 47 86 24 15
36 4 18 40 7 38 58 91 17 85 11 5 8 57 10 99 81 14 84 62 12 74 28 37 64 83 20 31 86 72 34 32 29 70 16 88 67 9 80 13 46 92 50 98 68 24 39 56 66 21 61 3 35 45 43 95 78 59 71 23 6 94 69 76 53 75 65 42 100 82 63 25 2 44 93 77 22 48 96 26 33 90 54 79 60 55 15 87 47 19 30 41 89 51 49 1 27 52 73 97
73 59 83 3 60 86 56 50 80 49 40 19 76 51 24 29 90 43 1 28 22 23 85 15 46 58 25 42 36 13 44 30 26 93 68 39 4 94 75 97 57 45 16 64 32 18 100 81 96 8 6 70 67 11 66 35 20 84 78 10 72 37 82 65 87 7 27 33 54 79 92 2 62 99 91 21 17 31 63 9 89 41 38 5 52 48 98 74 69 71 88 53 47 55 12 77 34 61 95 14
19 16 75 87 6 26 28 84 45 71 36 51 65 88 95 64 13 46 76 32 58 49 5 68 82 94 27 39 48 4 21 37 62 72 59 73 90 3 54 14 97 9 74 57 52 78 24 29 42 86 33 47 93 67 11 44 53 41 70 40 23 18 50 79 98 96 100 7 15 30 22 1 56 2 17 12 81 55 20 25 85 31 91 35 69 10 99 60 61 89 38 8 80 43 34 92 83 77 63 66
18 97 87 86 59 92 45 22 69 26 77 3 100 78 27 36 88 81 57 66 75 70 19 43 44 41 53 9 17 28 83 35 99 10 20 12 8 54 51 90 49 48 96 13 30 60 72 94 16 76 63 1 58 2 67 91 31 89 82 5 95 40 34 50 23 93 32 55 37 68 84 64 29 71 6 46 38 98 15 74 21 11 4 24 42 61 14 47 33 85 62 25 39 56 7 52 80 73 79 65
52 10 79 6 65 63 41 99 82 76 28 70 68 59 66 4 61 44 36 58 19 91 92 8 37 35 85 18 22 32 48 27 30 38 94 81 21 84 11 12 34 29 5 89 96 26 9 62 98 15 1 49 24 47 16 54 57 40 25 7 42 3 80 86 72 46 75 2 56 77 43 74 67 69 31 39 23 78 60 33 87 50 73 14 64 88 100 53 13 55 83 71 17 93 97 45 95 20 51 90
78 56 31 9 53 83 19 77 79 34 44 68 4 10 51 97 76 23 72 26 45 33 12 16 3 46 96 2 66 75 85 13 41 50 73 55 39 88 37 36 24 95 28 63 89 40 22 7 29 1 87 99 74 65 84 27 98 67 20 69 8 71 86 14 17 25 43 100 6 35 38 81 90 57 59 32 80 93 54 82 5 58 61 62 18 47 42 11 15 30 21 70 60 52 48 49 94 64 91 92
72 42 27 75 63 20 5 39 73 41 83 84 25 98 62 16 21 60 40 79 97 52 29 86 69 70 78 35 19 87 99 14 4 8 82 3 47 23 18 51 30 56 44 81 49 65 61 80 54 71 53 85 92 9 90 58 28 7 66 94 77 43 31 95 32 2 33 17 74 12 88 11 46 22 76 13 1 10 68 96 57 55 59 67 34 26 6 15 36 45 48 37 91 64 24 38 89 93 50 100
74 64 82 84 18 81 4 79 62 92 9 12 3 85 57 58 52 98 39 61 31 34 20 24 7 11 88 51 41 10 37 89 91 22 36 96 83 26 47 76 75 6 86 45 69 14 67 35 49 54 80 32 17 73 53 90 38 23 50 99 30 33 66 59 77 94 21 44 43 93 97 60 78 72 48 56 95 70 42 15 28 25 16 1 65 19 8 5 2 40 46 63 55 87 100 13 68 29 71 27
31 22 53 74 46 80 8 52 35 18 50 94 9 55 97 20 77 100 79 90 84 67 54 92 91 57 58 33 89 49 38 23 36 56 30 48 68 61 27 32 47 76 66 29 10 83 69 82 75 62 88 78 71 43 96 24 2 14 59 34 26 63 65 19 51 17 87 3 16 99 15 13 98 39 41 60 45 1 11 86 64 7 72 4 73 5 44 12 81 6 25 95 93 21 85 28 42 37 40 70
55 73 16 13 98 56 6 57 65 39 32 22 91 46 26 82 68 40 66 63 7 30 36 12 74 10 64 37 67 51 50 60 34 84 100 29 61 69 14 95 9 52 54 2 25 19 27 43 93 45 35 87 79 86 8 88 21 77 42 24 1 4 76 5 33 92 49 71 47 94 62 18 70 89 11 15 75 59 78 28 96 44 90 41 72 58 83 3 97 17 81 48 99 20 23 80 31 38 85 53
33 66 6 18 35 100 52 69 57 36 91 79 63 87 45 19 38 90 83 77 30 85 89 95 68 72 11 17 74 41 88 61 50 53 97 64 13 1 22 43 71 40 51 8 48 75 29 70 59 65 81 15 54 3 47 96 5 55 34 12 80 60 25 62 27 78 82 21 73 98 24 56 93 92 42 58 44 76 2 46 31 94 49 20 39 9 84 67 26 86 99 23 37 14 4 16 7 32 10 28
92 41 15 29 4 57 39 40 33 75 31 32 21 8 54 71 1 97 45 48 60 9 80 79 6 82 94 28 55 5 36 46 27 12 18 51 37 35 83 81 38 65 25 43 26 70 95 23 73 3 74 10 90 76 30 61 59 99 89 16 63 17 42 78 88 62 91 50 44 87 7 24 72 19 66 68 52 2 34 56 53 64 47 11 14 96 13 49 100 58 20 22 98 77 69 93 86 85 84 67
38 68 21 42 45 65 81 11 89 6 85 91 14 74 37 12 59 39 2 80 43 47 96 9 73 16 5 70 1 83 61 63 40 46 23 58 99 72 26 53 94 7 24 77 22 90 50 3 88 44 4 13 52 87 71 57 48 51 10 36 93 76 54 34 25 27 18 8 35 60 100 82 31 62 78 98 64 20 30 95 56 15 33 49 55 67 69 41 66 28 17 92 19 97 32 86 84 79 29 75
69 58 61 31 5 12 54 28 85 20 81 67 57 52 30 44 53 91 62 96 63 38 93 7 75 47 17 55 6 74 18 45 16 94 51 78 95 39 36 15 59 88 100 92 71 87 42 98 80 32 21 50 83 1 37 49 8 73 48 66 2 25 10 84 3 34 24 99 46 23 35 33 64 79 29 82 41 68 26 4 19 13 76 89 9 40 65 56 60 14 43 86 70 90 77 27 11 72 97 22
51 46 10 96 67 36 62 17 76 83 69 16 97 68 89 18 86 1 23 19 99 4 79 44 100 71 93 5 58 90 75 56 6 35 98 28 82 31 42 34 37 94 13 48 15 25 21 60 2 30 12 91 55 50 20 9 27 88 87 63 43 59 49 45 39 3 84 32 85 29 26 65 14 74 52 47 53 22 8 61 11 95 80 73 7 81 72 70 24 66 40 77 41 54 64 33 78 92 38 57
12 61 1 23 79 21 50 97 18 15 52 13 77 16 11 95 26 64 25 2 76 27 3 85 98 100 19 46 14 86 82 17 9 39 5 63 71 30 72 89 54 47 58 32 37 41 20 75 69 6 93 73 59 96 68 33 56 34 28 4 74 90 45 38 44 53 35 24 40 67 51 66 91 42 83 36 65 88 70 60 92 48 31 57 62 87 22 84 49 78 55 81 7 8 99 10 43 94 80 29
30 43 26 7 100 94 88 51 4 56 16 99 82 76 46 13 44 72 8 25 32 93 15 67 97 59 68 54 92 3 87 29 75 64 86 47 52 55 66 41 11 69 19 71 60 1 12 74 24 28 70 34 36 80 62 53 90 49 77 21 40 78 17 81 96 63 5 31 79 65 23 37 61 10 85 48 91 57 38 42 73 83 39 6 35 33 58 27 89 50 22 20 18 84 14 98 45 9 2 95
24 51 64 37 75 29 55 82 99 13 10 57 27 28 20 26 62 41 48 54 59 7 90 11 19 1 33 80 5 9 98 2 66 52 70 60 31 32 69 92 25 22 46 97 35 79 30 78 71 18 49 43 86 14 17 89 81 58 15 87 100 95 39 88 56 38 61 91 50 74 34 36 23 94 67 8 84 45 53 65 72 4 12 85 40 76 3 16 96 44 93 83 42 63 73 68 21 47 77 6
89 99 29 8 76 69 68 36 96 28 37 35 64 80 18 33 67 73 87 91 82 92 4 2 39 15 7 52 16 45 46 62 51 79 14 70 94 9 54 74 84 72 17 85 34 100 19 31 25 49 27 95 13 26 63 75 93 60 24 78 38 32 59 41 30 56 55 66 42 71 83 77 5 40 20 57 21 44 97 43 98 90 58 48 81 3 11 50 23 61 1 10 12 22 88 65 53 6 47 86
41 75 3 48 74 28 60 12 94 1 6 83 13 89 64 30 32 53 80 59 39 49 38 76 31 68 73 61 27 29 81 50 20 23 67 9 63 52 16 99 100 51 37 44 66 97 79 58 91 40 65 90 62 42 57 22 4 56 85 8 84 21 11 54 55 95 15 26 36 33 18 92 96 78 69 19 70 7 25 2 35 10 77 34 47 93 87 71 45 98 5 82 46 72 43 14 88 17 86 24
10 31 72 89 90 49 40 95 19 51 59 77 79 75 85 88 93 76 18 43 83 28 78 42 23 30 32 57 7 38 1 67 15 37 87 44 98 20 81 24 99 17 29 6 33 94 55 21 61 12 84 5 53 8 46 74 11 82 56 64 54 2 35 26 69 4 73 60 22 66 47 41 52 36 14 92 63 96 13 80 16 91 71 45 100 86 27 39 25 65 3 97 50 9 58 70 48 34 68 62
95 70 69 62 32 31 92 55 78 37 93 38 50 58 74 60 47 19 28 53 91 5 14 34 35 64 44 13 56 15 25 73 83 87 42 57 51 49 30 94 66 16 98 82 88 45 52 33 1 67 89 29 99 81 6 4 18 85 36 76 20 8 24 39 100 41 46 80 23 63 71 7 68 26 77 11 3 9 21 17 86 72 10 61 75 22 96 48 12 97 27 2 43 79 40 54 65 59 90 84
53 2 36 91 42 60 15 34 11 97 90 80 30 38 71 43 41 74 27 50 18 1 31 88 21 4 79 59 83 77 100 12 82 81 29 6 19 64 23 48 62 10 14 86 28 8 25 22 58 99 92 65 73 35 93 98 32 94 5 68 55 49 13 70 61 72 78 85 96 69 54 40 57 56 52 33 7 46 47 44 24 84 9 39 95 17 20 66 63 67 51 26 89 16 76 3 87 45 75 37
2 93 6 11 24 91 30 3 38 45 64 27 47 15 19 84 74 12 55 41 4 71 42 20 18 79 75 99 65 53 78 77 73 14 13 5 90 68 61 82 52 35 50 66 86 67 43 10 37 60 69 98 22 58 81 85 87 39 72 89 88 83 28 92 48 16 62 63 94 9 29 51 26 49 54 25 97 23 33 57 36 17 7 95 76 59 80 40 46 1 56 21 8 44 70 34 32 100 96 31
87 14 15 5 71 98 37 45 16 27 97 58 22 20 33 62 30 84 56 57 40 99 25 72 55 77 63 83 94 34 51 44 60 66 19 21 54 86 79 7 10 46 64 93 42 85 92 13 76 88 18 96 61 75 2 9 6 81 31 39 59 53 48 91 28 82 8 4 95 73 69 32 43 90 70 26 12 80 35 67 50 68 11 65 41 49 38 24 52 3 89 17 47 36 78 100 29 74 23 1
5 80 27 82 99 23 91 18 46 62 60 24 69 64 52 83 71 31 38 1 16 74 41 33 40 34 39 67 9 44 94 53 55 21 96 72 89 93 90 49 15 28 59 11 95 98 57 20 65 10 61 58 56 7 25 3 84 75 37 79 4 77 100 48 29 66 45 87 88 42 13 14 17 68 30 50 73 8 36 12 6 43 22 78 26 63 51 97 86 2 70 85 76 35 92 47 81 54 19 32
6 47 60 69 97 90 67 38 25 100 51 30 78 12 81 89 84 88 14 24 86 91 16 56 42 54 48 21 15 26 77 98 2 27 50 13 7 75 11 64 19 55 62 22 87 39 68 61 10 58 32 35 49 53 74 31 71 70 44 41 66 46 37 1 82 57 59 79 8 95 17 63 94 43 80 96 33 28 29 9 18 20 5 99 83 4 85 36 92 93 73 34 3 65 45 76 52 40 72 23
13 37 100 99 47 70 35 48 2 77 52 95 56 22 49 8 7 57 12 36 78 51 61 65 60 92 90 88 44 91 55 72 10 83 9 25 67 73 89 59 21 97 20 17 19 71 94 30 23 69 62 64 68 40 87 84 75 53 93 43 96 42 98 66 86 6 54 18 58 24 1 50 41 3 15 85 74 81 16 45 4 38 29 63 82 34 28 76 11 27 31 79 5 39 33 32 14 26 46 80
4 15 47 85 31 62 10 89 63 84 9 36 72 48 44 35 28 11 22 67 77 68 97 40 1 25 30 81 54 82 65 43 79 55 26 76 74 59 60 37 6 42 87 34 75 52 88 24 27 5 41 53 57 38 86 19 45 17 95 32 83 92 70 51 7 29 96 78 21 39 94 56 49 73 98 61 16 90 99 58 20 23 100 93 13 18 91 14 3 8 66 80 69 46 71 50 64 2 12 33
66 12 54 60 41 76 70 93 17 43 38 31 20 13 72 39 98 27 19 64 3 78 33 53 65 48 36 75 88 71 4 7 28 47 62 8 45 56 67 91 73 74 97 96 79 50 63 34 100 57 6 16 21 10 40 49 94 80 90 84 69 24 46 52 11 44 86 89 2 30 22 95 9 35 23 5 82 42 81 29 37 14 85 92 58 99 32 1 83 25 61 51 55 15 87 77 18 68 59 26
28 26 82 45 19 89 36 72 81 66 54 1 67 83 53 90 87 22 98 15 62 58 52 18 51 14 59 91 71 17 9 39 88 5 12 34 73 57 31 47 8 3 4 33 55 96 97 48 94 38 85 95 70 20 29 35 65 16 30 86 13 64 56 6 92 84 27 93 75 32 10 42 44 21 61 76 79 11 37 49 69 99 25 7 63 60 50 23 40 43 2 100 80 78 74 24 77 46 41 68
44 32 16 14 23 58 86 37 47 4 15 72 65 91 3 67 99 66 81 83 22 52 94 55 90 12 61 8 64 36 42 20 31 56 63 92 40 96 17 9 28 78 41 100 38 53 11 2 49 93 75 85 6 34 24 57 10 79 80 88 18 62 71 7 13 21 26 43 27 50 25 29 87 48 89 84 77 30 19 59 76 35 1 54 33 45 82 95 39 73 97 46 68 5 70 60 98 51 74 69
86 8 21 54 20 11 71 33 60 35 99 15 90 34 75 32 57 45 26 30 58 46 82 97 61 66 67 41 13 81 89 24 23 77 65 80 95 3 19 93 96 25 74 5 4 36 6 100 29 51 63 49 48 44 27 62 55 43 68 38 79 84 2 31 1 76 88 40 64 10 98 39 37 91 17 87 22 69 52 72 56 53 42 83 12 7 73 9 28 85 59 14 92 94 16 78 50 70 18 47
84 28 31 51 25 7 21 53 36 40 75 29 60 37 80 76 64 92 49 71 42 96 35 72 2 98 74 34 30 79 14 58 5 95 32 66 99 46 22 39 48 82 55 10 67 57 89 9 6 43 1 65 100 68 18 87 41 91 12 93 86 15 8 17 50 47 63 13 26 77 59 19 83 27 38 97 11 73 24 56 85 62 69 33 23 94 88 20 70 16 54 3 78 45 90 4 61 44 52 81
32 91 73 78 94 61 47 10 71 72 80 62 95 17 56 52 34 67 37 86 33 36 7 85 92 23 54 38 42 46 26 51 96 31 27 41 60 79 76 3 45 70 44 87 59 77 99 63 43 24 83 29 88 89 28 20 58 66 13 25 12 57 81 75 4 9 65 30 97 8 50 68 21 15 6 2 69 74 93 14 98 82 19 64 49 90 48 100 18 35 53 5 39 11 84 16 40 55 1 22
8 82 71 70 68 79 18 61 23 53 20 81 57 33 22 63 37 38 75 12 51 84 2 17 28 80 26 66 62 94 15 91 98 30 1 95 88 78 44 65 58 99 16 73 29 9 34 42 87 83 39 55 40 36 97 76 86 45 49 90 56 41 77 27 47 19 74 54 69 21 85 6 92 7 96 59 14 89 100 24 52 46 64 50 43 72 25 3 93 32 11 4 13 48 10 31 60 5 35 67
1 71 53 61 38 10 83 19 15 16 8 47 36 84 87 95 66 55 5 35 54 25 68 44 89 33 62 50 99 9 72 48 91 4 39 75 37 13 92 85 79 27 45 94 18 21 7 41 26 78 74 98 12 28 56 2 40 52 97 49 22 6 20 93 76 14 29 59 60 88 58 65 73 81 32 77 67 3 70 46 82 69 86 30 24 43 90 80 64 11 34 63 17 100 96 23 51 31 42 57
39 60 78 38 80 9 27 36 34 63 37 44 31 70 40 49 58 6 32 22 56 20 30 45 26 73 100 98 51 24 43 99 95 7 83 10 68 91 46 79 55 85 35 41 14 48 93 1 13 19 33 25 50 52 3 8 82 76 2 92 21 29 87 72 71 11 66 77 61 53 12 88 81 54 59 69 17 15 67 64 57 16 23 96 86 28 18 74 84 65 42 47 62 89 94 97 90 75 4 5
62 21 75 6 87 3 61 42 14 86 18 11 44 96 7 56 24 28 70 65 88 57 67 95 25 32 97 93 20 43 85 79 17 48 58 83 8 36 84 1 41 60 80 19 40 15 53 49 66 50 37 31 77 16 39 12 89 33 98 54 82 69 47 94 63 30 99 22 5 26 2 34 38 59 73 10 4 29 13 81 45 71 46 72 68 74 9 35 51 55 100 90 91 23 64 52 92 27 76 78
79 94 55 80 62 14 70 81 64 2 76 37 17 43 88 25 23 78 41 97 49 13 45 74 98 91 24 27 33 29 96 47 35 46 90 30 1 83 6 84 87 32 92 66 9 51 75 11 16 34 58 38 5 54 67 52 95 72 100 44 48 22 12 50 89 61 10 7 20 59 31 69 42 28 53 56 39 71 73 85 77 8 18 68 57 3 4 26 21 86 19 93 99 65 63 15 82 60 36 40
21 86 61 12 89 45 84 57 53 88 77 28 92 52 47 54 69 8 50 13 15 23 87 2 58 29 93 4 68 74 39 41 19 75 76 70 82 98 95 100 83 79 33 49 56 96 85 46 59 99 16 3 26 62 14 5 7 22 17 48 38 97 63 20 24 42 25 32 11 37 64 72 80 51 91 27 44 36 34 10 55 40 94 90 60 6 31 73 71 66 30 9 67 1 35 81 65 43 78 18
22 11 79 86 32 41 94 78 100 69 59 90 91 30 13 93 4 83 20 82 45 64 70 62 16 7 81 53 49 35 28 98 50 17 88 85 87 14 43 61 12 9 96 99 72 56 74 6 97 25 2 36 29 95 51 73 60 63 92 47 84 54 66 65 75 48 57 68 24 80 21 23 1 33 76 89 52 58 38 71 27 55 34 3 46 67 77 15 5 42 18 37 44 10 39 40 26 8 31 19
49 69 91 63 44 88 62 74 45 25 93 71 84 14 16 82 98 26 7 89 85 97 100 20 73 43 29 94 95 79 48 5 68 53 60 15 86 12 3 11 77 6 56 80 47 33 83 51 39 32 70 99 76 41 90 30 46 19 57 28 96 87 37 59 27 36 42 75 13 92 4 1 55 66 64 54 40 52 8 78 72 58 50 81 31 9 35 67 61 18 10 22 34 24 23 17 2 65 38 21
16 50 17 34 28 18 63 22 56 94 36 52 32 93 12 10 100 70 73 57 89 29 69 5 33 51 86 87 65 53 41 59 54 84 48 19 13 44 75 58 80 88 30 72 85 46 76 27 74 64 21 15 4 25 99 96 26 47 43 42 20 31 61 55 35 77 3 83 68 1 37 11 40 9 66 23 95 14 90 97 92 60 2 98 38 81 78 45 91 6 24 8 79 7 67 49 62 82 39 71
59 92 1 30 50 72 89 66 54 49 62 25 3 60 95 81 2 47 98 84 71 22 39 67 6 28 27 90 10 37 53 31 36 18 38 73 79 77 24 26 63 56 86 35 45 85 16 5 11 61 65 32 7 19 58 91 93 57 33 75 88 48 69 74 64 83 17 4 55 13 68 87 8 41 42 46 76 34 97 40 23 44 52 21 51 96 20 82 78 100 12 43 14 80 99 70 9 15 94 29
40 54 33 10 78 73 58 95 55 68 50 96 61 25 31 14 89 5 63 47 74 21 57 34 100 46 32 76 37 18 52 22 85 71 7 35 27 60 51 88 90 30 72 84 49 64 8 93 45 86 99 1 9 42 2 66 56 44 6 82 4 67 92 62 77 87 79 17 19 83 80 97 75 24 29 38 26 13 53 98 15 81 91 16 20 11 12 94 48 69 65 70 59 28 43 36 39 3 23 41
47 5 41 58 73 50 52 90 75 33 100 7 9 46 60 91 32 3 31 18 80 62 29 42 63 17 35 6 97 45 93 26 61 82 59 57 39 2 53 98 92 94 23 14 88 36 64 8 20 77 67 69 66 1 70 44 25 96 55 15 71 85 16 95 74 37 76 81 87 68 27 13 28 34 4 51 19 48 21 86 99 49 40 38 10 22 56 54 72 89 78 11 83 12 79 65 43 24 30 84
29 40 5 97 86 37 88 63 57 58 67 1 21 20 79 84 93 36 34 59 73 15 9 16 24 64 76 56 25 78 91 35 26 8 17 18 33 54 68 23 50 52 42 83 66 39 71 45 98 65 51 41 60 96 49 69 74 12 7 80 2 62 4 89 38 10 53 99 77 61 11 81 3 6 94 44 100 22 48 47 43 31 28 55 27 92 32 70 90 72 46 95 75 82 19 13 30 87 85 14
77 18 10 33 36 67 100 62 8 44 72 21 76 85 43 17 99 30 61 2 26 75 5 4 81 78 82 15 35 34 59 6 29 22 98 74 38 42 71 94 83 24 90 40 50 93 45 68 19 3 66 57 39 9 91 51 32 87 60 79 53 58 86 49 80 28 11 92 12 64 63 47 89 46 20 52 1 27 7 95 16 13 54 70 69 48 55 56 14 23 41 65 37 31 88 73 84 96 97 25
73 49 22 9 96 30 3 59 69 4 55 57 97 13 34 1 60 54 29 91 12 6 99 90 74 58 77 7 81 17 70 20 89 42 52 45 61 87 36 37 66 92 18 21 43 98 39 72 93 44 35 47 80 46 95 88 10 48 26 16 83 64 82 86 19 50 100 14 84 79 56 78 27 63 25 32 65 31 41 68 8 94 67 40 15 62 51 5 76 71 23 75 24 33 85 38 11 53 2 28
7 19 37 39 75 48 14 97 65 29 44 31 63 62 27 16 84 46 6 76 57 17 26 9 71 13 2 23 73 89 50 100 34 86 30 91 22 94 80 28 40 64 5 96 68 45 77 87 42 69 93 61 72 10 12 95 4 20 81 21 43 83 90 85 88 56 32 79 33 25 82 66 67 47 24 41 38 55 54 1 49 92 70 35 52 51 74 60 15 3 8 53 98 36 59 18 78 58 99 11
56 87 23 3 46 4 34 55 58 85 39 36 38 83 10 92 8 14 13 11 75 43 95 88 31 79 91 48 80 68 44 57 12 90 97 98 2 71 49 99 33 77 89 6 22 65 62 26 30 60 94 28 35 70 16 81 37 25 27 64 100 69 59 76 15 54 24 86 67 82 52 61 66 74 21 20 32 1 78 18 63 50 73 5 29 40 96 42 47 17 9 19 93 72 7 45 41 51 84 53
52 6 43 95 59 19 37 7 24 57 78 73 81 74 94 29 67 56 68 41 97 70 84 28 75 62 63 58 100 36 12 10 39 32 3 82 47 33 87 90 79 48 2 17 99 20 15 13 92 30 40 91 98 77 35 54 45 38 83 4 93 9 65 60 42 16 89 50 34 18 14 31 51 22 11 66 25 23 26 76 96 21 53 44 71 55 85 61 69 46 80 88 64 5 8 1 86 49 72 27
65 57 98 28 21 25 20 34 82 95 31 27 8 35 2 66 71 10 17 43 24 16 42 23 91 76 79 4 26 55 33 72 62 50 13 86 52 58 14 7 9 29 83 18 63 74 60 44 68 6 69 73 40 67 84 61 12 15 100 36 77 46 30 51 32 59 97 64 80 93 92 37 56 38 75 39 81 53 45 19 48 11 87 22 3 54 89 49 85 99 47 41 70 78 1 94 88 5 96 90
17 56 83 20 82 95 32 77 85 21 28 13 6 5 66 3 90 29 96 58 98 65 93 8 97 23 75 57 11 22 19 79 9 41 36 7 50 67 27 45 12 44 43 25 10 100 37 52 34 51 53 40 91 86 60 94 55 31 99 39 74 80 78 1 62 72 49 73 63 38 88 2 47 14 48 15 30 46 68 54 35 24 84 42 89 61 26 18 4 87 76 69 33 16 81 92 59 71 64 70
9 70 58 4 74 13 68 3 91 93 47 81 86 8 5 44 50 95 11 96 19 67 63 40 23 72 17 83 42 26 2 18 27 51 82 29 80 84 99 24 46 16 57 85 30 71 98 56 64 15 20 78 37 75 53 43 65 59 7 55 60 97 31 61 90 14 22 33 92 41 48 25 10 52 34 6 89 12 87 35 73 77 38 62 21 66 88 69 36 45 39 94 54 79 49 28 32 100 1 76
75 17 89 87 12 33 22 46 62 82 10 15 93 37 59 2 7 80 91 21 84 66 3 86 39 65 85 64 77 25 34 56 43 94 68 53 83 14 20 27 73 36 49 44 79 57 18 98 78 67 13 92 100 99 8 47 40 70 71 76 63 61 42 5 52 4 81 60 29 35 96 24 54 26 90 55 23 38 9 28 41 95 16 74 50 31 72 51 97 19 32 1 58 88 48 30 45 11 69 6
15 74 35 84 7 44 45 82 76 36 11 72 59 68 4 64 41 23 19 62 27 98 28 60 21 16 6 1 13 49 24 33 77 38 73 88 94 83 32 69 37 65 51 9 52 26 86 100 96 5 81 43 67 40 20 58 71 3 92 89 18 91 34 14 93 57 90 66 17 85 99 80 46 42 8 78 70 47 2 48 53 63 95 79 56 25 39 55 54 30 29 50 87 22 12 10 31 97 75 61
19 85 87 32 22 10 59 17 35 6 61 86 12 66 40 48 62 63 65 50 31 83 38 18 51 14 64 90 33 3 75 99 46 15 100 81 56 97 47 79 49 72 77 52 37 9 89 82 88 8 4 39 69 20 11 27 96 16 78 67 55 54 24 70 23 41 95 34 5 94 84 74 43 36 44 13 45 98 58 26 28 80 30 53 42 93 71 7 2 1 57 25 21 29 76 91 68 60 92 73
36 16 50 22 33 89 6 91 20 5 32 62 14 9 24 18 87 81 12 19 95 8 31 68 52 35 88 13 71 67 21 80 44 72 94 39 23 34 97 1 48 93 78 92 42 29 83 66 54 11 86 70 99 57 59 37 75 74 38 63 27 41 96 79 17 7 4 55 60 49 69 73 90 3 85 10 53 61 15 82 30 25 98 28 64 76 65 47 100 84 77 51 43 56 26 46 58 40 45 2
74 75 20 25 60 70 56 52 73 37 94 16 87 12 93 36 85 71 53 95 99 33 14 76 55 100 21 9 68 72 88 47 30 29 44 63 84 80 38 17 10 39 31 97 78 90 3 62 86 45 28 13 58 23 40 34 6 67 51 66 1 2 50 8 69 19 35 24 54 91 49 64 79 43 7 89 46 59 22 15 26 57 18 83 65 5 82 11 98 61 81 48 42 27 32 41 96 77 4 92
43 22 72 77 23 18 98 27 80 100 6 28 68 67 47 97 52 83 14 63 4 13 61 56 46 75 94 60 62 90 11 73 66 58 70 64 5 12 85 74 26 91 34 32 15 40 8 1 35 49 87 16 2 30 81 78 86 79 17 84 50 95 45 36 53 20 82 51 19 99 65 41 69 9 92 21 48 57 33 96 3 39 59 54 89 10 7 31 24 44 88 71 38 76 42 93 25 55 29 37
100 76 18 31 63 66 38 12 32 39 16 58 96 3 74 43 6 65 93 28 29 34 71 48 41 4 44 11 94 77 82 7 24 40 80 5 21 13 98 73 99 67 81 86 64 60 9 20 75 88 72 97 84 89 57 53 59 17 70 23 30 1 68 92 56 85 50 42 61 46 15 36 83 51 55 22 62 78 49 37 33 54 69 10 25 35 27 87 26 2 90 79 52 14 45 19 91 8 47 95
77 14 96 50 48 61 5 1 52 99 98 54 25 16 12 89 86 44 55 100 72 9 85 64 60 94 3 20 67 71 95 49 8 70 19 31 63 79 66 35 87 45 28 33 6 97 78 29 2 76 59 34 22 7 43 24 81 88 26 32 23 92 21 38 39 47 10 91 69 84 51 58 13 82 83 42 90 93 37 65 11 41 40 57 36 56 73 53 80 74 62 30 46 15 4 68 27 17 18 75
78 52 34 74 67 26 49 40 31 45 87 30 85 29 57 4 69 55 5 94 17 20 47 33 68 98 70 7 88 15 8 58 99 59 51 9 71 54 42 64 19 95 61 14 83 82 97 10 89 1 80 96 12 81 37 25 41 35 13 27 62 48 76 32 44 3 84 63 46 16 77 18 22 73 2 65 21 92 11 60 93 100 72 90 66 75 28 43 79 91 38 23 56 39 53 86 36 6 50 24
48 99 64 79 100 86 51 50 87 20 1 38 33 41 7 71 26 8 76 6 89 42 11 92 35 85 49 91 83 10 36 30 16 54 2 93 53 60 37 9 58 98 21 5 17 19 43 97 67 94 84 68 61 3 65 4 88 39 12 47 81 57 80 45 55 74 46 23 56 66 62 32 96 90 78 69 34 70 63 25 31 14 28 24 72 59 22 75 13 40 18 44 77 52 27 95 29 82 73 15
90 46 81 13 11 41 8 45 79 92 69 47 49 55 62 68 58 84 75 36 40 51 97 24 18 57 39 52 20 1 56 67 78 25 16 26 77 89 72 15 95 33 27 82 4 53 70 35 73 10 12 23 43 94 63 98 87 85 91 48 5 32 100 80 34 96 21 44 6 61 83 7 93 54 28 76 3 88 42 74 38 64 19 65 30 17 50 66 29 9 99 2 60 37 22 71 14 59 86 31
40 29 67 96 71 9 28 79 13 76 45 24 82 78 86 60 53 12 27 64 91 23 65 15 57 92 25 99 30 81 61 2 38 93 56 17 98 58 18 48 8 22 54 100 69 11 7 33 72 47 88 5 70 73 66 90 89 46 97 35 59 84 95 10 4 6 55 85 68 83 39 51 87 49 31 36 42 44 1 43 21 32 94 52 19 16 3 41 14 20 75 74 50 63 34 80 37 26 77 62
47 31 69 60 65 42 50 94 83 98 81 90 99 59 23 76 74 43 41 15 62 36 20 55 72 28 61 87 1 44 46 14 4 37 75 79 16 77 91 49 45 97 82 22 13 73 21 9 19 71 56 84 57 26 6 32 58 11 39 78 54 24 25 88 33 95 89 18 51 68 35 8 64 7 93 3 80 63 30 70 86 96 5 67 34 29 38 85 66 52 48 92 12 17 40 27 53 2 10 100
93 59 85 14 6 92 60 89 95 34 46 99 100 80 13 20 57 88 23 37 39 25 4 65 42 86 50 8 64 38 51 48 97 35 90 28 31 81 45 82 77 40 66 71 55 94 67 79 17 27 24 11 52 58 68 56 18 19 2 91 61 21 49 16 1 76 9 10 75 69 30 84 29 53 70 26 98 96 72 83 5 15 54 7 63 87 62 12 33 78 3 36 41 43 73 22 47 74 44 32
51 64 3 40 52 39 18 86 100 69 90 83 34 15 14 88 28 74 56 48 30 58 36 7 82 41 73 21 79 46 99 43 33 10 76 72 65 20 59 91 62 38 32 8 25 77 63 31 37 42 89 6 5 50 96 29 94 81 55 54 66 53 17 24 13 84 61 26 23 22 97 67 57 70 95 85 75 68 16 4 19 93 49 92 60 47 87 78 71 98 27 9 2 44 80 11 35 45 12 1
14 19 51 62 42 63 86 39 80 56 41 22 37 27 53 13 30 47 57 45 16 97 96 1 34 71 11 46 48 91 4 77 2 52 83 44 54 78 26 95 55 9 89 93 65 79 99 3 24 33 50 10 23 74 100 68 82 60 72 28 8 15 35 7 21 38 75 6 12 25 76 85 31 92 69 5 84 20 36 61 64 17 43 49 73 88 67 81 40 29 70 59 32 90 87 98 18 94 58 66
72 38 29 78 35 76 39 21 58 26 85 67 10 88 60 99 44 98 1 32 83 15 16 79 19 77 68 59 6 42 65 24 5 12 43 51 55 50 28 100 52 46 13 11 71 22 75 36 70 92 27 81 73 45 93 74 23 94 37 90 56 7 84 82 30 34 91 87 20 47 17 48 62 57 41 61 64 66 31 2 89 3 25 33 4 49 53 40 80 14 63 18 96 97 69 54 95 9 8 86
7 54 62 61 5 31 30 99 8 40 22 29 66 75 56 19 37 73 26 24 76 71 92 59 88 97 13 94 27 86 14 51 41 79 23 6 34 36 83 65 80 68 4 10 35 78 74 48 93 12 57 64 16 28 18 45 84 47 33 52 11 49 70 39 72 53 15 82 85 32 43 77 2 50 67 98 96 91 25 42 87 20 1 63 58 60 90 44 81 89 100 38 95 55 17 3 21 46 9 69
21 2 44 9 34 22 71 84 18 15 40 35 64 76 87 14 24 45 7 66 54 85 33 25 27 12 56 61 74 82 98 17 6 16 29 55 51 30 79 47 28 69 37 43 19 41 77 81 1 58 3 50 88 83 46 36 53 13 60 86 95 42 10 26 92 75 62 89 11 73 38 59 68 94 5 96 91 32 20 57 70 72 67 99 52 39 80 23 49 97 93 4 63 8 78 100 48 31 90 65
31 40 28 98 97 23 4 11 94 27 91 77 69 64 45 54 34 78 49 1 15 67 25 43 85 7 90 37 99 51 89 62 72 66 60 96 93 56 80 6 30 55 20 35 86 75 76 61 79 83 32 88 21 53 87 22 29 73 81 92 13 59 39 47 3 42 70 8 44 65 71 82 17 48 57 12 10 2 95 5 36 84 52 68 33 19 18 38 46 50 41 26 14 100 24 74 9 58 63 16
52 63 90 42 24 14 75 51 96 58 83 49 93 53 97 62 64 92 81 31 86 78 82 12 3 54 16 56 15 60 38 46 73 13 95 21 4 68 27 34 41 35 67 29 39 50 85 22 69 72 80 30 55 6 23 10 11 43 36 70 79 87 98 84 89 1 5 2 77 71 18 99 91 44 9 57 47 7 66 28 88 40 26 45 76 37 17 48 61 25 8 32 19 20 100 33 94 65 74 59
95 94 46 29 45 79 19 28 16 13 73 71 88 17 72 12 66 18 50 53 59 65 74 69 87 82 41 27 22 31 37 44 60 5 20 76 90 2 68 67 96 51 64 83 26 14 11 21 84 38 92 47 49 34 86 75 78 98 30 56 40 8 48 91 100 61 43 70 15 93 24 33 32 62 99 97 63 77 35 36 42 1 7 85 39 57 6 55 52 58 25 81 89 9 10 4 80 54 3 23
1 88 68 75 19 98 57 69 55 71 3 32 13 14 37 90 40 51 45 83 63 38 15 22 95 33 48 35 56 5 86 50 79 39 42 78 89 46 93 43 59 66 97 2 84 67 100 8 23 62 44 61 17 47 30 16 27 12 49 24 6 29 28 52 54 21 11 31 65 85 87 60 92 81 94 58 41 76 99 82 25 4 96 73 74 70 91 36 18 53 9 20 7 10 77 64 34 72 80 26
92 97 57 69 26 64 47 23 56 1 96 95 9 58 30 32 4 19 62 77 12 99 88 66 38 70 53 50 35 2 18 37 89 87 63 60 24 71 85 61 100 78 29 28 81 68 20 43 48 40 49 74 93 59 17 33 31 80 73 7 94 22 13 41 51 44 65 3 55 52 54 75 42 72 25 91 6 11 84 79 76 10 90 39 27 86 8 14 5 67 46 21 83 45 98 34 16 15 36 82
2 10 36 5 25 56 40 68 85 81 95 7 77 91 20 39 59 1 66 98 26 62 41 3 44 11 19 88 16 28 83 27 52 4 24 13 60 57 49 53 38 76 55 48 96 8 33 75 97 31 9 37 92 65 14 67 43 22 90 94 86 63 54 78 87 29 18 71 42 51 34 70 72 21 89 82 79 45 74 17 69 99 46 30 50 58 84 100 47 73 80 6 93 64 15 32 23 61 35 12
22 20 88 51 29 7 55 67 89 43 49 84 27 33 66 58 83 100 61 79 56 64 94 53 1 59 78 75 86 14 54 39 40 21 31 3 16 9 38 44 63 47 46 73 32 42 24 93 74 48 35 65 96 52 62 17 95 99 45 8 80 77 57 34 98 82 25 36 2 12 26 69 37 28 85 68 71 30 81 10 97 91 23 6 18 4 15 11 90 76 19 5 13 50 92 60 87 70 41 72
62 96 89 58 79 72 92 61 33 75 13 91 60 22 3 70 27 30 20 54 78 6 19 37 64 68 74 81 52 16 28 63 55 14 1 47 7 94 36 39 21 17 90 49 34 24 95 42 32 57 93 87 59 15 71 85 38 23 31 43 25 45 11 66 84 77 53 100 97 98 29 80 26 41 88 56 9 10 12 40 8 69 2 50 46 99 5 73 48 4 51 82 67 35 65 44 83 86 76 18
28 69 16 37 20 30 41 39 62 94 97 33 81 44 22 56 1 53 84 89 42 70 78 36 61 15 96 38 66 32 55 82 83 23 18 92 71 80 95 76 65 10 98 19 87 25 51 2 59 43 85 90 26 11 74 27 8 72 68 3 12 67 50 46 91 79 49 21 45 29 100 14 73 75 31 77 7 9 47 88 35 48 4 34 57 64 13 24 63 93 86 17 58 54 6 99 60 52 5 40
49 32 85 12 76 90 81 53 54 51 64 52 87 98 75 25 47 50 39 61 33 29 79 11 65 73 36 66 44 13 1 91 20 8 67 48 40 86 72 59 84 74 17 34 60 21 45 94 30 18 56 41 77 68 19 89 28 57 27 38 69 58 9 31 96 62 95 80 88 82 63 92 70 10 93 2 14 42 83 35 4 23 100 55 15 26 99 6 3 16 24 97 22 46 71 78 7 43 37 5
15 92 26 91 90 45 21 27 82 2 55 11 50 38 88 81 89 76 22 12 32 16 35 77 37 25 7 41 49 4 100 53 10 64 96 99 63 67 97 85 6 93 62 94 28 70 72 23 43 29 66 69 48 8 78 58 5 56 80 68 51 17 61 19 24 9 73 40 13 79 1 36 52 39 98 87 54 83 57 33 20 71 86 3 75 65 44 31 60 18 30 14 46 84 74 95 42 34 59 47
87 49 3 80 98 58 36 63 17 62 91 37 4 30 64 66 38 72 82 16 1 75 13 59 69 51 5 55 25 89 42 23 86 18 48 8 73 88 32 93 53 60 100 57 33 52 34 46 61 21 67 28 6 35 56 94 20 45 85 99 26 31 22 54 11 92 96 14 95 74 47 15 9 78 70 84 97 71 29 77 24 7 50 40 65 79 41 39 83 27 12 10 43 2 90 76 81 44 19 68
65 73 50 11 89 84 66 52 14 44 67 79 8 57 85 26 77 86 80 22 49 1 54 21 40 29 20 53 9 83 78 32 30 97 12 58 31 91 59 42 90 56 24 41 75 99 71 74 13 87 88 70 4 38 82 25 2 76 5 34 72 3 39 17 7 48 63 55 94 6 10 47 81 68 23 27 16 69 96 19 37 43 95 35 51 33 45 60 15 28 61 100 18 93 62 98 64 92 46 36
4 66 41 30 53 62 42 86 65 85 20 44 59 19 49 33 35 39 18 67 3 46 2 9 90 47 26 12 96 75 25 29 27 70 7 34 5 52 37 14 94 99 92 63 38 87 55 24 76 54 28 57 13 36 97 32 21 84 6 93 22 78 80 81 50 11 79 43 10 17 98 72 23 60 48 74 40 89 100 15 64 82 31 95 71 45 77 56 51 69 91 8 16 1 58 88 61 73 68 83
79 18 64 23 4 91 83 94 35 68 85 59 6 43 95 36 76 96 32 71 80 57 90 49 47 10 54 5 84 67 41 12 19 17 62 2 77 73 24 3 34 82 50 72 89 48 27 51 100 37 87 58 53 29 31 22 16 55 98 88 42 44 70 39 28 46 45 66 26 15 13 40 99 56 61 25 69 20 60 65 30 8 11 81 14 63 9 1 92 74 21 86 38 7 97 93 52 75 78 33
16 86 62 63 94 88 10 37 20 97 77 5 99 52 46 95 23 38 72 25 82 22 7 90 58 80 100 34 29 41 9 45 12 74 26 83 53 64 76 32 31 65 30 87 48 1 39 70 11 78 59 60 68 2 67 47 57 49 24 44 15 6 98 75 18 66 8 13 36 35 4 81 61 79 50 54 89 28 19 14 92 55 71 96 69 27 56 84 21 43 73 85 17 51 33 3 40 93 42 91
29 42 6 45 41 20 54 38 99 77 22 3 61 10 80 17 88 5 28 58 74 84 52 97 24 30 59 93 69 91 46 26 23 7 65 18 34 72 51 78 15 67 56 25 40 83 16 27 35 19 1 53 62 21 47 81 79 63 32 49 82 43 96 48 86 87 100 92 73 64 11 2 44 33 55 50 4 90 66 71 31 60 70 14 13 9 12 76 36 8 39 95 37 89 94 75 98 68 57 85
8 12 58 86 62 19 61 18 69 93 75 94 79 89 71 67 2 26 37 47 60 96 68 17 3 1 13 15 55 44 72 41 28 83 88 10 65 32 20 84 92 52 59 54 31 73 53 4 57 9 6 40 90 76 29 56 91 33 43 5 50 51 45 36 25 63 74 78 87 39 23 66 21 35 34 11 70 81 22 48 49 80 42 64 38 7 98 97 85 100 77 46 99 24 16 30 82 27 95 14
12 37 54 85 28 36 67 82 23 52 60 25 96 46 26 13 68 31 63 80 43 5 69 72 33 32 30 49 81 51 77 61 88 38 86 19 4 98 87 41 66 79 2 99 39 56 64 34 91 24 50 55 35 62 65 53 7 48 57 42 90 15 17 89 47 78 76 6 58 1 14 97 94 27 8 92 3 73 16 74 93 95 10 20 45 18 11 71 100 84 22 83 44 21 70 9 75 29 40 59
73 50 82 97 31 67 39 77 53 88 28 68 63 84 19 1 100 11 40 26 44 17 87 79 89 48 33 98 7 38 56 5 54 22 58 74 80 96 47 36 71 42 49 66 18 34 15 41 16 72 62 92 9 95 51 75 60 52 46 25 27 59 13 6 29 83 86 70 99 37 12 78 8 2 69 55 57 14 10 45 3 94 85 61 43 93 4 20 76 30 23 65 64 91 35 24 90 32 21 81
17 26 29 8 68 21 91 48 60 84 46 1 92 47 31 99 37 67 65 13 7 43 12 56 85 83 58 69 54 86 11 80 44 81 50 25 88 23 71 51 97 4 45 40 9 16 6 5 20 93 75 3 79 14 90 63 98 34 70 87 30 94 35 2 82 28 33 100 64 10 27 61 36 15 76 19 95 74 72 96 18 38 73 78 41 39 55 49 24 42 32 59 62 77 22 57 89 53 52 66
84 5 69 33 47 80 15 10 4 82 54 22 49 93 94 2 64 14 38 86 79 66 9 8 72 58 77 17 51 87 39 59 75 27 32 35 98 31 19 92 50 7 34 45 96 18 62 11 78 67 21 36 60 43 28 29 83 53 44 65 74 85 63 88 76 100 42 68 1 81 56 23 41 99 95 46 30 91 73 37 55 57 61 70 3 48 25 16 97 20 89 90 52 12 6 40 26 24 71 13
18 60 51 99 67 95 86 45 32 63 6 29 20 36 33 16 81 46 2 97 58 4 13 5 59 66 9 76 65 71 15 39 26 55 38 41 93 42 31 89 40 43 25 78 56 75 57 49 88 96 84 1 74 37 24 10 48 69 34 82 8 90 100 14 61 50 3 7 27 21 52 73 28 91 54 44 19 70 30 53 77 68 64 72 12 92 35 94 23 98 47 11 87 83 17 22 62 85 79 80
9 13 60 18 42 38 50 23 24 83 32 99 97 34 27 93 63 90 25 82 71 21 20 2 55 43 4 51 61 94 26 35 77 41 5 6 45 87 92 58 84 36 14 80 67 22 52 78 96 100 72 49 7 44 33 69 56 75 39 15 46 95 76 70 48 30 17 85 8 88 64 1 89 40 11 59 98 66 74 68 86 62 53 16 31 81 10 54 12 29 57 47 79 65 73 28 37 3 91 19
86 61 67 54 87 3 89 99 73 35 4 70 85 60 16 8 74 64 36 90 84 93 79 28 63 91 39 47 95 42 48 37 6 58 72 30 19 44 17 81 75 32 33 98 14 78 88 65 80 62 2 15 56 41 46 45 29 25 71 40 20 9 10 18 66 38 57 83 22 23 82 31 5 59 24 52 43 96 7 26 12 50 76 11 68 34 100 53 13 55 1 77 21 94 69 27 92 49 51 97
59 51 22 28 99 50 75 69 57 49 18 62 14 48 61 20 4 54 29 2 36 91 89 65 52 34 85 58 97 25 43 31 72 56 87 95 82 3 66 94 96 77 35 81 93 79 41 60 39 42 86 64 76 19 6 98 90 44 100 70 7 84 12 5 71 27 88 8 24 92 21 74 40 46 73 33 68 38 26 47 16 83 9 1 55 37 13 15 11 45 78 10 32 17 53 80 23 63 30 67
5 43 20 95 79 81 6 50 76 33 72 77 17 87 34 10 21 60 31 64 51 52 80 1 2 65 67 70 37 18 12 22 38 75 4 44 61 39 89 26 47 58 57 85 86 93 19 7 8 40 13 16 66 9 3 78 27 91 82 41 11 25 92 55 35 36 59 54 96 49 68 32 71 24 29 15 53 45 99 97 73 90 84 48 83 88 14 69 98 23 42 63 56 28 100 74 30 46 94 62
56 7 61 39 92 69 4 90 2 36 99 15 38 28 81 63 44 22 70 18 73 88 96 55 16 35 11 67 17 49 98 79 51 82 9 45 21 75 91 27 59 94 42 77 84 53 93 30 52 43 26 10 71 80 100 5 78 89 83 12 64 32 68 60 19 37 54 3 33 41 25 85 14 66 62 8 1 57 58 95 6 46 29 97 20 86 48 47 72 65 76 34 24 23 40 50 13 87 74 31
13 4 5 38 98 25 8 76 64 41 40 80 12 51 2 82 89 28 87 35 22 30 45 88 96 73 56 23 36 46 99 62 9 47 39 79 50 33 14 74 100 3 18 52 60 15 92 63 86 29 53 84 72 54 57 43 71 77 59 97 55 24 90 20 93 17 78 34 37 67 7 58 49 10 42 66 26 32 95 1 70 81 91 65 21 94 31 61 69 44 83 6 75 48 19 68 27 11 85 16
10 82 33 89 18 73 36 19 31 25 100 49 76 60 43 84 34 91 96 37 27 79 93 86 69 46 62 39 58 72 88 29 61 50 42 75 51 1 99 6 57 30 78 68 13 21 22 45 67 38 83 97 80 74 12 14 20 41 17 55 5 4 56 16 52 94 35 81 40 77 2 7 64 63 44 98 65 48 15 66 28 53 87 85 23 70 8 9 26 71 54 3 90 11 32 92 47 59 24 95
75 93 35 20 89 11 49 62 36 66 41 28 34 98 79 3 30 57 39 45 18 8 4 76 81 83 50 48 73 13 95 46 43 90 67 96 55 14 53 23 33 92 5 97 15 70 68 58 10 12 94 32 29 87 25 9 88 40 56 24 61 42 78 7 72 1 26 44 21 99 80 19 27 6 77 22 17 63 2 54 82 31 16 38 86 60 91 85 84 52 65 71 59 37 74 64 51 47 100 69
69 71 96 22 65 48 14 17 45 18 83 90 100 31 52 76 24 95 11 15 85 81 26 23 27 33 16 2 80 3 21 73 4 94 1 66 99 59 43 40 55 28 77 32 64 51 37 6 89 61 63 35 36 92 86 68 82 67 72 56 87 57 49 47 79 29 97 93 74 30 58 8 38 50 20 60 12 44 13 78 53 39 34 5 9 62 84 7 54 91 88 19 70 10 98 46 25 75 42 41
41 87 100 70 5 49 19 51 75 39 96 83 68 25 54 52 85 36 6 30 95 91 57 64 92 94 97 69 26 1 8 61 99 46 24 13 47 84 98 73 62 72 31 22 79 11 42 80 90 27 18 43 60 59 58 34 12 66 15 7 53 93 82 45 3 74 32 10 16 50 37 63 55 4 67 23 44 88 48 9 56 77 38 21 29 76 89 35 2 86 81 17 78 20 33 14 65 71 40 28
55 28 10 25 80 70 40 79 52 21 76 30 86 20 75 92 1 97 34 32 57 7 5 43 88 51 24 3 61 60 81 27 73 37 17 93 56 49 23 95 45 48 16 6 65 14 18 72 87 83 33 13 39 53 68 54 26 15 38 99 59 64 69 85 98 2 29 31 84 8 22 42 67 89 91 47 62 12 36 44 41 11 77 74 82 4 9 50 66 46 90 58 96 100 63 71 35 94 19 78
53 11 23 32 97 83 55 89 19 95 47 21 37 91 59 49 57 27 51 76 88 74 71 16 34 86 73 6 10 5 4 12 68 72 14 17 1 98 75 90 41 39 43 84 52 46 79 60 26 54 81 85 9 50 35 61 65 87 48 67 13 62 25 94 77 42 82 2 80 63 31 64 69 36 7 3 22 15 20 70 38 24 30 40 56 28 99 18 96 66 29 93 92 8 78 33 58 45 44 100
36 8 65 48 76 37 84 97 91 5 51 47 22 72 18 19 66 29 83 1 98 92 67 62 74 10 53 40 71 15 24 56 46 30 59 57 23 73 45 69 95 44 41 93 33 50 94 68 54 28 61 82 13 16 96 3 58 70 14 86 79 21 20 49 63 9 27 77 35 26 88 87 80 75 4 85 52 7 90 12 43 25 39 42 100 17 78 99 64 6 11 38 55 89 34 81 60 2 31 32
38 21 15 98 29 60 5 84 83 86 81 43 25 64 89 30 59 70 48 57 75 95 74 22 35 7 6 46 54 77 2 4 66 93 52 72 79 34 69 17 12 24 13 44 78 99 19 3 42 94 16 96 50 8 18 37 55 31 91 27 88 40 71 32 100 62 87 63 67 80 65 11 47 33 92 41 73 10 68 56 36 49 61 28 26 90 58 82 45 9 97 20 14 39 85 1 53 51 76 23
30 15 55 3 19 29 35 22 13 53 69 33 4 89 61 44 83 80 79 95 45 32 65 20 7 85 93 28 77 84 37 82 8 71 62 12 18 97 42 49 9 16 70 21 26 94 99 75 68 47 40 34 6 57 23 88 43 14 27 38 66 60 54 91 17 92 81 24 63 59 48 52 1 72 90 51 46 2 41 76 11 73 98 39 64 31 74 67 78 87 56 50 5 25 10 100 36 96 58 86
32 61 87 84 11 44 57 72 81 37 36 38 65 59 93 88 40 66 76 98 97 68 54 74 19 48 70 31 41 89 82 77 16 42 12 51 52 55 60 28 73 64 23 10 17 8 30 4 94 71 24 78 96 14 92 90 7 20 50 34 62 29 95 80 56 53 75 79 13 18 69 25 9 39 83 6 33 47 35 86 27 58 63 67 49 26 85 5 46 1 2 100 91 45 15 99 21 43 3 22
47 31 1 12 63 57 60 3 15 6 44 7 21 27 26 91 58 56 68 94 77 98 85 67 100 29 61 33 11 2 36 32 62 59 83 64 89 69 16 76 20 25 86 96 37 42 92 23 71 30 65 73 90 34 49 74 8 39 13 88 48 22 24 79 53 75 70 18 43 38 84 51 78 52 66 5 82 93 87 80 50 35 10 55 81 19 17 45 28 72 40 4 54 46 14 41 95 97 9 99
44 91 43 7 45 98 56 81 87 28 73 58 32 35 33 68 55 41 93 50 24 27 16 69 42 47 19 20 64 9 1 51 96 25 82 15 94 88 54 85 30 97 74 40 89 67 22 26 6 76 3 39 17 46 66 86 84 59 78 52 63 49 21 38 61 72 99 71 79 13 92 65 48 60 14 12 77 36 37 18 23 34 100 62 10 29 83 75 70 2 53 80 95 31 90 4 11 5 8 57
24 56 66 13 35 64 83 33 63 57 11 31 90 70 72 39 6 14 73 89 60 43 15 7 1 78 82 55 22 74 96 50 97 32 27 85 54 23 3 20 79 95 28 9 75 52 41 51 45 88 58 68 53 47 59 4 16 98 93 94 49 80 30 8 69 48 62 21 34 46 99 18 17 19 38 91 42 76 29 81 5 92 12 44 36 25 67 87 40 61 10 26 77 84 71 86 2 100 37 65
39 98 81 87 6 13 58 12 79 56 1 57 10 67 19 18 52 40 91 11 31 75 30 68 28 97 35 64 99 90 14 23 85 15 29 70 38 46 26 45 77 76 72 86 47 71 34 5 49 44 20 69 48 3 37 33 59 74 92 43 93 8 16 89 51 83 22 73 50 60 96 24 54 94 53 65 100 9 63 25 21 17 80 61 95 66 41 42 4 32 62 88 2 82 84 36 7 55 78 27
1 47 18 75 24 56 21 57 71 72 87 16 66 14 51 97 90 28 53 59 99 49 92 12 40 100 81 37 27 78 34 60 36 35 30 7 33 86 61 64 58 10 83 5 29 77 62 52 98 31 32 25 26 68 38 76 46 82 45 3 54 2 65 84 13 95 4 91 88 94 85 41 73 70 17 96 23 80 42 67 15 44 22 93 89 74 20 43 39 19 55 69 50 79 48 11 9 8 63 6
66 60 72 34 38 94 41 21 95 98 9 32 82 10 85 12 23 71 55 28 33 29 78 39 61 14 7 99 56 17 86 67 15 40 36 76 87 20 30 65 93 51 37 54 35 48 3 8 64 11 57 27 4 26 2 19 6 79 49 63 69 46 47 75 80 16 24 50 92 62 100 88 31 44 52 13 84 68 1 83 89 96 43 22 25 59 45 74 91 53 5 81 42 90 58 97 18 77 73 70
6 68 46 10 20 23 38 11 60 48 62 73 92 85 5 14 93 3 40 65 7 4 19 15 26 71 2 75 16 55 100 91 82 39 96 31 84 32 22 47 52 88 87 95 72 97 8 70 34 49 41 50 86 67 17 36 83 56 90 80 18 53 42 54 27 76 33 51 58 9 13 77 61 21 28 89 25 59 12 79 45 63 1 57 30 43 69 66 81 78 99 44 98 64 24 94 29 74 35 37
74 22 79 77 82 58 81 7 69 40 16 72 13 47 56 83 87 65 5 63 1 99 88 95 97 28 3 98 62 36 94 30 2 29 18 39 90 50 46 59 49 85 20 8 55 57 68 43 73 33 38 11 92 25 93 51 21 60 12 66 6 41 31 19 9 61 15 14 100 53 17 67 23 71 78 32 76 27 84 42 48 64 4 52 75 35 44 26 86 89 70 37 80 54 45 91 96 34 10 24
9 46 44 74 86 14 10 55 47 29 90 37 61 75 71 62 13 26 57 96 32 20 97 42 25 58 41 80 15 31 85 100 35 4 23 82 83 64 18 53 65 27 89 92 19 68 98 22 2 66 69 99 16 30 63 95 28 51 73 8 56 7 48 72 39 79 50 60 36 33 76 84 91 40 5 78 34 3 54 49 88 21 59 45 24 67 6 81 93 11 43 70 12 87 77 38 94 17 52 1
18 43 47 62 90 39 98 59 8 75 94 67 33 48 37 64 27 95 82 36 89 16 31 3 46 15 68 57 14 28 87 6 24 53 76 63 22 52 32 88 54 91 81 11 40 100 45 61 92 21 51 5 58 65 19 84 23 13 85 78 71 1 77 26 44 20 66 30 42 10 50 29 93 99 2 56 80 69 49 17 83 4 96 73 34 72 38 70 79 35 12 74 7 55 97 60 41 9 86 25
13 85 71 69 23 100 59 42 46 62 45 96 72 30 44 89 28 64 19 84 16 67 36 48 68 1 90 15 97 4 65 7 17 52 60 53 8 31 14 9 37 66 98 70 50 25 93 2 58 5 74 61 77 6 11 24 94 47 99 76 95 63 34 27 21 3 91 82 10 92 43 75 79 78 41 54 81 55 83 88 26 20 87 35 73 57 18 51 29 40 38 22 33 56 80 49 32 86 39 12
79 6 34 28 52 62 27 78 85 100 38 51 14 33 94 43 76 22 45 53 56 1 47 40 98 12 48 88 67 35 61 17 31 84 20 10 2 44 86 37 8 60 32 81 95 65 29 30 66 18 99 41 93 58 87 13 91 11 36 92 4 71 57 74 54 63 90 64 55 24 39 68 70 7 96 82 21 46 9 72 19 15 5 89 23 16 25 3 83 50 75 97 69 80 49 77 42 73 59 26
72 49 90 6 36 81 54 95 17 97 50 35 69 87 64 48 53 76 84 21 39 93 29 18 37 62 25 59 1 82 51 43 78 79 70 88 46 67 28 11 80 9 66 34 30 83 86 63 65 77 12 74 55 73 20 44 5 45 7 68 2 58 8 24 47 10 89 23 26 91 4 33 98 92 32 57 75 22 31 85 96 3 42 14 13 56 15 61 60 99 100 94 41 52 27 19 16 38 71 40
29 51 61 18 7 65 22 74 54 43 15 52 3 19 88 71 80 90 8 24 12 70 100 37 39 98 36 53 20 10 93 58 79 66 95 48 13 78 6 35 38 45 82 64 83 33 25 41 75 57 27 91 68 94 56 16 40 73 42 69 77 76 81 50 96 28 46 26 85 63 1 92 62 14 21 84 67 31 11 5 4 99 86 49 72 55 32 97 47 17 89 30 60 9 87 34 59 44 23 2
49 7 73 29 71 22 92 67 23 51 93 95 64 68 97 4 26 60 17 6 86 52 41 77 44 57 94 11 100 81 89 53 10 13 56 78 27 35 83 39 28 46 21 18 63 74 16 87 72 15 9 37 62 36 30 20 2 48 98 79 12 69 59 82 91 54 84 42 45 80 38 70 66 47 75 58 96 8 24 43 32 1 85 99 14 5 55 40 33 3 34 25 19 76 88 65 31 61 50 90
56 99 83 51 53 19 61 93 31 13 8 27 67 52 45 63 38 57 49 91 42 5 39 24 65 16 20 47 69 22 55 11 29 54 75 21 44 87 90 100 6 98 96 17 32 82 64 7 37 10 4 88 70 35 81 30 74 43 60 28 26 97 84 95 89 85 9 86 94 23 80 59 46 62 15 2 79 1 78 48 25 40 71 34 66 58 50 12 18 14 3 36 68 33 92 76 77 72 41 73
15 70 17 23 26 84 51 66 56 27 98 36 25 88 20 90 47 54 22 83 59 85 35 45 18 72 63 13 74 14 52 99 41 86 48 28 92 12 19 91 21 55 80 29 34 87 50 46 24 58 89 95 67 11 53 8 31 33 30 16 81 37 9 10 82 96 43 40 1 77 94 61 2 73 57 38 64 78 60 4 42 93 7 68 69 79 62 100 49 97 65 75 3 44 76 32 39 6 5 71
55 10 28 33 100 79 90 91 89 99 3 54 30 43 22 60 8 81 20 41 51 97 11 66 95 59 49 94 19 26 50 24 5 77 16 80 67 96 85 14 53 2 4 71 68 1 21 65 13 48 70 6 57 29 74 31 93 35 37 75 86 17 87 78 25 82 45 36 44 84 23 69 42 34 7 76 38 98 47 64 52 72 18 63 56 40 12 9 61 58 88 32 39 27 62 73 83 92 46 15
19 73 37 60 12 90 28 1 96 20 78 71 88 44 31 29 86 91 13 79 58 22 63 36 21 77 54 35 51 68 75 26 34 10 80 55 39 9 89 43 46 6 64 38 48 41 100 27 70 45 56 47 7 15 8 66 53 76 95 49 94 92 4 61 74 59 5 84 40 67 24 82 57 81 30 25 32 42 3 33 99 16 50 97 62 65 98 87 85 69 23 2 93 72 83 17 14 52 18 11
59 69 75 85 74 18 30 46 62 33 95 86 97 93 27 54 68 43 41 12 22 66 82 4 71 70 96 49 5 32 83 20 50 48 7 73 24 13 91 42 94 38 61 100 9 19 88 80 17 60 2 90 56 45 39 52 11 3 51 36 1 67 28 92 84 44 55 99 29 81 47 40 37 57 64 21 6 77 8 35 72 10 23 53 63 87 65 78 14 25 31 79 89 16 26 15 34 58 98 76
51 71 60 61 25 36 94 9 2 1 31 24 85 55 4 13 69 100 66 62 26 21 28 11 57 75 5 41 79 34 38 80 39 83 58 81 74 3 53 93 90 35 27 73 22 20 76 42 19 8 37 23 49 77 95 67 86 17 43 32 40 54 46 52 7 14 96 33 65 30 10 99 29 59 44 48 91 89 45 47 87 84 72 6 15 64 56 50 97 16 98 92 63 88 12 18 78 70 68 82
2 26 68 50 28 45 71 40 25 16 13 12 100 38 24 35 62 51 56 31 72 65 3 92 82 32 74 8 30 83 70 57 60 18 63 9 19 91 43 34 11 78 54 75 49 85 53 21 80 1 94 29 23 20 14 87 79 96 55 93 84 33 86 46 88 6 61 89 17 15 59 37 99 48 66 77 39 58 97 10 69 7 52 41 4 98 42 27 36 73 76 5 90 22 67 44 81 64 95 47
93 82 54 37 22 80 70 34 19 2 55 81 99 76 74 32 50 86 75 66 15 13 95 21 38 91 64 5 6 16 44 49 24 31 68 58 40 72 71 67 97 29 51 14 28 96 12 9 79 69 36 30 59 52 43 89 98 85 33 10 78 77 25 41 48 84 88 17 87 94 62 60 56 3 39 20 11 83 100 46 63 23 73 7 42 47 4 35 90 18 27 8 92 1 65 45 61 26 57 53
41 74 26 82 32 31 100 36 20 52 80 84 91 96 16 56 67 39 50 19 62 30 90 53 6 64 88 51 81 37 54 44 89 95 98 3 61 1 92 78 87 40 55 2 66 29 70 94 27 9 63 58 85 83 28 24 48 46 10 35 42 45 22 17 18 57 73 13 99 49 34 25 72 15 38 97 47 23 93 14 76 60 69 79 43 33 11 71 5 12 8 86 59 7 4 75 68 65 77 21
84 18 69 54 4 50 68 28 94 58 59 88 93 66 13 39 60 5 62 47 29 78 89 9 87 25 76 56 86 75 33 72 95 16 73 8 51 57 20 79 26 22 17 19 6 24 85 44 100 7 49 31 40 99 82 12 37 38 2 91 21 80 10 65 71 34 35 32 64 41 14 36 52 53 23 61 90 11 81 77 55 70 46 48 74 3 1 67 96 27 30 43 83 63 42 98 45 15 97 92
8 4 89 31 46 7 88 68 33 25 50 79 78 74 53 58 73 84 32 61 82 96 94 59 66 54 17 93 35 45 19 14 20 90 43 5 55 77 76 15 99 69 100 85 71 18 72 34 23 92 65 38 21 62 27 95 60 12 97 39 51 87 29 1 11 56 57 80 22 42 98 63 81 91 70 10 41 52 67 24 37 48 49 30 9 6 26 44 3 28 86 83 13 36 16 47 64 40 2 75
78 52 72 96 34 91 47 4 82 94 8 13 27 37 46 30 35 31 63 16 43 17 84 25 64 41 44 12 55 53 59 18 54 23 90 92 60 56 75 32 24 58 67 98 45 36 42 93 1 6 85 65 83 86 70 49 87 99 66 89 100 61 95 97 15 21 79 22 80 38 77 19 40 2 5 39 74 71 57 26 28 69 9 20 51 11 3 7 48 76 73 14 62 50 81 10 88 68 29 33
77 57 66 91 47 42 63 59 16 4 87 44 68 53 81 33 37 6 18 100 36 34 80 90 89 30 27 58 7 79 9 13 52 5 2 19 73 83 97 12 71 74 62 94 14 45 60 56 61 65 75 28 24 21 99 17 95 88 46 84 15 48 98 86 38 93 76 55 51 35 82 23 3 22 69 26 10 92 25 70 20 32 11 64 41 49 96 1 39 67 54 85 50 43 8 78 40 31 72 29
7 32 78 4 41 3 52 19 35 45 49 11 6 17 62 26 98 67 25 43 27 46 9 28 58 82 79 21 95 74 42 2 33 50 31 60 86 75 23 24 63 68 29 57 88 90 51 72 8 37 40 97 73 76 47 14 10 16 87 64 38 94 84 93 66 100 59 83 12 99 15 56 71 69 61 36 48 30 96 44 18 13 54 81 65 22 77 85 92 55 1 53 34 91 39 70 89 20 80 5
86 92 57 5 62 20 32 55 100 69 18 25 84 46 10 67 64 70 23 13 71 6 7 85 41 11 78 17 44 31 65 63 83 87 88 98 56 36 99 51 48 94 97 82 81 73 74 79 49 3 72 60 80 28 29 37 75 22 58 40 93 91 66 34 76 27 50 4 77 59 30 15 43 24 89 68 45 53 19 61 33 8 26 1 39 9 90 38 2 42 47 21 95 35 96 16 52 54 12 14
16 17 98 79 50 89 37 10 38 76 61 94 9 5 57 36 41 53 1 2 18 83 70 34 23 4 58 27 13 25 88 45 66 72 26 91 84 59 87 92 15 47 33 35 31 46 6 74 64 99 12 40 22 43 90 73 32 55 81 44 86 51 65 39 62 30 42 78 20 29 54 95 96 49 93 11 69 14 24 19 8 80 67 3 68 75 100 60 71 85 56 82 77 97 7 52 48 63 21 28
31 12 21 86 59 30 18 74 13 85 39 5 63 3 11 1 100 96 65 71 76 84 69 60 47 68 33 52 49 10 48 41 28 64 50 26 8 42 37 82 83 7 46 80 43 40 15 78 98 66 27 32 35 38 62 2 57 19 6 25 95 44 34 81 23 87 24 75 67 17 29 14 22 56 77 92 54 20 58 97 93 55 16 90 45 99 53 73 89 4 61 9 70 51 94 88 91 79 36 72
30 13 20 42 44 67 62 95 4 34 11 91 76 58 80 3 7 38 72 18 73 71 25 97 33 17 21 83 84 29 43 47 40 12 65 99 46 14 51 61 92 77 19 48 85 39 52 31 94 86 32 6 88 89 60 74 81 23 68 90 22 8 59 36 28 37 66 63 15 1 35 24 26 79 53 69 9 93 49 56 57 82 70 50 55 10 5 16 98 87 78 41 96 2 64 54 75 27 45 100
17 87 53 58 96 21 45 46 76 81 94 37 34 57 3 2 65 10 14 77 4 51 99 49 73 23 26 38 25 35 85 5 8 93 44 29 79 33 22 7 40 32 13 43 42 16 55 11 67 64 74 39 52 1 97 68 89 84 70 54 30 6 56 62 86 78 82 92 75 88 71 47 36 41 59 19 63 28 20 66 98 100 90 24 31 61 27 95 80 72 48 18 12 15 69 9 50 60 91 83
10 5 23 11 68 88 42 16 53 41 3 59 37 15 43 44 71 1 28 58 19 62 38 20 31 80 85 50 9 55 18 6 61 51 87 25 22 89 30 84 34 39 90 83 4 52 67 35 29 93 69 74 79 70 40 57 96 75 26 65 56 78 77 48 92 66 49 8 73 60 97 64 13 27 2 33 7 91 54 95 12 46 76 98 100 45 14 82 72 32 81 63 21 94 99 17 86 24 47 36
5 28 16 8 94 63 3 48 24 66 54 22 12 9 2 20 88 50 36 26 17 15 33 39 85 79 100 1 65 67 34 59 35 75 86 83 38 71 47 44 53 4 14 99 18 51 89 58 91 19 81 13 69 41 31 84 45 49 57 42 43 25 37 76 64 11 10 7 46 6 27 52 90 68 98 55 40 61 29 80 82 95 77 78 60 72 73 74 70 30 32 93 56 21 62 23 92 87 96 97
4 11 67 99 75 48 42 12 14 35 10 1 22 62 86 49 30 73 61 54 44 57 79 16 63 59 13 76 88 18 53 37 17 8 72 34 52 80 66 3 55 28 64 77 69 98 83 36 45 60 58 43 100 2 78 9 38 25 5 47 23 31 39 51 29 7 26 68 24 74 21 87 89 46 41 50 97 81 33 82 56 92 91 96 95 6 71 70 15 20 19 90 32 65 27 40 84 93 94 85
40 42 100 78 87 33 89 39 73 49 91 20 60 28 59 8 2 7 12 90 84 88 52 55 75 92 6 34 29 4 86 46 15 58 94 47 54 23 16 36 50 56 32 68 93 26 61 45 69 5 62 81 37 19 51 27 25 57 24 21 82 43 11 31 1 77 22 44 74 79 18 97 41 35 67 98 14 80 10 9 38 96 30 70 3 63 72 66 76 71 17 48 99 83 85 13 65 53 64 95
14 59 58 80 60 73 47 99 15 84 45 86 17 36 79 52 77 19 51 97 95 42 20 67 90 43 74 9 94 13 12 31 23 21 16 18 98 39 11 41 75 82 29 49 38 8 33 34 76 10 44 70 2 87 25 88 53 63 32 5 78 40 30 6 50 4 3 81 56 85 68 1 28 54 62 27 89 48 7 96 35 91 64 72 83 61 22 57 69 66 46 71 55 93 24 65 26 100 92 37
90 19 36 40 31 66 59 42 57 15 97 3 79 22 34 76 63 11 7 37 49 64 12 23 65 17 62 48 80 43 75 53 55 94 5 2 82 58 27 81 10 70 50 56 67 60 9 13 6 45 16 35 71 44 46 4 18 72 100 89 88 83 61 78 33 47 21 85 95 96 26 8 14 28 52 87 73 74 99 68 30 20 38 92 29 25 51 39 54 93 41 1 24 77 84 86 98 32 69 91
38 56 22 49 21 72 10 89 52 83 100 93 50 34 23 88 4 27 26 11 78 28 14 1 37 12 79 61 48 3 19 35 82 81 20 60 68 2 69 97 31 17 62 45 13 94 77 6 42 15 51 25 99 80 33 76 41 91 71 87 96 9 8 24 30 36 70 59 63 18 64 7 5 74 54 46 65 98 84 40 92 73 58 16 86 67 39 53 66 43 55 47 44 29 32 57 95 85 90 75
62 64 35 89 78 86 32 72 45 63 75 73 20 84 30 70 81 8 27 22 85 36 68 43 39 79 17 23 37 77 59 18 4 66 14 88 94 61 98 1 47 99 44 41 87 11 57 49 96 65 24 5 12 95 67 19 60 69 80 97 83 93 13 34 55 56 54 21 2 50 58 31 92 38 76 10 91 15 53 71 16 3 40 33 82 7 48 6 26 9 42 46 52 28 74 100 90 29 51 25
12 40 88 9 35 69 34 91 75 68 60 79 96 8 49 93 86 72 87 36 80 33 71 95 21 54 50 66 92 5 98 14 43 15 67 70 1 81 44 53 37 30 77 25 56 99 27 48 39 57 18 85 76 73 100 61 65 52 31 41 59 90 2 55 32 46 17 84 16 62 7 13 94 26 20 78 38 42 45 58 3 83 28 11 64 74 10 47 63 23 29 51 22 24 97 19 89 82 4 6
75 29 47 95 34 25 27 51 83 93 73 35 36 15 40 99 60 56 81 84 88 58 33 66 3 62 16 87 5 44 61 48 12 17 4 80 2 97 42 32 6 92 70 28 18 19 37 20 89 21 67 96 43 7 71 91 10 94 57 55 26 85 63 50 24 38 100 79 13 82 49 11 64 90 9 52 68 8 72 54 41 53 31 39 76 65 98 69 45 46 22 74 14 23 59 77 78 86 30 1
22 16 29 63 86 76 18 23 36 88 4 57 49 51 60 82 34 46 6 45 77 79 67 15 81 70 41 91 35 9 26 13 10 39 7 47 65 68 93 98 33 52 89 66 50 14 61 24 78 31 92 69 74 75 3 85 38 44 72 32 55 62 48 80 87 94 8 42 97 64 56 84 37 43 90 59 25 96 11 1 53 21 2 30 71 99 28 54 40 19 20 58 5 27 12 95 83 17 100 73
53 88 15 97 12 7 98 84 55 82 16 68 57 17 95 64 62 47 48 76 45 9 11 42 35 34 91 90 44 14 38 29 85 27 56 10 60 73 49 37 46 65 5 52 25 22 20 81 75 6 99 36 79 30 40 66 96 58 28 39 72 4 69 61 23 21 87 54 19 51 2 32 13 63 92 74 100 3 1 67 31 71 94 93 26 33 89 41 24 8 18 50 43 78 83 80 59 77 86 70
43 80 85 3 33 39 22 90 63 95 81 28 77 16 37 92 8 98 61 24 31 62 13 2 71 15 5 7 6 34 51 45 19 41 27 30 18 56 17 20 79 48 25 44 14 53 75 60 11 67 57 87 69 40 35 36 23 89 26 47 54 64 4 42 1 72 97 82 96 46 83 59 21 9 99 84 32 55 68 76 88 58 29 73 38 66 12 49 52 86 10 70 78 91 100 93 94 74 50 65
92 76 37 32 74 11 45 18 99 53 51 13 86 5 10 68 52 80 31 25 24 57 38 22 34 41 77 70 29 94 14 30 16 56 43 55 33 84 60 64 96 69 67 83 4 79 39 62 71 50 35 47 72 23 12 44 59 40 93 49 6 61 42 2 15 17 78 66 27 8 63 58 89 91 88 65 75 90 48 36 26 54 100 95 19 3 82 20 21 1 9 85 87 97 98 28 7 73 46 81
100 93 31 45 92 28 66 22 79 39 40 32 81 9 7 62 24 63 29 59 97 38 30 65 69 58 44 2 19 51 37 17 86 47 60 73 21 64 72 15 8 25 16 33 96 70 71 36 34 48 26 88 54 50 6 89 11 53 82 91 12 42 76 1 35 3 74 99 43 13 87 85 75 46 14 56 80 10 41 61 49 90 95 20 27 57 67 18 4 84 5 77 98 83 78 94 23 55 52 68
69 96 18 22 6 38 63 21 64 57 36 27 8 62 53 25 35 26 73 41 75 17 15 7 2 32 30 39 52 86 28 47 34 10 90 19 37 88 45 61 54 42 31 72 71 1 43 58 87 40 3 99 9 92 74 20 16 77 48 84 49 29 70 66 4 50 91 93 23 60 65 81 55 68 95 33 44 89 12 78 11 94 76 85 24 98 14 5 13 100 97 83 79 56 80 46 82 51 59 67
73 58 46 14 47 89 30 17 87 26 38 24 59 75 62 12 57 44 79 67 60 81 74 86 72 11 96 6 68 28 2 22 9 7 23 35 71 55 54 34 19 43 37 32 52 25 78 45 16 18 53 98 5 65 8 3 91 41 56 94 20 1 82 97 39 85 27 50 33 21 31 51 90 66 4 42 10 76 95 15 64 77 84 83 36 49 13 99 100 70 93 63 80 48 88 92 61 40 29 69
87 21 51 48 62 9 91 33 81 44 47 71 38 37 12 17 13 55 11 82 63 83 61 76 46 100 70 26 7 41 8 24 2 84 30 53 23 96 79 88 57 36 78 85 95 10 67 35 86 1 20 50 29 15 58 31 25 99 5 42 40 60 92 74 19 34 4 89 6 66 97 18 68 69 28 54 43 77 3 98 27 16 22 45 52 64 80 94 93 65 90 32 75 72 49 73 14 59 39 56
32 41 82 20 24 42 56 40 80 18 44 16 47 12 52 10 6 36 70 64 30 15 96 3 92 23 54 60 9 90 83 50 88 14 76 25 27 89 46 58 93 95 4 78 45 77 7 66 26 99 38 68 61 29 59 13 5 98 17 75 1 2 57 94 11 19 63 100 21 33 48 39 51 35 85 22 34 73 31 28 97 72 53 67 81 55 8 84 86 74 91 65 69 43 79 49 87 71 37 62
5 15 27 25 53 63 52 79 95 6 85 70 60 78 43 18 44 23 80 62 3 8 65 33 55 35 82 1 17 42 91 26 68 46 32 83 4 49 31 14 59 72 66 99 39 93 89 22 2 11 88 16 100 9 19 98 90 67 97 12 13 57 24 48 92 20 75 36 84 10 37 74 40 28 96 76 30 69 87 86 73 81 34 54 50 56 7 51 29 61 77 21 64 94 71 38 58 45 47 41
28 50 33 13 18 91 70 7 14 36 41 12 65 53 54 16 73 29 37 57 74 34 87 8 95 30 4 81 88 89 96 20 51 97 3 82 47 83 26 99 77 27 98 93 19 68 79 100 10 44 15 92 21 45 23 43 94 39 85 40 90 17 31 72 75 1 32 86 69 9 25 48 49 56 78 66 22 63 35 2 5 64 80 38 60 11 6 76 84 52 62 59 67 55 58 71 42 46 24 61
90 5 62 39 100 95 28 78 18 86 15 51 87 74 14 84 27 97 2 35 79 88 93 64 25 80 75 76 96 72 41 7 36 55 9 85 83 98 47 94 99 6 30 22 69 67 63 3 57 92 1 91 66 81 16 54 89 34 73 82 4 24 71 26 38 59 29 70 11 61 12 42 8 50 32 13 23 68 52 37 19 10 33 44 20 48 65 56 46 17 40 53 58 21 77 60 43 49 45 31
48 37 73 30 65 88 55 11 58 71 64 31 9 70 47 81 69 1 96 61 83 74 85 56 68 82 93 90 66 17 4 12 46 32 52 5 80 34 24 89 41 67 72 63 99 42 33 97 92 94 13 78 50 77 84 16 28 87 44 8 7 49 20 18 76 14 95 43 79 39 100 29 10 27 75 23 6 2 60 25 86 62 19 40 21 59 38 15 91 53 57 22 54 35 45 36 51 3 98 26
52 98 81 70 73 19 90 57 71 77 9 54 33 25 89 14 32 78 39 30 22 96 31 72 88 76 56 67 55 1 95 23 5 82 80 92 99 91 18 65 100 93 28 97 86 41 83 13 66 69 21 27 84 6 37 63 45 74 50 10 94 7 68 16 62 79 15 64 35 12 85 75 87 34 29 3 4 61 42 60 36 49 59 53 58 51 26 43 11 44 2 20 46 17 48 47 40 8 38 24
40 86 79 84 68 72 88 76 32 98 90 99 63 67 80 97 85 66 93 96 33 95 28 17 89 1 35 38 58 91 82 100 73 77 75 74 53 94 61 45 30 4 18 87 59 64 60 56 43 78 39 41 83 62 65 51 55 52 37 70 2 22 47 46 34 6 81 26 50 24 7 69 44 54 48 8 71 27 13 57 15 14 12 5 49 16 20 42 23 11 21 3 29 36 10 31 25 9 92 19
4 8 44 87 99 70 71 1 47 72 62 96 57 80 5 89 92 45 98 95 18 51 7 68 60 75 49 46 13 36 78 73 97 37 58 39 88 69 81 85 66 29 100 84 17 56 9 79 20 25 61 55 76 74 14 94 93 12 31 67 77 53 90 27 64 10 86 30 34 26 82 50 32 6 24 21 48 59 63 65 23 43 38 22 33 54 91 3 28 35 83 19 42 16 40 11 41 52 2 15
10 20 55 74 96 69 67 93 75 37 78 1 79 60 72 66 89 92 7 80 40 58 4 88 100 46 68 31 94 49 25 98 61 35 70 99 87 54 3 81 15 33 43 19 48 9 45 11 52 30 41 64 13 59 91 90 86 82 42 56 71 32 28 76 84 95 62 73 8 16 34 65 83 38 17 36 21 44 22 24 77 39 50 6 57 47 5 26 51 2 53 14 18 12 63 27 29 85 97 23
14 97 96 98 41 76 94 34 52 56 20 80 31 28 81 60 53 38 13 86 4 36 42 12 57 68 39 66 73 82 70 67 75 71 51 72 89 77 95 47 11 16 35 10 64 78 9 23 93 62 83 61 84 43 29 33 6 85 49 48 69 15 54 7 74 63 18 87 37 32 21 19 91 3 8 92 40 46 26 88 59 44 58 65 25 45 90 55 79 50 24 1 17 5 22 30 2 100 99 27
95 42 87 91 25 36 75 62 58 76 46 67 13 38 23 43 30 3 28 21 19 5 94 74 98 77 73 57 83 22 93 56 72 4 1 78 50 52 84 9 20 79 92 71 29 100 51 65 68 49 33 34 35 81 17 69 89 70 7 48 66 59 16 8 27 82 53 60 85 37 96 2 54 39 55 61 90 88 47 45 24 31 86 99 10 40 11 14 64 6 12 97 41 80 26 15 32 44 63 18
89 11 43 38 52 31 28 66 16 20 72 95 3 57 47 84 59 71 25 53 56 78 26 23 42 4 67 48 10 32 81 44 97 30 100 76 55 54 27 36 75 51 61 17 65 50 21 68 58 77 86 37 40 99 93 8 74 15 92 80 87 7 46 41 90 94 18 24 88 98 29 64 5 62 73 69 39 22 9 82 6 63 49 70 12 35 85 45 60 91 83 2 33 1 19 14 34 79 96 13
12 16 34 7 26 4 51 69 33 75 93 72 61 3 30 36 90 19 63 65 59 23 14 40 27 91 64 55 67 46 89 31 20 22 95 96 13 44 85 24 25 66 56 45 32 74 18 94 84 87 6 73 80 42 62 86 58 17 39 97 60 21 49 54 71 79 57 2 68 53 77 47 29 48 83 8 41 9 37 5 50 35 70 52 100 28 99 81 78 98 1 43 38 82 15 10 88 92 76 11
43 52 44 40 29 33 37 39 46 41 96 90 20 48 31 26 74 11 27 6 32 13 82 21 19 66 58 59 42 78 55 10 5 53 63 64 61 80 75 28 65 68 23 54 22 97 24 93 73 88 51 3 36 8 70 34 4 49 89 56 38 67 35 76 7 62 17 30 77 79 83 87 71 9 50 91 84 81 2 85 15 25 16 98 57 18 72 1 45 69 86 14 60 100 99 47 92 94 95 12
78 59 67 85 94 64 42 76 83 86 1 51 21 47 19 32 37 22 57 90 27 30 2 17 26 98 9 54 89 84 87 99 46 25 18 48 40 61 69 3 62 38 28 56 31 65 55 13 74 8 50 10 66 41 39 49 75 45 60 44 11 71 35 20 52 36 33 80 63 6 23 70 92 73 29 77 79 68 15 72 43 24 4 16 95 5 58 82 12 14 53 100 7 88 81 34 96 93 91 97
21 46 55 60 68 25 47 50 15 69 98 80 82 66 24 49 88 72 20 43 78 71 70 36 58 65 35 76 92 87 100 7 54 23 29 13 34 3 16 39 48 28 33 14 59 9 99 8 30 38 44 40 77 6 18 19 53 63 45 79 4 41 12 32 86 11 10 51 37 26 62 75 93 27 73 5 81 52 83 64 42 17 85 74 56 22 31 61 89 67 57 95 2 84 96 1 91 97 94 90
17 85 65 80 45 48 54 36 53 21 37 91 96 64 51 67 28 84 14 19 7 16 71 62 33 86 61 40 20 26 94 11 6 77 2 18 22 31 23 27 73 55 59 57 72 75 30 79 76 24 66 25 58 3 60 34 32 35 43 52 46 15 50 39 38 10 49 70 29 74 88 41 87 47 98 13 95 9 8 44 12 4 42 97 100 90 1 69 83 89 56 93 5 63 92 99 81 68 78 82
22 32 16 37 75 84 14 72 24 35 69 54 4 20 71 60 21 64 68 26 42 7 5 11 6 76 19 18 15 2 44 27 29 48 39 12 56 57 3 40 31 30 80 63 85 34 53 49 65 33 28 73 55 83 25 9 45 13 36 38 61 58 17 46 88 66 62 23 95 51 59 82 52 78 90 98 67 91 47 97 92 50 10 1 89 94 100 43 70 8 81 41 99 93 87 74 77 96 79 86
65 31 3 69 82 14 61 89 81 77 54 21 37 58 13 44 80 53 19 28 98 6 16 25 47 46 49 23 22 68 50 56 33 51 75 34 63 26 38 78 30 7 18 41 35 29 60 9 45 27 4 91 39 2 24 67 20 66 12 93 42 43 8 88 84 96 5 40 10 59 52 15 62 90 92 32 74 71 100 95 36 1 11 64 83 70 48 57 72 99 55 94 17 79 73 97 86 87 85 76
52 10 17 31 60 20 3 69 45 48 64 5 30 80 11 83 7 47 62 79 16 49 9 53 40 66 76 15 25 22 46 39 4 13 51 44 73 32 59 6 50 35 21 75 42 26 33 72 57 58 41 70 43 68 27 14 29 19 55 24 94 54 63 65 28 95 100 71 36 91 56 37 38 81 8 2 12 88 97 1 89 93 98 34 86 87 96 74 61 78 99 92 18 77 67 23 84 82 90 85
92 37 35 9 63 13 67 68 55 66 45 84 22 25 49 29 53 56 87 83 85 32 47 64 74 73 11 12 27 71 4 43 41 5 52 2 54 23 14 95 28 3 42 6 38 48 70 34 17 69 39 97 60 58 16 86 46 59 33 7 62 24 21 10 18 100 79 81 65 93 51 88 36 15 94 57 98 1 19 96 20 99 30 40 82 72 50 78 26 76 61 90 89 44 8 91 80 75 77 31
36 57 58 61 32 66 60 16 96 68 37 38 49 74 64 4 81 80 76 48 82 46 3 18 41 25 33 87 30 13 11 6 55 8 9 28 45 50 42 26 65 24 86 5 47 21 19 75 52 7 69 78 22 44 56 63 31 73 83 88 84 94 2 59 100 27 95 34 67 92 12 77 98 43 17 89 97 23 15 79 99 35 1 10 29 51 39 53 85 93 54 20 91 14 90 40 62 70 72 71
16 8 88 6 65 18 55 28 64 25 13 30 91 36 3 82 38 14 5 63 49 84 92 45 52 4 32 56 79 43 21 61 50 40 42 17 31 20 81 7 34 46 24 35 87 15 77 41 29 47 58 11 23 70 68 62 37 75 10 69 2 93 100 95 51 48 90 26 97 98 99 1 27 72 9 19 89 83 22 33 59 57 94 96 73 67 74 39 66 71 12 86 60 76 85 78 53 54 44 80
38 6 1 12 20 26 50 62 60 45 3 25 66 33 86 70 32 18 23 53 44 75 100 37 31 29 68 28 95 15 36 80 83 4 59 21 93 39 47 94 24 64 34 22 13 67 27 2 19 5 40 55 88 11 57 30 98 74 81 8 7 87 16 52 48 42 89 43 46 17 49 14 10 99 91 97 77 61 90 71 96 69 73 35 9 79 84 56 92 85 63 82 58 54 65 76 41 72 51 78
69 73 5 33 36 67 21 78 80 92 10 31 50 43 63 76 2 27 39 6 15 20 12 60 85 91 88 61 86 26 9 49 62 38 24 29 52 77 66 51 47 58 14 97 34 90 83 7 23 19 1 37 4 35 46 95 28 3 32 25 100 40 71 93 89 41 87 22 13 18 98 8 99 94 70 96 16 53 57 81 82 84 72 55 65 54 45 75 79 11 42 30 56 17 48 44 68 64 74 59
31 13 61 49 23 30 20 48 32 84 91 11 17 41 45 33 55 7 34 47 51 93 57 28 90 77 2 4 65 46 99 98 35 70 12 60 5 72 68 73 40 10 83 86 67 36 42 21 97 100 6 53 24 37 71 8 56 94 38 16 43 95 81 18 66 9 76 87 15 1 22 78 3 82 89 39 19 92 96 74 52 44 54 14 26 59 79 85 69 58 25 88 62 50 63 75 64 29 80 27
10 47 62 8 11 22 5 9 79 93 76 33 77 35 27 30 69 95 32 86 12 29 89 56 18 71 85 80 14 16 25 72 15 54 98 63 68 75 91 23 41 94 90 38 88 65 97 6 1 49 81 13 7 59 100 4 48 55 20 36 21 3 37 19 44 57 96 2 24 99 84 61 26 74 67 87 82 78 83 60 50 34 28 92 64 31 73 45 46 66 51 17 42 39 40 70 52 43 58 53
55 76 36 30 67 57 40 10 13 5 9 22 6 34 14 91 66 70 12 54 89 33 79 48 16 43 53 58 37 4 52 41 31 74 86 8 19 59 24 35 83 78 45 28 26 18 98 97 88 32 65 95 62 25 20 17 7 81 100 64 82 90 47 27 21 93 84 3 44 85 92 99 94 49 69 50 1 11 2 80 56 60 96 72 71 61 77 38 15 46 73 23 39 87 42 68 51 63 75 29
14 20 34 10 31 88 75 4 71 37 62 86 81 46 56 1 77 78 53 89 39 22 19 44 66 98 48 8 74 55 93 58 36 21 95 3 7 33 6 17 49 85 97 73 28 41 100 82 30 43 67 64 50 94 38 90 79 23 15 63 5 83 9 16 76 84 25 60 99 96 87 72 69 92 2 12 11 59 52 26 24 32 91 61 68 35 27 47 51 45 18 80 54 29 70 13 40 65 42 57
59 61 65 63 4 86 38 11 8 15 28 36 76 89 34 48 67 46 17 31 62 42 68 39 64 75 78 3 96 18 33 51 40 94 87 7 50 14 32 44 95 6 27 49 93 100 12 30 37 9 16 90 70 1 99 88 43 25 98 82 60 92 29 81 91 83 22 10 26 84 35 97 79 57 54 85 71 80 74 56 72 24 69 5 45 58 53 55 13 2 20 19 52 23 77 41 21 47 73 66
40 19 60 62 7 29 4 91 36 16 31 77 100 44 88 20 27 30 38 58 99 65 45 85 25 64 67 5 73 2 41 33 72 81 70 15 1 35 95 97 9 52 23 11 6 98 39 48 68 93 37 43 12 28 53 94 83 51 13 87 56 84 90 8 34 59 3 24 74 46 54 92 17 26 42 82 96 66 10 57 86 50 63 89 49 75 69 80 78 55 32 79 21 22 76 14 18 61 71 47
89 38 50 75 90 95 23 12 91 33 96 93 14 29 4 8 71 1 26 35 43 28 97 20 82 94 24 64 100 32 54 57 52 55 13 31 39 42 18 84 63 98 72 87 9 78 88 56 59 3 21 85 6 67 37 27 60 34 99 92 80 49 61 51 25 74 86 44 17 62 2 69 81 79 5 11 7 30 73 10 83 70 77 65 46 45 41 66 76 40 19 53 22 16 15 36 47 58 68 48
4 40 23 34 59 44 71 66 17 72 93 99 97 22 2 54 68 8 98 12 91 64 25 16 28 13 3 41 81 67 24 5 39 79 19 86 38 36 61 89 55 45 56 100 15 20 75 74 58 94 33 1 83 57 11 84 95 88 27 78 50 32 80 92 87 7 21 85 51 82 30 29 96 14 31 6 52 47 42 35 77 49 9 90 76 18 62 70 63 73 10 37 46 65 43 60 48 53 69 26
39 69 6 42 22 62 49 50 35 4 97 67 32 10 85 13 58 91 66 65 36 21 52 12 89 7 20 88 80 37 56 2 43 29 17 51 83 1 84 41 90 76 100 98 30 33 94 5 54 8 18 82 93 86 92 16 74 46 95 27 81 25 87 45 96 77 99 14 40 61 11 73 72 59 24 48 53 57 78 68 70 23 31 79 55 63 71 9 60 44 75 47 3 28 26 64 34 38 19 15
8 66 64 79 38 37 6 34 57 29 20 59 12 72 44 19 74 63 91 16 17 68 39 5 75 51 36 52 94 49 18 32 61 53 97 26 88 98 30 1 100 47 55 25 99 45 86 46 84 71 9 27 56 89 95 78 93 31 77 70 87 85 96 82 54 92 42 4 80 24 14 23 73 2 83 3 76 58 67 65 69 13 90 81 62 28 10 15 21 50 11 48 7 35 22 33 43 60 41 40
7 28 73 11 89 56 15 59 18 71 78 58 85 19 46 52 26 31 41 13 72 9 35 34 100 97 27 37 84 17 94 67 44 82 1 5 24 12 98 90 21 99 30 95 79 8 6 3 93 88 92 74 2 80 96 10 81 38 87 43 25 91 50 86 77 53 29 83 20 42 69 66 14 22 76 60 33 48 63 70 16 68 61 49 39 47 65 54 64 23 40 75 55 51 62 4 45 32 57 36
77 56 87 99 28 90 39 57 63 49 52 20 72 84 22 35 93 96 8 32 29 67 54 88 97 92 7 83 36 1 55 4 60 58 100 95 98 94 89 65 12 17 41 82 75 50 71 70 13 30 24 34 59 74 66 85 2 14 80 68 79 45 86 38 69 76 81 73 11 16 15 40 42 6 61 26 62 46 25 47 48 10 5 78 33 19 51 31 91 43 9 3 44 21 53 18 27 37 64 23
24 29 71 84 44 73 88 19 100 56 46 3 64 8 40 14 59 28 75 98 79 95 41 69 51 48 94 35 1 36 72 37 23 32 62 9 99 13 60 67 92 82 17 21 83 74 93 81 20 77 61 5 85 87 97 91 86 96 58 90 66 76 78 7 80 4 11 31 2 65 63 68 22 89 25 27 70 34 16 18 6 15 26 57 30 10 55 42 54 53 47 38 43 52 45 50 39 49 12 33
48 88 10 70 46 92 19 90 73 62 61 43 78 85 95 66 41 83 81 91 57 1 93 4 7 82 59 9 97 45 50 100 38 71 96 98 89 2 44 49 99 60 20 94 65 42 29 80 72 25 87 23 52 77 86 69 8 79 51 28 27 63 68 84 74 14 15 13 55 64 76 31 67 53 75 58 17 36 33 54 18 11 47 3 21 40 56 26 12 30 22 6 16 24 39 34 37 5 35 32
62 5 85 87 19 60 94 97 4 98 95 81 68 70 57 71 100 6 82 30 58 25 69 90 23 28 39 27 55 53 1 12 75 22 88 99 80 86 11 59 84 93 43 8 78 96 20 31 91 92 83 61 16 76 33 47 21 56 73 3 74 77 45 89 72 29 65 17 79 32 10 7 66 54 50 44 14 38 26 40 37 63 67 41 51 48 35 49 52 42 46 18 13 64 34 15 36 2 9 24
75 98 81 4 79 45 83 99 62 100 32 7 27 55 66 89 23 74 96 61 86 97 20 1 44 16 90 69 58 87 42 59 78 37 80 72 95 9 76 93 38 2 82 68 40 94 43 65 92 12 84 15 91 26 49 51 88 57 50 67 18 48 28 85 13 54 8 77 73 53 47 52 56 70 11 46 3 22 21 14 33 39 64 63 34 25 17 60 24 29 5 71 41 36 6 30 35 31 10 19
90 64 83 74 42 3 58 81 87 82 69 49 36 76 16 93 47 40 18 95 54 88 80 24 61 1 13 53 71 78 89 23 98 25 26 75 94 79 99 100 97 92 96 34 86 60 15 20 43 72 85 84 37 10 65 5 41 11 68 66 51 9 77 14 56 2 73 91 12 39 50 67 28 63 52 55 57 45 29 17 30 62 59 6 19 7 4 44 48 35 70 46 38 33 27 31 32 8 21 22
73 94 28 95 71 21 89 3 65 63 72 44 8 14 61 56 40 67 93 66 88 98 29 92 1 68 25 17 13 79 100 77 96 35 36 39 86 81 97 82 53 74 87 9 37 83 85 4 90 51 80 49 99 20 31 57 84 91 59 76 48 78 11 5 30 75 54 55 34 52 64 50 70 10 62 38 46 27 60 58 19 43 33 22 12 6 42 7 47 32 41 69 2 15 24 45 16 26 23 18
30 80 22 5 48 65 100 82 99 88 1 72 90 96 59 64 89 73 51 15 76 70 95 55 98 14 97 93 56 83 77 63 79 86 31 91 67 58 45 11 94 44 81 92 66 85 61 52 74 78 13 60 57 19 84 75 6 87 71 10 23 69 39 17 62 16 46 18 50 35 26 42 8 24 34 68 47 7 54 49 38 4 2 53 20 27 28 41 40 9 43 25 37 12 33 32 29 3 36 21
19 92 75 39 99 98 41 42 38 28 15 94 10 67 60 81 76 66 2 100 1 43 63 97 96 57 86 49 69 84 95 91 85 59 48 93 82 71 72 12 45 88 35 80 68 52 74 78 73 61 62 65 53 36 90 58 87 20 37 89 77 31 54 79 24 47 70 32 56 8 18 13 83 50 55 51 64 14 9 46 4 7 40 44 3 29 22 6 11 17 21 26 33 25 23 27 30 34 5 16
53 17 89 77 73 100 68 55 95 99 60 96 69 30 79 97 85 98 36 1 26 74 88 59 63 80 56 21 83 72 39 46 82 52 94 81 90 78 93 91 58 67 92 43 84 71 57 51 66 87 75 29 86 54 2 45 18 76 70 35 64 37 49 62 33 28 61 6 42 50 24 65 41 7 15 47 23 44 13 12 32 40 19 48 10 9 25 20 3 4 38 5 34 11 16 22 31 27 8 14
100 4 96 78 97 79 35 1 89 83 98 52 84 31 94 95 64 10 56 50 71 27 36 72 88 65 93 42 54 75 81 82 99 90 73 85 87 69 49 92 80 91 74 77 43 51 63 61 70 62 86 38 48 21 67 76 57 16 66 5 15 59 30 26 47 46 55 68 8 29 39 60 44 34 20 41 45 32 37 53 23 17 12 33 58 22 18 3 14 28 2 9 24 7 19 11 25 6 40 13
86 97 90 98 100 49 92 67 19 85 83 88 87 93 75 99 63 65 1 80 95 96 84 74 68 59 81 94 51 60 82 73 77 30 72 66 44 91 17 79 71 56 61 70 55 64 52 27 69 76 89 35 26 62 78 54 40 47 46 15 53 22 13 31 50 6 45 8 16 37 58 33 57 41 48 23 42 29 36 25 21 14 18 7 38 43 9 5 28 20 39 34 32 2 4 10 11 24 3 12
87 93 79 89 80 94 90 77 82 95 100 62 88 98 74 92 1 97 84 96 83 85 99 67 38 72 73 50 66 91 78 60 17 75 68 58 53 46 86 76 10 40 57 48 49 56 37 42 35 54 70 81 71 52 51 61 27 69 6 65 63 33 20 47 55 44 59 64 22 12 13 34 43 36 21 15 4 31 7 19 45 25 39 28 41 26 32 18 23 3 24 8 29 5 14 16 9 11 30 2
65 96 100 97 87 83 62 93 85 1 99 95 86 27 89 88 98 50 55 94 80 66 90 77 59 78 75 91 48 82 70 79 73 42 58 92 74 34 67 43 52 39 51 84 81 57 76 44 61 60 56 28 49 38 47 33 71 72 24 54 69 53 46 36 64 30 26 7 45 13 68 63 32 40 41 20 6 12 8 37 35 31 23 21 25 5 3 14 4 16 29 22 19 9 10 17 2 15 18 11
95 86 91 96 98 80 57 51 76 94 90 1 99 59 93 58 92 88 45 97 84 79 78 68 60 85 100 34 49 81 87 62 89 83 82 74 77 67 36 42 66 70 54 64 69 40 72 24 65 37 50 41 73 47 63 52 55 22 44 21 71 46 12 75 29 61 53 33 35 38 27 56 31 19 32 25 26 2 30 9 28 48 43 11 18 16 15 23 39 6 17 10 14 8 7 3 13 20 4 5
