399309 361933 328246 298400 326993 313959 284405 265552 246492 246169 203361 203948 179294 181036 165868 179063 175308 164832 166154 161547 162334 157172 156301 147779 149127 136352 114131 117146 119427 107701 112205 112149 105111 99580 100909 95039 93511 91006 85278 88610 78580 77293 76619 71063 71684 70250 71684 68032 66722 65456 57952 57480 52815 56358 51338 54463 51762 48974 47439 46812 43929 45252 41519 42613 41519 39924 38095 35744 32983 32571 32983 30563 30466 27116 27304 28388 27116 25787 24935 24663 22569 23438 22312 21170 22110 20889 20788 19425 18889 18175 16249 18100 16771 16813 16382 15836 14783 14333 13732 14118 12976 13336 12154 12541 11410 11905 11740 10947 10956 9973 10393 10246 10200 9234 9105 9262 9095 8730 8486 8414 7909 7920 7871 7304 7324 6654 6887 6524 5913 6295 5512 5372 5679 5249 5477 5524 5436 5236 5051 5056 4747 4758 4753 4387 4610 4155 3794 4055 4004 3701 3464 3487 3463 3216 3304 3280 3166 2956 2762 3017 2729 2628 2536 2387 2260 2296 2359 2219 2185 2105 2127 2063 1884 1900 1901 1855 1734 1696 1736 1616 1582 1555 1432 1456 1364 1372 1403 1289 1322 1290 1287 1211 1206 1053 1084 1117 1029 999 1041 995 970 893 874 921 853 867 807 792 730 761 737 663 641 718 646 614 623 619 584 558 540 514 528 530 470 462 477 450 449 426 433 403 390 385 371 367 347 357 353 348 325 322 307 296 281 300 282 271 282 262 267 251 245 242 242 232 232 209 214 210 195 209 195 195 180 176 177 174 162 165 163 154 148 144 143 131 133 131 124 130 123 118 118 101 106 98 96 98 89 92 90 89 82 84 81 78 75 77 70 71 70 64 67 62 63 62 58 59 57 52 50 52 50 48 49 45 45 44 44 43 43 40 41 38 39 38 38 38 32 34 30 30 31 30 29 29 27 26 27 25 25 25 25 23 23 22 21 20 20 18 17 18 16 16 16 16 15 13 15 14 14 14 13 13 12 12 12 12 11 11 11 10 10 10 10 10 9 9 9 9 8 8 8 8 7 8 7 7 7 7 6 6 6 6 6 6 5 5 5 5 5 5 5 4 4 4 4 4 4 4 4 4 4 3 3 3 3 3 3 3 3 3 3 3 3 2 2 2 2 2 2 2 2 2 2 2 2 2 2 2 2 2 1 1 1 1 1 1 1 1 1 1 1 1 1 1 1 1 1 1 1 1 1 1 1 1 1 1 1 1 1 1 1 1 1 1 1 1 1 1 1 1 1 1 1 1 1
1 68 91 45 62 93 14 50 96 88 71 28 63 53 10 42 75 66 31 23 32 87 69 59 73 78 92 13 86 16 49 54 15 81 8 85 72 74 52 94 99 40 11 89 44 37 80 17 9 22 57 51 90 12 83 39 84 77 76 97 38 95 35 70 27 46 6 98 82 5 21 47 43 34 55 64 2 4 33 79 25 36 19 41 18 24 26 7 30 48 61 58 65 67 60 20 3 56 100 29
19 18 38 41 37 71 12 64 63 77 52 44 68 78 33 99 70 94 90 84 55 75 69 4 40 96 43 25 46 11 10 53 83 9 30 92 54 80 48 57 61 58 7 23 29 85 34 32 62 22 87 72 35 39 95 45 100 6 86 88 15 8 82 28 89 79 50 14 91 13 66 59 98 24 67 97 31 5 20 36 74 60 47 93 1 51 49 16 73 21 65 42 76 3 26 2 17 27 81 56
14 18 22 94 20 37 42 26 3 8 77 89 95 5 21 51 57 49 65 90 75 50 68 91 97 88 71 70 15 96 69 24 82 48 85 74 93 81 13 79 72 56 98 62 54 31 76 2 35 100 73 33 44 9 86 7 19 36 59 16 78 99 66 47 64 67 83 32 4 39 84 63 58 34 92 60 46 45 52 27 61 41 80 6 29 23 43 25 87 17 38 28 40 30 55 1 11 10 53 12
35 88 21 68 37 64 48 100 82 94 83 16 17 60 93 52 22 29 59 70 87 15 66 78 89 79 92 77 20 98 80 31 50 25 40 13 3 90 43 63 47 97 49 5 86 24 53 73 75 7 96 62 12 69 14 34 81 42 99 84 23 76 2 8 36 45 6 55 58 27 56 28 72 57 54 65 30 4 26 46 9 38 91 10 18 85 44 71 19 74 51 39 33 11 41 67 95 1 32 61
63 97 31 87 23 19 50 74 64 79 3 69 14 73 71 59 41 24 61 6 11 81 29 80 95 16 55 43 17 32 75 34 66 72 92 26 57 67 58 89 8 100 83 98 53 56 60 85 84 38 70 44 28 39 54 48 21 35 68 40 2 47 37 49 82 88 51 42 1 5 65 20 90 86 78 46 77 62 9 15 52 30 18 4 96 27 94 12 91 25 7 76 13 33 36 93 10 99 45 22
98 84 25 14 63 75 52 42 57 6 17 66 15 99 96 45 2 85 1 22 46 76 95 4 51 38 39 70 33 68 72 35 90 43 27 73 71 89 91 3 36 19 21 93 88 37 49 9 92 62 100 10 8 83 20 53 97 87 54 31 16 59 5 58 79 65 29 50 18 23 69 67 7 56 12 77 26 81 32 30 34 47 44 41 78 24 48 74 64 28 60 11 80 61 13 94 40 86 82 55
24 92 83 99 78 33 87 82 84 71 76 70 60 52 94 15 80 86 39 62 58 23 64 100 49 19 79 38 31 77 20 57 30 88 44 96 56 66 75 48 7 46 25 6 43 5 9 17 97 27 21 35 53 45 32 29 47 59 89 67 11 1 26 37 54 81 18 95 10 14 13 93 4 72 74 90 42 63 22 40 8 68 41 51 12 36 65 73 3 69 61 55 91 34 2 50 85 16 98 28
45 68 97 33 65 4 89 50 60 30 96 84 22 39 87 85 43 36 16 70 13 58 28 44 34 41 86 15 5 56 47 26 94 59 74 64 91 95 82 51 76 61 75 14 20 18 80 7 27 32 40 92 52 99 17 55 79 8 100 24 42 31 49 62 88 46 37 25 12 73 21 98 9 3 77 29 66 10 71 38 6 1 72 11 19 90 78 93 35 57 54 83 63 48 69 2 23 81 67 53
50 48 2 24 29 88 12 93 96 34 92 87 81 68 91 28 66 39 80 9 17 13 69 40 14 49 98 44 16 51 6 72 38 56 55 1 54 21 47 7 22 78 11 71 27 43 94 77 83 4 79 65 86 26 30 33 53 52 64 97 61 99 45 70 42 67 74 89 57 76 62 37 35 18 95 10 36 15 46 3 25 41 8 90 5 63 58 75 85 23 31 84 100 20 60 59 19 82 32 73
5 47 73 56 57 24 6 83 3 81 70 41 68 75 88 27 94 12 55 54 33 8 2 67 80 93 96 32 92 37 87 29 78 45 38 86 61 84 22 58 97 9 49 25 21 90 76 46 15 91 82 23 10 13 44 64 65 40 35 1 48 4 71 95 69 36 85 66 89 74 31 42 77 11 52 34 51 50 7 79 63 72 100 62 30 98 53 60 39 18 16 28 19 14 59 43 17 99 20 26
15 96 72 11 30 58 78 60 63 41 54 51 25 53 74 49 31 50 70 94 62 10 68 14 13 44 69 39 45 65 100 21 3 61 82 7 92 46 37 80 99 47 77 1 42 38 55 2 40 66 87 33 4 84 18 52 19 43 76 12 83 26 81 79 71 24 16 85 27 97 93 28 91 75 90 20 22 8 95 73 36 59 67 29 9 86 34 57 5 17 56 64 32 88 98 23 6 35 89 48
35 4 63 13 44 92 88 21 73 74 29 34 83 9 14 99 42 6 48 38 49 80 26 17 46 32 71 45 70 59 3 2 76 27 89 69 82 67 90 47 20 87 95 64 96 94 22 12 93 79 91 5 72 100 1 81 56 37 77 62 53 36 31 61 43 39 52 65 75 16 98 11 78 23 55 50 54 19 8 58 10 57 33 86 68 41 18 7 30 97 85 15 24 66 25 28 51 84 60 40
20 55 66 34 87 53 99 65 19 11 2 91 50 1 38 18 92 43 15 40 73 72 36 82 25 30 9 77 41 57 28 76 29 58 16 59 60 90 81 23 31 85 61 63 32 6 68 95 35 93 84 69 56 21 62 80 75 14 39 44 7 46 89 97 26 5 12 27 54 8 74 52 10 71 4 42 3 83 33 17 79 98 24 37 88 45 49 51 13 47 48 70 64 22 67 86 100 96 94 78
29 81 42 50 98 43 65 33 90 88 10 12 70 93 58 96 7 71 18 78 16 79 56 59 83 75 91 54 17 66 40 87 72 44 95 77 35 39 53 30 14 5 86 23 9 51 85 97 31 63 45 13 3 67 15 38 36 99 55 21 74 2 22 28 94 11 27 8 20 84 80 25 1 37 64 24 62 4 49 82 68 60 52 73 34 19 26 32 41 76 57 92 89 100 46 48 69 6 61 47
76 36 81 22 73 1 85 26 94 15 7 96 2 83 63 60 51 44 31 3 80 69 58 54 55 45 57 66 8 13 19 12 71 95 49 25 72 16 38 17 92 14 40 42 23 82 62 91 100 4 32 29 90 79 6 35 78 77 30 88 97 84 27 46 59 20 24 43 93 65 10 47 28 98 75 21 52 39 48 53 99 89 37 61 18 11 56 64 50 34 87 74 33 70 41 67 9 5 86 68
40 73 21 71 33 7 61 94 24 25 87 42 16 14 62 100 12 68 90 98 63 97 1 31 17 78 10 95 23 54 4 65 81 48 75 55 67 43 93 22 19 74 56 44 26 86 34 96 60 6 46 72 18 59 83 39 5 66 41 77 64 49 11 2 9 84 15 88 38 85 82 76 57 58 37 13 29 20 79 36 69 52 89 53 51 47 30 70 8 99 92 50 28 35 45 32 91 80 27 3
64 11 93 51 37 31 10 74 30 18 6 58 100 87 86 61 19 91 52 41 9 50 83 60 33 25 26 62 73 48 22 68 43 40 47 13 20 36 15 77 98 82 27 90 85 63 49 34 95 12 70 24 4 32 28 14 84 57 99 76 45 23 38 1 55 78 35 17 5 80 65 59 42 67 2 97 56 75 21 94 46 69 29 39 81 66 54 72 16 3 8 71 44 79 96 7 88 92 53 89
46 32 14 31 9 67 42 6 43 52 73 62 8 88 33 92 87 83 25 86 74 39 82 41 95 69 15 57 35 7 65 16 34 49 54 80 19 20 45 27 47 71 12 30 60 53 70 79 84 28 3 1 37 72 50 44 85 63 59 26 17 76 64 21 99 13 96 91 4 24 61 40 11 66 56 78 2 100 51 22 81 55 18 23 29 93 97 90 77 10 94 75 48 68 58 38 89 98 5 36
14 4 88 53 79 56 62 19 23 95 28 94 84 30 15 39 8 22 73 45 10 36 37 87 64 24 40 33 46 67 80 63 50 92 82 76 89 77 59 66 35 7 42 97 29 100 3 26 9 34 17 58 41 12 86 20 81 27 25 16 78 70 2 57 21 31 5 1 44 11 83 65 49 38 47 60 72 74 96 99 91 51 6 13 90 69 32 48 52 93 68 98 61 75 55 85 54 18 71 43
74 85 87 6 18 2 48 41 67 47 69 21 95 86 10 12 4 14 60 90 93 40 61 19 84 92 31 36 26 79 66 8 22 32 96 23 38 75 97 16 39 62 82 89 52 68 78 65 45 50 98 3 63 5 64 27 29 33 72 71 35 17 55 49 80 54 91 59 46 70 11 94 53 43 15 57 77 34 56 88 44 13 28 83 9 58 7 42 20 30 37 76 73 51 24 100 81 1 25 99
49 18 61 63 94 54 8 97 93 28 30 40 43 29 56 3 91 92 66 95 39 11 100 5 57 70 69 25 33 31 1 52 96 20 53 72 4 14 48 55 90 67 87 86 37 9 23 32 7 21 10 76 38 75 27 60 80 15 24 41 34 13 47 78 65 79 83 51 82 89 12 22 58 42 84 45 68 88 59 74 50 99 73 16 36 62 64 71 19 35 98 26 2 77 17 44 46 85 81 6
88 24 99 33 87 93 34 62 53 5 61 17 21 2 67 7 35 15 100 66 8 72 57 1 23 51 41 46 81 52 82 11 27 64 91 85 77 9 98 14 3 65 47 22 94 20 12 28 89 55 83 56 40 90 73 95 75 42 58 84 59 92 71 69 48 38 6 18 86 31 63 26 32 50 54 79 4 60 19 30 78 68 25 44 97 74 13 43 96 45 39 36 76 49 70 37 29 10 16 80
17 76 4 74 16 35 32 73 9 71 82 48 79 42 46 85 95 29 20 84 100 21 96 18 66 15 28 43 47 2 55 6 80 50 61 53 24 12 64 62 52 88 26 65 58 22 67 75 19 87 72 40 36 8 34 69 89 68 86 10 92 81 23 54 56 99 90 31 59 44 49 39 41 77 83 27 63 3 13 5 93 33 91 97 14 57 1 45 60 98 51 94 25 78 37 11 7 70 38 30
86 38 74 66 45 25 95 100 54 17 13 39 61 78 76 63 52 27 75 68 56 20 93 82 50 8 81 55 77 32 10 5 15 14 23 35 87 97 69 72 41 44 80 62 30 91 16 98 2 22 1 33 88 84 47 51 34 94 90 57 53 21 19 64 96 48 36 7 40 26 99 60 24 71 49 12 28 42 73 83 11 9 85 92 46 6 43 65 29 79 4 67 70 58 31 18 59 37 3 89
6 36 72 68 22 28 41 89 75 77 93 71 30 70 34 29 10 73 53 59 81 65 21 61 26 88 74 2 24 35 23 17 56 5 85 60 76 80 16 63 37 42 15 79 48 97 51 25 57 67 18 44 92 62 31 49 20 90 96 86 4 45 94 66 52 100 8 11 91 46 54 55 50 84 14 58 39 64 43 27 32 38 47 9 3 1 98 78 87 83 19 12 7 99 82 33 13 95 40 69
19 14 31 80 13 6 38 82 61 51 94 44 23 96 71 66 93 67 64 35 54 3 65 91 89 43 39 63 85 90 24 36 100 83 95 74 57 26 34 7 11 8 76 77 86 60 45 4 88 92 9 59 79 21 84 17 49 62 12 5 70 98 97 47 29 25 22 32 99 37 56 30 81 27 10 69 20 40 72 46 55 53 2 48 52 15 87 1 18 75 41 58 16 33 50 73 28 42 78 68
80 41 9 43 31 49 44 68 66 67 72 7 63 56 3 4 6 38 81 58 77 8 59 11 37 91 92 71 87 98 48 97 75 51 30 73 93 5 84 95 83 45 62 28 42 50 54 10 36 26 57 21 27 17 13 70 74 76 16 14 40 96 89 20 18 24 61 52 100 90 69 86 46 19 60 35 78 99 2 29 65 64 32 33 79 85 23 34 55 94 53 22 12 82 47 1 39 25 88 15
4 33 2 93 51 78 97 98 18 94 9 12 17 62 21 86 24 49 13 81 32 54 76 58 82 5 71 91 100 77 39 31 99 73 35 44 70 38 63 15 88 28 7 75 10 92 74 37 53 40 60 61 25 55 1 36 72 6 22 29 83 19 59 84 67 96 50 80 52 64 26 69 89 57 46 87 45 14 65 11 27 47 8 79 16 68 41 20 34 43 66 56 90 30 42 95 3 23 85 48
93 90 45 46 20 21 58 64 5 1 18 72 91 17 87 52 78 41 19 28 33 71 39 50 40 62 65 68 9 3 51 100 23 77 94 2 66 74 57 47 4 22 10 95 56 42 31 24 75 44 25 16 60 69 14 30 96 88 43 63 89 12 82 37 8 49 81 26 11 61 29 7 36 34 32 98 67 84 86 80 48 97 54 6 15 92 55 13 59 27 70 99 79 83 85 35 38 76 73 53
68 78 50 57 25 3 14 29 41 8 75 26 42 36 70 64 32 12 82 5 55 9 77 81 47 28 86 16 21 97 67 85 49 74 87 58 63 10 83 59 94 69 79 43 18 33 20 40 71 61 100 15 11 39 66 92 48 73 80 4 91 7 37 93 27 45 31 34 51 76 2 44 72 65 35 84 30 1 90 13 38 89 19 17 95 60 62 99 53 46 54 24 52 96 22 23 98 88 6 56
76 22 81 97 72 8 18 79 82 64 67 73 37 49 94 59 36 50 74 6 87 28 16 14 46 1 61 39 38 24 69 32 90 42 57 26 83 7 4 80 62 20 70 21 44 66 60 68 93 88 92 43 89 9 2 75 53 52 85 27 48 78 35 96 71 15 29 98 45 40 84 34 55 25 51 65 41 31 3 100 77 30 58 86 91 54 10 19 23 47 56 33 13 11 99 5 95 17 63 12
50 75 98 87 73 71 91 3 99 42 48 28 7 13 54 1 38 51 93 94 78 81 36 63 76 60 9 18 61 12 5 53 72 37 89 64 47 46 11 10 92 96 35 88 62 90 6 17 26 23 55 65 19 20 59 43 100 8 79 56 68 97 77 27 44 34 86 83 29 66 32 14 74 24 80 67 22 4 70 45 69 31 15 25 30 41 57 16 49 40 33 39 84 85 52 2 58 21 82 95
33 16 22 76 21 44 50 10 89 96 100 46 48 60 25 18 70 94 23 74 73 1 66 49 77 19 59 5 83 11 43 87 40 61 86 92 28 81 99 88 38 31 52 72 79 45 53 95 41 7 80 98 2 85 30 58 55 14 75 24 82 37 39 8 51 17 56 63 12 57 9 91 29 13 3 6 35 69 78 93 36 65 20 68 42 90 67 62 4 34 47 64 97 15 54 26 32 27 84 71
100 49 95 79 66 48 40 34 19 11 54 9 22 58 57 38 47 71 99 23 64 87 29 93 45 41 32 72 90 86 74 56 55 60 17 37 3 96 18 52 24 27 5 2 98 30 46 33 69 73 62 20 84 53 10 26 36 43 77 76 81 65 1 70 89 39 42 12 6 15 13 28 25 59 75 92 31 8 16 35 83 14 80 4 85 51 88 7 61 21 97 91 63 44 68 50 67 82 94 78
7 62 38 12 29 89 82 23 63 97 4 32 2 45 30 91 58 74 51 3 96 10 15 73 68 81 37 27 53 20 47 76 71 100 18 19 65 25 43 87 16 86 85 11 84 79 22 8 52 98 59 69 42 66 44 67 41 48 39 88 80 40 78 1 93 5 99 33 55 13 6 90 60 70 50 75 46 56 26 57 54 77 83 24 31 35 94 64 17 28 61 92 34 95 72 21 49 9 14 36
12 35 73 62 80 85 93 38 13 27 71 60 11 59 98 83 88 100 78 10 49 56 68 46 39 16 72 95 40 99 28 24 76 31 45 1 7 21 3 70 19 53 94 66 92 14 84 22 97 74 5 51 55 63 18 77 33 9 64 32 58 4 65 81 6 87 44 69 89 30 42 25 90 75 23 86 2 54 61 15 8 41 37 52 26 20 34 47 82 48 43 96 91 50 57 67 79 29 36 17
85 95 57 45 33 11 30 40 60 41 20 87 73 50 35 62 17 70 89 98 52 75 64 19 49 18 80 84 31 16 42 29 34 22 37 67 12 86 7 23 21 71 24 78 66 82 63 44 58 13 8 32 28 1 5 53 68 46 51 91 88 56 81 25 77 43 39 72 3 27 93 76 79 69 38 90 99 83 4 36 9 54 74 15 100 10 65 55 94 26 6 61 92 14 2 59 96 97 48 47
75 55 6 92 47 1 35 33 51 10 76 25 74 5 99 28 53 36 34 93 65 13 43 78 38 17 21 54 62 56 30 69 82 9 71 7 2 83 42 84 96 19 88 87 81 12 68 20 77 66 73 72 31 100 15 50 14 67 11 70 95 89 27 61 64 98 24 58 8 22 94 52 23 85 86 91 80 39 40 4 46 59 44 37 60 63 48 57 41 90 16 79 32 26 3 49 18 45 97 29
24 83 16 90 28 13 52 93 56 40 63 80 92 12 14 79 73 30 67 9 38 60 49 54 97 75 34 4 41 69 7 64 58 71 55 45 100 18 10 82 81 77 66 29 39 59 8 48 61 96 99 23 95 26 17 98 21 87 76 89 3 2 11 46 36 85 35 65 32 1 25 42 31 51 57 53 72 43 33 37 84 5 27 78 68 19 44 70 50 74 62 6 47 88 94 91 15 20 86 22
20 47 91 94 3 50 15 21 81 46 38 56 66 1 16 42 64 86 59 32 97 48 84 17 31 79 98 30 76 68 25 62 29 6 44 9 54 51 52 33 61 87 14 41 90 43 100 85 83 24 75 92 35 4 93 37 19 49 2 58 7 82 88 36 10 80 55 89 95 74 34 99 78 73 26 77 18 12 8 53 63 71 22 27 5 45 28 72 39 96 60 70 69 67 13 57 23 11 65 40
13 73 21 58 68 97 78 76 95 34 36 15 14 64 85 33 45 44 65 54 27 35 75 4 71 6 2 40 20 39 19 98 93 23 16 41 72 66 70 32 51 63 89 5 43 26 9 30 99 3 96 62 67 22 52 48 47 83 61 53 55 46 18 92 42 88 12 10 57 84 60 81 94 37 77 29 87 50 7 82 1 74 24 90 59 38 8 28 79 91 31 49 17 80 69 86 11 56 100 25
92 21 97 59 27 53 24 83 55 99 44 96 77 8 38 84 15 20 80 56 89 45 26 48 14 98 43 10 72 37 70 2 19 16 36 11 71 30 47 12 22 78 46 58 54 18 64 9 50 32 85 74 91 67 28 5 95 3 35 61 23 100 76 17 13 51 34 57 75 39 88 93 6 90 4 25 42 81 68 73 33 63 41 29 66 86 49 79 62 7 87 40 65 1 60 94 31 52 69 82
1 99 42 24 69 66 83 9 4 86 17 100 19 88 45 75 65 13 39 78 20 44 85 71 18 32 50 15 6 51 29 35 94 10 80 87 92 47 49 25 77 40 98 82 16 41 55 12 62 91 56 95 52 43 54 74 58 59 89 26 97 79 30 2 46 63 37 90 34 60 14 11 27 23 67 64 84 5 38 31 68 81 72 96 93 33 70 53 73 57 48 76 8 22 21 28 36 7 61 3
35 81 24 41 44 16 49 56 21 30 90 69 83 48 20 96 5 88 70 40 17 32 95 92 25 22 76 13 57 19 73 38 78 27 60 71 94 29 1 9 31 58 77 8 15 28 10 46 98 43 82 63 54 51 42 93 84 37 50 23 14 11 6 79 26 36 89 67 74 87 100 47 4 18 53 55 52 45 91 65 97 72 64 34 12 99 7 66 68 80 85 62 59 3 33 75 2 86 39 61
59 48 83 96 37 92 88 75 78 81 2 41 40 11 55 34 94 35 63 16 72 23 53 80 62 73 6 77 5 25 3 54 64 29 68 22 82 50 36 30 56 14 21 49 70 69 1 7 46 58 12 10 26 13 87 84 60 100 47 31 38 61 51 28 45 20 52 44 18 65 91 71 85 15 74 17 66 27 67 19 99 98 90 95 8 24 9 32 97 76 39 42 89 79 93 43 86 4 57 33
56 11 28 91 54 67 29 80 84 72 79 16 82 87 88 49 37 46 14 69 13 58 60 59 83 30 25 65 70 57 100 21 98 44 74 76 81 89 26 94 71 73 63 61 7 39 52 2 40 4 66 99 53 38 90 64 5 19 55 12 42 8 31 6 32 33 3 22 41 86 51 10 15 20 17 68 36 34 95 78 75 43 92 85 47 97 23 27 1 18 50 45 24 48 77 93 62 35 9 96
9 79 66 35 30 46 31 12 48 87 70 1 50 22 63 60 84 80 15 49 23 34 69 51 92 44 57 33 98 38 6 86 77 43 75 18 58 90 73 29 10 47 61 91 25 83 4 27 74 93 64 28 68 72 41 42 78 53 13 94 2 36 100 62 54 82 95 14 16 55 21 67 65 40 11 20 88 99 71 3 45 8 52 76 39 32 26 96 5 97 7 19 81 17 59 85 56 24 89 37
15 68 13 71 5 4 16 60 94 20 64 42 51 90 74 80 43 66 48 22 67 78 2 37 32 95 96 21 92 40 31 18 30 81 19 25 91 36 28 76 23 29 8 24 26 65 34 77 14 10 87 35 7 79 12 100 56 11 72 44 61 52 57 3 82 62 27 41 88 97 46 98 1 86 63 50 85 6 93 58 70 69 33 47 38 9 53 39 99 17 89 83 55 59 49 54 84 75 45 73
23 54 48 11 98 68 25 50 24 65 32 13 81 9 91 2 34 6 30 87 19 39 94 44 55 82 85 70 45 59 15 28 83 47 64 86 61 31 75 17 14 4 97 84 96 8 76 49 35 5 46 29 72 99 53 7 57 51 52 38 16 80 63 95 78 67 77 56 36 73 66 79 20 21 92 42 3 33 60 40 43 1 62 58 88 22 18 93 74 69 12 41 100 89 26 27 71 90 37 10
66 96 23 1 19 83 39 63 8 48 87 93 45 38 73 51 81 43 41 13 16 68 3 36 5 53 26 88 15 47 35 72 42 55 20 69 46 76 82 2 54 92 75 64 9 57 65 89 79 56 77 97 12 6 50 80 99 33 14 21 44 95 49 86 59 84 18 27 58 94 98 74 91 62 70 22 29 78 52 24 10 60 100 61 34 17 40 25 7 37 11 90 67 31 4 32 85 30 71 28
43 28 63 23 91 33 12 42 29 100 69 38 27 67 86 65 57 61 98 46 76 50 1 87 44 52 13 66 56 96 40 68 3 39 48 90 9 16 71 49 72 26 6 14 24 31 20 73 36 45 32 93 51 35 62 59 97 47 54 34 75 84 53 21 55 11 74 19 60 7 95 4 10 41 58 2 64 37 92 85 17 88 89 5 83 18 78 8 25 77 99 82 30 70 81 22 80 94 79 15
29 32 52 88 79 43 23 70 11 15 97 90 25 83 93 24 63 39 72 19 59 80 82 20 73 49 99 47 12 13 81 57 31 95 78 16 37 61 84 69 62 55 40 1 89 17 58 51 87 34 60 6 86 28 64 56 65 74 44 67 45 76 41 50 94 46 92 85 27 8 96 21 5 98 33 3 9 75 22 91 14 2 68 10 18 53 54 48 30 66 38 71 4 35 36 42 26 100 77 7
72 88 36 19 9 40 89 22 18 26 83 75 68 39 33 69 80 25 3 73 62 46 86 31 7 96 91 38 82 66 43 50 20 17 84 28 64 98 81 53 74 97 78 71 32 52 85 63 21 100 95 24 8 47 60 76 79 2 30 77 10 99 87 49 34 29 4 15 54 92 37 70 13 14 16 94 55 1 12 11 6 93 45 51 57 44 56 58 35 23 90 27 42 61 67 48 41 5 59 65
96 42 25 50 57 65 37 26 6 18 84 74 60 93 28 9 92 54 52 70 21 36 32 33 35 67 100 62 16 15 87 27 66 53 77 5 48 44 99 85 98 82 95 19 10 38 94 56 59 51 91 80 76 88 81 68 83 40 73 39 41 47 14 69 17 78 31 55 4 49 72 1 43 3 12 24 97 20 46 90 29 61 86 2 45 23 30 75 13 8 71 63 64 34 79 7 89 22 11 58
63 51 40 7 32 58 57 88 90 52 75 70 10 31 50 15 22 98 18 33 68 79 44 100 86 29 82 41 8 54 36 47 2 74 17 55 49 24 91 38 76 37 83 23 65 89 48 34 80 61 27 78 5 97 21 3 30 96 46 71 13 26 66 20 69 42 43 6 53 4 73 59 93 72 64 35 12 84 9 56 81 95 67 87 19 11 62 99 45 94 92 1 77 28 25 14 39 16 60 85
27 7 46 99 78 45 61 19 3 8 28 51 58 62 52 70 97 53 57 86 18 76 59 94 71 80 89 14 63 22 48 65 37 1 92 72 29 41 5 100 55 56 64 4 21 6 90 69 23 88 68 79 43 40 83 96 74 44 85 60 50 32 91 35 87 81 15 95 10 24 82 2 9 67 42 34 54 31 47 13 16 25 66 73 49 36 39 84 93 75 77 11 33 12 98 38 20 17 26 30
77 92 50 89 18 24 99 65 28 32 73 91 38 53 60 72 33 1 31 20 75 69 56 58 8 4 5 44 19 61 27 7 87 25 15 96 35 67 95 48 39 49 45 63 46 40 42 10 37 26 70 13 66 17 86 11 76 36 94 29 90 59 22 78 43 52 16 30 82 23 3 51 97 54 21 88 62 71 100 80 79 85 55 93 12 47 41 74 6 81 34 68 83 2 84 9 14 64 98 57
61 93 9 82 31 32 79 48 30 89 72 23 70 3 24 39 36 34 25 38 84 14 20 60 80 45 7 28 33 63 26 85 16 58 6 77 19 10 53 97 2 94 71 35 83 37 95 5 15 69 57 76 27 59 68 47 51 91 41 42 54 74 64 96 66 12 11 62 1 90 67 18 75 87 8 4 86 88 44 29 52 73 49 17 92 50 55 21 22 56 65 46 78 98 40 100 99 81 13 43
47 84 27 34 65 57 90 37 43 25 98 64 41 26 62 99 50 56 95 8 53 94 91 22 100 28 23 36 79 77 82 88 44 4 81 48 67 38 40 68 18 45 86 73 42 21 2 16 39 92 17 31 61 7 63 70 1 80 58 87 20 49 32 24 71 13 30 66 46 29 15 54 35 5 60 78 96 72 14 51 74 52 10 75 33 55 76 12 3 19 59 97 6 85 89 11 83 69 93 9
26 44 76 14 23 86 43 10 73 1 68 34 24 30 29 8 75 85 54 45 58 64 9 84 22 7 71 53 46 79 74 40 49 92 59 65 98 60 83 89 20 28 51 6 63 62 35 41 47 70 15 91 87 81 13 36 72 97 5 52 31 88 2 33 18 94 50 38 93 99 17 39 69 4 55 37 56 16 48 100 25 11 12 80 66 61 32 42 82 27 57 95 19 21 90 77 3 96 67 78
46 23 88 9 42 91 72 16 77 94 92 53 28 75 70 44 6 57 87 30 80 15 24 11 37 66 83 93 38 67 34 22 45 35 31 100 62 81 29 41 99 5 36 17 60 47 89 13 33 40 84 71 10 63 19 25 39 7 86 97 64 96 59 58 76 69 68 12 20 50 78 3 56 26 1 65 49 21 27 61 95 55 32 18 79 4 52 90 85 43 8 98 54 82 74 51 73 14 2 48
44 18 17 39 25 84 58 68 66 54 7 89 29 36 3 14 73 38 90 15 63 33 47 40 85 93 79 71 35 65 16 12 75 13 27 59 55 96 92 24 88 61 56 42 67 51 74 19 31 62 4 5 97 76 32 46 94 77 26 69 72 1 43 22 8 21 20 52 23 11 2 83 95 28 10 99 50 86 49 48 60 34 80 100 30 70 64 91 53 9 37 78 45 57 41 87 82 98 81 6
41 4 49 26 35 5 85 6 65 67 9 19 36 94 92 68 66 18 16 83 11 84 10 79 34 60 15 32 87 7 57 97 81 70 76 63 44 25 22 54 8 89 33 38 64 74 77 21 71 12 100 61 82 55 1 24 40 23 88 14 98 75 99 93 27 43 47 3 39 48 13 62 28 80 52 45 37 58 90 30 59 91 20 53 78 69 31 73 17 29 86 50 51 96 46 95 42 2 72 56
31 70 81 22 60 20 87 25 67 95 40 84 33 46 96 58 2 49 56 41 24 18 37 77 13 69 68 79 52 3 14 16 99 72 38 4 23 39 76 93 94 9 62 44 73 48 47 82 34 55 75 27 21 32 30 91 100 5 7 1 17 78 12 90 51 97 61 74 86 54 29 65 36 92 35 83 26 11 57 45 98 64 8 6 63 85 59 89 15 10 53 28 80 71 19 50 66 88 43 42
94 67 19 8 63 49 82 54 23 88 53 66 42 14 59 61 16 72 68 62 71 11 73 10 51 26 32 25 21 74 50 34 4 3 30 85 40 65 37 96 43 36 90 18 57 5 60 84 92 76 89 46 93 12 6 28 91 27 24 15 1 86 47 97 2 45 81 100 75 80 69 41 77 13 29 95 83 22 79 17 64 56 58 33 31 78 35 7 55 48 9 99 39 52 98 20 70 38 87 44
22 29 71 15 6 52 50 98 1 37 18 58 5 16 73 12 78 92 84 100 17 97 39 13 14 91 69 67 68 48 55 42 8 59 96 89 26 75 57 86 34 46 70 93 23 36 31 53 4 27 54 30 9 20 82 33 43 99 38 63 74 61 44 94 3 83 45 80 25 72 10 35 7 56 90 49 79 19 32 66 11 21 28 41 95 60 77 51 24 40 64 2 62 81 85 47 87 65 88 76
97 20 14 93 58 3 80 8 61 69 46 52 6 17 43 67 44 89 76 91 36 26 25 9 29 92 88 22 31 98 51 63 68 41 87 23 53 94 24 78 27 30 13 81 50 72 12 47 18 7 45 21 1 82 28 34 48 4 99 33 65 55 38 73 60 96 71 39 16 70 84 86 62 75 95 11 77 40 2 32 5 57 15 79 59 90 10 54 64 35 49 56 74 100 42 83 19 37 85 66
57 39 87 78 77 55 2 59 85 56 48 54 16 68 15 92 19 91 36 47 28 95 67 41 42 97 58 89 73 80 38 84 26 60 71 61 90 23 34 51 35 21 7 32 18 63 37 40 53 1 72 81 31 11 10 62 33 50 74 49 66 93 83 70 9 17 4 76 100 5 86 43 12 65 44 52 75 8 94 88 27 46 6 45 24 98 13 22 14 79 82 3 20 30 96 64 69 25 29 99
93 97 72 49 17 8 68 82 60 27 11 45 48 56 30 31 65 59 55 80 46 40 76 57 33 23 39 94 26 89 41 74 71 21 98 35 4 62 63 12 83 85 58 28 99 86 18 92 16 44 43 3 81 100 73 15 14 2 25 53 36 7 9 51 19 66 29 34 5 64 91 69 47 52 32 6 78 70 77 87 37 13 96 50 42 10 61 20 67 54 79 24 90 95 88 1 22 84 75 38
100 40 32 21 51 41 44 29 82 6 86 88 95 49 25 13 42 83 45 58 55 75 90 74 94 5 2 69 9 62 4 11 97 56 68 12 78 1 39 91 7 79 27 43 37 50 53 73 17 63 76 59 60 66 20 30 85 64 80 61 47 92 26 8 35 3 54 33 52 77 16 48 72 57 93 98 31 14 96 84 19 65 18 89 15 99 81 34 10 46 36 22 28 87 67 23 38 70 24 71
80 17 31 5 20 48 14 76 39 13 29 35 71 78 61 26 79 41 46 95 77 89 58 45 74 24 53 57 96 75 67 4 90 86 82 7 28 84 66 25 64 93 10 68 85 81 15 83 100 23 21 43 22 42 72 87 36 34 1 16 32 19 52 18 11 49 12 50 38 33 60 40 98 70 3 59 51 69 30 8 56 92 2 63 54 27 97 62 44 99 94 55 88 65 47 37 9 91 6 73
38 58 45 6 72 96 65 23 13 71 52 31 17 60 21 88 83 100 79 73 16 76 18 28 95 37 9 50 4 90 54 92 98 49 48 33 24 86 8 69 40 7 66 30 27 94 99 26 64 22 10 67 44 85 57 29 47 35 43 62 82 12 55 84 36 74 56 97 51 14 61 32 46 11 75 87 39 63 91 93 34 2 25 19 1 5 3 68 59 42 70 15 41 20 81 89 77 53 78 80
69 30 74 43 55 39 40 64 99 47 100 77 1 63 11 45 32 24 5 25 76 3 7 81 73 20 65 70 90 91 71 31 38 51 54 22 37 85 13 58 36 59 49 14 56 84 46 72 75 60 96 9 95 83 66 82 2 42 48 41 16 67 35 57 88 53 89 23 4 10 62 78 6 19 15 26 8 98 21 79 61 18 27 86 29 94 87 33 34 28 68 17 52 97 50 44 93 92 80 12
95 12 62 57 97 6 21 22 53 96 17 39 54 4 94 27 87 32 48 77 83 8 93 82 68 34 44 63 100 36 65 78 76 31 23 71 70 74 43 64 81 18 42 90 88 85 49 91 7 79 80 55 15 69 84 75 28 47 16 56 14 33 13 25 67 61 92 46 11 26 24 37 60 66 72 10 30 3 41 35 38 9 73 51 40 58 29 2 19 45 52 5 99 50 89 59 98 86 20 1
5 90 61 69 28 2 4 46 58 36 67 7 89 35 100 40 70 64 74 16 39 88 65 59 83 75 10 86 85 14 32 41 78 33 49 80 93 77 45 79 24 38 55 23 52 47 62 96 13 21 3 22 37 51 17 1 53 63 68 91 81 31 92 48 42 73 97 87 54 95 25 94 19 44 71 84 15 9 72 99 50 98 43 66 60 20 11 26 8 30 12 57 56 29 27 18 6 82 76 34
14 41 35 31 49 19 83 79 5 57 58 2 8 13 48 6 18 30 61 65 27 55 97 88 38 62 86 76 40 12 24 80 93 64 37 44 77 46 69 56 52 67 11 72 29 60 54 81 9 28 25 73 50 53 75 17 96 59 70 32 91 4 3 15 23 98 85 22 92 16 66 63 45 51 34 21 87 89 82 39 99 100 7 74 36 68 1 10 90 47 78 33 94 43 20 71 95 42 84 26
68 13 2 48 21 76 60 99 9 43 3 16 80 92 87 81 53 28 78 66 96 69 40 71 63 70 61 90 72 32 56 51 57 100 94 98 50 95 18 30 67 20 4 10 35 29 6 33 8 84 73 83 91 45 14 27 49 15 65 12 79 77 89 47 44 37 36 88 74 62 31 5 25 42 7 46 34 64 17 82 55 52 19 85 22 86 24 1 58 93 41 26 11 75 59 39 54 23 38 97
70 78 1 12 66 88 84 83 93 74 61 49 63 2 37 89 17 50 10 90 9 23 8 7 75 73 18 19 24 52 64 36 100 77 35 87 85 5 38 6 86 31 79 71 62 33 39 55 68 13 98 58 28 22 34 95 67 92 57 27 80 97 82 59 47 65 42 69 99 40 11 20 94 45 53 91 72 60 29 46 41 30 21 48 81 15 43 44 16 3 51 14 76 54 4 26 96 56 32 25
45 85 99 59 76 38 93 52 41 42 50 23 72 86 58 53 56 71 16 2 4 28 21 1 92 55 64 65 61 24 89 26 83 34 47 74 3 7 48 82 87 15 12 70 8 30 27 37 94 57 88 17 67 9 33 39 81 62 22 79 5 11 46 44 6 51 78 75 97 43 73 96 31 25 49 69 32 10 13 18 14 54 29 68 91 95 19 60 77 98 66 84 40 80 36 35 100 20 90 63
50 38 47 97 62 21 30 70 64 23 71 28 90 77 10 41 7 22 91 56 59 42 83 99 15 72 43 60 86 31 73 19 82 98 67 53 5 66 14 40 11 57 44 1 20 3 80 12 88 89 55 33 54 18 95 35 29 52 75 45 68 2 16 81 93 24 9 96 79 37 39 36 85 63 51 8 100 87 78 27 65 34 74 92 84 6 46 13 61 76 4 58 26 32 25 49 17 69 48 94
64 73 10 13 33 26 97 12 75 28 94 34 14 91 84 63 5 36 98 22 78 56 46 61 82 88 3 23 17 30 39 6 19 71 55 79 43 83 15 32 41 8 35 100 59 42 16 7 27 38 1 87 68 50 2 49 80 44 37 24 40 65 45 72 89 47 96 67 57 31 93 29 4 99 70 60 54 52 20 74 81 11 48 62 85 51 58 9 18 21 92 76 77 66 69 25 90 95 86 53
86 51 85 23 13 78 89 65 81 64 14 32 4 55 38 87 15 67 54 28 72 93 42 6 45 43 37 77 88 18 10 90 34 50 16 8 79 20 94 3 97 96 52 40 58 21 22 2 25 66 62 1 80 39 12 69 19 48 100 5 83 56 71 27 99 60 24 63 44 59 9 30 29 73 33 57 46 36 70 98 68 31 26 11 35 49 76 47 91 61 17 75 84 74 82 41 92 7 53 95
49 24 93 33 23 70 100 13 95 51 31 25 68 96 16 30 41 7 75 52 32 39 61 48 40 78 92 91 77 20 69 43 53 88 86 11 12 17 4 90 47 62 82 79 66 45 3 89 2 67 8 74 84 80 87 83 21 94 54 10 55 81 76 37 29 15 22 57 59 85 56 26 1 18 46 27 63 42 65 64 73 72 99 38 9 44 98 71 50 34 19 35 14 58 60 5 28 6 97 36
29 28 38 7 69 63 78 3 54 10 36 51 66 58 71 77 24 86 13 68 65 30 96 92 49 6 50 52 57 56 93 100 2 16 74 37 72 40 97 89 70 60 91 19 31 9 64 48 45 87 14 99 25 21 27 98 55 83 59 84 23 95 5 53 79 39 76 11 18 61 32 47 90 43 4 62 1 41 22 73 8 20 85 82 80 35 67 94 75 12 34 42 17 15 33 88 81 26 44 46
17 87 3 29 80 53 38 74 34 99 30 96 22 42 98 100 1 20 67 33 23 13 54 37 39 8 55 27 81 2 85 52 91 73 40 58 63 43 11 59 51 66 89 21 94 16 78 68 93 50 12 76 47 41 31 48 32 57 61 35 49 46 97 64 62 79 77 7 45 44 26 28 69 71 14 86 5 15 92 65 36 95 72 9 82 24 56 19 4 90 83 6 70 10 84 75 88 18 25 60
21 36 16 46 54 71 52 33 51 31 13 60 7 29 17 75 88 39 64 74 62 35 100 50 25 4 80 28 20 97 23 34 43 40 63 76 57 49 86 41 84 69 94 61 3 24 70 77 95 91 99 15 8 1 18 53 26 37 27 89 44 38 65 66 10 87 6 83 12 93 14 81 79 59 78 58 2 56 68 19 90 5 67 55 47 72 96 30 73 85 98 9 42 48 45 92 32 11 82 22
19 27 11 75 45 66 10 56 28 97 6 62 99 18 14 3 93 51 82 41 20 60 29 91 47 1 23 46 71 86 30 5 40 42 39 67 87 9 16 26 4 88 76 2 44 43 8 63 61 73 85 95 79 84 15 50 65 68 12 25 78 21 37 17 64 48 34 32 98 92 49 70 13 58 57 90 35 53 33 55 52 74 83 96 100 38 80 36 94 54 77 7 59 22 31 81 24 72 69 89
75 86 94 67 47 31 35 100 56 65 24 6 37 12 95 69 52 93 34 81 19 20 57 87 97 17 59 55 53 11 80 8 72 96 36 60 49 18 64 2 90 27 85 66 39 92 82 30 84 74 9 51 76 77 21 58 15 23 44 70 54 40 99 61 13 29 16 26 41 73 98 25 78 50 38 33 45 4 3 71 1 22 89 32 5 42 62 88 48 91 43 83 7 14 79 28 46 10 63 68
72 7 95 24 3 13 42 93 25 11 82 70 100 50 99 92 58 27 66 6 94 10 44 63 18 67 81 40 83 16 20 84 77 32 60 28 71 21 59 97 17 35 15 5 30 65 98 34 14 47 56 62 88 90 54 74 75 51 8 57 41 23 87 69 80 31 43 68 73 64 37 38 26 53 86 9 91 46 12 85 78 1 61 4 52 22 39 45 29 79 49 19 48 89 55 2 33 76 36 96
77 99 73 91 50 60 46 36 63 17 20 38 88 39 75 28 64 34 81 70 2 9 49 4 79 41 30 21 58 69 72 48 42 14 61 95 18 12 65 94 22 44 26 11 84 89 45 24 97 59 31 56 51 74 5 43 57 66 76 68 13 100 6 1 52 25 35 15 53 23 85 71 55 98 92 93 86 54 8 10 16 47 37 27 90 62 87 80 96 83 33 40 78 67 32 19 7 29 3 82
12 11 63 53 22 97 57 50 71 30 10 9 92 70 74 88 38 14 87 78 67 48 86 17 27 34 21 1 76 39 66 56 23 5 95 73 7 98 90 100 3 79 80 8 16 51 26 31 99 6 82 32 55 75 42 81 68 43 89 4 2 52 18 84 69 85 64 19 29 15 94 60 49 41 37 13 20 83 40 36 44 77 24 25 46 93 54 28 62 45 65 96 47 33 72 91 58 35 59 61
63 92 98 34 91 25 29 94 55 48 76 72 43 51 54 65 4 9 70 40 33 58 75 16 50 15 89 45 62 37 1 47 20 22 18 64 2 26 3 95 38 73 24 88 68 12 84 79 69 96 5 60 53 67 83 56 44 6 90 77 35 8 78 46 14 80 86 10 32 87 100 11 81 27 30 17 42 74 61 31 19 71 39 23 93 41 52 82 49 57 85 36 13 28 99 21 59 97 66 7
43 88 52 71 98 75 23 63 20 100 93 84 73 49 85 31 51 66 39 87 64 50 77 5 32 29 72 30 6 35 25 17 18 48 57 9 60 27 7 70 61 42 14 95 81 82 68 28 21 3 83 24 12 13 59 92 56 19 96 76 58 45 11 36 34 99 74 78 8 46 80 90 65 38 16 79 55 47 67 22 91 69 54 2 53 33 97 15 41 26 89 62 44 1 40 86 10 4 94 37
56 48 22 19 68 50 34 58 4 40 39 74 83 26 33 96 10 12 60 54 84 32 66 18 31 52 6 72 23 99 28 71 64 37 77 1 82 16 80 49 21 100 5 75 98 59 63 97 30 69 94 20 42 47 45 76 93 8 35 73 95 70 14 92 46 38 90 44 3 7 81 55 43 86 11 53 85 9 41 15 62 88 17 78 51 89 57 2 79 36 87 91 25 13 24 67 29 27 61 65
33 32 42 96 59 85 12 41 29 86 38 71 21 5 2 7 82 68 65 69 87 44 95 100 76 81 45 13 26 90 37 25 15 23 84 18 9 89 70 48 16 31 49 22 53 28 1 46 60 24 40 4 35 62 19 72 34 74 14 88 3 17 30 97 94 36 52 98 27 8 67 51 93 20 47 75 66 43 50 56 6 73 92 39 83 54 10 78 63 77 79 61 91 99 58 64 11 80 57 55
23 62 6 35 44 7 24 60 77 59 2 75 27 73 20 29 47 25 12 86 89 80 15 33 64 97 57 95 56 85 5 54 31 61 28 83 100 84 45 76 34 71 78 49 88 52 13 17 58 65 48 96 92 10 93 38 41 46 50 40 70 82 66 91 26 69 8 72 36 30 21 98 11 37 42 55 18 81 19 53 9 90 14 87 68 63 32 43 39 74 99 67 4 51 94 22 79 1 16 3
24 75 91 87 35 11 49 88 48 77 90 89 40 94 57 45 28 54 3 59 81 71 56 31 44 30 99 84 16 66 70 58 52 29 46 65 76 80 10 53 96 78 83 82 79 22 55 69 98 43 18 72 26 8 62 93 20 33 63 39 61 36 17 6 95 42 51 85 60 4 12 21 15 34 2 92 9 100 7 37 32 14 86 73 97 19 41 64 23 25 50 5 38 68 13 1 67 74 27 47
6 54 24 41 29 89 16 42 21 46 63 1 25 45 91 38 48 98 72 23 68 79 36 93 62 96 85 47 12 19 7 53 80 39 76 77 94 14 73 10 71 56 95 44 65 20 49 4 87 58 88 78 90 35 81 55 60 3 52 34 22 99 27 28 82 100 11 18 40 66 51 2 32 15 50 97 13 37 59 84 33 61 64 5 8 92 31 26 9 30 57 74 83 70 17 43 86 75 67 69
4 20 90 99 37 44 91 38 5 87 69 49 2 11 35 24 8 15 31 10 13 72 43 84 46 88 76 68 98 96 75 7 12 83 19 45 81 29 34 9 56 22 86 97 89 18 67 25 64 92 59 40 36 28 71 51 30 85 73 58 42 66 94 54 32 52 61 27 6 26 95 74 23 14 77 50 79 60 16 78 70 63 47 21 57 53 55 65 1 80 62 82 33 3 41 48 93 100 39 17
66 84 36 62 60 28 41 75 90 26 96 42 50 48 46 85 12 44 73 35 18 87 53 14 34 27 74 16 82 54 49 65 3 31 45 55 38 24 76 15 40 58 33 78 86 71 23 56 57 100 92 63 7 9 47 52 83 97 64 94 10 98 2 81 88 5 99 8 91 13 72 22 89 67 17 25 29 19 43 4 79 93 20 95 39 32 51 70 68 69 61 1 30 59 37 11 6 21 77 80
1 83 48 89 87 16 6 34 94 72 77 69 84 67 55 62 35 8 100 45 21 68 81 46 26 98 41 7 17 36 19 24 30 49 44 92 65 50 43 54 76 93 51 86 57 97 52 27 88 32 66 31 40 38 63 29 78 53 47 23 75 79 71 25 96 82 91 56 95 10 42 4 74 85 80 64 99 11 73 14 60 59 22 90 3 18 13 20 58 28 39 15 12 61 70 37 2 9 5 33
59 42 66 88 65 49 37 26 43 5 70 19 82 60 63 99 32 74 18 80 75 46 28 54 57 22 40 94 31 62 41 97 55 44 92 33 67 30 81 85 98 89 58 38 7 53 100 8 39 79 10 29 56 45 52 87 51 9 2 86 50 47 13 15 48 20 3 14 11 27 6 91 24 72 83 12 64 36 4 71 95 25 68 93 96 1 78 16 34 35 90 69 61 77 21 23 17 84 73 76
61 29 21 66 17 88 15 73 1 52 11 93 91 22 86 13 87 35 14 58 49 84 10 94 7 28 100 43 90 67 34 57 27 6 75 16 64 97 71 38 37 40 53 18 54 69 31 20 5 98 95 92 4 26 60 59 79 80 51 45 72 19 32 2 77 78 39 42 89 24 99 41 50 62 74 68 12 56 9 83 46 85 55 47 76 23 30 8 25 96 48 70 63 44 3 33 36 81 65 82
40 76 45 26 55 33 48 62 8 89 82 56 30 59 28 39 95 70 83 46 11 78 85 80 20 5 98 15 92 68 22 31 94 71 64 41 61 1 47 87 14 53 42 6 90 74 2 32 23 4 84 93 86 43 50 37 97 96 77 67 34 49 51 72 19 81 27 65 58 99 63 54 91 69 21 75 36 12 17 88 25 38 44 29 16 57 3 66 52 10 9 13 100 35 7 73 18 24 79 60
85 95 83 94 30 65 32 15 57 3 31 80 81 58 92 26 71 88 63 8 73 21 16 79 82 38 96 66 9 47 54 98 50 20 78 19 48 51 13 33 99 72 56 4 70 84 77 75 74 87 62 6 64 36 86 68 28 100 11 25 1 89 55 27 76 67 37 91 34 39 46 59 41 23 12 17 52 42 44 5 29 43 45 97 14 69 35 53 10 18 60 90 24 49 93 7 22 2 40 61
26 68 97 90 94 1 72 40 96 17 4 88 61 99 100 67 58 6 56 19 38 81 20 49 45 66 91 22 70 51 42 86 44 41 80 71 92 5 63 29 35 18 25 62 21 48 15 95 43 50 82 85 2 75 10 14 76 77 30 74 46 37 9 78 59 33 47 87 39 31 65 69 27 24 64 60 28 84 52 3 93 55 32 34 73 11 8 89 7 23 53 79 54 83 57 12 13 16 98 36
88 33 23 51 49 6 60 12 66 54 92 46 74 30 76 10 79 57 53 83 9 14 32 78 94 62 8 4 41 61 93 2 37 43 81 69 20 36 29 27 64 21 35 91 48 50 85 16 19 56 87 44 52 5 84 15 99 90 65 70 98 68 22 24 55 63 31 58 72 86 96 82 73 45 1 80 3 39 75 38 59 97 100 13 26 47 11 40 18 7 71 17 67 34 77 42 95 25 89 28
96 81 31 27 16 87 99 19 6 33 98 45 15 14 56 12 63 43 20 30 3 94 2 23 89 51 13 79 47 59 32 68 29 93 91 86 83 17 66 80 36 97 46 73 92 90 4 85 41 28 54 35 72 88 64 5 39 40 25 48 7 74 53 95 69 11 55 49 24 76 34 1 44 84 67 58 62 21 71 61 75 8 38 10 18 82 77 60 50 42 37 52 65 26 70 57 9 22 100 78
74 70 4 80 27 52 56 42 23 61 9 53 18 75 30 93 57 73 1 20 8 36 69 44 40 16 28 39 100 15 10 22 58 92 85 50 66 67 14 68 72 65 47 63 24 83 51 59 13 34 55 71 99 6 17 7 2 87 43 5 38 31 48 21 41 62 95 3 88 77 97 32 45 90 82 84 49 96 79 11 64 81 33 76 46 60 29 35 19 37 86 98 89 78 26 54 91 94 25 12
39 35 62 68 72 57 95 10 25 6 60 100 51 83 34 37 42 85 19 48 56 15 59 20 55 13 9 93 71 41 81 69 16 45 31 12 97 66 49 17 80 63 27 24 32 91 73 92 77 70 3 23 75 4 44 47 33 76 99 30 64 84 1 94 54 46 18 90 52 65 78 67 5 21 58 2 26 53 38 87 98 36 43 61 82 74 28 79 96 29 7 50 8 86 22 89 88 14 11 40
8 23 76 63 82 2 30 48 9 96 32 91 70 3 67 66 94 13 80 38 68 34 79 45 27 60 83 99 5 89 29 11 81 4 15 74 19 44 39 24 78 85 36 35 75 31 62 43 90 37 14 57 25 50 73 100 16 7 41 1 20 26 92 53 93 54 59 33 17 22 88 95 56 77 87 28 84 10 86 40 97 42 49 65 21 12 58 69 61 46 64 55 6 47 18 51 98 52 72 71
92 40 9 39 78 4 79 16 93 91 44 87 77 96 90 61 19 29 51 100 80 64 5 70 66 18 84 50 69 14 85 62 82 24 89 2 54 47 98 21 83 37 55 94 52 6 65 26 27 13 67 28 15 99 56 30 32 36 72 35 48 76 23 86 42 97 68 46 45 33 12 7 60 95 63 22 10 3 49 73 17 53 8 59 34 31 81 71 75 43 38 11 41 57 74 25 58 88 20 1
41 96 27 92 39 98 71 37 7 30 28 90 24 56 75 14 17 70 89 93 52 97 99 32 77 23 34 38 8 20 66 26 45 95 49 35 36 40 69 84 31 61 6 58 83 57 42 19 9 44 1 65 5 85 53 33 55 88 80 21 25 86 82 43 46 13 15 50 67 74 3 79 12 76 54 10 22 63 72 91 48 51 62 18 60 4 64 11 87 94 59 78 16 2 68 100 81 47 29 73
35 67 10 49 73 83 21 29 82 27 36 8 41 55 11 47 50 61 99 32 63 65 64 22 84 95 25 18 52 24 57 87 56 81 97 13 91 6 15 7 94 4 71 17 62 39 89 98 34 60 80 2 42 74 1 90 40 30 28 69 92 75 45 51 78 12 44 76 86 5 26 43 20 54 23 53 68 14 77 58 37 33 85 79 3 70 48 72 59 66 16 46 19 100 88 9 31 38 93 96
15 4 57 79 5 84 25 13 18 36 100 21 78 53 71 83 45 87 95 70 27 1 9 2 73 69 7 33 28 3 43 41 26 60 59 90 46 74 8 62 77 14 10 64 56 37 12 51 17 40 89 55 38 19 42 75 47 50 98 31 11 93 81 66 29 34 30 97 23 6 85 76 35 91 49 67 80 16 94 24 63 39 72 44 92 58 61 22 48 32 54 68 20 52 65 88 96 82 86 99
13 97 49 65 51 68 93 21 85 46 43 17 23 63 15 44 5 41 90 3 24 33 47 28 42 79 72 69 73 32 71 92 12 88 6 58 82 76 18 100 7 60 11 25 67 62 37 22 83 1 96 27 61 81 20 77 74 91 75 14 66 56 39 48 9 2 45 52 55 94 84 40 95 99 70 29 16 86 57 35 30 89 10 80 38 78 59 34 8 19 31 26 64 87 54 50 4 98 36 53
46 58 93 76 61 40 78 50 13 71 83 31 10 8 88 91 6 77 52 98 28 48 24 11 75 55 2 44 34 80 65 12 42 74 36 100 56 25 92 23 43 5 90 99 33 94 70 84 47 57 32 69 63 66 27 67 53 49 22 68 45 1 3 17 79 82 20 89 54 21 15 86 9 4 60 62 37 41 14 29 7 59 73 16 85 35 18 51 64 39 97 96 87 30 72 95 19 26 81 38
44 55 85 98 89 26 39 38 65 81 17 41 19 2 58 68 37 49 57 47 97 16 94 36 23 25 69 10 96 30 6 78 90 33 75 54 35 95 48 70 92 86 66 28 15 8 9 45 7 91 77 3 18 76 13 84 29 11 88 27 5 80 64 22 67 43 50 34 59 60 14 93 53 71 52 46 56 4 21 79 83 73 12 24 100 42 1 62 74 40 20 99 51 31 61 87 32 72 82 63
7 16 28 1 25 35 42 36 67 94 30 13 72 64 70 40 65 92 79 15 39 26 76 60 33 37 5 54 86 75 3 100 96 47 55 48 98 81 83 63 18 74 12 87 43 38 53 73 50 84 21 61 4 97 68 82 95 62 46 52 89 88 91 57 99 85 49 59 51 93 2 29 6 8 78 34 58 22 90 27 69 71 80 41 19 66 23 10 31 9 56 14 45 11 17 77 24 20 32 44
76 47 98 50 10 67 43 70 24 18 54 12 59 86 94 15 80 32 23 44 55 68 37 57 25 75 3 53 38 13 26 40 97 35 46 79 71 31 22 48 39 20 82 29 60 100 74 65 16 51 45 21 1 11 2 17 49 99 27 4 90 78 5 8 14 42 83 41 92 89 93 30 77 63 72 52 96 87 95 36 34 69 58 62 9 61 7 33 85 81 6 64 73 88 19 91 28 56 84 66
12 39 19 11 57 93 100 22 78 15 86 54 63 35 10 27 33 56 71 94 67 50 58 17 68 20 79 89 53 18 61 36 49 40 38 80 25 62 82 30 70 7 85 4 23 76 48 21 45 66 8 91 60 51 28 44 1 73 55 32 31 92 52 59 6 88 81 96 46 95 98 5 75 87 16 42 97 64 47 74 43 41 26 83 72 9 24 90 13 99 29 84 69 3 2 14 77 65 37 34
47 18 99 58 77 75 62 80 89 34 24 15 79 46 17 33 44 12 45 91 53 54 25 51 63 92 10 32 19 52 39 6 22 42 20 87 7 23 40 2 27 94 61 65 64 14 78 41 36 76 73 9 67 100 66 35 85 3 68 56 70 55 59 50 21 49 96 88 5 11 81 4 26 98 84 69 31 1 93 13 74 60 29 37 8 72 43 30 16 48 82 97 28 95 90 83 38 86 71 57
93 44 2 14 19 41 90 82 60 20 68 64 28 31 21 79 91 89 15 84 30 11 1 9 95 7 88 63 81 56 69 50 87 80 17 23 58 77 4 38 74 67 45 42 85 86 18 13 53 61 76 43 97 59 72 34 96 66 100 49 65 33 57 47 36 78 29 75 73 62 32 39 10 26 71 94 12 54 46 51 5 99 48 52 40 6 98 55 3 27 8 22 92 70 24 35 83 37 16 25
5 21 42 47 66 92 84 3 30 1 71 78 73 62 74 8 38 14 59 65 16 55 90 76 50 44 39 25 4 2 100 75 72 19 60 53 33 10 70 22 23 9 79 32 29 85 94 96 40 63 31 17 95 18 87 49 81 64 37 24 57 7 12 20 56 77 91 26 99 54 67 83 97 58 86 27 89 98 13 45 11 51 61 82 15 52 88 28 35 93 36 41 34 68 46 48 69 6 80 43
72 30 48 9 97 24 18 99 11 13 29 73 60 91 43 2 75 53 93 5 96 88 82 98 92 78 81 6 79 63 36 74 66 51 61 16 65 94 84 64 3 26 7 71 37 68 95 80 15 67 100 58 41 69 31 25 89 8 86 57 40 45 19 33 10 34 54 62 1 50 42 20 47 23 32 87 4 83 27 55 56 38 52 17 76 85 70 39 22 12 14 28 90 21 77 44 49 35 59 46
22 19 87 6 63 94 44 64 71 69 52 59 54 42 61 53 83 27 25 81 32 38 86 23 51 43 50 36 85 76 16 28 2 21 92 73 67 20 7 33 17 62 13 75 99 40 60 72 93 89 48 96 11 1 18 70 68 55 57 97 82 65 41 79 35 100 56 95 74 12 31 37 78 66 8 24 77 15 29 30 84 14 91 34 80 10 46 9 90 45 47 58 88 98 49 5 39 4 3 26
27 4 32 22 62 19 97 46 53 48 6 26 11 68 24 60 56 1 76 95 81 78 75 82 74 45 31 5 61 77 7 21 23 98 63 89 72 39 38 79 54 30 40 84 28 66 83 91 35 96 12 10 8 80 14 42 58 67 16 87 36 2 43 73 65 94 9 55 18 37 51 99 57 25 17 33 15 69 20 85 70 64 41 100 29 92 49 86 44 47 52 71 93 50 13 59 90 34 88 3
75 23 73 96 31 39 65 100 41 88 87 66 83 36 85 50 70 91 3 78 46 40 16 71 29 49 82 1 21 57 28 35 53 48 86 25 93 51 99 32 24 77 14 8 20 72 27 9 92 69 98 79 84 22 33 60 5 76 59 10 42 11 26 44 37 38 47 17 97 61 80 34 19 52 43 4 30 62 2 18 55 63 74 54 68 95 67 13 45 56 64 94 12 58 7 81 89 90 6 15
97 93 83 78 20 30 35 34 39 47 38 7 66 17 37 52 48 68 14 13 89 71 61 41 15 70 65 60 58 31 72 76 3 96 18 98 85 9 94 6 19 92 77 43 27 5 82 11 59 21 25 87 16 84 95 24 36 63 12 62 32 100 44 90 80 33 22 67 79 29 69 42 28 50 53 86 1 46 51 99 4 8 2 75 88 55 54 45 73 23 10 49 56 81 40 26 57 64 91 74
62 17 68 15 42 43 16 56 75 74 23 52 14 84 77 72 81 37 92 22 10 34 65 40 18 6 44 4 33 69 64 88 100 50 53 11 76 85 59 86 87 45 70 82 30 9 80 5 25 73 83 78 28 67 47 32 26 46 24 71 3 13 35 49 60 21 27 12 57 48 90 36 31 38 51 8 63 89 99 93 98 79 66 55 54 20 96 1 91 97 41 39 2 19 58 94 7 95 61 29
45 14 88 89 1 78 8 79 19 56 67 28 51 93 86 70 66 46 83 2 54 72 96 6 34 26 55 41 76 22 35 63 71 25 40 7 92 98 24 82 11 87 91 77 58 42 4 49 75 3 43 5 68 39 57 27 10 95 94 84 97 9 100 64 62 36 37 20 12 90 16 18 23 47 38 13 32 52 30 17 44 31 21 53 81 15 65 73 29 61 48 33 80 59 50 69 99 74 60 85
4 75 91 66 9 71 40 52 3 41 69 39 95 29 84 1 24 64 19 6 77 58 93 73 49 17 15 16 88 12 25 8 51 59 76 37 83 43 42 26 86 96 80 70 50 45 87 67 68 38 92 22 10 44 90 57 94 34 13 23 47 61 46 62 11 63 74 31 20 14 60 98 36 27 55 78 21 72 56 32 54 81 99 33 35 5 53 82 30 28 65 48 97 79 89 18 100 85 2 7
6 68 38 13 58 28 12 97 84 10 14 2 89 87 93 49 88 8 66 62 78 21 42 61 5 51 37 45 57 74 1 48 16 27 95 92 26 46 91 72 52 55 24 30 59 73 22 40 100 53 56 67 7 63 41 94 80 43 83 76 34 90 31 18 47 25 39 64 98 85 9 71 65 11 15 99 50 70 32 82 81 20 96 77 79 23 19 54 4 36 69 35 3 29 60 86 33 75 44 17
25 48 1 51 28 81 89 75 17 100 7 4 91 44 34 87 41 30 84 49 13 56 18 88 24 80 6 67 83 98 70 71 50 73 52 72 78 60 86 12 62 59 63 74 31 36 46 55 2 26 33 32 37 79 54 39 65 77 96 9 61 40 38 93 82 69 64 68 29 43 11 35 58 53 42 20 45 8 22 57 14 21 19 15 5 97 76 94 23 3 16 27 99 66 92 47 85 10 90 95
23 42 74 43 6 31 59 33 58 28 50 32 92 25 87 46 15 98 41 77 84 30 60 67 14 54 18 68 20 16 48 38 91 1 35 76 5 61 95 90 88 27 83 22 96 79 34 37 49 4 7 40 12 94 45 53 75 47 51 73 17 8 63 55 89 52 86 39 100 72 82 3 81 69 93 26 2 80 70 66 64 57 24 19 78 36 97 21 99 85 11 56 62 65 9 71 44 29 13 10
81 76 24 68 32 50 23 9 73 31 19 25 46 70 52 63 92 66 5 59 72 84 67 1 64 93 43 12 13 39 40 7 27 100 45 95 28 18 16 98 89 99 62 10 35 69 91 17 20 74 57 34 86 82 71 58 44 48 38 79 55 96 83 37 2 80 97 65 8 49 54 26 90 14 4 6 41 88 78 94 29 33 15 47 42 51 77 36 60 21 61 3 11 75 85 22 87 30 53 56
57 33 95 71 98 55 24 27 99 67 53 35 90 13 3 6 22 18 70 14 20 59 40 77 46 72 61 88 68 91 56 42 78 64 19 60 38 12 37 34 2 82 15 86 7 63 45 47 26 65 85 30 9 8 81 11 43 74 48 89 58 28 52 84 76 31 87 32 36 1 41 94 25 73 44 93 83 5 100 4 50 97 17 21 49 54 51 80 62 29 39 75 79 10 96 23 16 92 66 69
18 29 13 31 33 66 26 58 64 37 10 94 68 78 54 51 2 15 63 28 74 95 91 47 79 73 86 71 65 97 89 19 40 22 84 56 90 7 3 87 41 38 88 100 16 11 8 4 61 6 72 60 92 21 62 48 67 14 5 53 76 59 77 69 34 81 36 85 44 57 52 96 55 80 30 45 42 50 82 46 27 43 83 25 23 93 20 99 24 98 17 12 49 35 32 39 70 1 75 9
29 83 35 76 79 70 88 65 81 95 94 75 17 16 14 34 18 71 12 69 58 80 73 10 37 56 45 62 72 86 87 32 99 5 91 26 19 24 57 40 55 66 8 33 46 84 3 30 23 92 59 4 51 89 82 50 38 15 61 41 64 97 74 36 43 67 6 42 25 53 100 63 85 9 21 90 52 31 96 98 1 13 7 11 44 22 28 68 93 20 60 2 39 77 47 49 54 27 78 48
94 79 63 32 100 86 46 73 56 43 72 42 38 12 50 17 4 54 30 99 2 31 68 84 76 95 67 47 35 29 80 85 98 16 27 90 89 41 65 58 81 28 52 91 70 60 10 69 6 24 64 13 87 53 15 1 51 96 74 26 59 82 23 61 77 66 8 21 93 40 39 25 3 5 37 11 88 75 48 92 78 9 18 45 83 33 55 44 20 7 62 57 19 49 36 34 71 97 14 22
9 7 16 53 69 60 2 63 11 59 75 57 71 50 25 41 82 96 52 23 21 42 29 58 97 99 32 28 24 79 91 43 13 10 78 22 100 83 45 93 67 8 26 90 18 81 6 87 89 39 15 92 31 47 34 98 14 19 70 38 88 36 51 35 64 73 61 30 37 76 5 62 72 3 12 49 84 40 4 65 77 55 54 66 1 86 56 85 68 17 33 95 74 44 27 20 46 80 48 94
95 67 21 99 45 85 4 1 54 86 76 71 62 92 98 81 93 59 82 9 83 60 44 94 7 100 58 40 15 8 30 51 57 72 28 19 18 2 80 14 61 88 31 38 84 29 64 48 37 23 68 24 43 32 39 20 34 35 26 12 75 70 17 46 13 90 78 91 10 73 63 66 49 65 74 79 87 33 16 22 36 25 5 50 47 89 11 27 77 96 3 53 52 97 55 41 56 42 69 6
17 84 23 21 13 7 68 88 71 22 89 91 36 4 97 100 43 93 51 45 33 8 3 79 83 11 53 85 87 99 73 80 30 34 57 28 50 86 64 78 98 10 37 72 77 82 39 42 38 47 60 56 55 90 58 95 15 6 1 54 62 66 16 49 27 75 40 69 2 70 24 48 46 18 41 92 20 74 5 63 65 61 25 44 96 94 81 32 14 19 12 76 29 9 31 67 59 52 26 35
54 39 94 74 3 97 61 15 48 65 13 92 100 72 73 58 53 35 55 86 75 69 71 14 22 23 30 7 50 51 20 29 80 56 26 63 43 38 1 57 47 25 2 44 98 95 90 31 99 59 93 81 21 41 32 62 84 85 8 16 79 52 49 27 18 87 12 6 82 11 37 70 42 40 77 9 46 78 60 64 10 5 89 96 33 4 88 34 17 91 66 36 24 83 45 28 19 76 67 68
24 35 72 49 18 32 52 93 28 83 20 60 82 76 95 30 84 50 68 73 17 15 70 12 86 8 26 66 6 25 31 90 65 55 74 61 64 16 75 10 53 44 94 1 63 91 99 51 80 22 9 23 33 77 5 69 56 100 14 29 2 81 89 58 87 48 71 98 3 59 62 45 79 43 46 21 13 47 40 39 34 11 27 78 36 19 4 88 67 37 7 42 38 54 57 85 92 96 41 97
56 55 22 81 43 5 31 54 51 42 77 21 45 38 57 75 12 48 13 68 11 10 46 74 39 82 89 30 52 7 4 17 93 14 87 9 47 27 90 3 20 69 64 40 86 76 26 92 34 58 18 97 66 28 59 36 72 88 79 44 80 23 19 70 32 71 35 100 53 16 94 60 63 67 50 91 99 15 8 78 73 1 65 29 2 24 61 25 6 95 98 49 83 33 41 96 62 84 85 37
33 36 40 11 89 56 38 60 4 51 64 70 84 83 55 9 1 100 71 87 62 79 28 91 13 16 21 75 88 68 23 18 94 32 14 67 69 50 97 53 96 49 44 7 8 41 35 81 46 43 66 59 80 20 52 3 93 2 54 15 22 17 26 78 5 61 95 74 6 39 99 12 29 31 92 65 86 58 77 90 37 72 30 73 57 25 10 48 19 76 85 45 63 34 82 98 42 24 27 47
69 52 77 24 91 16 10 59 63 32 93 74 4 17 99 96 86 72 98 66 64 28 81 11 31 53 23 55 40 85 38 56 18 58 13 45 44 65 73 54 37 35 51 61 92 83 47 2 79 88 46 33 50 42 12 26 57 87 89 80 14 67 70 90 3 29 43 7 27 60 95 21 15 34 20 68 100 71 84 8 41 36 39 76 22 62 78 82 97 25 94 6 48 1 19 75 49 5 9 30
31 97 3 39 68 96 85 19 89 99 18 90 58 22 35 69 64 20 95 54 65 81 6 48 32 4 59 86 75 26 67 93 52 17 44 8 29 14 25 9 88 15 98 63 49 30 23 10 84 5 24 16 46 71 60 28 76 94 73 2 11 42 41 1 51 45 92 66 34 77 56 78 62 61 47 70 72 87 7 37 91 74 13 27 53 50 57 12 79 43 82 83 40 36 21 38 80 100 55 33
59 81 25 7 9 20 28 74 95 75 73 87 77 45 91 80 14 36 100 83 50 93 57 54 89 98 64 19 46 66 94 72 55 23 47 58 12 29 34 85 71 42 5 53 68 24 76 82 69 10 70 99 79 13 63 43 21 33 39 61 92 84 18 51 96 60 3 11 38 4 86 22 1 15 67 88 35 62 32 56 8 37 6 2 31 49 44 78 90 30 26 40 17 48 52 27 41 16 97 65
50 85 66 92 19 42 67 23 41 77 58 69 56 18 48 64 51 74 10 25 100 9 97 49 62 28 80 79 70 35 24 65 20 86 54 1 94 55 43 29 22 71 78 32 81 89 98 83 8 26 91 46 36 7 21 38 30 5 63 34 96 68 76 3 95 11 44 27 75 33 6 59 60 84 88 57 39 72 82 53 16 12 47 61 45 17 40 52 15 90 37 73 4 13 99 2 14 93 87 31
76 54 50 5 20 25 91 83 60 40 2 72 7 59 29 3 52 34 75 56 87 94 8 100 47 24 35 13 58 48 27 68 37 70 82 65 96 49 15 41 11 36 86 66 89 22 67 46 14 32 99 73 44 12 30 51 78 53 85 39 45 95 31 92 17 84 55 80 62 97 21 81 4 19 33 74 64 98 61 10 6 77 28 93 16 38 26 57 9 69 90 71 88 43 79 1 23 18 63 42
67 58 6 91 31 21 50 41 55 87 61 17 5 48 63 47 10 38 86 74 4 32 56 28 84 49 66 90 62 37 75 16 15 3 64 59 79 96 53 97 77 1 76 78 73 33 51 19 94 12 27 72 54 35 11 81 18 23 7 60 82 98 45 95 52 65 85 8 40 46 25 71 13 92 80 83 36 100 20 14 24 93 68 30 69 44 39 70 34 42 29 9 26 99 88 43 22 2 57 89
15 62 81 63 80 89 57 26 19 12 79 14 22 77 59 45 8 9 18 58 73 87 100 2 44 66 93 91 17 31 47 24 33 95 94 54 34 97 83 88 76 29 72 64 52 37 84 28 86 98 40 1 53 36 6 74 49 27 13 71 7 46 43 96 48 5 99 56 60 21 4 51 32 42 10 55 68 16 65 82 61 85 67 90 39 11 30 75 41 35 50 23 70 20 25 92 3 69 38 78
14 99 92 94 16 11 95 72 61 25 96 8 81 67 51 44 28 86 74 40 57 35 39 46 23 60 71 84 1 42 34 58 29 4 77 85 48 9 10 27 97 73 75 17 65 3 68 12 18 21 5 63 52 62 64 78 79 36 47 91 98 38 100 6 19 88 70 15 89 24 83 55 50 59 2 13 26 54 49 31 90 22 37 87 93 69 41 45 30 32 56 82 33 80 20 7 66 53 43 76
44 73 61 93 50 8 80 6 91 72 40 5 25 2 76 49 78 94 89 35 36 3 53 81 96 17 85 65 23 11 14 64 31 77 39 86 70 67 92 66 84 79 4 87 26 51 54 98 71 62 43 74 22 38 75 68 28 83 56 33 48 99 30 20 82 97 15 63 16 95 10 18 69 24 29 12 59 46 1 100 60 27 41 13 52 47 58 9 45 34 57 7 42 32 37 19 90 21 88 55
66 21 36 33 22 54 29 25 17 26 70 58 50 73 28 38 35 80 23 90 59 13 69 78 49 43 76 52 19 65 74 88 4 61 89 18 39 75 94 56 8 57 71 81 3 27 16 24 45 34 95 6 40 72 86 47 100 68 11 42 32 63 92 62 44 79 51 1 31 5 82 67 7 37 83 84 85 64 12 87 46 30 14 97 91 60 48 96 53 10 20 41 55 15 93 77 98 9 2 99
80 27 86 79 51 13 60 8 29 5 63 1 2 93 62 42 36 25 90 33 38 18 82 31 77 26 68 41 12 47 19 52 43 83 67 44 61 30 76 95 16 46 92 24 15 85 20 45 97 100 75 17 81 4 84 72 48 9 28 40 50 11 14 21 23 99 49 57 22 66 73 65 98 56 58 78 55 37 59 32 7 89 96 10 88 53 35 54 94 74 6 70 87 71 69 64 91 3 39 34
20 40 14 82 21 63 32 62 78 57 4 23 30 9 92 37 7 88 73 44 94 46 76 18 38 69 41 27 85 36 51 54 75 53 15 48 81 43 98 17 99 22 47 93 24 12 58 33 95 96 31 28 56 55 83 90 60 42 64 97 68 45 5 25 59 35 16 72 91 6 66 74 11 86 34 26 29 1 67 19 87 2 52 39 49 100 50 84 13 80 79 89 8 61 3 71 77 70 65 10
100 12 4 75 54 74 35 48 3 31 71 9 99 13 2 83 47 51 1 16 19 44 36 93 33 59 34 46 82 40 37 53 8 92 30 20 57 84 28 68 56 78 89 5 23 39 21 88 98 61 45 80 76 10 25 77 6 90 96 49 72 32 97 73 26 43 11 14 52 22 64 38 24 41 7 50 79 27 29 15 69 95 86 58 66 63 62 65 55 18 70 94 91 17 42 87 67 81 60 85
86 95 11 12 32 53 14 29 23 41 3 96 33 87 16 68 88 22 72 8 93 64 7 99 15 30 98 70 21 89 55 57 71 6 81 74 4 60 48 76 38 82 79 58 43 97 77 63 49 73 10 9 35 40 50 59 47 91 44 84 1 19 46 28 69 54 42 18 39 27 65 20 94 62 75 34 66 52 56 83 25 100 92 51 90 5 80 2 31 45 78 24 67 85 61 37 36 17 13 26
40 18 47 1 61 65 34 75 38 88 46 19 37 70 15 59 32 28 48 49 99 71 66 4 80 91 100 21 16 12 31 25 56 96 97 13 23 6 42 51 35 87 36 41 60 50 55 8 62 3 85 20 64 45 93 92 5 57 98 67 81 9 27 2 11 39 24 22 82 44 29 10 74 72 14 79 78 69 52 58 17 90 53 95 63 68 7 73 76 83 54 84 30 89 33 26 86 94 77 43
96 70 19 97 1 38 21 2 58 56 52 54 8 36 67 61 82 44 65 10 32 39 43 59 25 55 99 72 22 15 30 87 68 81 16 4 3 20 49 89 64 100 31 80 33 53 13 27 77 46 92 62 88 17 41 84 26 40 37 98 95 76 91 12 66 83 45 93 23 86 78 35 5 90 57 6 18 60 50 48 11 47 24 9 51 74 29 42 73 79 71 63 34 14 94 85 69 7 75 28
97 96 52 57 58 33 99 40 75 49 90 51 80 31 43 67 41 87 20 94 54 36 47 44 82 79 55 32 34 98 73 5 81 29 37 100 91 66 24 69 17 4 35 6 53 92 48 25 83 27 62 2 26 19 71 93 39 7 77 63 78 12 42 50 88 3 68 38 74 65 61 28 89 21 85 70 8 9 30 11 59 72 64 23 84 15 1 13 60 46 86 56 45 16 22 18 10 14 76 95
61 28 45 46 76 91 37 79 21 100 73 16 40 68 71 70 34 77 99 15 13 1 2 50 57 22 92 44 47 38 72 98 49 60 55 69 53 17 36 59 4 63 56 29 66 90 82 7 74 6 94 93 14 43 31 96 95 80 35 62 54 89 81 24 67 20 18 83 32 10 33 26 41 85 64 52 75 42 3 84 48 39 19 5 86 27 23 8 87 9 97 58 78 12 65 51 88 25 11 30
85 11 88 69 59 76 97 10 96 33 39 93 1 62 100 87 14 57 45 48 72 29 64 80 66 20 74 22 63 41 5 84 58 73 6 12 9 21 82 71 83 47 42 43 51 40 60 68 30 53 25 61 31 26 19 55 36 49 50 86 13 56 65 18 99 37 52 90 79 8 34 98 27 77 23 95 54 70 38 17 75 46 2 16 24 32 3 15 7 94 92 91 81 28 67 89 4 44 78 35
7 92 46 98 97 4 8 9 53 42 48 6 23 25 88 24 1 81 60 5 18 65 59 63 55 70 91 43 28 67 75 11 19 39 49 83 87 36 37 15 54 96 95 99 56 71 73 16 58 69 77 35 72 82 17 76 41 44 12 45 10 100 66 79 21 74 30 31 20 89 13 2 93 51 3 86 80 50 68 61 33 52 29 32 34 90 64 47 62 26 38 27 14 78 84 57 85 22 94 40
38 13 97 62 42 83 15 21 57 75 67 80 61 84 46 26 95 39 56 41 23 33 85 16 73 34 32 93 53 96 81 27 50 19 17 77 60 47 63 25 86 40 45 82 37 48 9 49 31 76 87 51 10 1 44 64 68 30 88 94 66 2 35 91 6 12 89 78 92 29 72 36 58 20 55 98 28 8 79 24 43 65 18 4 14 70 59 90 52 54 99 3 69 22 74 5 100 11 71 7
63 47 40 65 23 57 48 34 30 89 17 100 27 42 38 31 86 61 81 84 49 58 99 22 26 25 15 14 98 19 50 92 45 33 18 64 2 46 3 82 80 56 88 35 39 5 52 41 68 59 72 32 90 7 73 60 83 51 70 10 97 77 12 94 29 13 76 87 6 43 11 69 36 91 1 24 62 4 21 71 93 53 74 79 78 55 8 16 96 66 9 75 28 67 54 95 20 85 37 44
92 86 32 26 25 71 6 94 67 10 98 77 29 46 85 15 63 43 57 30 8 14 9 60 31 38 96 33 72 74 22 4 64 45 20 41 66 80 39 49 62 7 27 79 99 100 89 53 40 84 56 55 91 76 54 34 75 11 58 73 35 61 59 37 78 24 50 52 3 13 88 1 44 95 87 28 16 81 70 5 83 12 21 48 19 82 18 36 23 93 68 97 65 51 90 42 2 47 69 17
70 77 3 58 47 45 26 52 13 34 72 84 15 39 73 8 12 7 46 19 78 16 5 87 29 27 40 23 92 85 25 71 44 24 31 11 20 98 66 94 51 62 55 28 57 18 35 75 33 38 67 21 68 97 1 32 10 4 65 69 83 37 64 93 54 2 59 76 100 14 91 41 95 50 49 60 9 63 96 80 30 56 22 74 42 36 43 79 61 81 89 48 90 82 17 86 99 88 53 6
77 16 72 50 6 44 84 58 65 40 60 45 21 64 59 66 97 29 79 98 76 20 15 7 63 13 82 89 71 22 56 85 34 49 14 55 36 5 99 23 78 8 26 18 83 38 87 32 52 67 80 69 37 88 95 70 33 92 24 9 25 47 1 48 62 17 31 19 11 90 96 42 43 86 12 3 91 41 100 46 68 93 54 73 35 57 53 28 10 39 51 61 94 4 2 75 81 30 27 74
39 78 35 29 72 85 43 16 18 74 83 89 24 12 33 46 19 49 53 81 58 97 10 45 50 92 30 15 100 7 42 69 77 47 40 2 63 26 95 66 41 27 61 73 67 17 3 21 64 51 98 44 11 84 28 37 99 55 76 23 38 82 6 8 9 36 20 34 4 94 31 96 91 75 80 65 22 14 13 79 62 88 48 59 5 52 54 60 25 57 87 68 56 86 70 1 32 93 90 71
8 93 76 41 77 98 82 100 73 72 29 31 74 55 90 62 78 30 61 52 71 68 37 20 94 1 50 39 69 24 27 22 83 48 59 23 97 89 86 53 36 9 70 25 64 16 6 95 4 91 84 57 47 11 87 49 19 99 5 21 44 92 32 66 79 46 3 10 12 80 60 34 85 45 42 17 51 75 2 88 63 13 58 38 81 54 65 33 35 56 43 40 7 96 26 14 28 18 67 15
98 32 86 67 30 48 72 64 34 91 50 13 70 53 11 28 18 56 80 73 52 88 54 92 17 45 6 99 77 69 4 35 38 41 60 33 49 44 22 21 81 55 62 14 58 74 46 97 100 66 7 71 75 79 82 83 65 37 94 12 23 93 39 43 36 47 85 20 51 84 9 3 31 76 15 2 5 40 90 29 95 42 61 24 57 78 96 89 1 8 59 19 16 87 68 27 26 10 63 25
43 51 71 45 10 52 49 80 20 12 14 38 19 29 21 39 57 83 41 78 96 75 58 33 68 37 59 1 61 66 35 18 82 25 27 98 81 23 7 3 40 26 8 62 94 72 63 11 90 79 46 95 2 4 86 67 16 64 55 24 89 88 44 53 60 15 70 32 17 54 84 76 28 13 92 77 56 6 73 91 99 22 30 65 97 31 87 69 5 48 34 42 100 47 50 93 9 74 85 36
74 44 90 35 29 87 46 27 6 64 23 62 78 14 17 89 70 85 25 47 53 11 24 5 40 7 28 57 50 59 43 86 76 93 16 72 69 81 71 84 39 60 80 68 75 8 98 22 19 4 21 65 82 83 10 3 94 97 2 26 36 79 55 33 56 96 34 38 67 15 41 91 77 42 63 20 37 88 92 45 32 1 99 18 54 58 13 66 48 30 31 12 51 52 49 9 95 100 73 61
45 75 81 87 57 30 39 82 77 97 69 56 16 50 10 91 24 92 67 2 55 48 32 13 100 72 9 60 20 35 70 47 27 86 85 73 4 76 11 51 19 42 90 71 21 28 94 34 36 74 89 46 12 41 68 17 29 95 61 53 5 26 78 59 14 62 37 88 40 7 66 54 65 52 43 33 3 99 44 8 84 31 15 80 1 93 49 64 63 23 83 22 25 79 18 98 58 38 6 96
35 87 25 90 73 67 78 38 24 69 75 88 54 44 56 50 8 100 19 20 10 30 21 70 46 81 57 5 13 86 23 32 26 9 36 79 34 95 1 76 92 89 77 94 48 66 15 84 17 63 18 96 28 12 6 80 2 52 43 41 58 33 22 72 3 82 16 97 99 62 65 37 45 59 29 27 49 31 91 93 74 71 7 85 68 61 98 55 39 40 4 64 47 51 42 11 83 53 14 60
12 14 66 88 62 84 71 42 8 57 7 34 48 96 61 33 36 6 87 25 97 23 94 17 45 44 83 95 41 54 40 65 13 21 81 37 100 90 47 80 72 69 11 2 29 68 76 43 15 93 91 5 60 28 18 58 74 46 52 32 20 55 82 64 35 49 9 51 1 85 4 30 78 31 50 67 10 19 99 38 56 27 26 92 79 86 24 22 75 77 53 98 89 16 59 73 39 70 3 63
64 38 6 59 65 94 40 37 39 81 4 52 66 78 93 1 79 68 15 95 77 72 90 32 62 67 84 10 76 2 24 28 100 98 80 71 91 18 73 27 7 92 25 89 42 21 26 5 75 44 3 29 43 53 45 82 58 63 41 16 14 70 47 57 13 34 51 33 55 49 86 12 56 11 30 87 50 83 22 99 97 85 17 54 60 23 46 19 74 36 8 35 20 61 31 88 96 69 48 9
49 17 9 80 39 78 79 13 66 67 63 15 18 58 74 60 51 86 34 62 73 56 8 16 5 29 37 36 35 76 82 21 4 3 38 53 96 85 14 26 43 45 6 70 44 47 12 89 93 24 88 81 84 42 2 7 40 50 99 87 31 1 71 55 59 65 54 83 75 48 100 95 23 27 46 69 32 22 33 98 52 77 25 30 92 20 19 10 64 97 41 28 61 11 72 94 57 90 91 68
5 41 57 19 78 42 83 22 9 47 43 64 81 99 84 92 53 46 93 38 100 26 79 71 7 18 88 69 33 48 87 50 75 27 35 25 77 31 52 89 70 1 24 49 54 30 67 72 2 28 66 91 86 39 56 44 20 51 59 34 40 4 94 15 10 85 29 17 98 23 90 60 97 58 14 8 45 21 95 74 73 55 80 37 63 12 32 11 68 61 36 62 6 76 3 96 13 16 82 65
47 90 50 9 5 93 65 99 7 59 100 26 11 63 24 6 48 67 82 80 3 55 46 41 86 62 66 54 57 68 91 74 87 88 78 35 71 1 38 29 94 36 13 77 32 45 49 81 8 60 27 15 16 72 20 33 14 73 30 79 96 75 2 17 43 31 76 89 95 37 34 83 42 23 52 22 58 12 51 18 19 25 85 61 21 97 70 39 4 28 10 53 92 98 40 69 84 64 44 56
22 16 13 27 28 60 67 36 84 1 11 40 50 56 20 52 66 32 39 65 4 93 96 82 95 54 76 53 79 8 15 29 81 74 45 87 18 10 75 85 2 88 63 42 31 73 70 9 47 92 48 59 7 35 62 24 72 34 68 77 90 80 57 86 37 33 44 49 25 26 98 43 19 71 83 91 97 78 46 55 5 61 12 17 69 100 30 94 58 3 51 99 64 14 41 21 6 23 89 38
26 42 49 34 66 31 56 97 82 11 87 28 22 60 3 75 45 98 78 13 84 16 77 23 44 96 7 67 8 52 71 63 12 43 95 50 53 2 70 81 90 25 21 65 20 94 100 59 46 57 68 76 15 38 32 62 93 91 80 88 17 40 9 35 18 73 89 14 27 61 69 39 72 4 74 92 86 5 19 36 79 30 55 51 29 10 64 48 6 85 99 33 54 1 58 83 24 37 41 47
19 24 73 45 82 43 12 60 56 86 92 49 80 35 37 13 87 77 31 100 2 36 1 88 22 32 18 25 96 79 38 78 90 50 23 7 54 40 8 95 34 30 14 84 10 57 4 55 21 91 70 72 41 5 63 27 67 76 26 52 81 65 48 47 94 61 74 85 97 99 6 62 46 3 17 58 15 20 71 64 83 59 66 16 51 9 29 68 44 75 11 39 93 28 69 33 89 42 98 53
75 19 87 63 98 68 88 72 94 20 64 7 33 8 54 79 83 13 86 6 39 40 70 4 27 93 31 45 46 91 1 97 92 71 28 80 12 14 84 59 52 35 85 23 30 65 37 73 50 58 100 60 76 32 90 42 34 62 16 56 61 96 66 22 77 51 95 55 18 74 2 47 81 44 10 99 41 36 78 57 9 43 5 11 53 25 67 21 17 69 89 15 3 48 82 49 38 24 26 29
88 68 22 48 17 24 41 50 81 77 18 32 30 16 87 14 56 71 84 86 62 64 20 37 79 73 2 94 90 80 100 76 78 44 74 92 70 12 45 7 21 59 82 72 28 6 8 65 57 1 4 43 99 55 83 15 53 67 25 38 75 13 3 36 66 63 35 58 46 93 54 5 26 98 33 29 91 10 27 40 39 9 49 19 96 95 23 51 85 42 52 11 97 89 60 47 31 34 61 69
13 77 10 98 37 49 90 63 85 71 58 2 27 3 94 72 64 73 59 40 28 42 60 45 34 6 35 68 16 39 61 7 83 70 26 4 50 86 5 32 23 65 91 97 80 82 95 31 14 89 93 87 53 18 33 25 30 11 38 76 79 78 81 44 47 21 36 67 8 12 56 29 9 51 88 57 1 96 17 66 55 20 43 15 22 69 62 74 24 99 92 52 84 19 46 41 54 75 100 48
1 23 61 71 49 17 31 59 93 28 68 89 82 72 86 81 33 35 14 32 75 46 76 15 42 80 65 62 24 30 39 36 19 20 96 64 79 41 69 88 87 66 44 4 70 43 83 85 26 37 40 73 91 67 12 56 97 53 100 25 22 21 38 3 55 60 6 63 54 50 95 90 10 29 34 11 51 74 94 13 8 5 45 52 16 18 9 99 77 47 78 92 2 58 27 48 7 98 84 57
21 88 95 91 76 16 44 56 84 51 13 41 62 75 58 30 15 96 65 87 74 34 28 63 18 45 64 71 6 61 20 72 77 14 46 68 43 50 40 24 55 10 97 89 66 52 47 17 69 70 60 79 9 36 59 100 1 8 57 31 3 7 53 78 27 83 11 22 5 92 25 99 98 67 37 90 94 86 93 4 54 39 33 23 82 38 49 85 29 12 48 2 73 26 19 35 42 81 32 80
93 95 36 47 69 56 100 73 40 94 77 39 88 86 50 7 2 72 12 16 68 3 71 59 13 78 43 30 5 14 29 17 18 37 53 65 23 27 57 64 76 20 10 98 79 60 45 96 87 51 54 58 81 75 52 38 85 42 74 61 15 8 55 91 19 25 24 26 62 34 97 48 35 28 67 49 31 84 9 22 11 21 90 82 33 41 80 1 99 83 70 6 89 4 32 44 63 92 66 46
72 11 1 23 90 88 25 46 19 26 44 53 95 55 29 17 38 54 100 70 20 60 18 78 47 52 98 33 68 77 67 24 97 4 92 83 37 51 59 12 74 49 40 7 50 79 10 56 9 87 8 13 14 22 42 5 57 80 48 58 62 89 76 69 41 94 86 30 2 15 64 66 3 21 32 45 16 39 43 63 61 36 6 75 31 85 35 91 93 96 84 73 99 34 65 28 71 27 81 82
62 70 48 69 35 92 18 12 25 87 99 73 60 84 34 40 43 36 5 68 23 31 3 91 38 97 80 85 9 13 47 19 2 72 52 26 29 74 76 54 67 28 33 30 8 42 16 37 7 39 55 56 11 51 75 46 83 44 63 15 98 86 64 96 49 100 90 6 24 89 61 22 20 77 53 94 21 58 57 78 59 81 10 27 45 4 50 71 82 66 17 14 41 88 93 32 79 95 65 1
41 48 28 31 79 26 2 19 78 52 40 75 15 64 66 85 81 51 92 69 17 33 73 44 74 88 58 70 56 32 34 16 23 13 91 1 55 62 97 6 24 29 7 71 90 9 53 46 35 76 59 10 21 100 57 39 43 83 8 60 42 36 65 54 80 77 12 27 45 72 37 63 4 99 47 68 89 11 14 30 84 87 38 96 95 22 3 25 49 98 86 93 18 50 61 67 82 20 5 94
18 27 14 33 100 65 28 23 99 25 96 4 71 67 48 2 92 41 45 44 56 54 26 73 24 16 21 75 38 51 57 8 64 40 61 11 58 7 29 97 83 22 78 10 85 59 77 79 88 50 12 30 95 81 13 91 80 43 36 63 55 98 39 6 5 69 42 19 37 49 32 70 47 90 82 35 66 53 60 94 68 89 72 93 15 17 52 86 20 46 9 76 62 74 84 34 3 1 87 31
86 20 74 57 87 96 30 1 82 48 24 16 7 91 77 93 4 22 75 99 50 28 66 33 71 100 69 18 34 38 6 41 45 59 19 67 61 94 13 15 31 5 12 2 27 36 78 98 25 84 32 83 92 62 58 35 56 85 46 54 88 17 14 70 44 49 68 95 53 64 21 81 11 26 60 9 72 3 47 65 52 37 89 55 23 63 40 43 8 39 97 79 80 10 90 51 29 73 76 42
9 28 19 79 27 50 58 70 61 15 93 66 17 51 98 100 10 57 99 90 67 97 95 80 37 56 86 6 40 29 69 43 30 83 64 77 26 39 65 72 22 73 52 78 62 11 18 63 41 47 82 16 55 44 81 53 96 68 54 48 92 31 13 46 23 75 45 42 60 1 5 94 89 24 71 88 34 21 8 14 33 2 91 4 84 49 7 35 59 20 85 74 32 12 25 38 87 3 36 76
17 96 94 7 45 19 68 88 91 22 79 51 23 58 52 53 28 37 98 54 63 39 93 100 89 34 13 40 83 26 80 75 49 5 72 56 47 61 18 69 14 67 66 11 65 62 1 42 92 27 76 24 97 9 21 50 55 4 86 30 70 74 77 81 95 29 99 44 10 84 33 25 6 15 8 64 2 43 59 85 16 90 32 87 41 60 31 78 3 57 71 36 12 35 48 20 46 82 38 73
69 62 16 29 94 55 50 3 39 43 70 12 61 90 25 41 34 59 64 77 21 9 100 60 85 98 10 23 52 18 51 56 68 1 89 5 44 24 58 71 38 72 46 82 96 86 27 13 20 40 15 63 87 66 30 28 19 49 73 80 47 67 11 2 32 48 22 8 88 65 26 78 91 84 57 42 54 4 33 92 6 74 83 95 36 53 76 93 14 7 31 45 79 75 99 81 17 35 97 37
50 47 68 82 13 7 62 8 94 65 61 71 43 59 76 12 85 39 30 33 9 21 6 36 77 15 26 86 88 16 28 42 99 58 87 60 48 89 91 40 18 14 37 49 83 24 23 67 34 98 57 92 80 69 5 75 78 27 72 4 74 63 31 84 96 11 56 1 38 10 29 51 53 66 20 93 46 19 90 35 41 79 73 25 2 45 54 32 22 17 3 95 81 100 52 64 70 44 55 97
6 85 47 46 77 70 87 54 20 37 38 78 41 4 14 27 35 18 3 56 65 29 25 98 97 69 53 39 75 31 66 2 72 32 44 23 33 83 52 17 96 15 82 95 51 81 90 92 86 13 24 1 50 71 64 36 76 57 79 68 45 42 88 28 48 67 40 10 73 30 99 59 55 62 61 7 100 89 94 84 63 11 8 34 9 19 58 12 16 91 60 26 74 21 49 43 93 5 80 22
49 92 77 32 51 63 61 82 60 95 28 45 37 11 30 58 80 38 52 66 87 35 64 99 8 22 67 15 70 25 48 27 3 42 13 2 39 65 16 14 4 94 72 29 46 41 74 26 6 5 73 40 88 20 19 98 89 7 1 44 68 59 43 33 93 71 55 18 36 53 85 21 12 9 84 97 96 31 75 90 91 69 86 76 83 62 10 34 23 54 50 57 47 81 79 100 56 17 24 78
27 40 11 12 10 5 93 74 41 13 30 42 21 99 55 3 7 49 73 58 38 79 57 6 76 37 68 44 87 56 36 48 20 17 86 59 78 16 25 33 90 77 98 75 60 31 2 45 43 65 96 51 46 63 47 1 81 23 85 71 91 52 18 62 26 84 8 72 22 54 83 82 69 61 64 4 28 80 95 53 97 100 19 50 66 24 32 88 39 35 29 70 34 67 92 89 14 94 9 15
66 30 42 26 55 35 85 16 48 61 6 84 25 56 70 77 82 28 71 59 57 87 68 18 96 24 5 89 63 62 7 93 58 100 15 86 92 90 98 41 10 97 64 8 81 14 51 27 37 73 9 67 22 13 60 69 38 36 76 29 78 46 74 1 17 20 49 12 34 94 52 91 50 40 11 21 75 33 2 83 32 47 65 53 44 99 43 72 19 95 54 23 45 31 88 39 4 80 79 3
25 90 4 58 63 32 24 62 95 88 10 70 100 94 96 65 93 1 13 74 46 81 97 50 51 82 79 7 47 20 55 84 53 31 37 8 60 38 64 56 52 21 15 99 18 92 89 30 83 23 17 98 40 77 14 78 44 3 22 42 54 76 12 61 34 2 43 69 16 66 73 39 27 87 41 35 59 5 19 45 75 57 28 29 86 33 48 80 85 26 68 67 49 36 9 91 11 6 72 71
76 17 63 65 61 41 89 83 77 3 94 14 8 36 35 69 71 44 18 46 59 58 42 20 84 5 23 27 73 97 82 98 33 45 54 12 25 29 34 57 51 38 13 68 53 21 55 16 95 100 99 28 31 6 72 43 32 90 75 40 10 66 70 79 2 24 81 7 91 85 11 4 1 19 78 74 80 47 48 56 62 64 15 39 26 50 88 30 67 9 87 49 52 22 37 92 86 96 93 60
4 13 92 43 5 89 59 15 7 32 83 77 24 26 63 52 84 9 76 10 16 50 67 81 39 20 8 12 1 37 65 40 29 56 57 58 3 25 90 48 27 99 85 74 86 69 68 28 61 6 75 2 36 19 34 95 51 30 14 98 80 38 42 97 64 66 87 41 93 73 49 55 60 18 23 53 35 88 72 100 70 54 47 78 91 44 96 82 17 79 62 46 94 71 45 22 31 21 11 33
46 78 45 41 58 53 52 97 4 5 36 92 28 48 91 99 47 74 20 15 54 69 86 9 83 60 93 65 17 19 89 6 71 23 76 61 98 67 81 68 16 63 49 79 35 95 84 33 13 3 1 22 66 8 32 57 10 77 51 88 34 90 26 12 11 39 18 56 29 37 94 7 25 73 85 55 42 75 30 27 50 31 64 100 24 72 87 40 82 80 38 96 70 59 21 2 62 14 43 44
54 81 24 14 80 38 4 26 29 6 19 52 99 96 60 9 75 48 70 35 49 18 40 22 23 55 25 77 79 57 16 64 93 88 30 28 66 76 43 58 61 71 21 94 39 53 82 69 15 34 33 85 42 74 13 83 84 5 98 45 90 95 41 50 51 87 78 100 72 86 62 65 73 91 2 46 36 12 3 31 37 8 67 89 47 92 1 27 10 97 7 63 11 68 20 32 44 56 59 17
59 12 31 67 23 86 16 2 1 49 53 72 19 39 57 45 52 70 74 28 24 20 10 87 75 54 71 91 98 36 85 38 8 51 47 100 97 66 82 9 3 37 40 93 88 94 64 48 79 43 14 4 44 21 42 81 60 35 55 33 65 11 32 18 99 5 61 80 89 90 46 76 63 25 26 92 29 83 13 73 30 95 17 41 34 68 56 62 58 27 6 78 69 15 22 50 84 7 77 96
67 41 52 88 16 1 34 25 24 33 76 59 73 68 51 89 22 27 66 83 81 10 56 46 14 75 61 50 28 42 32 53 31 29 55 69 9 30 36 98 39 93 2 43 21 90 65 40 19 96 48 62 64 99 84 74 100 97 77 70 95 82 35 20 87 17 15 57 37 7 78 5 44 47 4 49 18 63 92 3 60 72 58 38 8 6 26 11 91 94 79 71 54 80 85 23 13 45 86 12
39 73 98 74 22 3 57 6 71 36 54 69 1 70 95 10 41 87 60 45 99 94 2 5 82 79 34 4 65 13 93 100 15 19 77 33 85 75 84 63 64 61 11 80 31 29 20 24 53 12 32 23 35 47 50 30 18 55 83 14 97 88 37 17 67 81 92 68 44 48 42 28 58 72 38 62 8 56 91 51 46 52 26 66 49 27 78 16 7 25 43 9 90 86 96 21 59 76 40 89
56 67 21 1 50 81 38 64 6 99 3 100 40 17 45 80 44 34 68 14 36 71 29 82 32 8 31 16 62 65 41 58 42 10 48 95 94 55 13 2 43 46 90 35 24 22 85 7 47 79 84 27 5 59 11 51 33 87 89 52 66 97 63 25 9 78 96 76 86 26 91 60 74 70 93 83 37 72 61 19 69 88 53 77 30 15 98 75 18 23 57 73 92 49 54 12 39 4 20 28
38 36 88 5 59 97 91 37 56 100 20 23 2 35 33 63 6 64 10 52 94 1 61 32 66 72 45 21 58 99 71 12 44 49 67 55 57 96 53 78 74 4 86 87 43 89 60 19 50 22 98 13 26 80 75 3 68 40 7 84 31 81 27 95 65 42 83 15 73 62 16 54 29 34 77 69 9 41 79 11 17 46 92 47 93 82 8 70 76 48 14 90 51 85 24 28 18 25 39 30
33 87 85 6 47 25 42 93 9 41 13 19 46 60 16 96 50 8 72 22 18 38 49 14 45 1 92 88 77 32 15 57 98 61 75 63 2 26 80 10 17 44 83 86 23 91 58 12 21 37 89 74 51 40 68 84 36 100 64 5 59 28 99 24 69 3 97 62 4 70 90 43 31 53 7 94 78 34 67 71 48 65 20 79 73 11 55 39 35 76 56 27 30 95 81 54 66 52 29 82
95 99 38 50 62 46 49 65 43 97 84 1 58 18 37 64 79 81 55 8 83 78 54 7 57 92 88 28 22 24 14 68 40 53 39 98 5 77 47 87 19 86 75 41 73 82 34 4 59 10 70 61 67 76 31 11 15 9 94 74 72 23 100 51 89 35 30 93 36 29 63 12 45 56 21 42 3 16 96 17 25 85 27 32 80 52 20 33 48 90 69 91 44 66 13 71 2 26 60 6
44 86 93 35 21 8 10 33 66 48 46 32 56 73 92 34 16 50 31 23 64 68 81 51 17 30 91 38 4 63 19 62 43 60 94 18 40 98 24 79 70 78 76 25 7 71 22 83 2 28 95 20 90 84 45 26 72 6 47 39 1 99 87 58 37 15 52 96 11 27 80 69 41 54 75 59 49 42 77 61 36 14 29 5 12 55 13 85 53 74 65 89 3 57 67 88 100 97 82 9
61 7 76 62 39 11 14 56 38 37 9 25 4 78 48 44 88 43 23 19 13 95 47 58 80 28 89 22 15 52 87 54 91 81 84 72 20 60 3 86 35 82 97 100 26 16 1 21 98 69 64 71 93 17 18 92 2 33 24 79 46 12 6 94 42 31 27 66 57 55 67 74 90 85 70 99 30 8 50 10 5 73 68 63 40 51 41 53 96 45 49 83 65 77 36 59 32 29 75 34
29 76 91 53 28 75 31 79 63 89 69 35 36 50 30 92 48 61 57 84 72 8 65 41 5 66 37 60 86 98 73 11 16 95 6 22 49 23 71 93 99 85 7 70 3 51 80 25 33 46 77 78 56 10 87 68 94 88 27 67 13 96 17 15 52 82 64 90 18 40 24 47 97 45 54 34 55 81 38 39 14 100 2 83 59 1 44 32 20 21 12 62 4 43 74 19 58 9 26 42
63 21 2 75 6 20 88 50 8 10 43 60 29 25 11 41 17 66 39 93 30 65 15 74 68 38 55 69 72 40 26 34 51 33 97 9 37 85 28 70 71 79 24 81 64 42 91 49 77 67 100 44 61 94 56 48 95 59 52 35 76 19 82 27 46 12 47 31 53 23 84 62 7 92 32 80 5 14 4 13 87 1 54 45 90 89 18 86 73 3 83 58 78 96 57 98 22 99 16 36
15 35 1 81 78 2 18 72 73 43 98 80 14 92 70 85 58 25 87 49 89 50 59 28 33 67 99 46 23 96 54 51 57 16 63 79 56 95 5 22 53 88 94 40 32 76 52 82 26 62 8 34 68 90 30 42 41 47 37 86 11 77 45 64 29 36 39 74 38 6 31 3 24 69 44 93 13 60 65 91 27 12 48 9 97 66 61 21 75 19 20 7 100 17 4 83 10 84 71 55
45 51 97 92 35 76 37 12 67 61 30 38 63 42 84 7 19 53 90 9 11 59 83 48 74 18 15 54 81 89 94 4 22 80 82 44 64 31 70 91 23 57 36 73 58 100 27 68 8 60 21 55 10 5 71 14 39 2 28 56 50 13 1 43 79 85 40 52 93 46 72 29 49 20 3 75 62 86 78 87 95 41 99 24 88 47 65 96 6 34 66 98 17 33 26 77 16 69 32 25
100 18 13 87 31 83 23 75 54 65 70 46 6 38 90 40 5 7 15 94 50 14 85 61 86 53 39 84 12 69 81 80 55 21 26 37 19 9 59 34 89 47 63 66 33 68 99 97 60 74 88 3 8 11 17 49 67 48 44 91 57 45 51 92 76 79 20 78 62 22 10 95 32 52 58 4 64 27 29 24 43 71 96 73 72 35 28 1 93 30 98 36 16 82 2 41 77 42 25 56
14 75 23 78 1 4 30 10 81 28 61 31 92 63 21 72 37 89 95 98 93 44 53 88 50 13 84 43 71 2 22 69 38 74 17 48 46 49 42 47 8 55 12 64 67 73 62 11 7 26 5 6 79 82 86 87 40 52 58 32 83 68 91 66 60 45 27 3 59 57 15 36 94 76 51 25 39 99 16 18 24 97 100 90 19 54 77 35 29 85 34 70 56 20 33 96 9 65 41 80
98 58 49 11 33 66 39 73 85 95 2 40 10 93 63 13 56 83 89 91 84 88 28 12 42 51 100 72 69 80 70 25 52 77 20 76 38 47 86 82 67 19 4 24 15 50 9 41 16 44 92 5 1 45 53 64 29 27 65 62 17 79 46 21 32 54 31 87 97 43 60 96 75 37 61 8 22 3 71 30 99 34 14 48 18 74 57 94 59 36 26 6 7 78 55 35 23 90 81 68
81 42 74 24 19 13 95 76 64 31 53 6 51 12 94 91 38 27 82 41 97 11 7 49 55 4 80 1 100 3 67 86 96 43 87 71 61 17 15 90 54 28 78 62 75 30 98 8 9 66 25 33 47 72 93 20 58 37 2 23 89 26 16 69 56 99 50 34 5 59 32 79 36 65 35 29 77 70 44 88 45 60 21 10 39 85 46 57 52 40 14 84 63 83 68 18 92 22 48 73
23 32 28 97 57 91 71 29 34 17 86 26 77 31 14 15 24 93 63 30 27 84 79 13 95 25 85 67 19 11 4 47 66 22 35 41 87 5 83 49 62 45 53 58 98 36 78 44 69 38 40 99 82 43 59 76 65 64 88 1 42 33 92 73 3 52 81 50 16 61 51 37 72 75 60 20 56 46 100 55 7 18 80 74 21 12 70 10 68 8 90 39 6 54 94 9 96 2 89 48
20 29 99 90 25 40 82 34 18 91 38 15 45 22 67 60 70 1 19 3 46 76 9 93 94 27 96 50 35 48 64 21 80 39 86 16 63 6 11 62 2 100 47 53 57 28 49 51 30 61 66 97 33 83 44 59 85 92 5 89 7 75 52 78 41 74 8 17 23 14 56 26 77 31 55 10 32 84 73 58 79 36 12 65 54 98 4 71 87 43 37 68 24 13 81 69 42 72 88 95
77 44 90 59 37 21 15 46 55 64 67 93 84 9 54 42 66 20 83 13 28 89 18 23 26 91 86 19 70 41 1 5 34 71 96 73 48 10 39 94 72 60 25 6 68 63 53 87 75 92 3 80 2 32 62 82 99 36 14 31 38 100 27 35 88 47 78 11 95 76 12 45 85 43 4 33 58 40 51 74 56 22 7 97 79 57 24 30 8 81 50 52 61 65 17 49 98 16 69 29
70 55 87 15 29 28 84 38 23 83 40 49 79 77 34 30 97 14 41 6 76 32 36 57 13 7 81 27 20 67 43 90 65 98 16 80 69 21 63 85 11 96 51 18 99 45 54 72 52 24 68 93 75 26 66 17 1 62 12 94 35 4 2 3 10 46 56 91 25 8 86 71 95 73 78 58 100 64 9 53 74 92 22 33 5 50 39 89 60 61 47 19 42 44 82 48 88 37 59 31
13 4 48 81 44 45 12 89 57 32 11 62 16 76 91 83 85 88 86 14 71 75 100 92 18 59 2 53 33 7 49 87 94 6 72 74 90 43 40 84 21 63 55 42 77 41 51 56 46 27 73 17 36 39 54 60 20 80 26 30 61 47 78 8 82 96 3 23 22 50 9 67 15 66 52 64 68 98 99 79 10 37 5 58 31 97 19 69 24 28 65 35 25 29 70 34 95 1 93 38
85 79 66 19 54 98 41 1 96 25 93 57 91 29 71 33 45 81 30 2 58 78 73 4 49 70 69 14 8 47 28 40 50 27 92 35 60 51 75 32 31 89 6 63 52 17 48 37 38 88 76 59 86 18 10 56 16 46 39 26 23 80 94 55 43 53 95 97 24 12 82 83 42 62 64 68 87 100 21 65 34 61 72 44 36 90 67 15 5 77 3 99 13 9 22 7 20 11 84 74
7 54 71 93 97 74 28 68 51 47 23 88 5 8 76 39 83 64 67 46 80 48 96 16 31 32 9 91 21 75 25 53 56 3 95 87 36 81 99 78 20 69 77 61 89 38 37 30 4 1 43 29 84 42 82 52 79 85 50 57 58 2 19 72 6 62 86 49 34 13 66 98 26 14 41 45 10 15 22 92 44 55 24 17 35 94 59 12 63 27 60 11 40 70 18 100 33 73 90 65
96 38 4 27 82 31 99 60 75 26 39 73 100 44 57 79 43 34 48 47 52 13 21 17 15 29 83 36 68 12 24 71 91 86 76 20 72 66 49 23 94 9 89 77 54 6 16 88 84 53 59 30 25 67 90 55 80 33 41 10 62 40 5 70 78 37 42 65 51 95 3 11 19 58 8 87 45 22 46 63 98 74 18 2 1 32 81 93 64 56 85 92 28 97 7 50 69 14 61 35
64 76 9 14 49 53 90 58 11 69 89 21 74 3 97 27 28 32 78 48 33 26 75 71 7 19 35 79 40 65 61 31 37 96 45 54 93 44 4 100 87 38 66 81 92 47 39 84 17 50 12 72 60 62 15 5 6 51 1 16 20 70 63 86 94 13 29 83 98 80 46 2 56 34 82 77 88 10 68 36 73 95 8 85 41 42 30 43 25 18 59 55 91 52 24 67 99 23 57 22
5 19 68 94 69 1 56 52 30 71 18 7 46 16 38 6 92 80 25 22 39 81 24 10 100 23 82 99 96 8 74 32 98 34 61 50 3 20 66 12 84 93 45 17 85 83 42 75 58 51 91 57 72 97 14 62 28 40 13 87 70 55 59 48 21 43 54 33 60 44 88 41 79 63 53 90 26 9 86 4 77 65 73 37 95 31 35 64 15 29 49 76 67 2 89 11 36 27 78 47
12 16 95 9 100 33 25 59 65 11 76 54 41 30 86 75 87 29 79 81 2 1 39 37 27 62 98 94 6 61 20 52 53 24 23 60 43 67 8 51 47 73 92 28 48 14 13 31 64 58 4 96 46 69 83 35 78 66 85 21 82 84 91 22 18 90 89 88 17 74 93 38 3 50 77 7 97 71 56 40 19 72 44 68 34 70 49 45 99 42 57 15 55 36 32 26 80 10 5 63
92 85 50 8 72 39 60 94 21 6 7 28 42 46 51 69 93 30 100 56 59 31 71 67 25 43 53 75 73 16 34 64 76 35 48 90 82 2 22 40 98 14 91 5 27 84 65 20 23 4 83 9 52 81 12 77 74 99 68 61 95 38 44 37 54 45 15 1 55 87 41 66 63 11 88 57 79 36 17 78 24 13 49 18 86 58 97 19 62 96 89 3 29 32 47 33 26 70 80 10
24 40 63 66 3 88 100 9 89 67 92 34 68 45 28 65 4 70 73 32 19 72 91 2 8 99 7 10 50 36 35 42 30 13 57 86 12 16 69 25 77 59 46 84 29 18 15 47 80 21 94 60 51 79 39 93 56 14 43 58 44 49 71 90 17 78 61 64 75 31 96 20 62 95 23 11 41 53 27 5 1 81 85 54 82 6 98 74 55 76 52 97 87 33 48 22 83 38 37 26
26 97 16 39 13 92 29 42 58 74 68 53 4 87 98 84 81 46 76 19 65 38 3 51 62 44 41 86 63 22 80 27 55 100 28 8 66 12 45 89 37 49 14 21 94 59 18 32 90 93 17 56 7 35 25 24 91 95 36 15 11 9 23 57 64 34 52 30 67 73 54 48 20 40 10 88 72 6 70 85 78 79 43 75 96 5 50 60 61 83 82 2 33 99 31 1 71 47 77 69
31 51 10 45 27 52 79 36 13 56 87 75 70 83 17 38 63 28 61 20 81 95 66 73 14 26 32 47 92 68 72 93 29 9 49 85 57 18 98 91 41 35 33 64 16 3 21 43 39 46 62 15 54 8 2 37 34 42 25 48 65 7 30 59 80 69 12 76 58 4 78 40 23 86 71 67 99 96 5 82 90 11 6 50 60 44 53 22 74 19 84 24 97 100 77 94 89 88 55 1
57 30 73 63 20 54 93 100 23 87 6 56 2 75 25 17 53 59 51 95 38 71 94 78 85 11 44 16 76 79 29 98 8 47 60 67 58 84 65 26 7 5 10 1 50 81 70 89 31 22 18 35 40 36 41 96 21 34 48 97 80 46 9 49 62 88 68 39 27 99 4 90 13 91 37 12 52 74 43 15 83 42 32 92 69 33 19 55 3 45 86 28 14 77 72 64 82 24 66 61
80 75 86 13 66 71 67 27 11 49 28 2 77 62 99 100 12 41 56 83 8 79 58 54 40 96 43 65 9 15 42 22 44 32 30 59 35 61 76 98 55 72 64 7 10 74 45 19 68 87 24 69 37 63 20 90 97 73 46 91 5 81 47 36 34 38 18 57 88 92 85 93 50 25 95 78 31 39 52 29 14 33 89 21 16 60 23 48 1 17 6 82 84 26 3 51 70 4 94 53
88 58 35 11 17 60 91 13 84 86 44 41 19 31 29 93 18 8 53 80 62 89 90 70 76 95 71 45 85 56 23 38 33 59 39 83 26 36 25 21 92 22 98 24 37 66 10 96 99 57 87 43 50 51 64 100 81 94 72 77 40 1 49 47 48 15 6 55 54 30 2 42 28 61 67 9 16 69 7 32 27 46 74 82 52 63 78 73 4 12 68 14 20 34 65 5 3 75 79 97
86 18 42 75 30 56 87 22 1 23 99 59 8 72 3 67 65 61 39 84 16 88 32 40 79 17 93 57 41 35 69 97 82 51 77 19 54 76 95 38 80 53 31 90 63 5 26 85 36 89 14 46 66 6 28 33 55 50 70 34 78 92 48 96 44 81 83 15 29 21 73 10 60 47 11 52 4 20 12 27 45 43 62 13 100 68 9 91 49 7 98 74 64 71 58 37 24 25 2 94
35 36 61 67 90 44 4 21 3 51 96 13 7 77 100 53 95 9 75 49 20 15 99 31 38 6 18 32 98 54 40 56 93 92 55 69 23 97 91 88 83 71 37 66 42 52 2 48 5 59 72 1 64 41 81 94 47 74 73 63 34 76 70 50 65 79 87 89 82 24 39 22 43 28 26 17 85 58 60 84 19 25 30 27 46 86 80 68 14 10 62 12 8 16 33 57 29 45 11 78
72 21 24 31 63 81 83 80 54 94 32 17 48 1 87 12 57 68 84 28 55 18 37 14 97 19 74 5 56 30 100 11 51 50 47 33 29 89 36 22 4 92 44 93 49 43 76 73 62 70 10 98 41 71 60 34 26 3 16 69 88 66 45 91 13 61 96 8 52 27 6 59 9 53 58 2 46 78 40 35 79 64 90 25 15 23 39 42 77 75 20 67 99 82 85 86 38 95 65 7
97 27 3 99 42 7 59 63 55 1 82 96 56 14 20 51 78 12 34 68 32 69 43 94 71 91 66 90 75 74 38 8 52 40 31 26 25 29 92 17 36 77 58 73 60 65 89 79 49 100 93 87 15 88 6 44 30 67 35 24 98 21 13 61 5 48 39 80 2 33 81 70 53 84 54 22 28 50 57 19 4 9 86 11 23 10 62 47 16 46 83 64 18 95 45 85 41 76 72 37
59 88 36 24 65 84 50 89 64 20 52 14 58 78 10 3 71 44 70 62 77 11 26 46 37 81 13 85 15 51 6 48 31 73 74 7 18 86 29 2 34 4 61 38 33 60 94 28 45 56 82 21 12 100 63 72 75 68 80 54 76 19 42 95 35 67 9 96 91 5 69 1 27 23 49 97 39 43 93 83 30 8 55 53 57 25 40 90 22 32 16 79 41 66 98 47 17 92 87 99
50 28 32 23 98 70 16 8 63 15 90 78 24 39 88 2 7 85 82 65 87 68 93 36 51 66 45 52 26 77 27 41 72 81 53 13 33 74 18 48 14 99 5 58 20 62 64 80 57 40 75 22 44 19 34 67 76 30 11 9 96 37 6 54 49 94 92 31 89 55 29 35 1 71 83 91 12 4 21 100 10 59 38 61 84 17 56 25 97 69 79 95 73 47 60 42 46 3 86 43
47 52 45 46 87 94 62 70 28 13 75 71 95 68 55 77 15 38 66 91 67 10 5 11 64 88 8 39 22 42 36 18 16 33 54 56 89 30 1 72 96 74 26 65 44 40 83 4 41 84 27 76 43 12 58 7 48 59 86 60 92 61 100 97 93 73 37 85 3 23 14 99 35 21 2 98 49 63 82 51 50 53 25 34 90 20 24 78 17 80 29 69 32 57 79 19 6 81 9 31
94 17 14 92 32 57 43 99 24 75 29 12 71 53 77 1 34 37 81 5 3 28 69 50 83 100 58 95 13 39 30 72 68 70 85 55 78 7 64 79 22 25 80 40 62 86 35 49 74 88 60 65 76 21 73 47 89 4 96 38 91 59 82 6 36 31 97 42 8 93 16 63 10 18 15 26 66 11 84 56 61 27 45 23 19 41 54 51 90 98 48 33 2 20 9 44 87 52 67 46
4 93 27 7 16 49 85 33 57 22 58 19 10 44 62 59 47 48 1 94 56 60 6 79 73 38 61 71 82 31 50 35 75 72 40 25 55 65 83 41 86 46 8 74 80 24 77 11 88 63 54 95 92 45 52 29 32 23 51 2 89 42 17 84 96 37 90 67 12 13 98 30 81 26 20 3 9 87 68 66 70 5 91 78 14 18 64 99 34 21 97 53 39 15 69 43 28 100 36 76
18 20 6 65 59 89 68 23 21 88 83 31 43 48 33 61 36 39 74 9 63 80 16 49 92 32 76 12 87 86 56 57 71 37 67 28 44 50 58 54 24 97 70 30 51 8 84 13 40 98 15 73 42 11 82 46 96 77 79 4 64 45 35 53 95 100 55 41 10 72 62 81 25 5 93 60 78 1 14 38 99 69 52 29 47 27 94 66 91 90 17 26 19 22 2 75 7 34 85 3
43 23 92 69 91 42 2 94 8 3 60 70 84 63 58 9 35 18 5 86 100 29 77 98 47 7 57 40 38 25 66 24 15 20 64 1 19 46 16 82 97 36 49 88 96 12 95 33 87 6 67 27 80 75 90 28 93 55 76 89 74 11 99 81 51 52 30 56 45 53 61 78 44 13 21 79 50 62 71 48 17 14 10 59 68 72 32 65 31 37 4 22 26 83 41 39 54 85 73 34
21 14 94 34 51 32 97 40 4 33 79 58 73 29 60 66 86 74 55 69 10 65 95 100 77 16 84 18 47 38 91 6 3 17 71 92 2 80 57 56 88 1 62 68 28 72 67 42 35 96 9 83 99 90 5 25 43 7 22 12 75 63 52 46 26 82 64 27 31 49 37 11 78 41 85 24 36 98 70 8 59 87 13 39 45 89 48 54 15 23 53 93 81 50 61 20 19 44 76 30
69 48 11 97 60 16 6 54 38 52 10 91 29 36 95 99 19 13 72 23 75 20 70 76 39 53 89 7 77 85 51 58 12 42 37 45 98 25 73 63 18 67 35 86 65 33 68 40 71 92 96 32 90 94 27 50 57 43 74 31 3 78 41 28 2 21 22 93 1 15 49 34 5 9 17 88 80 83 47 64 56 30 61 62 8 4 55 26 44 79 87 46 24 59 84 81 14 82 100 66
17 32 98 53 89 43 26 2 56 59 71 64 25 22 66 81 84 96 19 16 9 87 60 58 29 30 21 44 1 76 48 34 42 95 78 63 50 41 97 69 40 10 82 100 86 37 12 67 93 39 55 4 61 28 72 49 33 6 99 68 46 8 57 18 27 75 85 90 79 31 5 51 11 54 38 65 94 80 77 14 7 47 83 24 92 45 3 62 52 35 70 23 74 88 36 73 91 20 13 15
19 70 46 80 73 86 40 64 85 5 72 16 54 2 56 31 22 36 93 52 4 23 82 81 35 43 67 55 17 18 3 28 94 1 75 58 9 49 38 47 78 65 15 44 83 27 8 98 92 26 57 62 87 76 10 53 14 100 61 41 48 74 32 51 59 97 20 95 99 66 13 25 69 42 84 45 96 37 30 24 60 21 33 77 91 11 7 34 68 39 71 63 88 79 50 89 90 6 29 12
74 68 52 50 39 41 61 3 75 77 17 88 40 4 96 46 2 92 98 10 24 58 44 22 23 13 28 21 90 20 57 85 18 64 89 95 34 38 81 30 27 78 79 6 8 11 82 16 14 76 99 67 9 59 33 32 15 35 63 25 49 65 19 37 47 42 31 69 72 60 100 83 73 70 43 86 29 84 51 94 5 56 54 87 53 36 26 80 45 66 12 1 62 48 55 91 93 7 97 71
75 95 47 62 19 63 44 25 41 89 36 4 92 26 85 52 80 15 12 70 78 54 67 6 24 29 91 77 65 14 10 43 97 56 18 9 7 94 11 76 37 82 71 8 30 79 74 5 100 28 1 40 31 22 21 58 38 88 98 73 2 86 83 20 23 99 16 51 32 34 64 90 93 45 87 68 59 50 72 3 46 57 27 55 66 53 96 84 60 48 69 61 13 35 42 49 81 17 39 33
8 62 77 1 31 65 89 58 96 34 4 23 28 9 50 63 32 94 80 35 68 44 46 45 66 73 26 30 5 19 75 92 90 16 13 100 39 83 7 14 76 15 2 18 53 48 47 27 61 67 33 97 82 74 11 91 60 52 59 70 36 17 87 24 88 12 71 72 6 64 99 86 55 20 57 37 42 10 43 22 41 54 21 38 93 98 29 40 85 25 56 78 51 81 49 95 79 84 3 69
41 81 31 32 82 68 34 13 48 36 50 72 78 60 43 26 14 86 59 45 49 56 20 88 84 23 65 93 28 99 7 54 40 4 94 22 5 62 53 3 19 30 85 21 37 39 58 46 25 61 64 92 79 80 42 70 51 9 8 33 55 77 47 15 66 83 74 100 11 44 97 98 29 87 75 90 18 96 17 73 69 89 2 95 12 24 1 27 76 91 10 71 16 67 52 38 63 35 6 57
40 24 91 90 22 26 72 52 71 99 19 87 6 59 73 89 33 56 3 15 36 42 29 60 63 69 64 25 34 57 5 50 96 21 44 12 70 98 39 49 31 58 47 35 46 9 85 10 86 62 7 81 16 1 17 27 100 97 38 14 45 95 51 92 82 13 76 68 74 48 83 2 4 67 32 53 84 78 65 11 43 77 66 41 30 55 61 79 94 28 8 75 93 80 54 23 88 18 20 37
67 7 62 41 79 46 14 75 18 10 100 5 61 92 74 50 58 54 65 59 64 8 40 13 31 72 6 22 4 66 37 12 26 29 27 53 49 55 34 9 89 44 24 70 56 43 60 17 77 32 80 51 95 84 45 1 2 87 30 23 68 36 3 25 94 33 47 38 82 86 91 76 98 52 90 11 88 71 16 99 48 20 39 83 81 15 97 19 73 93 78 42 28 96 57 69 85 21 63 35
62 29 72 5 50 25 42 79 81 57 73 51 60 70 35 58 8 22 10 33 74 32 61 59 46 18 40 4 88 26 49 2 37 48 84 11 97 96 24 86 16 27 55 14 64 31 23 53 94 3 56 91 47 77 1 78 36 76 100 21 83 67 66 44 89 85 99 52 39 12 95 71 6 80 82 13 34 15 92 98 68 63 65 45 38 90 87 7 20 9 54 19 69 17 93 28 41 30 75 43
76 11 25 96 97 91 78 10 93 83 20 66 18 8 61 14 64 6 15 87 21 35 1 63 49 27 50 89 58 24 71 75 65 55 46 79 100 9 48 68 3 85 42 80 92 57 34 22 33 60 94 28 5 82 41 36 44 53 54 39 59 98 26 69 13 29 51 17 4 90 84 70 47 19 86 7 30 52 99 31 81 88 32 37 73 62 77 72 74 95 38 45 12 43 67 2 23 56 16 40
46 19 76 35 61 50 38 6 9 30 24 100 79 12 45 64 16 89 90 66 11 14 32 33 75 28 23 68 83 62 39 17 99 31 52 4 71 85 82 93 21 26 72 42 15 60 3 34 84 73 88 2 67 10 95 74 94 8 77 40 81 47 18 1 69 65 49 58 86 22 63 41 91 92 7 27 55 54 56 37 25 97 53 80 29 51 44 48 13 43 36 57 78 87 20 59 70 5 98 96
6 86 23 12 33 20 24 41 60 100 46 8 14 76 15 62 51 72 64 93 73 21 43 87 34 70 68 28 19 97 65 84 78 39 91 61 85 1 59 71 94 42 88 53 75 5 55 69 90 79 98 16 26 99 50 81 83 63 27 80 54 31 22 58 9 17 35 66 2 7 11 48 45 56 74 10 32 89 3 57 44 52 96 30 40 95 18 36 67 47 37 49 4 13 25 92 77 29 38 82
1 78 85 71 23 96 65 93 40 91 77 49 63 18 2 34 50 43 68 54 19 55 56 82 44 26 30 41 12 11 16 7 13 58 15 76 79 39 52 59 51 62 27 25 70 47 73 21 17 69 46 33 22 83 32 38 53 57 89 94 14 75 92 48 87 66 36 6 20 61 42 35 90 3 72 67 64 81 29 45 95 31 37 10 24 100 8 88 5 99 9 84 80 74 4 98 86 97 60 28
33 41 57 87 77 11 84 36 30 32 3 13 37 73 52 45 24 67 89 40 17 48 42 23 22 51 34 70 71 63 47 100 80 98 14 68 94 27 75 29 56 61 12 72 81 86 6 95 97 65 85 79 8 53 44 15 49 96 64 10 66 28 16 21 55 5 43 91 46 54 25 18 19 31 50 78 1 58 9 88 93 39 20 76 59 92 35 2 62 26 7 82 38 4 99 83 69 74 90 60
63 42 88 6 43 78 23 83 29 72 64 77 36 67 46 70 5 50 18 74 97 59 49 71 89 4 79 38 16 32 35 51 22 60 80 98 96 40 15 7 41 21 92 95 58 62 100 45 19 34 48 99 10 55 93 75 84 11 52 53 57 33 12 90 76 2 44 20 3 1 26 39 13 85 47 87 86 14 73 91 54 30 17 66 9 69 81 8 25 61 94 28 65 31 68 27 82 37 24 56
27 67 2 88 76 3 52 65 95 18 54 42 1 75 16 96 17 66 92 25 89 84 81 37 32 62 39 13 23 35 85 69 57 6 36 48 20 60 14 15 8 86 63 78 24 53 91 83 34 50 77 58 93 9 19 51 68 49 56 98 79 82 46 55 99 11 59 7 73 74 33 45 43 72 44 4 22 47 5 80 87 71 100 90 31 38 28 10 61 29 41 97 70 30 21 12 26 64 40 94
9 83 40 76 68 38 21 15 73 42 28 41 88 16 50 91 44 49 46 100 54 3 8 92 7 80 25 62 57 52 31 36 64 23 97 89 53 24 63 10 39 79 86 61 32 18 87 59 98 74 17 78 81 66 84 95 30 5 55 26 13 70 14 33 35 47 45 75 60 29 34 82 94 4 37 58 20 72 1 71 65 51 19 93 2 22 67 43 99 85 90 69 6 12 96 77 56 11 27 48
25 87 49 15 10 83 57 42 51 12 36 21 45 3 11 67 28 73 95 8 84 40 94 17 96 93 92 60 81 98 61 16 58 41 78 5 35 23 99 6 2 20 52 62 48 72 90 55 50 53 68 63 33 38 56 37 47 44 88 71 31 79 13 27 14 24 34 26 75 65 82 1 46 76 30 70 77 69 86 39 74 43 64 100 80 19 4 89 29 54 66 91 97 85 59 18 22 9 32 7
22 73 97 81 45 35 80 100 53 69 9 28 5 96 84 83 52 51 23 38 78 75 93 91 94 1 10 88 86 89 14 41 20 61 85 18 40 31 37 57 11 29 6 4 50 92 67 7 59 66 60 55 56 72 15 39 43 19 70 76 32 12 30 79 77 3 8 62 17 95 24 26 58 27 34 21 54 33 48 46 16 42 47 63 44 49 65 13 64 74 99 2 87 68 82 25 98 90 71 36
61 96 81 48 69 5 58 62 82 26 50 60 51 86 43 100 45 25 20 73 57 39 59 32 55 52 31 33 46 91 19 68 66 53 30 65 4 41 80 84 38 37 76 79 89 40 75 24 95 10 72 6 28 17 71 98 18 47 83 42 22 23 94 64 8 87 29 21 1 14 90 93 12 15 16 34 35 36 27 92 78 13 85 9 63 97 70 44 3 77 11 67 56 49 7 54 99 2 88 74
45 12 93 68 92 97 82 56 66 47 32 3 17 87 73 39 83 7 60 44 67 78 90 1 13 99 15 6 62 37 43 31 49 50 38 41 28 77 69 33 64 19 70 71 98 84 20 65 52 21 95 34 14 26 57 30 72 2 58 29 10 89 74 94 5 54 27 18 23 8 80 91 24 81 46 59 75 53 100 55 36 85 48 16 22 35 76 4 79 42 51 11 63 86 40 88 9 96 25 61
15 55 13 19 6 85 90 60 34 71 98 26 38 93 100 80 97 87 31 99 32 76 64 18 33 25 72 23 53 59 22 29 43 77 67 37 47 50 49 70 10 8 21 81 66 45 95 63 83 91 62 44 41 89 54 69 39 48 35 16 17 52 2 36 11 96 24 3 88 30 40 79 14 75 51 46 5 12 4 61 9 73 58 86 42 82 20 78 1 56 92 27 7 28 74 94 57 65 84 68
39 79 99 78 9 31 43 76 7 56 96 32 50 25 93 3 36 83 71 98 100 16 95 61 15 8 82 19 41 69 91 74 92 22 28 13 64 14 51 27 84 66 45 17 18 6 49 97 1 44 67 20 2 85 47 11 21 90 24 86 23 68 37 70 10 62 30 59 57 87 88 65 35 29 52 77 63 34 38 73 55 5 12 4 72 94 58 60 75 81 26 40 42 54 46 48 33 53 89 80
99 54 21 58 44 4 29 16 67 1 63 80 66 5 28 75 88 24 57 77 18 26 25 81 85 60 42 15 61 86 36 62 38 19 45 23 46 30 10 87 47 31 89 49 59 76 22 9 64 70 93 17 97 20 83 82 48 37 7 32 72 2 53 12 6 84 56 11 27 40 52 95 65 90 41 33 8 100 91 35 73 69 68 13 39 78 50 74 14 3 34 92 79 51 94 96 71 98 43 55
66 35 22 57 37 75 28 27 6 86 90 7 16 56 24 53 85 41 63 78 99 74 10 15 100 95 55 84 72 42 81 67 45 25 59 71 92 21 40 34 52 88 5 33 54 65 4 12 2 13 89 93 68 47 48 83 20 50 60 79 1 26 76 62 36 43 18 98 91 80 32 94 77 69 3 17 51 39 44 58 14 38 8 96 49 9 46 82 87 30 31 64 29 97 70 11 19 23 61 73
95 47 35 82 62 17 85 26 65 11 94 46 23 38 90 81 1 88 13 58 83 36 70 7 98 75 43 69 66 29 30 4 5 45 19 77 48 52 71 97 87 16 40 28 99 51 37 92 18 24 31 61 84 41 53 14 93 21 2 49 25 56 39 72 79 60 86 12 54 73 10 42 50 59 63 76 3 74 22 100 8 64 67 89 78 32 57 15 96 34 33 68 55 44 27 9 20 80 91 6
23 99 86 74 54 76 49 68 61 31 60 9 100 45 62 24 92 71 70 41 3 97 69 89 66 11 34 32 79 55 42 90 2 44 18 16 36 75 4 58 20 94 95 29 67 81 21 38 5 43 27 72 37 39 64 50 19 57 48 87 82 91 77 35 93 25 83 78 40 6 85 30 15 51 33 80 10 56 96 17 84 12 7 47 88 52 1 73 63 8 14 98 59 65 13 26 28 22 46 53
14 44 48 33 30 13 46 74 25 87 11 54 91 17 97 93 75 57 83 19 52 9 5 28 73 96 41 47 24 85 50 80 34 70 53 1 63 86 76 90 71 35 62 23 94 68 8 82 58 38 18 69 36 40 20 72 6 7 59 56 15 55 65 78 67 39 81 10 100 84 31 60 49 77 29 12 45 16 61 79 98 2 22 51 26 66 88 42 4 27 43 95 64 21 92 32 3 99 37 89
98 33 15 1 80 45 31 34 77 67 83 69 82 51 17 65 43 66 93 48 16 59 75 12 68 56 35 85 21 40 55 78 3 49 60 95 90 47 28 24 23 89 53 87 73 91 64 8 36 27 14 29 11 32 18 57 38 92 39 84 5 96 88 86 52 71 61 44 22 76 13 37 74 42 70 2 41 99 46 10 63 100 30 79 97 54 19 94 6 20 62 58 25 50 81 7 4 72 26 9
56 92 38 79 49 77 39 29 78 23 89 62 74 30 88 1 10 36 45 59 71 65 37 80 27 67 99 5 52 15 32 25 72 14 69 28 60 7 90 95 61 40 19 91 21 3 34 84 93 12 100 35 43 13 2 53 58 83 73 57 47 97 70 96 46 51 42 63 98 50 86 4 31 41 55 20 68 9 8 18 22 87 44 6 76 85 11 33 24 94 64 48 54 75 17 81 66 16 82 26
54 90 14 43 100 42 50 38 33 51 87 39 99 62 95 12 70 81 19 32 30 13 16 74 40 92 2 66 34 18 82 63 83 72 6 44 56 61 45 80 7 1 77 97 29 17 98 68 69 23 5 60 55 4 25 94 76 73 86 52 59 84 71 8 48 53 96 22 58 57 21 67 75 28 88 64 15 20 79 3 27 37 49 85 11 41 31 9 93 65 47 89 91 24 26 35 46 10 36 78
29 85 62 41 5 55 16 70 28 25 84 75 11 35 63 51 82 32 59 13 39 94 15 100 26 20 96 90 50 76 4 21 42 80 48 98 77 65 73 66 81 36 64 43 10 74 54 34 23 58 8 71 86 44 12 68 79 67 38 60 7 99 31 2 17 49 22 87 24 92 69 61 97 47 95 91 56 6 52 19 1 27 14 33 3 57 30 45 9 18 53 93 40 78 89 37 83 88 72 46
44 38 28 29 72 16 62 9 13 3 39 6 30 83 61 84 12 35 41 66 23 33 86 48 18 37 7 79 20 96 64 87 56 71 40 74 50 17 65 98 36 45 4 32 68 27 70 42 15 100 25 85 75 76 31 91 99 63 54 58 90 80 5 73 95 26 78 34 51 46 14 10 89 24 92 49 2 60 59 22 77 81 43 21 69 53 47 57 8 97 82 55 67 52 88 19 11 94 93 1
19 4 36 13 21 24 88 80 58 34 10 15 59 46 66 17 37 29 81 98 33 8 2 20 35 97 85 63 86 30 73 32 27 83 61 72 82 26 42 76 77 55 94 75 79 89 68 25 31 1 92 43 7 28 62 38 96 11 16 45 3 40 64 47 54 74 51 23 18 70 95 5 56 67 93 52 87 44 78 84 90 60 99 50 91 12 49 71 53 57 48 39 14 9 22 41 6 100 69 65
77 70 71 94 42 2 67 73 43 74 79 57 62 55 60 33 95 48 78 38 4 14 85 9 82 45 88 46 69 56 28 72 18 13 92 100 19 84 3 59 80 86 11 99 16 63 35 24 68 34 75 15 53 1 39 76 10 96 26 30 61 49 81 66 65 20 87 93 29 21 91 54 32 37 8 22 97 64 7 98 6 90 5 17 83 47 52 25 58 40 31 12 23 89 50 51 36 27 41 44
81 22 98 96 90 6 100 21 20 49 23 53 1 13 74 68 19 24 48 3 93 84 79 76 14 44 32 95 65 38 54 50 91 35 47 87 69 25 8 94 92 72 78 2 52 73 39 59 7 40 12 10 42 43 60 51 56 30 77 15 66 86 9 17 64 46 89 88 97 4 83 55 28 80 85 75 36 31 67 27 34 33 18 5 82 99 62 11 70 45 16 41 61 29 37 71 58 26 57 63
38 62 25 50 27 67 4 72 51 59 82 2 15 84 3 8 56 86 99 95 58 93 68 57 63 91 31 94 28 79 74 88 16 47 71 54 61 81 34 100 96 78 37 7 77 12 45 26 80 87 9 24 52 55 14 46 65 6 75 35 20 42 89 30 43 66 92 41 44 85 73 40 60 5 64 29 13 22 19 32 39 53 90 97 18 1 23 69 49 36 98 83 33 11 48 21 10 70 76 17
31 33 42 53 29 70 93 19 66 17 75 45 51 91 46 79 4 50 68 2 63 55 71 16 37 54 69 86 13 48 40 6 12 82 49 22 78 74 98 26 14 30 83 84 27 8 99 81 39 24 43 56 64 5 28 7 85 9 44 61 58 88 23 3 41 77 76 97 67 62 15 20 1 65 38 25 89 21 60 57 11 34 72 73 59 36 80 47 18 96 52 35 100 32 90 87 92 95 94 10
85 97 73 45 13 21 71 88 17 31 19 94 90 72 56 61 18 70 89 40 20 28 65 59 34 6 81 54 33 25 93 48 87 3 74 2 98 46 95 64 86 5 51 82 23 52 84 37 41 47 10 96 50 66 68 67 16 43 80 44 35 78 63 49 60 36 15 27 8 99 4 22 7 57 1 9 26 75 12 29 62 79 92 58 30 38 53 55 39 77 83 14 11 100 32 42 91 69 24 76
35 40 61 68 25 7 60 12 94 96 4 52 80 99 21 66 53 54 46 16 10 9 58 93 84 19 59 65 100 2 3 71 82 27 44 20 23 6 38 32 72 56 97 41 31 83 74 22 75 88 57 73 76 18 30 1 14 33 8 69 36 13 11 28 49 90 85 42 34 43 81 63 26 87 78 95 37 5 50 51 45 92 91 48 79 62 77 64 55 17 86 15 89 70 24 67 39 47 98 29
80 39 91 67 58 86 79 40 34 13 72 56 82 94 10 6 81 53 14 5 2 42 99 98 64 15 9 45 92 74 25 52 30 93 46 35 18 44 84 78 55 62 7 63 85 41 83 88 38 4 54 57 60 59 87 90 33 49 96 97 68 100 48 51 21 24 11 32 37 26 16 47 23 19 71 8 28 43 95 36 75 61 29 65 66 27 20 12 77 69 70 3 17 1 31 50 89 76 73 22
100 95 3 76 77 71 32 63 89 94 92 16 88 11 29 69 7 49 56 87 81 34 39 40 45 17 50 99 57 51 72 47 23 74 82 9 37 10 70 12 78 67 25 64 60 33 26 27 6 46 1 80 22 97 75 20 28 42 13 41 55 90 91 43 59 83 68 85 52 5 96 38 79 86 61 35 21 4 93 15 65 14 24 2 54 31 98 62 48 19 8 53 30 58 36 73 84 18 44 66
13 75 87 34 57 28 15 59 40 97 58 96 45 14 99 2 48 22 18 91 76 56 6 36 92 98 86 10 17 66 23 5 93 32 39 68 25 80 94 85 54 47 46 90 88 24 52 41 35 63 21 31 95 9 73 64 100 8 72 12 65 61 78 50 27 42 20 74 55 89 37 29 81 43 26 60 79 70 38 82 83 77 62 44 53 11 3 51 19 7 71 1 84 49 69 33 16 4 67 30
86 55 90 62 94 8 99 76 82 33 52 73 63 36 77 59 6 27 87 70 9 15 91 50 46 78 65 25 98 54 67 56 57 92 26 69 58 38 47 21 53 71 10 1 42 22 60 45 37 93 4 5 88 83 66 28 74 85 43 2 75 7 44 81 29 35 64 49 12 84 39 96 72 14 23 3 31 34 61 11 32 89 13 68 41 51 48 16 24 97 17 19 20 79 18 100 80 30 40 95
7 96 11 88 47 74 35 1 23 65 69 91 73 17 20 27 79 14 76 81 56 39 21 70 8 34 93 89 85 68 29 28 50 43 37 80 33 36 5 30 4 44 26 22 90 13 12 19 25 84 82 95 54 77 6 15 32 100 94 49 97 67 46 53 51 63 52 98 45 59 24 62 57 31 2 83 58 40 75 48 9 55 86 92 60 42 87 66 16 10 61 99 41 71 72 64 18 3 78 38
64 14 63 33 17 60 10 8 11 52 29 93 21 56 92 15 87 12 61 74 62 69 9 22 71 24 68 36 1 47 48 43 20 5 84 45 2 18 13 23 88 46 90 77 28 16 80 53 79 65 83 3 40 35 81 96 97 94 30 38 70 95 42 25 32 49 54 67 89 37 100 66 78 58 75 55 91 19 44 31 98 57 73 82 51 72 76 39 59 27 4 50 34 26 41 85 7 6 86 99
20 83 6 82 65 56 41 68 18 64 71 70 17 50 45 10 73 85 15 58 28 54 97 99 76 11 13 52 46 36 94 51 29 40 63 89 12 95 16 91 22 69 61 93 39 38 23 32 92 67 96 30 72 80 86 35 55 53 57 5 31 21 43 33 62 100 3 66 79 24 78 59 27 4 84 26 77 88 14 90 37 1 25 75 81 49 7 34 9 8 60 74 19 2 42 98 87 44 48 47
50 24 10 65 3 84 12 46 93 6 100 1 70 8 71 72 22 13 66 45 80 44 96 2 51 55 39 38 75 14 69 34 53 88 23 92 26 77 91 7 19 79 58 5 35 28 9 82 4 37 87 62 63 89 59 36 67 64 98 48 83 76 97 18 78 33 74 30 31 21 41 99 25 11 17 57 15 27 86 85 90 20 61 54 16 60 40 68 49 94 56 52 73 95 47 43 32 81 29 42
70 93 32 26 73 40 87 99 41 20 24 92 14 42 55 28 65 74 52 100 77 60 82 10 62 97 91 18 35 39 15 54 94 96 75 7 72 76 1 58 90 61 45 33 43 57 48 67 9 51 84 83 56 69 31 81 44 88 22 63 64 19 49 46 34 71 37 95 25 80 2 36 53 50 86 98 12 8 27 66 16 11 6 89 5 4 78 21 23 30 29 79 47 68 85 38 59 17 13 3
93 11 46 32 16 92 56 65 38 81 2 74 18 1 94 31 86 20 23 47 75 88 53 78 95 79 37 30 83 24 51 42 71 73 17 63 70 90 64 68 40 87 89 49 7 69 13 72 99 58 55 27 33 22 84 60 57 14 76 91 45 8 41 44 80 98 12 26 36 10 9 28 3 61 43 97 100 39 96 4 19 54 15 66 21 50 29 35 82 34 85 6 48 59 67 77 62 52 5 25
92 41 19 46 23 49 18 60 39 22 20 78 42 86 96 77 71 89 3 14 94 81 7 73 31 51 61 75 16 57 27 76 64 37 54 79 34 29 59 97 99 4 98 72 83 30 2 47 53 62 45 21 35 38 58 48 15 74 36 67 91 63 66 6 56 82 40 50 10 43 33 11 93 70 87 69 52 1 65 8 25 9 28 32 88 24 13 90 55 12 84 26 44 80 68 5 95 85 100 17
41 28 16 90 91 54 48 83 53 75 61 38 72 45 30 60 78 37 20 69 87 50 57 77 80 5 71 70 26 7 66 18 40 9 27 19 43 24 36 88 62 65 33 97 3 14 85 46 98 23 76 51 79 84 63 29 68 35 25 73 96 74 100 17 2 39 95 15 99 94 11 12 10 13 32 92 1 42 8 64 44 21 89 52 49 55 58 86 4 56 6 22 81 67 59 47 93 34 82 31
75 30 72 69 55 41 34 22 73 37 7 4 74 38 33 47 63 88 86 28 11 20 36 6 24 67 100 43 8 77 70 35 52 51 16 71 87 5 81 90 98 15 94 23 65 66 42 31 40 32 46 76 68 53 82 25 26 44 85 62 57 93 27 95 19 48 39 80 97 92 64 78 49 45 83 29 50 3 21 13 54 59 10 18 14 9 61 99 58 91 79 96 56 12 60 1 17 84 2 89
1 81 45 80 28 32 59 97 4 5 43 84 61 70 58 50 35 71 82 54 55 87 67 88 77 100 30 16 23 89 6 68 2 17 94 60 9 62 86 25 83 27 8 90 26 79 15 51 21 69 98 13 12 36 10 44 78 95 11 39 48 37 31 57 42 29 49 33 53 72 65 34 73 76 7 74 85 63 40 99 24 56 52 96 93 18 41 91 64 46 66 75 3 22 19 20 14 92 38 47
40 12 94 7 22 68 49 2 29 48 13 25 23 58 85 69 84 72 64 8 36 71 83 45 79 52 5 57 82 62 10 92 66 81 31 55 44 43 90 15 89 74 35 32 86 39 77 16 26 76 70 1 99 19 56 95 80 87 41 14 78 65 51 27 18 75 6 96 37 50 67 21 63 54 60 53 34 46 20 38 30 47 33 9 24 98 4 93 91 28 11 73 17 61 3 59 100 42 88 97
46 73 50 75 19 43 40 26 48 89 99 72 28 59 15 17 93 96 31 6 8 23 3 44 86 37 53 12 47 11 56 27 45 100 64 90 7 1 92 41 76 49 91 79 24 13 55 98 71 38 77 69 67 82 42 52 29 5 61 4 80 68 83 62 66 60 16 39 58 57 84 94 85 95 10 88 78 21 30 14 97 25 74 51 36 22 65 54 63 32 87 70 18 33 2 34 81 35 20 9
17 87 57 23 20 31 25 21 81 11 18 19 16 13 35 38 37 28 80 83 24 29 26 60 5 30 82 68 6 63 100 93 49 86 55 85 90 2 43 14 51 53 75 10 94 95 58 48 61 50 73 33 92 71 52 39 36 76 47 70 46 98 22 15 77 78 59 64 62 1 12 74 42 84 72 65 4 69 91 40 41 8 45 79 96 97 32 27 99 66 34 7 89 88 54 9 67 56 3 44
8 48 27 39 50 53 2 15 1 77 6 66 41 73 25 30 34 64 12 99 13 97 18 58 89 60 80 93 22 19 87 7 75 49 81 56 69 31 57 72 24 10 37 71 51 11 76 43 14 96 88 20 91 47 28 17 84 59 68 98 40 36 52 94 26 74 55 100 32 70 54 3 62 92 67 86 83 9 78 5 4 46 38 21 35 45 44 65 79 85 33 42 23 16 61 95 90 82 63 29
43 16 92 71 98 65 68 29 61 28 17 35 95 30 87 13 8 67 1 93 27 64 60 94 22 59 79 7 56 12 57 86 96 82 15 58 54 40 24 3 18 25 80 66 21 48 10 69 62 73 99 9 37 100 2 70 51 19 46 53 74 23 78 47 55 5 31 11 52 33 6 81 20 91 90 49 72 44 4 88 84 36 83 41 38 89 26 32 39 76 50 45 63 97 77 75 42 14 85 34
62 36 68 58 66 57 6 23 99 88 48 9 78 94 24 92 45 25 30 15 49 3 21 54 55 43 28 41 87 8 80 98 22 10 95 11 39 83 53 29 67 20 82 17 89 59 46 44 86 60 91 79 16 90 1 74 75 4 100 33 2 77 71 35 96 85 47 76 5 40 34 51 31 52 42 12 97 14 70 56 50 93 13 27 19 69 64 72 18 61 7 63 65 81 84 32 38 73 37 26
26 21 88 57 32 87 83 56 30 40 93 14 6 22 98 9 24 61 74 52 65 18 76 41 42 78 67 94 38 75 20 84 81 1 37 50 100 16 25 48 31 92 77 82 63 90 73 97 8 59 80 71 44 12 39 27 49 3 55 23 54 4 19 64 89 69 70 51 46 85 5 7 95 62 15 34 99 43 13 45 60 72 66 47 33 86 96 28 35 29 10 17 2 36 58 91 79 11 53 68
67 35 23 19 59 98 24 64 91 72 68 15 60 76 86 34 38 100 79 73 46 32 66 4 17 16 40 90 9 69 89 75 51 47 77 53 29 94 58 84 27 26 14 28 57 31 82 13 33 74 7 65 87 99 41 92 81 52 5 71 62 1 48 78 43 80 50 83 88 6 3 37 44 85 21 2 20 56 22 63 36 18 55 97 45 93 49 70 30 95 12 61 8 10 96 11 54 25 39 42
33 42 4 87 79 88 31 37 60 36 70 69 81 18 54 2 64 6 75 86 68 95 44 46 57 96 23 55 76 16 26 53 90 13 82 67 89 98 49 93 61 85 66 43 52 28 21 9 100 47 15 40 8 39 50 32 34 27 12 77 92 45 1 30 3 65 71 91 72 99 56 14 5 25 58 7 51 11 73 24 74 22 80 63 97 19 59 84 62 35 38 78 41 48 17 83 29 20 94 10
66 67 31 5 68 50 41 100 64 43 73 87 36 60 48 14 85 56 65 33 74 79 58 11 38 8 6 22 19 61 7 12 76 32 13 23 3 27 39 57 34 93 86 80 49 9 78 40 30 28 24 35 25 42 71 55 95 91 51 26 81 92 16 1 21 88 45 20 98 77 62 47 29 72 54 52 10 70 99 83 59 63 44 15 46 82 18 96 17 75 69 90 97 4 37 89 2 94 84 53
88 32 76 92 61 52 95 41 3 49 77 94 83 2 67 89 10 57 51 62 38 80 37 14 23 66 25 40 71 98 48 90 65 20 72 86 55 12 7 81 39 58 19 4 96 68 16 85 84 13 33 15 5 11 60 93 91 34 50 9 79 59 35 36 44 73 99 75 6 27 29 43 97 26 53 24 42 64 1 78 70 74 28 100 8 17 31 22 87 18 54 46 30 47 82 21 63 45 69 56
12 19 9 15 87 38 44 62 95 13 53 89 91 29 21 42 48 51 5 84 96 35 100 63 83 7 76 72 4 99 82 2 80 45 14 25 93 67 18 56 36 88 11 94 90 37 47 55 77 3 66 46 61 17 75 33 58 97 65 34 22 26 32 92 78 43 85 59 57 73 60 10 69 98 49 28 86 50 52 39 8 41 68 16 23 74 70 79 1 54 20 71 6 31 40 27 24 64 81 30
45 79 49 6 60 66 72 54 84 15 46 51 48 31 16 44 2 18 39 78 50 10 24 36 94 25 83 71 5 13 38 58 77 33 52 73 82 97 22 86 74 42 21 29 62 41 91 56 20 43 3 34 93 75 27 100 89 23 64 40 14 11 59 61 37 47 4 7 67 87 63 30 98 69 35 8 55 99 19 53 81 95 90 17 12 92 28 26 70 80 68 76 32 85 57 88 96 9 65 1
72 86 77 27 49 81 91 3 9 71 69 64 66 16 97 24 14 92 53 25 54 11 73 31 29 22 10 4 96 26 75 85 68 42 35 61 57 39 63 34 70 19 76 41 98 45 18 5 46 1 21 67 28 32 44 78 40 99 89 79 95 2 38 55 17 37 90 23 59 13 51 60 15 56 50 93 30 62 7 65 87 88 43 48 84 100 47 82 8 83 36 33 52 20 94 12 58 74 6 80
57 7 95 13 33 77 32 27 63 94 76 39 38 64 52 84 97 30 92 65 73 31 15 5 25 80 55 91 70 42 24 36 26 35 89 4 79 23 66 10 71 21 85 53 8 17 49 75 74 56 43 28 51 88 19 87 83 47 37 54 82 81 6 2 14 99 34 72 16 62 98 29 78 18 44 60 59 12 67 93 46 90 22 58 100 20 50 69 3 48 9 68 61 96 45 86 41 1 11 40
18 47 85 99 76 25 60 16 8 23 13 77 54 35 91 39 78 80 72 30 84 46 1 50 44 53 15 14 88 59 41 57 58 43 69 37 5 21 83 33 90 82 24 70 66 52 100 28 34 6 40 17 97 62 73 75 2 51 27 32 42 89 64 12 19 11 9 68 55 65 61 67 36 63 20 95 45 86 79 71 48 31 26 93 92 94 10 7 96 81 49 98 38 74 4 22 56 29 87 3
27 18 74 93 63 97 35 42 6 69 82 34 50 48 57 8 80 43 100 56 64 72 71 15 96 1 45 28 62 91 39 31 37 95 47 76 53 55 14 89 17 94 44 73 46 65 87 12 88 22 68 92 81 21 5 84 60 40 99 52 13 33 3 59 10 2 24 38 29 54 26 61 11 20 4 79 66 36 9 30 77 51 49 85 86 32 67 19 75 25 41 58 70 83 90 23 98 7 16 78
39 76 52 74 35 46 14 79 85 57 43 60 5 25 2 66 82 87 73 10 89 48 69 67 7 92 64 62 40 3 32 100 98 81 86 65 49 96 94 38 23 99 78 11 53 36 37 95 58 61 56 16 18 6 72 47 28 90 63 24 88 9 77 84 42 26 15 12 45 8 97 83 19 71 34 17 68 41 33 91 22 1 30 4 31 70 54 80 29 20 51 50 93 21 13 44 59 75 27 55
22 78 90 91 51 17 37 50 77 41 64 49 92 83 29 63 15 38 84 80 57 21 2 70 47 4 18 39 68 31 69 8 97 44 59 12 71 36 11 6 7 9 52 98 30 100 94 96 60 27 89 81 26 79 54 58 53 62 74 76 32 46 87 20 23 45 42 56 93 66 99 25 24 34 33 75 13 72 16 82 55 65 19 86 73 85 88 40 14 3 43 1 67 35 48 28 10 5 61 95
76 27 42 35 78 11 84 36 75 83 3 59 79 92 51 46 32 15 25 44 23 40 6 49 37 81 8 69 12 65 19 71 99 86 96 26 85 9 48 2 72 38 5 1 67 89 13 17 87 91 31 4 10 20 57 56 39 55 28 60 98 97 88 70 64 53 61 62 34 14 82 41 45 90 77 58 63 16 100 80 68 21 7 50 52 95 30 47 93 74 94 24 29 43 33 54 18 22 66 73
9 44 16 12 45 70 28 72 21 18 100 75 7 96 90 6 86 73 63 41 17 58 85 78 39 56 84 77 81 52 29 69 15 71 54 64 92 49 13 62 3 31 40 91 20 83 48 80 47 10 59 43 2 74 30 98 19 68 24 35 76 55 14 79 36 51 95 65 38 93 42 4 1 53 57 99 46 33 50 94 61 37 67 5 11 66 8 88 34 26 89 23 87 82 27 25 22 97 32 60
15 51 97 63 82 13 38 70 65 26 58 100 43 53 34 99 88 7 98 77 21 42 10 33 75 45 74 44 73 22 94 16 55 19 76 59 40 41 69 87 78 96 72 61 81 8 6 83 49 66 17 29 80 85 14 62 20 2 56 31 23 91 11 54 52 67 3 32 18 86 93 79 4 9 37 35 64 60 46 48 1 12 27 95 90 5 24 71 68 36 92 57 84 30 25 50 39 47 89 28
74 68 22 14 13 63 26 93 71 100 44 58 46 3 17 52 33 94 34 49 28 81 54 12 15 27 66 60 61 97 31 64 38 98 91 83 37 1 42 51 35 73 53 62 80 24 65 11 2 57 32 23 43 72 20 5 30 85 88 41 50 79 39 96 67 84 89 21 40 4 25 18 77 99 47 45 16 87 29 90 78 59 8 76 9 10 56 86 6 19 82 55 7 75 92 69 95 70 36 48
96 90 15 21 9 44 48 25 33 67 18 8 40 51 59 62 66 83 71 68 30 94 28 73 49 19 58 84 77 37 100 86 72 56 81 13 70 20 75 69 54 47 63 14 29 16 4 87 27 92 64 60 31 45 34 26 1 95 79 61 10 82 12 50 11 17 52 97 22 76 41 5 32 23 55 3 80 98 43 85 93 39 99 6 2 36 57 89 53 65 78 35 88 24 74 42 7 38 91 46
25 77 40 48 43 89 39 74 7 56 52 88 37 78 14 61 51 93 67 86 72 68 96 23 50 62 85 32 58 30 70 11 34 73 49 19 20 60 71 24 97 28 27 95 10 66 35 4 15 79 1 6 84 63 53 59 81 80 13 57 44 31 18 91 41 21 92 90 12 22 94 65 75 3 82 87 8 5 17 36 69 54 64 83 29 47 9 33 76 42 26 45 100 99 55 2 16 98 46 38
4 29 71 81 94 28 65 82 67 17 72 7 25 77 35 91 53 39 55 32 19 36 49 2 33 44 92 88 13 41 66 47 78 83 97 50 18 43 40 63 38 57 79 99 54 30 62 21 59 12 45 93 9 51 15 34 85 64 100 80 11 70 89 24 76 3 20 10 8 46 90 42 6 27 16 68 22 74 56 58 95 61 86 73 26 52 1 60 5 69 48 84 14 87 98 37 31 23 75 96
63 54 50 8 31 94 71 33 56 42 29 80 11 87 76 26 6 34 1 19 97 16 99 79 86 75 69 14 41 55 67 28 100 22 20 53 96 62 4 95 52 36 15 2 23 51 98 49 35 44 60 61 66 40 47 82 32 37 43 68 48 12 57 72 88 13 78 3 24 59 46 91 89 38 74 27 84 83 5 10 45 92 18 30 39 58 81 21 25 93 90 73 64 17 70 7 77 85 9 65
69 17 19 94 21 91 61 6 24 74 98 52 27 4 85 79 81 13 60 20 58 76 68 89 35 93 32 5 53 48 49 43 82 25 57 67 77 16 80 9 62 14 88 75 42 3 51 63 45 26 92 22 47 44 64 83 18 59 41 97 36 90 23 73 8 87 37 31 95 29 78 86 50 15 11 33 56 54 72 46 34 2 100 38 40 1 55 30 10 99 65 70 12 28 7 39 84 96 71 66
21 48 24 11 47 2 4 34 96 30 7 71 99 55 88 68 92 36 95 46 87 74 83 51 82 73 98 15 79 32 27 67 8 100 23 86 56 18 52 70 41 35 64 25 43 14 90 38 16 53 85 91 50 13 93 69 10 42 60 1 58 49 76 3 29 12 59 6 44 5 31 28 9 40 78 77 62 81 84 45 75 72 54 33 63 61 97 94 19 17 57 39 20 65 89 26 66 37 80 22
47 41 36 31 42 21 88 9 13 87 19 40 29 68 84 100 43 32 57 28 71 3 59 74 98 99 26 85 24 20 65 48 44 14 61 16 78 90 81 49 11 66 97 64 70 12 22 2 23 5 83 63 82 8 62 77 93 27 94 58 17 38 92 69 56 96 54 55 39 53 72 76 91 51 30 67 18 75 60 79 10 34 73 45 95 33 35 15 7 37 50 52 4 89 46 1 86 80 25 6
5 92 47 78 69 96 57 89 41 12 61 1 100 93 38 53 75 9 90 35 27 54 97 48 68 88 50 19 52 29 23 24 83 59 44 77 66 80 10 94 56 16 31 7 28 82 99 33 34 98 76 87 36 81 95 37 14 43 58 84 49 13 70 8 79 25 64 17 91 30 67 45 55 73 46 4 39 6 2 74 63 18 72 62 22 42 51 65 20 40 85 3 26 86 32 71 11 21 60 15
61 88 27 43 97 75 59 73 94 91 89 12 2 9 30 93 50 37 10 23 4 69 39 80 45 72 76 70 1 19 5 22 92 3 60 33 38 98 86 71 16 78 6 65 79 81 85 84 31 21 82 32 35 26 87 48 67 100 36 25 15 17 41 66 18 54 11 44 74 95 34 40 56 77 29 20 49 96 57 24 83 8 58 13 68 99 46 64 90 7 47 42 28 51 52 14 62 53 55 63
6 86 21 9 28 76 78 19 54 81 75 23 22 5 50 59 7 68 72 83 52 18 67 16 84 70 13 66 35 47 55 32 3 4 45 48 58 24 29 17 92 65 95 30 60 40 63 73 69 89 27 98 1 10 25 90 100 87 46 94 38 56 26 49 93 62 97 42 31 34 37 82 74 43 85 80 88 20 51 8 39 71 12 61 41 15 11 53 44 79 14 64 91 57 99 96 36 2 77 33
13 58 10 19 30 24 15 94 57 99 84 2 81 75 98 28 18 50 51 47 68 60 7 14 22 95 86 33 72 40 4 62 31 77 16 76 63 83 59 66 20 1 71 8 85 74 42 92 37 100 87 55 64 67 12 49 34 35 27 45 90 52 5 96 82 36 6 78 79 61 80 39 46 21 88 91 54 53 3 17 56 38 29 44 69 23 41 11 48 9 97 89 73 70 93 43 32 65 26 25
23 99 32 92 89 26 93 75 81 48 9 17 30 12 74 45 73 67 98 13 33 8 77 10 64 54 2 50 69 62 51 21 5 53 71 18 60 27 37 40 14 55 4 68 58 22 34 7 41 87 72 44 42 100 6 1 84 11 85 56 91 66 94 28 49 52 96 57 25 16 65 70 63 29 86 83 36 31 82 38 43 46 20 78 47 24 39 35 61 97 3 19 80 15 79 59 88 95 90 76
59 28 92 87 91 39 58 38 55 97 24 32 33 67 96 49 19 41 100 69 80 50 79 46 31 20 7 13 66 15 6 5 42 37 53 85 36 17 76 82 83 77 12 84 88 71 52 65 86 70 73 10 54 4 48 64 51 30 68 44 14 75 63 43 99 90 16 18 23 89 3 98 81 8 1 11 35 47 95 40 27 56 62 2 21 60 94 9 74 45 34 22 25 29 26 57 93 72 78 61
35 20 2 93 50 67 12 1 25 61 23 78 56 72 86 33 87 29 3 54 39 13 5 71 80 17 99 63 76 36 74 4 65 64 38 8 97 85 15 47 88 69 91 40 44 95 27 10 62 34 75 58 55 94 68 42 16 77 83 89 70 28 45 24 9 46 18 100 60 48 84 26 73 37 43 98 96 22 59 32 14 30 53 11 82 41 19 90 52 57 6 7 51 66 21 49 92 81 79 31
9 23 87 29 37 33 67 12 78 47 10 62 19 99 58 1 4 38 65 49 24 59 91 22 26 28 89 95 85 35 71 52 81 93 27 79 34 51 45 80 55 53 46 42 31 69 8 68 5 40 57 72 14 41 18 36 56 76 25 30 83 96 82 21 66 61 44 63 86 7 54 20 3 98 2 64 32 100 48 92 6 97 17 75 60 50 43 16 73 39 84 15 11 77 88 94 70 90 13 74
85 81 6 58 10 55 21 13 9 1 92 38 82 63 71 12 79 100 45 62 65 26 36 57 83 18 25 47 90 80 72 97 43 51 39 60 23 40 53 27 77 37 42 87 59 76 20 8 75 66 96 56 15 50 86 28 78 19 61 73 35 84 30 22 95 48 31 41 17 74 88 93 7 70 34 46 2 4 68 29 32 14 5 54 24 11 52 91 67 98 49 94 33 44 69 64 89 16 3 99
41 52 31 39 90 54 99 80 43 75 6 57 71 62 66 10 95 72 25 73 94 34 8 20 32 26 40 79 22 2 30 98 33 23 46 56 64 7 47 81 86 29 55 18 15 91 83 96 14 24 70 85 92 1 45 100 38 50 51 87 78 21 53 84 35 65 68 58 36 44 5 63 93 13 67 59 3 89 77 4 11 60 61 74 76 12 48 42 97 28 37 17 16 19 49 9 69 88 27 82
95 76 61 80 98 65 90 27 58 96 30 6 10 46 94 72 28 66 13 14 38 97 18 82 49 15 59 62 16 31 3 29 51 92 63 5 50 75 43 32 19 40 83 81 68 39 70 47 93 44 12 24 11 74 17 7 21 34 52 48 89 9 2 91 60 20 87 1 100 26 56 69 41 84 8 25 37 42 71 88 73 53 45 77 35 86 4 54 22 23 64 79 55 78 36 85 33 99 67 57
24 77 46 27 29 41 42 88 39 22 68 45 91 84 25 96 56 85 83 93 10 87 76 60 95 13 74 16 15 66 73 54 18 72 75 65 12 52 28 78 8 71 90 44 50 33 89 30 21 26 48 2 67 43 11 70 99 36 5 69 92 98 17 81 80 97 40 34 4 1 61 55 58 63 64 57 86 19 9 37 7 79 38 82 49 62 3 51 31 47 53 6 59 32 20 35 23 14 100 94
56 16 63 71 19 85 100 79 8 40 11 54 90 14 20 58 57 18 86 30 62 46 53 77 96 29 67 23 88 98 42 34 64 70 31 69 4 44 82 21 2 89 10 22 35 73 80 37 7 27 94 99 95 28 33 39 47 49 74 15 97 65 91 1 48 66 12 50 51 55 6 81 26 9 32 76 75 84 17 83 5 25 24 92 38 68 13 45 60 43 61 93 78 52 59 41 87 3 72 36
44 35 45 97 66 7 30 60 48 72 90 56 68 86 33 50 58 28 70 6 2 55 82 93 24 69 37 77 40 51 64 74 22 5 18 71 43 10 99 54 4 100 49 63 73 29 12 41 53 39 91 3 52 19 83 98 80 94 8 16 61 89 9 20 46 81 27 38 11 76 15 59 79 67 42 78 1 88 92 14 62 36 65 32 31 25 23 84 96 21 87 75 34 13 47 95 57 26 85 17
7 42 72 50 39 20 82 100 17 3 2 26 15 59 10 51 47 87 73 9 75 56 60 61 44 32 57 36 38 63 93 6 13 74 19 92 33 95 49 64 98 30 66 24 86 43 76 48 94 88 84 31 16 40 81 35 91 8 65 29 46 99 37 58 69 77 83 52 89 21 62 96 23 25 4 22 28 1 12 5 90 55 14 68 80 54 78 27 45 18 70 97 79 11 41 67 71 34 53 85
25 87 68 15 57 53 23 83 1 6 39 16 70 26 92 60 44 14 84 48 49 71 3 45 66 98 88 30 75 8 40 42 76 17 28 41 46 31 95 86 10 4 77 100 32 38 64 43 19 61 24 97 91 20 59 72 79 21 2 74 47 78 65 90 62 73 36 51 82 37 29 54 12 50 52 55 5 27 33 56 81 93 89 80 96 35 58 34 85 94 99 11 13 67 22 18 9 69 63 7
96 30 76 82 3 4 46 93 23 51 20 21 45 91 11 83 22 70 71 33 81 75 47 13 5 38 44 86 6 16 56 41 68 55 17 63 19 26 24 85 84 9 80 35 92 53 60 79 57 12 77 73 7 97 31 67 94 74 39 62 66 42 43 61 32 78 29 8 1 27 98 36 28 72 95 90 58 15 65 64 37 69 2 18 14 49 88 48 59 10 52 40 99 54 50 87 100 25 89 34
29 44 3 24 61 71 79 74 95 59 4 53 1 11 99 40 52 48 80 8 36 28 75 32 62 6 18 43 68 54 38 56 58 49 92 7 72 30 25 34 96 45 70 14 83 42 23 46 98 37 66 57 41 84 21 27 15 88 63 86 64 67 47 12 26 35 51 87 20 50 2 78 60 19 77 97 89 39 73 13 93 22 85 100 16 90 31 55 91 76 33 82 94 9 65 5 17 10 81 69
76 67 13 57 22 43 97 52 30 25 17 41 84 36 24 80 70 35 53 65 8 88 16 100 71 91 15 40 28 7 87 18 50 9 26 58 94 6 64 72 99 82 37 5 51 63 45 31 46 62 98 59 61 44 1 11 49 3 75 2 34 81 66 48 77 90 39 14 10 23 69 38 85 47 20 21 68 86 29 93 79 33 32 27 78 19 55 12 4 96 60 74 42 95 54 92 83 56 73 89
64 36 88 23 59 6 52 62 77 5 93 46 4 96 95 7 71 51 19 25 99 29 26 28 8 15 83 44 9 74 10 72 98 61 84 35 47 2 91 14 80 60 58 86 75 13 53 16 97 89 54 21 12 17 18 94 41 57 24 67 20 40 81 92 87 39 56 85 27 65 32 22 42 34 49 70 50 78 79 66 69 31 33 37 73 45 11 68 76 30 38 63 90 1 3 48 82 100 43 55
69 52 11 32 62 86 56 94 84 49 28 19 21 44 60 70 12 88 5 95 13 64 20 7 85 34 23 67 77 79 16 50 66 1 80 73 2 29 36 82 22 27 35 98 99 31 46 17 58 91 89 55 90 39 45 81 97 83 30 10 40 61 42 37 6 25 74 76 53 93 63 14 47 54 72 65 41 3 100 15 68 87 96 51 33 78 8 75 24 57 71 26 92 59 9 38 4 18 48 43
27 73 28 5 58 74 10 16 60 64 71 35 38 30 56 14 36 61 63 84 32 31 40 17 29 4 43 46 21 75 20 53 45 80 48 25 100 67 97 23 51 87 7 95 77 59 3 82 39 98 88 1 26 11 68 93 96 91 76 12 81 37 89 69 2 13 9 22 99 70 33 55 65 62 83 78 85 8 47 57 54 52 92 90 19 72 24 44 15 66 79 41 49 50 18 34 6 42 86 94
99 85 73 41 5 83 29 25 82 77 48 4 43 58 15 27 65 44 30 52 46 84 69 9 38 88 53 45 87 67 50 40 94 34 55 23 61 89 1 32 18 92 33 72 64 6 39 91 17 22 8 78 60 75 12 95 36 7 11 42 80 59 37 79 96 26 49 68 3 14 24 20 57 31 93 90 21 98 86 63 70 74 66 76 100 51 54 28 16 56 10 2 62 71 19 47 81 35 13 97
39 23 98 7 20 35 18 10 28 57 70 31 42 77 87 15 17 64 75 16 83 78 9 58 13 62 41 52 56 85 54 27 49 40 74 44 48 50 5 33 94 72 8 97 3 84 67 19 61 21 4 95 37 38 11 60 68 14 55 76 96 45 1 86 34 79 89 88 93 43 100 12 90 71 92 26 51 63 46 65 30 47 6 59 36 53 32 22 25 69 66 99 81 2 24 91 80 73 82 29
22 78 57 69 6 81 34 89 53 52 99 84 60 42 45 85 63 96 92 56 59 65 100 49 40 13 71 21 83 38 61 76 2 27 30 11 25 5 70 3 37 8 98 58 39 79 77 28 4 50 15 32 75 36 66 82 95 48 47 14 44 7 23 35 54 51 55 12 73 29 10 1 62 86 33 24 87 9 43 18 17 64 91 93 88 97 67 72 90 74 16 46 19 80 31 94 26 20 41 68
13 90 4 1 72 42 50 63 71 88 54 70 37 73 3 92 14 43 39 15 89 33 94 41 7 67 80 38 100 24 28 17 56 96 87 26 35 76 8 93 31 25 61 62 16 86 2 51 18 59 10 9 79 69 27 30 74 5 44 91 23 36 99 6 47 52 22 65 98 64 12 34 53 58 75 95 78 46 21 84 77 11 83 66 45 55 57 32 68 81 20 48 40 49 60 19 85 29 97 82
43 18 99 88 73 60 25 82 89 15 63 28 83 70 46 38 35 71 31 78 56 95 66 91 23 92 30 6 19 61 69 80 40 41 14 37 29 47 16 26 24 44 13 2 27 62 74 49 36 79 5 65 8 42 72 58 75 4 12 39 7 1 94 97 32 85 76 20 54 55 64 11 10 87 3 17 45 33 22 51 50 57 52 86 81 98 59 96 93 90 68 53 48 34 21 100 67 84 77 9
19 32 9 74 54 98 2 37 3 34 73 96 36 45 67 31 1 56 18 22 76 13 46 6 51 59 28 99 90 12 15 92 77 88 64 61 5 49 39 94 81 85 14 78 48 57 84 95 68 10 80 58 55 79 50 53 29 97 72 21 62 33 27 8 89 42 30 69 23 66 60 82 25 41 87 86 100 40 70 11 43 20 47 4 83 63 65 93 52 26 7 91 38 16 17 75 44 24 71 35
86 47 48 66 87 31 68 59 65 37 60 91 73 18 61 89 83 25 64 81 3 15 90 99 79 97 96 41 5 56 1 78 29 39 76 72 28 14 84 7 55 62 75 93 98 43 58 34 100 57 46 85 88 63 6 92 33 53 35 49 45 77 74 21 51 38 50 80 36 44 26 67 27 23 71 11 12 52 16 13 22 9 10 17 40 4 30 70 94 20 8 69 54 24 42 32 19 82 2 95
18 20 35 34 90 45 40 13 91 36 77 14 16 25 75 30 82 89 99 2 93 23 44 92 27 32 72 22 12 65 80 7 96 10 94 4 87 84 51 71 67 88 62 11 56 48 68 42 79 6 33 76 53 5 86 50 41 52 1 15 98 46 19 43 55 100 70 59 97 26 21 69 49 24 60 64 66 74 57 31 78 63 39 29 8 17 9 73 58 85 54 95 47 81 61 83 28 38 37 3
1 51 81 75 16 89 71 22 64 86 48 66 79 78 28 67 8 12 61 100 84 39 24 31 25 56 35 68 96 52 41 88 26 82 85 55 54 38 15 69 87 74 47 91 7 27 10 32 6 73 3 23 63 45 5 37 21 44 50 70 76 19 97 30 59 11 36 90 60 33 49 62 94 18 17 77 2 58 13 53 46 95 80 65 72 9 43 99 14 34 29 98 93 83 4 20 42 92 57 40
15 29 23 79 76 66 85 54 33 28 2 42 11 50 94 52 84 22 12 45 20 48 61 4 39 70 64 75 62 37 14 93 90 16 19 80 9 96 92 58 89 67 82 8 65 68 100 21 71 63 17 34 87 51 25 47 72 6 99 53 1 95 13 27 3 60 81 83 44 40 73 26 31 77 7 69 59 10 78 91 32 88 30 41 46 57 97 36 18 35 43 49 55 74 98 86 24 5 38 56
50 79 94 67 23 87 80 48 85 26 40 78 59 1 76 34 37 46 41 70 63 32 57 88 92 69 100 91 58 68 47 25 13 77 71 28 49 97 18 21 27 61 2 74 15 11 16 98 33 93 7 43 5 62 81 84 55 66 14 24 54 52 82 72 65 17 4 95 12 8 51 3 35 45 53 9 42 60 75 19 36 89 29 30 86 31 20 39 64 99 56 83 90 22 96 73 38 6 44 10
62 95 49 46 32 55 87 29 18 23 96 73 7 99 63 77 47 54 20 44 74 93 65 67 34 53 8 39 17 3 82 35 80 37 86 45 19 9 83 91 52 79 24 66 33 28 15 40 88 5 56 13 68 6 84 75 26 92 48 69 2 21 38 50 60 43 71 64 1 72 81 51 98 42 58 22 94 41 30 78 59 36 25 10 57 100 61 90 70 97 89 76 11 31 85 27 14 4 16 12
21 70 95 99 68 50 49 33 73 20 94 9 54 38 60 63 34 6 78 10 11 80 64 59 76 23 82 55 57 91 37 41 16 43 40 12 93 81 14 84 53 56 51 30 24 5 18 83 1 46 100 62 97 88 58 17 48 67 22 44 72 74 2 28 69 31 8 39 75 7 85 25 89 92 26 27 32 19 4 98 90 42 15 79 3 52 35 66 87 65 86 96 13 36 77 71 29 45 61 47
70 75 93 21 37 16 89 50 7 69 90 72 66 13 58 26 88 15 60 80 96 44 77 54 42 99 6 4 8 14 24 100 71 31 82 20 81 61 34 47 19 10 86 25 23 29 73 9 49 92 67 40 33 32 64 46 78 94 56 38 3 63 22 95 35 12 45 74 59 30 11 83 85 76 41 68 84 5 1 39 65 97 27 55 2 18 53 79 62 17 51 28 48 57 52 43 91 98 87 36
31 28 52 65 100 84 6 19 93 11 79 25 40 67 54 47 10 59 55 58 23 72 70 15 17 60 42 53 73 39 85 68 20 1 49 90 89 74 22 29 64 38 26 61 18 69 91 5 30 43 62 2 86 35 95 32 57 51 98 48 78 76 45 66 27 80 34 33 82 21 83 36 24 14 50 87 63 71 56 99 4 13 8 16 44 92 96 7 97 46 9 12 94 77 81 41 3 75 88 37
63 27 38 12 80 3 14 56 13 97 23 74 5 51 62 65 19 7 79 66 78 68 86 37 47 54 45 69 82 18 25 31 53 64 36 95 71 55 73 24 76 93 92 42 20 72 49 87 84 96 40 46 44 85 2 29 94 77 70 98 88 8 100 17 48 21 43 91 67 4 16 39 41 59 35 34 83 1 50 30 6 81 28 9 52 22 10 26 75 32 11 61 33 58 89 57 99 90 60 15
74 24 2 53 51 17 16 68 78 41 6 92 28 31 86 64 45 13 48 59 94 38 56 50 18 27 79 10 46 89 91 84 75 23 69 83 47 21 7 9 97 49 88 77 63 39 37 12 20 3 14 80 25 26 34 96 76 33 73 32 22 100 35 55 66 67 85 30 62 1 52 70 72 5 57 58 29 87 60 71 61 43 99 95 54 82 81 8 44 93 4 36 65 15 40 98 19 11 90 42
100 96 90 59 60 38 43 8 4 83 14 88 6 12 55 66 33 49 13 3 17 35 71 76 57 51 81 7 85 15 32 69 27 98 77 1 79 50 37 89 2 20 31 73 86 92 87 11 26 56 18 30 93 80 28 25 99 21 64 94 10 68 16 53 44 45 24 67 29 61 95 40 23 91 70 75 36 72 52 82 39 65 74 63 9 58 19 62 34 54 41 48 42 97 84 22 46 47 5 78
33 58 14 63 9 32 83 97 61 65 30 49 78 35 88 62 28 73 90 87 50 21 1 11 37 100 91 72 52 2 57 51 23 60 95 74 3 46 69 17 86 5 45 10 89 59 98 81 40 76 94 29 18 71 48 56 44 36 16 68 25 31 77 70 6 82 99 93 24 22 4 66 42 27 54 53 34 47 67 55 8 64 26 39 79 15 80 13 20 75 12 92 19 43 41 85 96 7 84 38
94 68 91 6 69 49 78 3 55 43 46 87 72 83 10 28 24 34 67 77 36 20 32 5 15 19 84 88 71 11 1 57 93 13 39 22 50 12 45 27 23 58 76 29 66 9 95 2 74 100 31 16 56 21 73 90 47 62 89 4 75 92 59 54 80 63 52 96 86 48 25 81 60 38 51 33 30 42 8 61 7 41 64 97 18 85 70 40 35 37 26 14 99 98 82 44 79 17 65 53
35 83 48 90 49 46 38 41 21 12 70 71 19 76 51 45 1 39 34 99 77 58 10 40 97 95 61 32 4 59 26 52 82 24 6 2 55 23 98 66 7 42 27 75 30 100 60 72 87 53 25 22 31 8 63 62 43 50 13 5 65 86 44 18 88 54 37 56 79 84 9 28 47 57 80 3 16 14 91 94 11 69 85 96 92 93 64 89 67 29 36 15 81 17 68 33 20 74 78 73
67 99 13 91 19 25 21 65 63 47 53 70 92 5 71 46 38 8 57 98 16 40 2 87 89 44 58 28 26 77 94 42 33 80 27 68 20 52 43 100 34 96 78 1 50 86 54 22 83 4 48 17 72 12 15 24 36 23 88 45 32 93 51 59 76 97 64 62 31 73 90 18 14 85 61 10 35 75 84 3 95 60 49 6 11 66 56 82 7 39 37 41 79 29 74 69 81 9 55 30
88 7 76 14 79 33 84 6 56 31 83 2 95 55 70 50 43 81 93 91 73 10 60 98 77 30 34 18 21 69 36 8 52 25 15 13 26 85 1 41 40 46 90 99 58 71 9 67 92 65 68 51 22 53 47 87 97 19 57 29 11 17 12 62 82 75 44 49 72 86 39 4 28 20 63 59 64 54 38 37 27 100 45 89 5 74 94 48 3 61 78 23 16 96 32 35 80 42 24 66
8 76 77 62 65 41 82 9 66 18 20 52 24 29 3 69 56 80 74 23 64 14 42 63 46 16 39 93 34 55 22 21 100 70 72 54 43 7 47 25 90 86 94 32 96 89 75 85 60 28 57 44 84 13 59 26 53 68 37 30 79 11 49 2 99 88 83 31 38 92 40 45 5 95 10 35 4 6 61 58 73 51 12 15 97 50 87 78 48 91 17 1 67 19 36 81 71 27 98 33
38 4 72 35 63 8 39 1 6 89 76 32 46 87 91 9 22 92 73 5 59 79 15 78 85 45 93 84 81 36 75 28 12 55 48 19 98 77 82 56 11 31 71 49 53 52 94 88 95 70 43 60 7 18 14 69 65 90 96 86 68 23 57 47 34 62 50 17 74 54 13 37 58 26 44 83 10 16 40 64 33 27 20 25 29 41 51 42 61 80 97 24 3 21 2 67 100 30 66 99
23 12 6 11 31 68 67 21 75 48 43 51 80 72 85 3 64 74 66 13 32 42 49 1 63 24 10 90 15 96 7 50 30 34 57 87 77 20 71 38 47 99 35 4 46 73 84 33 25 58 54 61 41 22 60 78 56 76 52 89 95 2 83 36 62 53 18 98 16 94 93 65 19 37 14 92 79 81 59 29 45 55 17 5 39 86 28 70 8 40 82 9 100 88 27 26 69 97 91 44
92 42 71 45 59 85 62 46 34 30 39 23 2 53 56 13 70 93 82 19 54 11 28 89 14 75 31 60 98 97 81 6 43 44 96 77 64 10 58 80 20 29 52 18 35 17 3 4 99 84 55 72 76 83 33 38 16 8 100 9 90 12 47 51 49 36 68 21 40 87 94 61 65 15 37 67 91 50 5 32 48 73 7 24 66 95 41 27 1 25 69 57 78 86 79 88 63 22 26 74
14 86 74 1 50 56 90 58 11 67 69 41 62 92 20 60 7 36 19 68 55 16 37 13 18 22 5 71 47 30 89 38 15 27 44 98 100 6 3 48 61 28 63 81 21 76 64 45 8 32 70 87 51 10 17 35 91 40 65 88 42 66 31 73 59 33 29 75 95 34 97 99 77 4 23 79 72 43 93 80 24 39 53 78 84 12 46 57 49 83 85 94 26 82 25 2 54 52 9 96
6 14 81 8 21 52 15 70 40 17 71 19 100 22 66 33 51 30 89 38 58 94 73 23 92 72 68 36 24 86 39 54 50 32 75 41 82 44 63 64 98 26 62 35 85 42 27 7 80 1 95 4 16 47 83 77 96 3 28 34 31 49 87 46 9 5 61 97 91 59 37 43 29 69 84 76 56 20 48 90 60 12 2 11 53 10 18 74 79 45 57 78 88 13 55 25 67 99 93 65
5 17 4 68 44 88 99 36 96 91 52 8 30 59 43 51 85 57 86 81 39 9 58 20 50 11 69 12 23 22 3 29 38 45 37 35 53 75 28 49 78 73 70 7 16 13 76 48 77 60 10 98 66 55 41 15 40 34 1 56 74 82 26 64 14 87 27 72 18 24 32 63 79 21 90 42 54 83 2 65 25 71 100 33 93 47 62 80 19 95 94 97 92 61 67 89 6 84 46 31
4 21 73 29 43 92 57 2 58 74 10 5 50 60 30 24 66 86 65 20 75 76 36 32 7 25 85 22 69 41 42 27 87 71 28 59 12 67 38 95 81 63 55 44 26 18 70 56 9 23 99 93 46 94 62 34 83 35 79 16 97 13 1 33 54 96 11 78 17 37 15 48 3 40 82 45 8 89 14 84 98 47 19 52 51 6 49 88 53 77 31 91 80 68 72 64 90 100 39 61
98 88 19 78 28 6 42 75 67 61 68 21 41 86 16 49 95 20 87 100 65 69 8 82 44 66 32 13 33 57 10 24 64 74 97 60 37 39 99 40 56 71 14 79 29 91 26 38 94 34 84 81 36 72 53 5 80 48 27 77 35 1 18 15 17 83 47 11 45 46 96 59 9 43 55 93 3 31 51 85 63 22 58 62 90 89 52 54 73 12 92 2 30 4 50 7 70 23 25 76
72 16 62 94 25 7 60 73 24 100 4 89 29 8 87 1 36 53 59 35 83 56 47 74 32 81 55 57 92 18 71 11 34 20 91 69 97 95 65 78 88 21 37 40 44 84 58 75 64 38 9 96 10 66 93 33 67 43 80 63 70 26 76 49 51 98 6 23 22 5 31 30 45 13 15 99 46 86 82 48 41 52 68 50 12 27 39 2 17 42 54 19 61 28 90 77 14 3 79 85
47 81 24 50 39 54 65 40 29 10 11 93 33 4 14 61 18 94 45 59 57 60 85 92 34 43 66 27 41 16 30 75 96 17 35 72 7 76 36 51 77 22 64 80 28 48 12 63 19 67 82 6 52 90 42 74 68 83 58 31 89 97 53 78 87 84 15 44 32 62 46 91 95 99 38 8 88 21 3 56 55 79 13 2 26 69 98 71 5 9 70 49 25 100 20 37 23 73 86 1
66 39 28 33 82 67 26 72 94 56 36 35 18 75 57 79 4 32 70 48 24 59 29 60 76 93 91 54 53 61 31 71 27 86 46 64 96 2 52 98 17 37 25 65 68 6 85 41 38 87 12 10 42 81 20 80 89 92 43 40 13 88 14 84 47 74 97 15 8 95 78 5 11 3 16 55 49 100 99 73 1 9 44 83 63 23 50 21 45 19 90 58 62 30 7 51 77 34 69 22
45 35 40 19 97 20 31 76 38 32 9 17 25 93 84 6 81 24 68 94 33 34 96 73 79 28 50 69 86 65 100 12 98 92 63 4 39 14 11 30 18 60 80 64 62 83 53 37 27 51 85 3 2 67 57 55 15 99 36 52 82 75 88 1 23 49 22 7 46 89 41 78 74 90 43 21 13 56 72 5 87 77 61 58 91 42 48 47 10 8 16 95 54 66 26 59 44 70 29 71
46 11 66 43 29 5 34 23 20 86 18 6 61 9 95 17 79 83 71 70 10 64 99 100 75 96 81 93 76 26 50 67 22 72 60 45 94 36 16 12 92 27 89 38 32 8 82 84 2 88 21 91 15 41 44 68 51 37 85 57 80 19 55 3 52 24 78 58 25 77 54 74 97 28 14 49 62 53 1 87 56 31 65 13 30 33 7 73 59 47 98 90 40 35 69 39 42 4 48 63
61 19 85 31 35 44 37 15 18 71 29 34 27 2 92 83 78 9 56 16 52 26 82 51 94 73 100 72 50 67 49 97 5 14 17 89 36 81 57 63 4 69 66 86 3 95 8 68 21 59 80 33 43 42 75 20 79 91 38 87 55 90 65 25 96 47 40 41 58 60 62 1 12 11 74 98 39 22 77 88 84 53 32 45 23 54 13 30 6 7 10 99 28 70 93 48 24 64 76 46
41 93 45 81 73 42 91 64 43 33 17 69 88 62 38 2 87 27 84 74 71 89 21 61 8 1 98 86 66 35 24 53 56 96 20 80 72 9 94 85 14 77 97 68 31 36 18 65 47 13 100 67 11 82 39 52 49 4 26 60 50 28 30 48 95 46 90 32 55 12 99 54 10 29 51 25 37 70 7 15 19 63 92 44 59 5 40 16 22 3 79 75 34 78 58 23 83 76 6 57
1 97 3 48 22 86 10 12 25 42 98 4 21 68 17 58 71 59 23 45 9 74 16 7 55 29 84 89 79 56 19 63 65 61 80 67 92 47 90 62 8 15 44 87 49 41 13 73 100 40 5 83 64 88 54 36 39 96 94 33 81 99 70 24 93 20 95 66 6 31 82 76 32 53 2 57 52 34 27 35 14 30 37 77 18 38 78 72 60 43 51 50 91 11 46 28 85 69 75 26
81 24 68 58 72 45 97 59 60 36 28 12 23 3 67 93 65 85 98 77 30 55 76 17 42 79 80 21 35 7 16 90 57 9 38 56 33 5 40 54 39 94 8 71 88 74 89 13 15 73 75 63 82 19 87 14 20 11 47 84 48 4 43 69 2 37 31 52 10 50 100 96 44 51 78 46 1 64 70 66 62 95 83 32 86 61 26 22 29 18 6 53 41 99 49 34 91 92 27 25
75 62 61 97 17 43 79 34 41 87 24 7 82 39 77 91 50 28 76 98 96 54 3 33 27 26 93 68 13 63 48 72 18 40 67 100 57 25 66 88 22 55 53 23 8 60 2 92 37 21 64 15 99 45 56 81 84 5 14 73 1 42 78 58 46 65 12 59 89 6 83 95 49 52 47 20 31 44 71 36 16 74 86 38 19 90 29 35 30 94 9 69 51 32 70 11 4 10 85 80
7 38 9 66 94 31 49 16 65 64 96 77 14 17 11 99 15 1 46 41 19 75 68 71 40 20 26 91 83 54 23 85 37 35 52 48 34 51 13 70 72 93 61 24 60 79 78 10 97 98 27 92 90 53 30 59 28 74 8 58 45 56 5 86 43 29 87 57 39 76 4 22 25 73 67 50 55 36 12 18 81 42 62 82 80 100 3 84 63 21 47 89 69 44 33 95 2 88 32 6
40 77 88 46 78 83 12 80 57 99 54 45 15 36 73 10 14 93 95 22 3 81 24 70 25 18 13 6 72 68 64 43 76 5 23 7 2 84 86 87 38 92 51 33 75 53 55 47 61 50 32 21 9 62 71 48 34 30 60 79 58 96 39 90 29 69 74 85 100 27 98 41 1 91 63 4 26 8 19 31 97 37 67 59 66 20 44 94 82 28 65 52 56 89 42 49 11 35 16 17
57 54 32 67 30 24 50 42 1 3 89 31 72 46 45 39 52 22 93 84 2 97 65 58 71 5 34 79 63 19 61 18 68 100 92 85 78 26 83 81 41 62 15 28 43 82 20 55 77 12 98 27 40 51 73 94 95 88 44 25 36 59 9 66 13 48 56 96 11 16 6 29 7 8 37 91 86 69 21 4 75 90 14 53 76 70 47 33 74 23 60 64 49 10 99 87 17 38 80 35
17 41 87 5 58 4 18 100 48 34 99 84 22 83 15 7 75 54 3 66 21 50 39 31 82 24 45 71 20 13 93 40 55 53 14 8 23 90 29 97 70 25 10 43 64 62 63 30 74 44 60 79 81 89 32 27 38 77 73 35 95 36 46 6 65 61 51 91 37 57 49 2 26 56 11 80 96 78 86 92 69 88 72 85 42 68 94 19 16 98 52 76 59 12 47 9 33 1 67 28
12 36 15 59 3 94 23 10 17 69 93 14 56 16 90 53 44 25 5 32 97 30 79 28 51 98 96 88 75 29 73 78 8 33 84 92 40 89 70 57 35 100 7 63 48 24 45 26 49 39 18 1 60 71 21 67 58 55 50 42 46 91 64 72 41 99 76 6 34 85 81 86 20 54 61 13 80 62 95 83 74 11 22 47 9 4 77 66 31 27 68 82 52 65 37 19 38 2 87 43
80 48 49 34 98 26 52 60 73 43 58 62 71 31 99 100 12 37 92 28 46 68 91 44 29 17 79 41 56 32 6 87 94 50 13 33 90 24 53 86 84 72 40 70 65 16 51 8 1 47 66 5 67 69 30 7 85 2 25 23 15 78 11 27 77 3 20 42 4 74 10 21 55 59 35 97 22 88 93 14 83 38 96 9 81 19 76 75 39 36 89 63 64 54 57 18 82 45 61 95
19 68 25 9 5 65 87 26 54 13 63 16 48 73 74 81 6 29 30 44 94 84 100 49 64 8 72 43 61 99 14 32 45 95 89 12 60 31 92 24 67 78 58 41 83 33 90 80 17 37 4 20 28 35 57 77 75 53 76 2 62 47 3 22 11 66 39 50 27 10 69 42 15 38 23 70 97 98 91 51 34 1 55 21 82 18 59 96 85 79 71 46 93 52 88 86 36 56 40 7
85 27 47 41 33 57 44 38 91 59 46 15 63 48 61 68 53 64 100 69 56 71 54 9 39 6 37 23 16 75 67 34 51 93 18 25 58 30 76 78 31 40 24 82 73 90 80 97 84 22 8 99 14 13 10 95 32 66 72 62 5 81 17 20 26 2 49 55 88 65 42 7 36 19 70 28 50 4 96 74 79 87 43 86 35 94 52 45 29 77 83 98 12 1 3 92 89 21 11 60
59 55 35 82 62 39 68 94 3 65 61 26 99 1 93 12 58 49 52 25 8 18 40 10 77 37 42 53 100 66 72 80 78 81 45 76 46 27 73 15 51 30 6 17 79 38 67 24 7 74 87 31 92 43 20 70 41 14 22 97 47 63 19 50 89 29 9 34 5 64 2 98 4 86 60 88 75 11 16 71 91 57 54 90 21 32 23 44 13 95 56 96 84 33 48 83 28 85 36 69
86 18 99 7 89 71 61 46 66 30 82 56 10 53 98 72 32 13 25 9 28 8 97 48 26 29 35 45 38 24 80 58 40 4 76 37 85 62 91 2 74 49 75 100 27 63 23 16 36 69 88 59 47 1 93 78 33 73 39 67 17 84 42 21 79 20 54 22 55 70 64 51 90 95 3 52 41 15 43 57 5 14 6 65 60 11 19 12 96 94 34 83 87 50 92 77 31 44 81 68
66 92 21 15 54 77 28 68 63 23 44 40 17 70 46 27 86 35 80 73 99 78 5 45 37 20 58 85 6 79 55 88 97 39 87 61 48 43 64 12 24 47 98 22 10 31 83 69 4 26 72 56 95 36 33 96 74 49 7 41 57 38 100 81 8 71 30 1 51 94 84 93 62 76 32 50 52 3 82 19 9 89 90 75 16 60 53 65 14 91 11 67 18 59 13 42 29 25 2 34
72 4 36 32 45 21 25 75 94 33 84 58 90 63 52 40 41 48 34 78 13 28 7 91 89 80 9 14 19 8 29 98 44 51 61 71 66 96 49 68 62 38 83 53 37 43 74 42 95 79 76 35 82 26 39 11 30 67 2 77 64 70 81 59 69 31 3 65 57 23 56 60 73 50 85 93 18 46 22 17 55 5 10 92 100 99 1 15 87 12 86 6 20 47 54 27 16 24 88 97
77 12 63 91 13 49 58 15 28 41 100 57 1 30 24 80 35 34 51 47 81 31 44 59 23 26 69 66 68 25 54 17 16 22 64 79 56 29 97 38 76 19 42 98 92 27 52 96 94 61 14 73 88 99 71 39 21 7 48 10 83 89 32 43 78 67 70 93 20 86 85 62 50 75 55 60 37 72 4 8 95 33 18 74 90 36 46 11 82 65 3 40 2 87 45 5 84 6 53 9
62 52 11 94 47 81 46 12 13 28 87 91 59 55 33 42 83 74 39 6 78 29 25 36 86 34 2 15 70 85 69 76 58 88 54 26 44 40 5 30 10 9 19 84 99 22 49 43 38 57 45 71 68 90 17 60 72 64 35 61 66 80 41 95 67 53 16 31 3 14 82 79 27 24 92 37 21 63 20 93 65 56 89 73 1 98 50 51 77 23 4 7 8 75 96 100 32 18 97 48
94 33 98 50 16 2 30 25 64 32 75 28 66 45 29 8 73 70 13 86 27 36 18 6 17 43 31 90 88 91 56 92 42 19 81 65 4 49 84 40 80 87 46 14 59 51 100 44 58 38 82 15 12 85 52 24 60 97 89 63 96 93 71 37 55 21 35 62 1 34 5 10 57 61 53 76 20 39 79 78 41 54 47 68 95 72 11 69 99 83 48 74 7 67 22 23 9 26 77 3
43 90 31 78 10 28 85 23 71 75 92 53 16 58 50 14 15 20 79 54 84 39 37 2 49 27 55 7 73 12 70 22 99 42 59 86 19 38 18 95 21 46 33 17 94 66 47 4 52 5 56 97 35 40 41 91 100 57 11 89 88 67 77 51 29 63 36 3 32 72 24 34 13 69 83 74 26 9 30 61 1 25 80 48 93 45 96 64 62 76 8 68 6 81 60 44 87 98 65 82
64 85 50 71 6 13 80 22 34 31 7 60 74 18 25 67 19 87 1 2 76 15 75 94 35 78 43 36 40 14 91 86 49 10 26 73 70 41 59 9 16 89 47 5 56 37 77 38 79 93 46 69 72 21 53 92 81 23 30 4 68 45 48 44 32 42 90 39 11 99 95 3 24 29 52 20 97 27 8 98 63 55 66 100 83 62 54 28 58 61 82 33 17 51 65 12 88 96 84 57
18 67 97 13 61 11 56 58 4 37 14 46 43 42 2 59 17 94 64 91 38 65 29 22 33 44 28 75 87 89 41 16 31 73 20 95 77 74 8 10 54 36 49 23 52 90 99 19 88 66 3 51 50 79 34 25 6 62 5 70 76 55 63 15 60 81 96 83 53 80 21 69 78 47 82 86 1 84 68 100 45 85 39 27 92 24 35 93 30 40 7 12 32 48 9 71 98 72 57 26
27 78 94 14 87 60 95 9 84 61 23 73 24 50 75 65 32 66 72 10 89 88 70 57 15 19 5 33 22 48 28 47 77 49 74 11 69 21 25 85 71 58 82 4 81 40 46 79 39 6 96 16 91 97 1 42 2 51 41 52 34 92 30 55 18 83 68 80 99 12 93 67 53 43 64 7 13 31 100 63 37 36 38 54 3 35 8 62 76 45 26 17 29 20 59 98 86 90 44 56
93 70 46 75 55 25 2 64 99 89 19 9 81 76 34 92 50 56 48 58 63 95 69 16 38 66 32 60 71 62 40 7 80 41 23 5 35 17 4 97 87 67 88 82 77 47 39 27 6 96 73 72 79 22 86 98 1 68 83 54 61 65 59 30 42 33 24 100 45 43 3 14 15 37 44 57 28 12 84 53 10 8 13 52 78 31 51 36 18 21 49 11 74 85 90 91 26 29 20 94
47 95 10 80 66 76 16 27 39 88 53 21 92 84 35 70 97 43 63 87 62 72 86 41 13 93 61 28 9 74 25 64 75 56 30 77 54 46 51 6 96 82 2 71 7 65 68 33 83 58 1 24 18 50 14 15 44 94 98 31 49 23 91 36 3 100 4 67 89 48 29 12 69 34 8 78 55 19 60 40 59 20 5 37 45 22 81 32 17 42 99 79 38 52 26 73 57 11 90 85
23 7 38 69 32 75 88 65 67 1 64 72 95 51 94 96 80 73 10 8 57 93 66 99 5 100 89 16 62 77 74 56 71 59 53 58 97 61 15 91 37 45 86 33 24 68 34 21 98 92 31 20 11 83 54 52 48 6 63 12 40 90 17 79 26 46 49 18 22 50 25 35 81 42 29 55 85 41 44 30 19 2 27 87 36 9 28 60 70 39 84 14 13 78 4 47 3 82 43 76
41 20 27 88 100 68 14 99 33 83 94 54 42 26 90 13 71 6 75 46 18 87 67 12 80 7 8 50 96 3 66 74 2 16 31 28 58 77 34 70 53 56 79 40 57 72 35 49 25 63 59 17 15 5 84 29 76 44 51 97 92 82 52 62 11 48 81 10 36 4 60 21 93 98 86 45 78 64 47 22 24 65 91 32 69 23 39 55 9 37 43 61 73 30 19 89 85 95 38 1
26 73 93 79 29 35 72 8 7 17 60 96 83 44 21 30 86 36 31 49 67 14 32 4 62 11 39 47 28 42 38 2 53 6 19 74 85 55 48 69 3 88 76 77 51 41 16 34 18 10 15 46 80 63 81 20 94 27 56 57 82 100 78 61 13 87 52 98 40 92 65 70 91 25 54 99 58 89 50 45 33 59 24 95 22 90 9 68 5 43 64 23 97 1 84 75 66 37 71 12
70 51 57 65 28 52 48 63 61 18 17 66 73 64 96 2 24 30 83 80 36 40 46 79 14 59 68 10 33 98 94 31 81 13 86 44 82 1 22 89 47 53 12 43 67 45 42 7 69 76 91 78 26 6 60 62 93 100 75 74 72 9 55 35 19 84 29 11 37 95 16 38 32 92 71 8 49 21 56 39 87 90 58 23 54 97 4 34 85 25 50 27 41 99 20 88 77 5 3 15
44 30 21 12 49 38 24 3 29 26 73 23 7 8 48 34 58 15 18 56 93 80 9 13 47 54 6 39 57 31 5 35 83 82 52 53 2 16 14 62 19 79 92 22 70 36 91 75 41 4 94 33 64 28 27 100 43 63 68 84 65 97 76 96 17 37 45 78 74 85 51 25 77 40 42 59 50 20 67 32 61 46 55 89 72 95 87 99 1 10 66 90 11 88 98 86 69 81 60 71
95 96 47 33 9 53 71 56 55 25 48 51 6 5 11 31 2 72 41 3 32 35 82 67 63 38 86 65 24 39 20 100 66 34 45 16 28 60 37 64 40 10 97 80 46 57 15 87 30 91 93 99 52 8 42 90 36 85 70 69 7 21 44 12 27 49 59 68 58 62 73 76 75 18 4 22 83 78 92 94 50 1 43 77 84 17 88 13 79 81 61 26 23 98 89 54 19 14 29 74
14 58 35 21 97 78 29 19 11 22 68 64 70 72 15 28 36 7 20 83 23 33 47 54 66 88 65 4 5 51 37 93 45 81 57 50 38 52 24 100 99 96 85 44 42 89 48 55 40 27 62 6 25 18 59 30 32 76 26 2 31 8 43 17 56 74 92 95 10 84 67 71 94 13 90 46 79 87 75 91 98 60 86 80 12 1 61 9 49 3 41 39 34 77 82 69 63 16 73 53
50 42 3 23 68 66 43 41 56 51 28 69 54 11 57 89 78 81 15 65 17 55 77 14 95 79 30 19 8 59 26 48 93 20 72 18 60 83 71 86 27 16 52 64 39 12 73 37 31 100 67 21 61 47 87 75 29 7 46 40 44 99 35 92 2 80 9 76 91 10 33 4 36 5 88 94 62 1 13 38 6 22 74 82 53 63 70 45 25 34 90 24 84 49 85 32 58 97 98 96
21 22 95 27 31 16 100 52 96 6 11 49 19 75 45 81 93 44 67 14 55 20 8 82 73 28 53 18 4 85 36 68 3 77 39 83 25 50 80 48 34 57 13 72 29 69 37 63 64 46 33 61 54 32 62 56 26 42 74 60 38 1 51 47 10 5 70 23 17 89 12 65 98 58 15 90 88 86 59 24 84 41 30 79 97 92 7 40 35 9 87 94 78 71 99 43 2 76 91 66
100 14 16 68 19 50 6 59 8 48 69 87 29 25 77 44 34 18 23 52 71 46 53 88 57 72 10 67 12 15 27 4 26 3 97 1 94 39 43 80 55 35 5 28 66 30 21 51 20 24 17 96 41 11 83 84 2 33 61 91 98 31 47 64 76 36 95 74 60 13 99 54 89 45 7 42 86 40 38 58 22 81 49 63 73 82 62 90 75 93 78 92 70 32 79 37 56 85 9 65
74 11 32 39 51 91 50 76 53 15 6 42 36 35 28 62 63 41 57 13 80 38 49 93 46 4 82 99 23 40 1 84 30 31 77 22 81 86 45 27 89 5 58 87 33 17 10 83 92 34 7 3 37 66 19 64 18 47 12 9 54 95 16 73 48 2 44 8 67 59 88 29 56 71 26 21 72 43 52 90 97 100 25 61 68 20 98 79 94 85 69 78 65 24 70 14 96 75 55 60
22 76 36 45 69 3 83 54 41 47 43 12 5 13 59 63 6 61 60 68 74 84 21 77 31 53 7 46 17 11 51 90 97 49 38 55 33 23 39 25 78 29 15 66 98 82 26 9 71 32 24 67 1 4 56 58 14 19 52 88 75 79 99 28 34 35 42 64 95 37 94 86 72 85 87 70 100 81 57 10 62 18 73 50 2 89 40 91 8 80 20 48 30 16 27 96 92 65 93 44
31 21 91 6 82 74 89 73 40 42 29 80 28 3 38 75 88 71 12 15 16 44 61 37 24 81 64 52 26 20 65 47 90 83 84 13 87 76 10 49 23 85 77 18 32 9 62 45 8 1 55 59 53 17 72 36 19 11 99 98 22 7 92 54 95 60 43 30 86 5 63 2 35 27 57 97 94 96 78 46 70 51 33 66 79 93 67 39 48 56 14 50 4 68 58 34 41 69 100 25
45 86 22 26 76 97 40 6 51 5 79 100 4 12 17 58 65 67 81 30 49 48 43 80 55 62 50 84 41 38 15 69 52 98 16 68 34 20 82 54 77 8 31 73 90 33 95 13 87 3 92 60 99 59 44 72 78 36 24 94 11 66 27 53 35 88 18 21 39 1 61 83 63 14 75 64 91 71 9 85 7 93 32 10 57 25 56 89 19 96 29 70 47 2 74 28 46 23 37 42
88 44 15 29 54 89 93 72 24 10 82 74 45 56 99 66 57 51 53 33 11 50 60 76 32 16 83 62 46 37 85 64 13 1 96 23 9 12 69 81 35 4 95 65 80 86 90 91 2 84 40 28 63 100 75 55 20 30 94 49 25 77 3 18 5 98 47 97 27 87 31 42 6 67 17 92 59 70 73 79 48 43 68 39 52 58 78 8 7 19 38 71 14 34 61 26 36 21 41 22
76 88 45 11 35 46 26 62 38 100 83 93 41 67 61 99 92 57 78 95 77 97 6 89 96 30 71 25 1 52 23 32 29 51 69 63 72 98 58 84 19 44 94 86 64 59 65 53 60 40 68 81 56 75 48 28 47 87 16 14 79 74 70 8 43 24 12 49 18 73 90 7 31 15 80 27 3 36 5 13 39 21 37 4 34 85 10 82 91 54 33 42 2 9 50 22 17 20 66 55
63 47 14 62 10 98 97 70 81 91 36 1 78 22 76 84 87 96 74 94 68 23 28 59 83 51 66 40 34 99 82 35 92 19 85 16 49 95 75 7 64 61 42 79 54 71 2 41 86 65 77 4 31 12 6 93 56 80 88 33 50 46 38 57 44 43 89 69 100 53 11 39 90 20 72 67 45 60 17 55 27 30 15 18 8 5 58 26 73 48 37 9 25 13 3 21 32 52 24 29
54 83 99 53 6 42 67 40 82 81 84 89 68 96 63 1 52 8 55 45 30 69 85 98 74 22 92 44 15 47 32 2 51 73 94 56 71 27 95 3 10 97 91 70 59 65 20 88 14 13 43 87 93 72 50 38 100 21 64 34 90 76 31 49 66 12 39 75 16 77 26 18 41 62 58 79 4 80 19 11 25 61 17 24 46 78 48 57 60 35 86 36 29 28 33 7 23 9 5 37
98 79 94 63 50 57 16 34 9 56 71 92 46 29 97 77 8 88 99 20 87 13 83 1 86 70 41 38 82 24 89 12 23 42 35 54 93 43 90 51 67 66 6 68 85 27 100 65 75 62 40 44 36 55 58 49 48 95 2 80 32 61 74 91 47 96 15 72 59 22 78 30 73 4 10 33 39 14 3 37 60 25 52 76 5 53 18 84 45 69 64 28 19 31 21 11 81 17 26 7
76 96 92 1 90 17 57 88 75 86 77 19 79 14 74 42 84 12 61 9 64 94 36 89 5 91 99 55 69 25 72 56 20 43 44 67 37 85 98 66 22 31 2 62 49 48 35 97 15 53 95 93 87 80 28 83 81 3 70 58 23 40 32 33 47 45 71 63 8 7 13 26 6 21 38 68 46 50 4 29 16 52 100 78 39 51 24 60 34 30 65 27 59 11 18 41 54 73 82 10
69 48 85 87 33 67 26 83 93 72 58 54 99 91 75 61 95 39 90 86 3 89 71 10 50 45 35 32 47 19 57 7 40 5 96 18 78 30 11 41 14 74 4 100 79 92 9 82 68 43 27 98 44 94 63 1 80 8 60 76 42 37 59 46 23 65 97 17 6 24 52 51 12 77 21 25 31 34 73 15 56 88 22 16 29 38 49 70 53 28 62 64 20 66 55 2 84 81 13 36
86 97 2 99 63 25 10 36 89 67 98 35 59 93 30 3 71 53 66 49 33 18 94 79 13 96 9 95 77 51 4 40 75 45 48 5 61 29 42 88 39 20 19 38 60 6 73 56 26 23 12 1 90 76 47 50 72 52 27 16 62 68 37 78 87 69 85 15 24 46 11 70 55 31 41 34 21 74 7 82 14 57 92 17 44 32 43 65 22 8 84 58 28 100 54 83 91 64 81 80
70 92 23 74 25 8 37 13 43 77 20 34 17 86 35 33 14 68 89 10 54 21 57 36 18 1 6 38 98 29 48 22 80 71 49 53 5 55 94 87 51 67 24 41 88 39 58 42 90 50 9 95 76 81 15 69 75 96 47 62 2 28 3 97 52 78 83 32 73 61 60 63 91 26 30 12 84 56 40 27 4 79 64 59 11 66 65 72 44 46 85 99 100 82 93 19 7 45 16 31
25 29 27 58 47 60 49 1 85 20 52 57 21 78 2 24 18 46 3 59 28 64 15 12 8 75 66 94 96 48 54 36 77 37 13 11 23 6 70 71 61 40 35 95 62 22 16 91 53 43 72 63 44 45 73 33 55 50 7 80 81 98 87 84 82 97 31 56 38 76 65 42 14 90 4 67 9 10 5 51 34 30 83 39 26 74 41 69 68 32 79 19 93 89 88 100 99 92 86 17
57 17 52 11 37 20 61 79 78 94 71 6 33 38 66 1 12 89 31 2 21 58 67 18 44 95 13 85 76 39 29 25 50 41 36 7 90 14 65 98 24 10 27 4 28 5 42 48 86 69 43 73 60 63 32 46 74 77 100 35 40 26 53 49 64 82 8 51 34 87 54 62 45 23 72 83 80 16 84 22 68 56 91 96 59 70 30 55 15 47 9 75 99 19 81 92 93 88 3 97
63 18 28 35 65 87 31 21 99 71 54 75 78 29 46 6 32 13 82 62 73 10 3 17 37 16 45 5 9 7 50 58 44 22 69 25 43 67 66 88 20 42 51 41 15 72 12 59 23 92 83 4 36 76 95 26 91 30 38 68 34 56 39 33 19 90 11 100 52 8 40 61 53 86 85 2 96 74 70 64 93 77 48 55 60 57 81 27 24 97 49 84 79 80 47 98 14 1 89 94
59 75 61 48 5 46 28 65 23 12 36 78 11 22 20 17 52 29 30 38 58 26 90 67 97 73 32 19 35 13 24 31 43 4 37 44 39 2 98 3 62 21 63 88 99 60 68 41 25 53 87 10 40 82 47 55 6 49 50 15 45 70 64 81 18 69 76 80 72 77 51 14 7 84 42 9 56 83 16 66 91 71 27 93 54 100 57 86 34 79 8 96 94 95 92 1 33 74 85 89
75 35 14 29 30 41 72 82 6 1 23 84 95 39 61 50 10 85 52 54 19 16 42 9 38 67 71 55 70 80 56 92 83 27 60 64 57 18 47 7 53 49 66 78 24 73 34 2 45 87 89 13 5 100 48 26 15 90 22 12 20 59 32 43 93 17 3 69 31 74 25 37 65 62 33 88 63 11 51 91 46 36 68 21 96 86 58 8 97 81 99 98 40 28 77 94 4 44 79 76
67 16 13 41 44 45 38 70 58 83 2 7 90 50 52 39 43 66 10 48 4 23 86 33 62 18 68 77 85 47 27 88 29 9 30 72 46 21 49 59 3 31 55 24 37 74 84 32 19 28 94 34 56 35 12 14 65 64 63 73 92 17 5 79 89 51 40 15 57 60 93 11 26 25 80 98 54 22 100 71 81 42 20 6 36 99 8 53 76 75 97 1 91 96 61 87 82 95 78 69
24 81 15 62 39 49 85 3 54 56 60 92 45 96 16 66 7 70 63 44 77 88 90 71 76 22 42 21 19 8 67 11 55 32 53 98 93 12 64 34 31 99 14 84 27 13 23 28 33 74 25 35 18 94 2 87 20 4 68 29 50 26 6 78 5 38 30 17 59 65 9 40 10 37 1 79 41 100 43 80 75 47 72 97 69 58 51 36 91 48 57 89 61 86 46 95 83 52 82 73
13 36 77 27 22 7 42 21 39 11 19 9 24 48 25 26 81 51 68 23 8 97 95 2 71 37 5 65 6 99 38 41 33 1 17 28 20 60 75 84 56 55 89 32 31 16 83 53 47 59 67 87 79 43 18 100 44 40 58 45 15 88 30 3 96 66 61 49 62 46 29 12 50 4 70 10 64 52 91 57 74 63 54 76 86 94 80 35 93 98 92 14 69 34 72 85 90 82 73 78
5 93 49 81 66 56 90 13 20 57 53 58 37 87 74 92 75 64 55 78 59 71 28 50 42 69 2 67 52 3 32 97 82 17 19 23 40 25 4 6 11 30 7 38 43 14 91 24 26 63 45 44 31 10 21 98 16 27 48 77 83 65 100 18 62 12 34 72 54 70 84 60 9 15 51 29 8 80 1 99 79 95 61 86 35 85 39 96 73 46 33 22 88 36 41 47 89 94 76 68
38 47 68 53 73 54 82 33 48 81 46 17 41 60 29 10 51 8 72 95 2 32 96 15 14 56 34 4 50 62 91 43 16 23 31 89 49 44 13 21 27 58 11 71 80 42 3 88 9 6 5 83 28 20 63 35 40 59 37 39 64 86 26 30 36 25 87 98 24 76 100 7 1 57 93 92 55 99 22 84 19 12 67 45 52 18 65 78 74 66 94 97 90 85 69 77 79 70 75 61
29 79 45 8 23 39 12 37 24 3 30 41 51 14 71 91 4 48 61 73 65 81 69 49 74 60 15 62 16 42 28 50 57 47 64 80 9 75 25 70 17 66 78 35 92 31 22 26 27 10 77 98 33 18 84 82 1 6 55 76 13 40 19 2 88 100 89 59 38 7 85 96 93 67 21 95 36 58 99 5 11 43 53 44 34 54 97 94 90 32 52 46 87 83 68 20 86 56 72 63
15 28 25 24 87 21 60 19 3 52 76 66 30 17 67 12 33 32 45 6 39 59 26 46 77 8 31 18 13 75 14 51 38 50 92 61 69 10 99 2 36 47 37 81 63 62 80 73 7 27 70 85 22 72 5 53 84 83 43 44 57 11 94 86 41 20 4 34 100 93 16 1 97 23 49 68 35 98 96 79 9 89 65 58 88 78 48 64 29 90 54 95 74 82 55 91 71 42 40 56
99 27 11 92 21 65 88 26 23 61 77 40 50 9 56 85 97 59 19 58 62 60 76 20 15 30 41 32 22 35 25 24 72 6 14 69 48 84 51 29 71 37 90 93 44 28 46 17 18 89 8 16 43 12 75 94 10 2 39 87 5 100 42 91 80 96 78 1 4 31 13 82 95 98 34 57 3 36 86 74 55 64 45 83 47 52 49 33 68 54 53 79 73 66 67 81 70 7 63 38
6 83 31 9 18 71 68 72 17 10 84 25 62 77 24 80 45 53 87 19 93 56 2 61 32 23 88 43 47 63 16 74 78 64 76 20 7 5 36 58 96 28 94 70 67 40 90 30 14 60 57 65 91 85 86 42 41 100 1 49 89 37 81 97 8 98 55 12 22 21 26 79 46 99 95 34 52 75 92 39 48 13 44 29 3 38 4 11 59 35 51 82 54 15 50 73 66 27 69 33
4 62 19 75 55 32 25 50 60 18 24 89 46 2 99 7 44 35 83 41 20 11 16 5 45 80 8 57 21 30 31 17 13 39 23 58 61 26 86 87 37 88 72 29 48 84 94 10 36 40 100 9 63 22 6 38 93 43 96 42 79 76 1 12 54 3 27 97 98 53 52 95 85 92 64 91 68 14 71 73 78 74 90 33 51 69 28 82 70 77 56 15 81 65 49 59 67 34 66 47
19 51 38 7 78 35 15 62 21 72 9 4 10 76 60 77 41 49 25 80 18 31 56 70 34 29 65 28 20 96 64 63 23 33 89 37 12 36 84 85 87 94 8 100 73 43 74 40 46 58 95 91 93 13 14 50 68 52 88 79 3 2 22 1 59 99 24 44 27 92 97 98 81 53 86 69 75 54 82 17 39 5 6 90 45 66 32 71 67 42 11 83 55 61 48 57 16 47 26 30
8 54 23 19 45 68 21 48 67 64 39 3 60 62 63 38 28 96 80 32 56 72 36 40 26 15 91 16 81 31 74 98 2 93 18 12 53 9 58 24 52 86 10 65 35 95 89 11 97 100 75 76 7 6 27 1 94 99 14 25 47 84 88 70 79 83 50 33 29 43 41 20 57 90 44 87 46 5 77 82 73 92 37 85 30 61 78 34 4 69 66 17 49 13 59 51 42 22 71 55
33 41 50 90 13 55 44 27 82 36 92 26 68 38 34 72 73 80 78 70 9 8 54 48 39 20 61 25 100 98 81 5 53 56 95 77 18 17 40 57 21 15 75 7 96 63 64 85 6 4 91 30 16 84 32 93 99 94 76 86 1 47 74 22 14 79 97 88 89 12 3 66 29 19 23 52 51 69 65 35 60 87 62 2 49 31 59 28 10 45 83 71 24 58 42 67 11 37 46 43
17 55 24 63 80 6 35 2 43 74 82 15 23 51 73 27 85 57 84 3 50 28 40 4 47 5 37 45 86 59 89 38 93 16 91 87 100 62 1 94 90 22 26 79 81 8 65 98 75 76 96 92 9 99 95 32 21 88 83 54 97 33 13 58 77 78 20 7 72 30 46 41 42 31 10 49 66 70 12 56 34 14 52 25 29 53 19 68 61 39 71 69 67 11 36 64 44 18 60 48
85 44 9 43 92 26 65 36 89 49 4 16 84 70 33 64 66 12 82 56 68 34 58 23 35 75 98 13 61 57 94 86 99 74 46 45 50 1 29 17 8 79 83 63 77 91 76 97 100 96 88 95 81 39 15 59 53 87 51 67 32 28 2 55 6 90 71 52 25 73 80 93 69 42 54 7 18 19 72 11 10 37 14 5 78 47 24 21 60 30 3 41 38 22 31 48 62 20 27 40
93 24 71 69 17 77 52 9 78 40 61 5 38 91 87 60 57 6 59 25 11 30 94 41 27 70 99 44 15 26 19 16 34 88 63 100 96 31 3 90 2 97 82 42 75 86 54 95 68 79 84 1 92 36 45 83 76 80 98 53 72 74 89 46 23 85 12 10 18 66 32 22 62 81 58 28 20 33 21 65 14 73 8 13 39 51 64 4 55 43 47 67 56 50 7 49 29 35 48 37
56 23 88 80 59 5 97 40 85 87 90 8 15 4 14 70 53 72 75 74 63 29 73 11 64 17 83 89 34 52 7 71 65 24 54 76 36 47 94 66 86 26 79 30 10 100 98 84 99 51 93 81 2 67 1 28 60 95 41 38 49 92 12 21 44 45 68 32 31 22 96 91 25 77 78 58 39 3 27 48 69 20 19 16 82 35 55 62 9 37 50 61 18 33 13 42 57 6 43 46
47 19 10 14 58 81 84 74 38 88 94 91 48 36 50 9 70 68 18 8 13 75 99 32 73 66 25 40 53 77 87 62 56 95 85 79 90 46 63 100 76 96 71 2 89 59 52 92 37 21 4 93 86 1 57 69 97 67 65 24 17 98 83 35 49 82 15 22 6 64 34 5 20 28 3 80 16 42 61 55 43 11 26 78 72 33 31 12 23 27 60 7 51 54 45 41 39 30 44 29
20 32 62 88 79 43 58 63 65 13 89 59 73 72 93 69 92 27 48 35 67 42 60 45 83 96 84 50 77 97 70 57 66 100 28 19 26 40 7 78 94 14 95 98 86 71 4 16 21 23 1 22 76 5 25 33 47 55 80 10 61 68 91 8 82 75 74 85 99 44 39 81 49 87 30 11 12 6 56 3 90 2 17 51 46 15 9 54 53 18 34 52 64 29 37 38 31 24 41 36
40 68 90 65 43 88 2 89 25 59 7 96 42 86 94 46 35 39 66 87 30 3 97 99 23 91 18 10 82 32 85 100 12 44 15 63 92 16 95 93 98 19 76 1 53 11 55 79 5 70 31 80 84 83 50 81 33 74 72 56 58 75 49 48 69 62 22 14 8 6 73 78 27 26 71 77 45 47 67 13 37 61 24 54 21 60 41 51 64 17 4 28 52 20 57 9 36 29 38 34
61 97 63 32 60 84 79 34 81 89 99 77 83 93 91 49 50 1 100 46 24 76 7 16 95 6 39 12 66 37 71 53 42 40 87 86 98 94 69 41 74 44 92 82 21 29 78 68 17 88 73 72 10 55 28 80 85 14 56 30 23 13 9 96 65 47 64 58 52 57 90 67 43 51 8 75 59 31 20 36 4 54 15 62 5 27 18 2 22 3 38 45 48 70 19 33 26 11 25 35
27 70 99 79 72 76 34 82 9 77 32 56 92 59 62 100 64 46 74 47 75 69 6 7 40 19 89 30 1 2 23 93 49 86 94 71 37 95 38 91 80 78 12 25 58 83 67 65 98 22 85 5 87 97 20 17 96 73 16 21 14 4 45 50 51 54 81 66 88 61 15 18 90 52 84 55 29 53 60 8 68 39 13 41 26 11 3 48 63 36 43 57 42 44 33 35 28 10 24 31
46 88 98 12 3 2 87 29 57 97 64 52 40 56 43 15 93 100 70 77 83 95 20 6 82 1 85 99 79 55 22 80 58 96 75 41 71 49 92 14 84 74 61 86 8 47 45 67 23 91 76 28 51 38 68 34 89 21 94 32 10 81 11 69 66 65 54 90 73 4 78 35 44 72 60 13 42 62 50 63 59 33 5 37 19 36 30 16 18 25 48 53 26 31 17 27 24 9 39 7
88 73 46 93 57 85 14 79 30 96 63 71 80 84 76 40 82 92 53 91 99 94 1 87 89 95 44 86 65 69 66 75 100 60 74 90 78 77 97 15 16 45 98 62 26 51 6 81 83 67 48 24 8 50 64 70 58 68 13 41 35 36 31 20 9 61 47 18 5 54 72 55 11 21 43 4 34 12 2 19 56 27 10 38 23 42 52 7 3 29 37 49 33 59 25 39 22 17 32 28
9 39 40 96 42 63 62 64 1 67 52 45 79 73 97 65 87 88 99 83 81 78 100 57 94 93 86 95 71 54 80 29 92 10 55 74 89 7 91 98 70 4 53 58 3 76 85 72 60 84 68 56 46 82 31 77 30 5 8 34 90 19 66 61 21 24 51 75 16 48 2 59 13 41 50 35 22 15 33 37 27 69 38 18 14 49 43 44 20 28 36 6 12 47 32 26 23 25 11 17
92 38 93 82 94 75 23 99 91 71 100 74 70 1 84 79 83 86 76 69 52 89 64 63 96 45 58 33 62 66 30 34 37 72 61 73 54 98 28 97 41 77 44 95 18 68 87 47 80 13 59 27 42 88 81 48 39 51 85 14 78 49 57 90 3 29 56 67 55 24 31 10 60 43 32 25 4 50 46 53 5 65 7 17 8 9 20 26 15 21 6 11 16 35 40 22 19 2 36 12
81 99 92 87 77 33 100 16 75 94 73 88 1 78 58 96 95 89 67 84 97 93 66 76 80 55 69 39 98 56 47 32 64 59 27 85 35 51 52 71 72 53 86 91 83 79 49 82 15 26 21 63 90 74 60 68 28 34 36 23 70 61 38 62 46 11 37 57 20 50 42 45 41 3 17 65 31 8 48 40 54 9 29 4 44 19 13 30 7 10 12 2 14 43 24 25 18 5 6 22
7 77 94 74 20 96 91 1 95 86 87 93 2 99 98 68 38 56 89 33 84 50 71 58 85 100 59 60 92 79 55 78 15 35 67 48 72 97 76 81 83 82 88 61 70 52 39 22 90 65 64 29 47 80 54 49 57 66 75 31 36 46 14 24 27 73 6 63 51 16 69 43 19 34 41 53 37 4 17 45 25 21 28 30 40 5 23 32 44 8 26 42 62 12 18 11 9 3 13 10
1 87 97 99 100 98 95 83 84 91 44 72 88 67 96 93 79 73 86 65 89 54 70 78 63 25 92 94 58 74 69 85 76 55 81 60 23 61 90 56 38 71 40 68 51 53 82 80 35 62 32 31 66 75 42 5 49 37 28 33 48 77 18 57 43 52 16 50 46 26 64 39 4 11 2 27 13 34 47 30 8 59 12 24 41 22 29 15 45 19 17 36 6 10 21 7 3 14 20 9
96 95 66 1 89 86 78 97 93 100 75 73 82 92 85 99 80 43 71 94 87 79 83 98 49 51 72 23 46 91 40 76 81 25 59 50 64 90 57 63 88 61 45 53 68 24 47 69 84 56 54 62 14 19 10 74 67 48 35 58 55 12 65 36 42 77 39 41 34 27 37 30 31 20 38 33 28 60 44 29 16 52 18 15 11 32 26 22 13 7 70 9 8 4 3 5 17 21 2 6
98 78 87 97 62 89 93 88 77 99 83 1 81 68 95 84 86 28 90 100 94 74 85 91 66 92 26 47 69 76 82 72 71 61 80 65 63 96 73 51 54 56 64 49 50 38 13 27 39 37 60 79 75 41 58 46 34 53 57 48 25 42 70 59 52 43 35 55 45 33 67 36 23 18 29 17 30 44 14 15 24 8 2 11 22 12 10 19 6 20 31 40 7 9 4 21 32 16 5 3
