771891 532596 293994 272656 263629 243505 244774 237439 244774 218182 232452 212250 203558 192813 184599 182781 177274 173019 160162 161538 151384 137027 127420 119562 126760 120154 118237 119562 115673 118455 117863 107616 95469 90943 81572 84127 83269 78178 79210 75511 76867 73364 64760 69174 65605 60175 58021 60349 60349 55012 55546 52174 49356 50172 49356 49915 47661 47089 45337 42943 43257 42020 38623 36738 37956 36027 36885 34556 34975 34975 32539 31350 30974 30579 30037 27658 26174 26262 26122 22269 23662 23541 21422 19239 21471 20300 20160 19834 19231 17106 17055 15539 15515 14708 15762 15539 14968 13153 14371 13975 12710 13219 12705 11733 11859 11512 11937 10733 10965 10368 10269 10139 9748 9392 9214 8208 7679 7802 7800 7796 7327 7372 6897 6903 6895 6845 6831 6322 6161 5936 6118 5791 5576 5864 5576 5167 5134 4798 5034 4840 4677 4246 4522 4193 4076 3984 4105 3974 3651 3648 3326 3247 3204 3160 3121 3098 2903 2780 2742 2685 2560 2491 2346 2118 2296 2210 2193 1982 2013 1943 2007 1916 1879 1830 1713 1712 1673 1697 1637 1670 1484 1510 1522 1432 1383 1377 1318 1254 1314 1143 1219 1185 1128 1108 1114 1123 1035 974 962 982 935 935 903 864 839 843 773 736 732 743 736 629 677 667 639 610 614 602 578 578 546 543 494 522 482 493 478 409 454 432 406 425 381 386 350 346 351 349 327 329 313 320 292 274 295 275 273 291 257 260 246 243 232 202 230 216 210 215 205 190 195 189 188 180 173 165 161 165 160 144 152 139 133 131 129 130 121 115 119 116 118 108 99 99 100 98 95 95 96 87 84 82 84 73 78 76 77 66 65 65 65 63 62 60 59 59 55 54 54 52 51 49 50 47 48 45 41 42 41 43 39 38 37 37 35 35 33 31 30 31 32 30 29 27 27 25 25 24 24 22 22 21 19 20 20 19 18 19 18 18 17 16 16 16 16 15 14 14 14 13 13 13 12 12 12 12 11 11 11 10 11 10 9 9 9 9 9 8 8 8 8 8 7 7 7 7 7 6 7 6 6 6 6 5 5 5 5 5 5 4 4 4 4 4 4 4 4 4 3 3 3 3 3 3 3 3 3 3 3 3 2 2 2 2 2 2 2 2 2 2 2 2 2 2 2 2 2 2 1 1 1 1 1 1 1 1 1 1 1 1 1 1 1 1 1 1 1 1 1 1 1 1 1 1 1 1 1 1 1 1 1 1 1 1 1 1 1 1 1 1 1 1 1 1
33 37 75 88 78 61 36 92 46 15 6 47 20 17 40 97 74 79 3 18 28 50 69 64 5 55 44 86 81 35 82 21 8 71 76 85 77 42 100 89 87 95 60 70 38 59 41 29 4 27 98 62 43 65 83 72 54 23 48 34 2 93 56 51 39 49 19 99 11 66 45 96 25 24 32 26 52 53 14 80 9 57 90 1 84 68 73 31 12 58 67 16 63 91 7 13 22 30 94 10
75 31 41 56 61 89 26 93 29 35 58 67 80 4 52 95 79 12 14 19 74 1 48 59 8 37 20 98 88 39 85 30 18 83 16 5 36 66 77 53 17 97 60 87 3 21 24 42 69 55 51 76 11 15 92 81 40 50 99 2 22 7 46 33 72 63 44 71 82 57 25 96 13 49 23 9 6 28 62 78 47 91 68 73 10 27 90 64 45 86 70 43 32 84 65 94 34 100 54 38
75 71 48 49 65 17 66 94 20 74 92 73 63 54 78 38 53 40 97 4 30 68 25 16 35 79 31 9 86 64 44 62 93 60 13 82 46 69 77 42 57 6 99 80 39 37 36 33 84 2 96 70 76 87 91 89 45 55 28 5 15 83 51 21 47 100 32 88 22 90 11 43 41 50 67 10 27 18 56 23 7 81 3 98 19 72 24 14 1 59 29 12 34 52 61 95 8 26 85 58
23 34 8 35 17 85 86 94 40 58 61 59 98 30 91 82 72 57 68 4 49 63 62 29 13 64 15 2 83 28 78 75 26 44 36 24 39 9 65 73 76 1 70 71 27 56 25 33 53 47 96 54 60 67 11 100 88 99 43 19 6 18 97 31 48 80 41 38 16 37 22 52 93 50 81 95 7 45 42 77 79 20 21 14 89 69 5 32 84 3 10 55 46 90 92 74 87 12 51 66
28 15 65 62 18 5 48 2 71 64 36 51 20 70 96 11 97 43 23 89 32 33 44 1 47 50 93 72 68 53 27 61 35 10 55 45 40 29 83 60 84 74 81 30 13 63 17 42 49 24 69 12 86 25 92 79 22 31 37 7 19 16 90 57 21 67 41 3 4 78 26 38 95 58 39 75 52 91 80 14 100 82 66 98 87 85 76 8 88 73 54 46 77 9 6 34 94 56 99 59
18 43 94 45 59 61 78 75 51 17 10 19 34 39 9 65 27 41 86 82 2 67 88 53 48 15 91 42 14 24 64 32 23 3 76 37 46 33 84 36 38 80 50 95 89 56 66 12 35 1 22 6 98 54 7 87 47 69 31 16 73 74 99 85 90 8 81 52 83 44 25 70 40 93 21 92 49 100 77 30 20 28 97 71 63 5 57 55 4 60 62 96 13 11 29 68 26 58 79 72
70 17 53 5 31 59 47 37 100 46 20 42 30 1 83 72 16 11 36 39 89 15 54 32 74 52 62 44 19 96 3 65 87 58 68 81 29 78 45 73 64 69 77 23 86 18 94 14 60 95 24 34 6 97 84 21 76 10 12 57 35 9 27 93 85 28 88 41 8 26 2 33 63 7 67 82 91 98 56 79 55 40 13 22 51 4 99 61 50 66 49 71 38 75 90 25 43 48 92 80
13 6 73 30 89 21 36 63 23 37 29 8 93 22 58 4 83 91 97 14 16 5 90 59 10 65 78 71 54 1 100 80 32 31 28 92 49 64 47 26 95 18 43 67 34 57 2 41 96 17 94 62 76 24 27 84 45 88 69 50 7 12 48 19 53 77 99 9 42 40 75 38 82 3 11 98 60 46 51 44 56 81 74 79 68 33 85 15 25 61 72 35 86 70 52 39 87 20 55 66
19 65 77 64 79 33 5 85 56 45 60 24 90 30 21 57 78 29 51 4 38 39 10 35 52 36 11 20 92 9 93 12 96 54 27 44 22 50 70 95 48 100 18 74 1 42 87 17 23 81 16 68 82 13 55 6 58 37 67 86 31 3 97 59 80 99 25 26 76 83 89 2 41 98 84 66 7 69 15 62 47 43 46 53 75 40 32 49 34 14 63 28 8 88 71 72 61 91 94 73
5 94 51 56 75 96 76 69 99 86 14 41 32 38 60 68 26 20 42 45 87 91 35 98 90 58 61 34 100 72 81 10 57 74 54 59 30 63 3 83 70 12 67 13 48 78 8 1 84 22 52 85 73 66 23 64 36 97 25 43 33 27 31 88 46 93 28 21 4 7 9 40 44 80 82 2 50 18 55 37 71 62 15 24 47 6 11 89 95 79 17 49 19 53 39 65 77 29 16 92
23 50 70 62 18 22 67 21 9 82 81 57 5 33 29 43 36 41 84 73 63 61 68 80 8 69 35 95 26 39 98 74 71 27 3 2 88 31 94 47 78 93 4 53 64 25 38 11 91 37 28 79 99 87 1 7 75 96 19 59 92 77 55 58 54 12 85 89 15 16 46 30 34 51 90 17 56 72 49 66 6 52 45 14 44 97 10 83 24 48 60 32 42 13 20 76 65 100 40 86
58 71 100 59 65 20 1 94 33 55 66 21 41 4 39 8 77 80 89 81 44 85 70 92 11 10 9 6 25 17 19 18 84 79 90 15 64 38 54 5 31 45 27 29 16 86 83 32 76 68 51 28 53 12 3 56 88 42 37 48 14 22 23 99 49 62 95 91 30 36 35 67 93 50 2 13 74 78 82 75 61 69 97 72 57 24 26 96 43 40 73 47 63 52 60 34 98 87 7 46
63 91 67 80 96 90 26 28 16 75 73 38 64 48 78 79 30 22 8 35 53 76 83 32 12 70 86 36 7 60 1 49 46 43 56 33 61 88 37 2 52 84 81 19 93 20 66 51 45 44 95 41 62 4 58 14 57 68 29 10 97 39 6 9 99 21 59 42 50 71 69 18 72 13 3 15 54 92 24 31 100 27 55 11 23 47 89 5 40 34 98 25 74 65 87 77 94 85 17 82
83 9 25 49 10 75 72 51 29 93 19 52 43 13 96 17 73 8 90 78 64 7 4 6 100 42 66 76 81 18 87 67 97 77 30 89 37 45 15 44 22 99 50 80 3 56 88 59 5 60 26 98 70 65 82 36 1 58 28 12 41 91 40 21 68 63 69 2 20 47 86 34 39 32 31 27 95 57 46 24 35 23 94 62 55 48 16 11 54 33 38 74 53 61 84 92 71 79 85 14
33 2 20 35 9 72 13 7 68 58 45 65 19 26 14 59 79 52 93 6 82 48 21 83 47 55 46 96 85 37 89 70 81 12 5 76 36 28 64 42 17 4 71 8 54 94 15 29 30 92 63 57 16 60 38 91 23 50 18 39 77 69 74 44 87 100 31 67 24 78 88 86 98 41 80 75 3 90 43 34 27 10 1 32 62 25 73 97 84 53 95 99 56 51 61 11 40 49 66 22
65 80 60 63 1 24 70 86 81 69 92 26 52 15 4 40 35 74 16 17 27 9 61 77 2 83 55 43 98 53 31 34 93 57 33 38 39 50 75 84 45 3 22 30 46 10 25 100 71 19 12 76 47 6 88 62 51 13 66 96 91 18 58 49 20 67 54 87 68 73 95 94 99 82 56 8 42 21 44 28 64 79 41 48 90 36 37 23 11 85 7 59 32 14 97 5 78 89 72 29
53 64 61 36 19 40 43 60 1 92 93 37 72 94 17 52 47 15 74 27 21 6 67 91 20 31 12 73 88 66 80 75 78 90 14 24 63 82 32 48 9 42 76 57 77 46 56 68 16 65 86 69 38 84 25 71 41 81 59 5 2 44 96 8 34 79 22 100 89 45 11 13 54 10 30 85 49 39 28 55 50 83 33 58 99 4 87 35 7 3 51 29 97 23 95 98 26 62 70 18
8 62 16 79 36 84 20 52 15 64 59 76 58 46 47 42 28 31 40 85 57 93 25 38 14 43 88 86 23 11 49 95 77 7 81 4 73 39 99 71 12 90 78 45 37 97 94 21 74 67 34 89 48 29 100 26 82 41 63 51 98 61 13 55 70 80 32 17 83 91 33 24 6 19 10 53 30 5 87 18 9 65 54 75 69 22 35 44 1 96 50 66 68 72 2 3 92 60 56 27
81 86 91 27 11 69 95 93 82 96 30 77 71 53 26 21 4 57 62 87 75 47 19 15 29 49 44 58 46 98 24 32 13 83 80 16 99 64 18 25 43 65 33 40 85 2 36 6 7 63 9 8 97 78 22 55 60 12 39 20 51 50 84 67 94 23 17 45 88 76 61 35 31 37 79 34 90 41 38 73 28 92 72 70 52 1 66 14 100 42 74 56 3 5 48 54 68 10 89 59
62 76 18 44 17 85 96 40 10 74 61 14 29 98 67 15 87 60 12 95 30 75 7 64 35 100 81 54 38 80 82 89 41 71 25 93 21 13 16 33 2 92 56 73 57 66 50 79 51 32 3 36 19 83 97 34 47 48 52 11 27 94 1 26 72 90 58 59 53 84 39 6 91 4 23 65 70 45 55 68 5 22 43 77 46 8 49 28 78 86 9 42 24 20 99 37 63 69 88 31
34 25 58 86 55 1 40 97 42 18 77 75 23 79 52 46 7 32 15 20 85 67 29 45 38 17 93 56 66 88 94 61 49 70 96 8 53 4 10 82 13 89 28 44 95 84 65 37 35 69 83 80 59 3 36 51 64 74 87 99 63 76 11 22 78 98 41 33 6 90 14 39 24 81 57 26 19 91 72 48 54 12 47 21 50 9 92 68 73 43 62 2 16 100 5 30 27 31 60 71
52 77 98 53 22 54 65 75 74 78 84 25 35 95 82 32 97 11 44 76 13 72 9 33 88 16 6 39 64 19 55 91 85 49 46 62 27 69 96 47 3 1 10 81 26 24 21 8 50 94 66 60 5 68 87 30 15 71 14 61 100 93 79 18 7 4 12 48 63 2 59 20 90 23 67 92 29 17 56 43 31 51 58 86 45 34 83 36 80 89 99 41 40 73 57 70 38 42 37 28
74 47 13 96 20 17 81 14 40 80 97 2 8 63 30 73 66 43 23 99 24 37 57 72 9 50 49 62 5 78 34 82 44 19 94 61 31 53 77 26 98 95 36 55 32 59 69 56 89 87 68 12 45 35 15 100 46 65 83 75 18 67 54 10 48 84 11 70 29 22 76 27 79 93 39 64 91 58 51 42 90 71 52 92 41 60 25 33 21 16 88 7 4 38 1 85 28 3 86 6
13 8 12 58 54 97 47 2 31 9 49 55 48 19 3 7 65 21 26 100 46 71 79 20 68 59 90 4 34 29 70 36 56 45 78 25 67 5 60 98 42 83 99 35 38 37 89 94 43 66 64 40 14 72 93 87 76 80 24 91 96 30 32 88 28 92 81 57 22 63 1 11 86 77 17 16 84 61 95 82 69 53 6 10 33 85 62 75 15 73 18 52 50 44 27 41 39 74 51 23
18 33 48 92 73 11 57 89 51 98 12 70 84 80 75 27 64 93 22 38 50 79 62 4 39 15 21 97 55 58 7 1 5 6 72 95 78 24 65 83 86 10 43 71 2 47 34 77 53 26 90 87 23 63 91 37 59 29 82 19 99 60 66 31 25 96 8 88 42 85 40 28 13 36 45 14 52 16 67 20 44 46 100 49 54 35 76 32 56 68 41 3 69 81 74 17 9 94 61 30
32 40 41 50 53 81 29 17 36 94 24 99 61 85 42 38 95 55 14 47 88 63 75 37 28 22 56 78 69 23 59 62 72 93 65 79 6 84 52 74 76 31 87 3 10 80 83 46 25 39 96 2 35 13 48 90 5 16 1 15 9 20 21 57 86 34 4 11 60 44 73 26 7 18 19 77 71 68 100 30 70 97 66 98 82 67 33 54 64 27 49 51 92 89 91 12 43 45 8 58
68 34 95 87 63 76 2 31 53 41 72 60 11 24 10 12 84 40 86 1 58 44 32 65 48 73 39 30 77 15 85 90 69 98 97 66 46 6 19 22 89 64 29 18 78 57 13 50 61 33 25 96 43 67 92 49 45 56 71 79 83 16 75 93 42 51 26 3 47 9 8 52 55 38 36 70 82 37 14 7 20 94 21 99 27 54 59 100 88 4 5 91 81 28 80 74 62 17 23 35
43 5 40 16 77 100 28 39 90 8 32 63 45 57 25 84 69 85 29 10 83 59 76 61 13 46 18 19 86 38 99 93 68 14 47 96 71 62 50 37 67 78 41 92 17 12 24 97 22 91 6 15 56 79 20 11 73 75 26 81 88 74 7 98 30 54 51 60 4 66 23 89 27 53 49 33 9 65 42 1 80 2 31 55 87 3 95 70 94 72 64 36 52 82 34 58 44 35 48 21
85 16 37 32 3 31 35 42 50 63 58 73 1 40 43 41 29 99 91 71 84 21 95 25 83 47 67 60 59 72 46 66 26 78 13 92 9 12 7 57 100 8 51 11 36 69 5 34 23 17 45 70 93 53 80 89 2 24 98 76 61 15 44 86 14 82 77 94 54 27 48 68 49 62 20 87 39 18 33 97 52 55 75 6 56 96 28 22 19 38 10 81 79 74 65 4 88 30 90 64
54 84 89 74 95 99 51 83 14 81 48 88 91 35 11 45 10 56 27 3 17 4 97 82 70 20 30 9 60 71 78 65 100 13 67 31 79 96 12 36 80 57 90 16 44 34 6 49 73 2 22 33 85 86 23 28 62 93 8 68 47 75 18 72 5 1 42 7 52 53 25 46 29 43 64 59 98 94 32 38 40 50 61 87 39 55 63 24 26 69 58 21 66 76 92 19 15 77 41 37
79 89 29 18 57 2 66 59 45 35 9 39 16 8 56 99 52 58 63 40 65 82 96 75 4 51 48 12 1 5 62 43 87 55 91 78 49 46 42 27 74 53 44 38 70 100 17 73 15 80 21 6 26 37 85 92 72 95 93 77 94 97 64 19 47 3 13 69 76 10 7 54 68 14 41 67 50 31 88 22 11 61 60 25 28 86 30 71 23 83 81 84 90 24 33 32 20 98 34 36
75 69 65 45 2 28 61 57 20 30 42 84 34 50 87 63 60 91 39 96 98 100 78 3 1 95 41 27 6 93 11 38 29 8 7 18 77 33 81 43 85 67 55 48 5 31 73 4 32 24 99 37 13 89 14 86 9 44 97 53 22 19 83 70 21 68 62 92 16 15 26 64 35 88 12 56 23 25 40 71 51 58 82 46 47 10 74 94 17 59 80 76 72 90 79 36 66 54 49 52
17 15 74 38 83 92 82 36 46 50 96 51 22 69 33 66 12 70 42 11 48 85 88 7 67 23 80 98 45 28 72 24 43 44 32 55 8 2 90 100 59 77 40 99 86 63 87 76 57 5 37 39 95 9 56 25 65 4 31 30 35 81 53 20 91 27 52 79 93 49 19 60 61 75 78 10 18 26 68 3 16 41 84 71 89 94 58 13 47 62 54 14 64 1 6 21 29 97 73 34
51 17 2 70 61 89 46 35 37 10 1 98 72 66 55 14 53 36 58 9 19 41 49 43 25 56 94 26 18 64 90 33 32 38 76 5 93 77 59 24 84 34 79 85 62 96 81 54 44 27 50 22 6 80 12 88 31 30 92 29 42 78 60 4 82 52 57 99 8 69 20 21 73 95 40 47 75 100 13 45 74 48 67 68 97 23 71 7 91 39 28 65 11 16 86 83 3 63 87 15
59 42 94 30 98 50 85 63 60 97 10 81 78 36 54 83 39 7 32 66 90 64 26 55 74 29 69 68 49 46 4 15 53 25 9 87 40 44 24 19 73 6 84 93 96 21 80 33 8 86 57 76 92 17 62 13 89 47 61 34 5 11 35 77 18 65 45 75 38 58 71 70 1 27 48 23 88 28 79 56 72 67 20 14 51 12 2 99 82 41 52 100 95 22 31 91 16 37 3 43
28 21 17 49 90 43 25 96 80 53 88 100 47 39 64 92 93 66 8 75 20 33 46 23 78 3 31 65 16 94 9 42 37 97 22 76 74 35 48 99 69 38 77 5 45 50 12 41 19 10 91 4 52 54 84 1 58 85 62 27 57 2 82 40 26 87 70 44 36 55 15 86 63 7 24 83 13 72 18 14 30 73 29 79 60 6 61 89 59 51 32 71 34 11 81 68 95 56 98 67
41 20 68 64 59 83 88 100 48 17 55 47 11 74 58 51 2 3 56 39 15 91 44 52 7 67 70 85 40 90 23 63 95 62 79 69 12 29 73 28 93 61 31 14 89 6 19 18 76 13 86 82 54 71 57 66 97 99 96 26 32 9 94 35 92 81 24 84 5 37 50 75 72 65 98 38 27 49 80 77 45 8 36 60 10 33 53 21 42 22 87 46 1 34 4 25 30 43 16 78
91 95 51 94 5 61 48 55 73 83 36 93 64 28 15 85 67 26 84 41 72 88 38 1 98 6 57 44 82 97 66 29 80 58 63 7 70 37 32 33 92 62 11 13 47 87 68 23 52 40 16 34 65 25 8 39 14 27 99 2 45 12 19 21 100 30 74 76 24 79 17 69 22 49 81 43 4 35 53 60 3 20 10 31 75 90 50 78 18 56 77 96 86 9 46 89 71 59 54 42
29 49 21 79 47 73 97 37 6 56 28 1 17 94 91 19 51 100 57 50 32 89 18 53 3 65 68 38 80 9 41 10 60 95 43 45 30 20 15 42 62 75 70 2 14 83 27 92 90 59 96 54 35 36 64 93 99 69 25 44 46 87 48 34 76 16 63 71 67 82 74 33 84 5 11 58 86 13 77 23 7 39 78 88 8 24 12 26 72 66 22 40 55 31 61 81 98 52 85 4
48 6 53 86 31 59 79 85 5 4 8 76 58 54 9 70 22 45 51 35 91 56 83 69 77 96 95 93 90 17 36 60 61 33 30 81 75 78 64 98 71 44 18 12 13 11 2 52 41 47 19 84 100 14 7 32 67 10 34 92 39 46 20 97 1 73 99 38 65 26 28 43 74 29 21 88 42 89 49 40 24 62 3 27 68 15 80 82 50 63 37 16 25 66 87 23 94 57 55 72
47 65 56 80 15 21 41 69 71 27 20 28 32 60 36 25 92 76 55 4 78 1 2 24 85 83 100 14 96 62 70 6 88 84 17 89 67 75 95 73 66 22 52 23 34 18 8 12 7 68 51 49 44 31 13 57 43 72 16 54 64 86 33 58 63 94 97 40 30 19 37 38 53 3 77 82 74 9 81 59 26 35 79 10 91 5 42 93 46 90 29 45 98 48 50 39 87 11 99 61
35 48 34 15 84 32 78 65 2 31 87 62 95 38 73 50 5 89 16 91 18 7 21 51 80 64 3 92 74 43 68 39 76 57 70 28 29 9 23 67 94 79 4 33 81 44 82 61 49 42 75 69 24 85 86 22 53 52 19 100 40 47 6 59 55 45 72 58 71 83 99 11 41 54 27 66 20 98 1 46 96 26 90 13 37 88 56 60 25 97 17 12 14 8 36 63 93 10 30 77
86 8 45 35 91 96 87 34 69 62 27 59 41 61 83 7 37 54 68 6 67 39 1 31 43 98 53 2 28 11 100 44 57 3 92 73 99 88 14 74 17 49 42 22 58 38 33 47 72 25 65 85 66 5 89 46 75 40 48 79 10 36 81 84 29 78 21 12 15 95 64 76 82 18 56 71 60 80 19 52 32 13 63 24 55 16 93 77 9 20 94 97 4 51 30 70 50 23 26 90
58 43 42 31 23 20 4 51 95 45 12 99 7 79 57 5 33 81 36 13 64 98 80 54 49 8 22 34 50 24 44 53 18 28 68 27 89 48 47 70 26 9 73 39 97 61 77 66 67 87 71 19 3 30 11 52 63 88 59 21 96 69 100 46 83 91 25 29 85 76 1 56 10 17 16 75 94 60 15 90 92 14 86 62 38 78 82 41 37 74 2 55 84 6 93 40 65 35 72 32
19 38 28 56 68 72 52 25 39 60 91 31 30 26 40 21 45 23 61 15 71 69 36 74 18 93 37 20 67 14 13 59 92 51 82 99 27 58 78 88 33 54 80 81 53 75 97 70 84 64 94 42 86 24 44 87 100 43 76 16 6 83 8 85 49 10 50 41 66 4 22 7 9 34 73 98 63 95 48 29 62 5 12 11 57 89 79 46 90 32 55 47 2 17 1 65 77 3 96 35
60 80 38 96 48 81 72 21 85 44 14 77 92 95 17 32 57 18 97 98 82 28 65 9 76 79 15 46 20 52 94 34 84 23 40 3 19 36 27 37 53 1 71 66 35 86 56 39 63 89 25 68 62 6 51 100 61 91 43 7 4 67 31 5 87 83 88 26 41 78 75 30 8 47 54 45 93 64 50 70 58 10 13 22 74 99 24 90 55 16 11 33 73 49 2 12 59 42 69 29
50 46 14 71 11 75 86 33 4 91 97 78 52 10 99 30 48 90 25 74 87 6 27 59 65 60 67 61 83 36 89 57 81 66 49 16 64 76 84 82 98 20 8 45 40 5 94 58 95 32 69 47 21 62 55 77 22 31 42 73 3 88 23 9 15 2 19 43 29 7 92 37 79 39 63 13 28 96 100 26 35 44 53 72 1 38 54 12 41 70 85 68 51 56 24 93 80 34 17 18
72 75 97 26 33 94 15 16 66 25 22 2 14 23 59 4 24 12 73 37 10 77 28 90 100 68 45 76 99 81 91 49 7 36 1 58 21 63 86 38 60 40 5 27 61 42 95 56 71 65 52 8 17 88 67 62 46 98 41 50 19 18 51 92 53 44 48 83 84 34 31 3 39 74 82 85 64 6 43 9 79 54 80 89 69 96 11 47 30 55 20 93 29 87 57 35 70 32 78 13
95 91 47 66 10 41 94 70 30 15 71 21 63 33 48 6 82 88 35 45 53 3 13 20 37 76 5 4 17 96 65 11 54 7 18 23 52 73 72 68 38 42 50 74 80 39 61 98 43 92 26 29 58 69 87 64 1 28 83 8 78 84 55 99 51 77 67 57 97 60 89 40 85 93 79 16 14 36 9 34 86 25 22 81 49 2 62 100 32 46 12 59 19 75 90 24 31 27 56 44
73 40 66 2 20 69 76 58 47 24 75 90 43 77 12 54 38 63 95 89 55 15 35 16 82 4 62 22 44 79 7 67 50 53 45 6 1 18 99 83 48 5 88 26 10 25 59 51 96 19 9 13 87 65 3 21 57 68 78 84 100 91 86 71 23 93 61 39 28 94 72 14 46 60 80 30 85 29 52 17 42 36 70 32 33 11 8 64 56 37 98 49 31 27 97 34 81 74 92 41
57 93 58 63 70 100 50 15 65 86 4 55 67 30 24 27 26 32 89 82 28 96 10 5 66 42 72 37 47 45 2 1 35 16 33 60 41 17 75 20 54 92 22 8 88 74 38 14 36 98 56 79 80 87 40 49 29 13 3 97 91 94 99 25 90 69 85 9 83 73 76 34 19 77 31 51 84 46 95 64 68 12 48 59 23 53 52 43 71 61 62 78 18 81 39 11 21 44 7 6
84 9 62 27 39 35 36 91 68 21 29 43 93 2 53 3 30 24 17 90 60 76 54 46 31 85 10 81 61 63 1 83 59 15 34 33 97 92 51 48 64 56 89 52 69 41 79 7 25 94 74 44 11 47 95 40 5 96 75 99 18 77 78 37 8 57 16 23 50 45 12 65 98 32 58 70 26 14 67 42 38 66 49 86 19 87 22 55 4 100 72 73 13 88 71 20 28 80 6 82
42 52 12 53 49 23 80 92 73 22 98 65 38 18 14 68 83 43 62 77 21 24 7 37 36 71 40 32 41 39 19 2 96 69 28 95 25 31 46 78 67 72 81 17 74 91 64 82 30 54 47 59 56 29 93 94 50 84 55 20 90 44 61 33 88 6 100 10 75 16 9 27 60 26 3 8 51 13 87 15 48 4 58 97 63 35 57 34 1 85 76 99 89 79 11 66 45 5 70 86
3 77 13 22 54 16 46 86 100 6 59 75 82 98 78 65 79 73 34 33 9 95 42 4 87 97 90 71 21 29 99 32 56 41 94 8 50 45 49 84 31 61 62 55 52 19 74 5 58 66 64 23 1 12 26 60 15 89 18 24 7 39 93 36 85 40 43 11 88 44 80 67 76 81 10 68 91 38 92 51 63 37 25 48 35 47 17 83 27 2 30 72 53 70 20 14 96 69 57 28
16 47 19 62 1 73 11 88 44 97 49 25 81 58 26 74 67 37 93 30 75 94 52 40 29 43 32 70 55 34 64 12 4 63 83 59 68 38 3 5 72 7 54 35 20 65 71 13 98 77 66 96 50 33 82 61 51 87 27 91 69 10 9 56 80 95 14 89 53 23 86 90 57 36 42 41 6 21 24 39 99 92 8 2 46 60 84 15 28 45 31 17 100 18 48 76 78 85 79 22
48 5 81 59 72 1 90 82 67 32 18 89 8 15 3 91 65 11 75 14 46 47 31 25 44 55 80 78 85 33 76 74 23 43 96 40 84 51 94 52 45 83 7 57 71 95 9 19 16 60 34 98 77 38 21 6 36 42 12 87 73 61 58 17 50 97 2 93 68 100 35 20 24 4 30 22 70 49 56 79 69 64 26 99 62 37 39 29 63 27 88 54 28 13 53 41 92 86 10 66
74 94 59 44 21 38 54 76 1 28 45 26 19 99 4 20 16 66 11 84 93 68 30 6 40 48 49 42 25 18 87 81 62 72 80 24 53 91 17 95 22 65 85 89 47 43 29 97 56 3 63 57 5 52 31 90 60 58 67 12 15 7 35 10 39 96 69 73 13 70 34 50 36 8 32 92 71 61 82 41 55 23 78 33 27 77 98 2 88 79 9 83 46 100 75 64 51 37 86 14
25 18 20 5 73 97 27 2 46 85 61 72 80 4 42 93 14 55 30 100 16 48 41 33 10 49 92 56 12 57 40 70 65 79 3 37 78 60 96 31 24 95 67 11 51 90 88 28 35 45 68 26 9 22 15 98 23 29 69 43 77 76 74 39 59 7 44 87 17 36 64 94 86 38 1 34 47 71 13 82 19 32 6 53 52 63 83 58 21 99 66 89 81 91 84 50 75 62 54 8
23 87 7 40 93 24 25 30 17 46 16 19 88 63 82 15 35 1 90 22 13 9 84 45 12 10 11 72 43 3 67 80 52 59 5 68 96 85 60 26 42 4 27 61 39 94 58 71 64 69 32 66 14 74 83 76 79 97 36 89 70 62 92 18 54 100 78 77 6 37 50 2 44 33 55 95 31 57 28 21 81 91 51 49 41 8 99 86 65 34 75 29 56 53 38 98 47 48 73 20
64 44 77 36 63 37 61 5 10 67 88 16 12 41 96 42 31 3 98 58 45 60 68 72 30 18 23 66 34 87 75 82 9 39 74 79 20 56 65 22 1 6 76 19 32 78 89 46 50 53 83 62 40 57 48 7 27 55 29 52 97 100 69 38 94 73 86 13 81 2 43 28 70 51 84 33 24 11 49 35 47 80 17 91 99 25 85 54 15 4 93 90 59 21 95 92 14 26 8 71
13 71 25 29 17 85 62 31 23 37 84 15 35 48 21 57 93 30 80 78 59 26 38 79 88 87 56 47 5 10 24 9 97 82 54 51 43 83 98 60 52 66 61 44 96 45 69 50 91 1 70 12 76 4 42 41 86 65 40 75 14 55 68 3 7 64 28 33 20 63 8 32 81 19 2 18 95 53 46 36 90 34 100 77 16 67 89 49 22 11 73 39 74 72 6 94 27 58 99 92
29 2 8 55 9 11 35 4 99 63 96 23 61 68 86 17 28 93 76 1 57 71 45 83 54 52 51 62 100 16 6 95 77 31 75 72 39 7 88 44 3 78 48 37 38 10 25 94 26 21 24 36 98 64 27 14 82 50 79 81 89 70 19 73 46 22 59 66 34 47 41 43 58 80 13 91 49 69 90 20 65 18 67 92 56 84 87 33 12 30 5 32 40 85 60 74 53 97 15 42
91 86 73 87 53 50 81 41 40 79 74 52 90 24 25 46 66 8 3 26 88 97 92 15 11 33 94 16 49 1 77 75 44 54 56 62 63 28 18 29 100 10 31 32 48 7 34 17 5 82 72 61 59 39 69 37 76 9 30 23 98 93 43 85 68 4 64 14 22 6 19 83 47 21 57 35 13 89 51 67 12 71 55 42 45 27 96 70 20 60 99 2 95 65 78 84 58 36 38 80
70 13 30 58 65 92 43 14 96 78 47 60 48 80 72 16 41 36 44 32 69 79 57 42 86 50 15 51 98 61 46 17 38 12 63 56 62 66 10 19 9 91 64 67 85 88 68 8 33 100 35 40 93 3 22 11 4 76 49 5 31 20 90 55 28 84 39 99 89 71 81 18 54 53 27 7 29 23 1 73 2 83 77 21 87 59 25 75 34 6 95 74 24 37 52 82 26 45 94 97
10 64 98 69 55 89 66 15 5 9 1 41 97 22 73 12 94 68 32 7 48 8 90 29 35 6 31 43 13 78 82 54 46 49 81 96 93 74 40 85 30 36 18 65 14 56 84 21 44 52 76 34 57 67 91 38 24 19 28 37 2 3 53 77 99 39 11 70 86 80 17 51 26 83 71 42 72 92 45 75 88 79 63 58 50 4 16 95 100 33 23 25 47 20 27 62 61 87 60 59
27 76 31 39 96 5 26 75 6 2 24 95 50 88 63 66 7 40 15 55 89 72 18 85 25 37 86 82 19 98 58 35 71 90 14 4 73 78 30 47 57 62 56 94 92 12 80 59 45 44 29 49 81 54 100 84 41 3 9 11 99 60 91 34 33 79 32 46 93 20 74 21 51 1 53 17 68 28 22 43 83 70 13 65 97 48 36 8 38 42 52 10 16 61 67 77 69 64 87 23
8 62 37 50 71 54 57 63 74 98 92 70 39 13 75 52 45 20 60 81 79 87 66 1 9 16 2 58 7 65 80 46 53 47 90 25 61 26 77 23 86 14 33 29 43 6 36 10 68 67 95 41 97 35 12 83 59 27 99 93 17 78 28 88 19 21 82 42 4 32 73 84 64 44 48 76 3 100 72 24 56 51 15 31 85 69 49 96 11 89 18 30 38 22 91 5 40 94 55 34
20 33 18 83 75 17 29 35 81 61 65 49 55 53 94 59 95 21 74 50 90 67 71 86 62 58 44 85 64 19 66 51 80 46 36 52 40 14 37 2 92 23 72 76 1 87 24 100 13 63 78 28 16 60 88 69 54 47 39 57 45 27 96 93 41 25 68 48 9 79 11 70 97 10 77 26 22 12 30 6 3 15 42 98 82 34 38 32 84 73 91 56 7 5 99 4 8 31 89 43
47 34 85 38 89 6 95 48 29 84 13 66 36 19 23 62 53 5 51 96 15 63 50 76 27 92 77 68 30 42 88 26 21 70 37 86 31 44 54 99 81 74 2 71 78 98 12 11 61 9 3 14 45 72 58 59 64 57 87 10 33 56 82 46 100 8 17 91 60 22 69 24 40 97 73 93 90 67 79 83 49 28 94 55 4 1 75 16 43 41 7 35 80 39 65 18 25 20 32 52
59 54 48 12 5 62 60 90 37 75 77 42 40 66 41 8 19 7 43 99 24 61 96 65 67 31 28 86 68 100 9 63 49 10 26 20 95 23 16 71 2 17 6 91 27 50 4 53 52 15 93 30 32 81 56 79 87 74 14 39 76 22 94 21 18 98 45 38 51 55 29 69 89 82 78 83 88 58 64 47 72 97 84 70 34 85 33 13 92 80 35 11 1 73 3 57 36 25 44 46
30 42 40 77 29 83 85 94 3 41 82 47 84 52 39 90 73 56 4 66 72 65 8 98 78 67 69 96 45 88 55 18 70 25 46 93 100 35 43 24 34 38 99 53 89 21 31 91 49 16 28 81 92 68 1 54 14 33 61 86 5 48 79 26 15 23 95 22 63 17 2 6 75 57 97 87 59 9 37 62 36 19 20 27 51 12 60 50 80 13 74 7 11 44 32 10 76 71 64 58
35 24 27 49 45 90 47 100 77 3 73 68 79 85 54 83 4 59 62 11 5 76 99 39 15 61 55 33 81 60 93 42 95 19 9 14 74 25 58 89 43 34 20 30 13 28 65 32 10 91 12 80 88 78 57 17 67 48 56 53 46 63 40 97 92 66 96 36 87 21 71 82 6 98 23 2 18 16 44 1 64 86 29 75 70 51 26 72 7 84 50 22 69 52 31 8 38 41 37 94
41 49 67 32 98 68 16 36 33 69 19 44 71 91 79 38 39 57 30 8 50 12 20 64 46 29 93 80 66 53 63 100 37 83 78 61 58 94 45 51 88 86 10 40 26 84 15 42 87 13 90 70 82 76 62 34 99 56 24 4 55 2 27 22 48 92 18 75 5 52 59 73 1 23 81 43 97 17 21 14 11 9 3 95 6 65 35 28 47 96 85 60 54 31 74 72 7 89 25 77
69 29 60 8 22 77 53 34 16 18 46 10 76 1 67 92 51 100 26 64 20 15 37 57 74 40 6 65 88 91 4 36 41 71 55 43 86 97 93 96 73 84 42 28 30 72 87 79 19 49 98 99 13 83 39 56 44 17 85 31 32 11 48 7 25 62 81 59 47 58 14 95 90 89 21 38 12 35 23 27 70 63 2 94 54 9 24 80 82 75 3 61 50 33 68 45 5 52 66 78
21 7 52 73 79 13 88 85 80 53 60 63 25 46 29 78 2 87 17 31 43 5 74 14 42 28 9 35 40 27 20 24 1 97 22 32 6 96 26 100 76 3 70 93 33 38 83 81 89 47 54 95 48 50 92 55 90 71 11 69 39 66 4 8 12 65 58 44 94 84 15 62 99 41 86 23 57 37 18 49 45 67 36 72 91 30 10 61 64 19 51 82 77 34 59 75 68 56 98 16
68 25 41 47 16 74 65 37 31 52 58 53 56 51 60 34 29 45 40 76 19 6 70 95 90 17 88 7 14 75 72 94 20 66 71 15 22 43 24 30 78 99 77 96 64 81 21 18 8 33 9 35 54 84 97 91 89 80 1 62 57 46 83 67 23 87 12 4 38 93 48 26 11 13 98 50 82 39 63 32 5 73 10 69 44 100 61 36 59 86 49 42 85 55 92 28 2 79 3 27
36 21 17 92 59 51 69 67 9 33 83 14 3 71 47 11 12 80 89 75 32 74 4 99 8 15 41 6 10 58 34 98 13 86 2 82 5 77 91 93 16 70 84 95 62 24 63 60 57 79 55 56 66 96 78 25 45 37 97 29 35 87 20 48 1 26 65 85 61 49 40 46 73 50 90 27 7 64 53 31 28 81 52 39 22 42 18 68 94 54 76 100 30 23 88 38 44 43 72 19
62 50 16 25 19 43 8 58 85 80 63 100 78 84 76 79 69 54 71 92 83 41 86 32 55 3 60 14 59 56 11 38 40 77 57 67 13 12 73 7 15 49 4 99 45 18 47 35 53 22 87 46 23 66 36 20 97 81 96 88 51 82 26 44 70 52 74 21 2 91 90 75 31 27 72 64 9 5 33 28 30 17 37 68 89 6 93 65 24 39 94 98 42 1 34 61 95 29 48 10
39 17 61 30 82 18 28 96 50 10 76 22 20 36 32 72 6 90 68 89 27 37 79 52 13 56 54 98 80 46 23 40 64 29 97 2 70 92 59 25 8 45 95 73 16 57 99 1 86 26 7 87 19 31 84 51 49 5 21 83 34 69 11 81 94 71 4 88 12 42 33 100 93 75 44 47 77 78 15 48 9 43 53 24 62 55 58 14 91 38 65 41 63 66 35 3 74 60 85 67
81 19 94 64 62 76 96 30 53 8 55 98 1 40 6 14 97 89 67 41 86 75 46 3 45 38 18 90 92 69 78 15 32 95 79 80 12 37 48 73 4 31 52 5 36 2 13 54 51 93 65 39 47 17 60 71 43 99 25 61 26 35 84 70 20 28 83 100 42 82 63 57 34 58 24 66 56 7 10 77 44 22 27 87 68 23 74 11 33 59 16 91 21 9 29 85 50 49 88 72
28 16 50 45 61 22 48 21 82 83 30 8 62 32 34 1 5 52 58 15 92 24 78 94 20 100 91 38 69 26 60 87 93 44 43 88 79 98 14 36 84 90 25 4 2 96 42 77 74 72 57 6 53 49 64 23 47 73 81 27 56 12 97 40 11 63 70 17 10 85 39 35 7 37 29 86 75 41 19 55 71 65 89 13 9 3 76 99 18 68 54 95 33 80 51 46 66 59 67 31
2 53 100 46 47 12 84 55 72 94 36 11 23 34 87 73 10 18 42 85 97 91 33 7 48 65 3 74 58 89 79 86 29 78 92 62 9 76 28 57 93 77 40 80 95 63 81 49 32 61 99 22 6 15 38 26 96 68 98 66 41 43 60 4 82 1 31 45 67 54 20 52 27 5 35 56 30 25 71 44 24 69 39 88 90 19 50 64 17 51 70 14 8 16 37 83 59 21 13 75
51 43 91 62 31 33 22 28 69 17 93 57 47 37 55 30 84 26 81 53 100 39 49 77 95 23 70 27 18 36 90 99 85 38 87 44 35 2 89 64 83 67 13 41 58 1 75 29 80 76 92 24 65 25 20 42 73 4 48 34 52 94 7 59 72 16 21 60 8 12 61 79 56 88 11 10 98 45 40 86 50 46 74 32 19 97 66 78 9 15 14 68 3 82 71 54 6 63 96 5
33 20 95 70 34 31 78 40 66 96 62 81 98 50 45 4 99 79 29 47 37 64 43 2 38 86 100 73 16 39 85 6 48 74 67 87 8 88 52 91 41 19 46 13 5 58 14 68 97 94 24 60 21 80 18 1 10 12 92 51 42 7 75 84 90 89 93 3 36 26 25 76 35 49 83 15 27 72 9 56 23 53 82 59 69 22 54 77 57 71 28 65 32 11 44 30 63 17 61 55
17 100 83 94 3 96 73 99 2 55 42 51 27 54 11 82 24 30 16 45 98 93 1 4 33 21 78 44 46 52 41 62 87 60 20 74 49 38 9 68 59 89 79 14 72 37 66 92 18 64 50 47 95 5 8 88 31 85 43 67 25 81 86 35 39 36 57 12 32 69 77 13 61 90 63 65 23 75 6 7 76 48 70 58 84 40 71 34 19 53 10 28 97 56 80 91 29 22 26 15
75 31 45 53 14 99 5 83 60 35 32 46 92 74 51 63 47 41 91 98 58 9 23 55 1 34 48 2 6 15 81 10 69 89 93 24 85 82 72 4 62 97 29 3 25 39 27 76 11 40 37 54 8 13 7 78 65 43 52 96 49 79 70 57 87 80 19 67 44 90 84 12 59 95 61 36 50 26 77 38 20 100 66 71 86 94 73 21 42 22 17 33 64 28 56 68 88 30 16 18
5 95 51 78 18 61 13 29 48 92 90 37 22 69 9 7 63 99 73 86 85 100 44 54 76 64 53 12 28 49 59 16 60 93 84 66 46 56 83 26 17 8 87 67 57 20 50 6 30 81 94 4 43 79 89 10 58 31 71 15 27 97 23 42 88 34 52 80 24 33 75 65 91 62 40 77 19 68 32 45 74 96 1 11 35 36 2 55 14 70 72 47 82 38 39 25 3 98 41 21
83 8 62 58 90 75 40 69 42 74 10 65 15 82 64 26 33 70 25 6 44 94 91 61 43 47 46 93 23 87 98 89 78 50 39 55 36 45 22 38 20 18 28 66 11 48 5 73 21 92 97 37 9 53 41 13 86 24 32 59 68 76 31 1 85 27 99 79 100 19 49 60 96 2 67 88 54 52 80 71 16 7 12 3 63 29 84 57 95 14 30 35 72 4 81 17 77 34 51 56
19 80 29 96 36 28 87 17 27 1 66 82 39 40 92 85 52 60 95 20 22 77 88 31 91 59 68 67 44 43 49 93 57 3 25 4 64 63 97 99 70 51 73 45 15 11 6 41 38 5 69 89 35 16 13 48 61 46 75 56 83 50 76 98 53 81 8 84 14 9 100 34 74 24 30 71 26 18 42 37 7 55 72 21 47 54 32 23 78 62 86 10 65 2 79 58 94 12 33 90
22 48 38 35 83 72 2 65 4 82 27 75 5 8 89 51 87 88 57 71 91 18 77 84 47 30 95 97 24 92 42 61 43 13 49 29 21 1 7 23 69 12 17 50 34 70 73 44 60 19 6 93 56 9 25 15 74 40 62 76 63 59 78 20 98 46 26 52 86 64 28 39 100 10 16 67 85 81 11 3 31 94 33 14 55 58 53 90 41 66 32 96 79 36 99 37 80 54 45 68
18 38 74 39 77 87 1 93 45 50 26 19 29 31 56 25 48 91 28 35 63 99 21 92 30 84 81 60 83 34 3 58 98 53 32 78 15 46 4 52 75 64 97 94 44 59 90 23 22 65 51 85 24 62 86 11 2 49 16 73 66 20 13 82 8 12 33 71 54 27 72 88 37 69 9 14 67 36 68 96 100 6 61 89 57 10 70 47 40 43 80 55 7 76 5 95 79 42 17 41
90 81 14 71 91 40 58 97 8 64 38 73 43 94 22 45 37 42 12 68 4 44 83 59 28 77 17 46 1 57 31 60 61 36 13 10 52 19 70 27 66 20 39 85 50 69 76 34 9 89 18 5 74 6 35 3 23 79 82 33 88 15 47 80 63 99 48 2 16 41 92 30 49 65 56 53 84 32 55 11 54 93 75 86 100 26 95 7 96 72 98 51 25 87 24 21 62 67 78 29
60 15 1 74 95 21 32 25 90 44 72 45 48 58 83 81 64 24 84 39 38 28 65 9 3 96 30 49 20 17 92 91 10 73 16 56 41 4 50 87 13 59 71 42 70 27 19 33 63 66 52 62 100 97 51 35 75 98 5 77 22 88 6 86 57 82 54 78 31 53 76 68 8 43 12 85 93 80 29 18 40 61 47 79 23 89 11 46 34 36 2 7 55 14 67 99 26 94 69 37
86 9 89 90 100 59 82 44 15 20 81 26 38 37 24 54 57 85 8 13 84 1 61 23 68 46 12 18 79 33 74 29 5 67 17 40 62 99 27 6 94 48 78 19 35 97 77 30 72 98 28 53 70 87 80 71 4 91 42 11 21 3 55 56 32 51 22 43 52 7 88 14 65 47 36 45 63 96 34 10 66 41 60 25 83 16 92 58 50 69 64 39 73 75 2 76 31 95 49 93
14 1 30 43 57 44 70 33 51 56 75 13 19 28 91 41 60 58 34 40 37 49 27 69 18 20 21 92 99 79 86 45 100 98 76 59 71 48 64 84 80 53 55 35 10 5 2 74 96 17 95 82 52 93 68 77 62 72 46 36 54 47 32 39 31 88 16 15 9 81 26 89 63 83 8 3 94 29 50 23 85 4 97 12 87 38 42 22 73 7 11 25 66 6 78 67 65 24 90 61
50 86 79 31 48 11 26 52 63 81 8 1 91 35 17 99 78 23 55 3 67 21 32 73 65 16 82 95 96 71 24 66 9 6 72 68 60 10 75 83 5 80 98 18 40 94 59 27 36 25 45 97 87 85 69 89 34 15 41 54 61 74 100 2 51 93 88 7 76 70 42 38 29 53 20 58 64 46 43 22 92 13 90 62 28 84 57 12 4 30 47 37 14 49 33 19 39 77 56 44
37 65 66 87 23 94 51 70 11 31 28 16 81 88 38 40 42 22 61 10 64 69 97 45 14 98 35 36 17 29 62 4 56 7 58 82 19 18 84 71 89 100 15 47 46 80 96 21 73 53 78 2 99 24 85 13 50 41 55 60 26 83 44 49 91 67 3 76 25 95 1 27 9 63 54 75 39 6 48 68 32 8 79 57 33 59 12 43 90 20 77 72 34 74 52 93 86 5 92 30
72 6 2 66 54 99 41 59 71 15 33 88 45 4 52 84 25 7 93 74 100 85 95 83 49 73 39 62 77 96 43 90 50 51 30 38 32 31 23 56 47 5 36 70 81 42 10 19 26 27 91 69 20 63 60 29 57 75 8 68 92 44 17 9 55 76 13 40 65 94 46 35 98 1 18 82 14 21 24 61 97 34 80 22 16 67 28 86 79 3 37 12 78 48 11 89 58 87 53 64
79 84 28 16 43 32 67 57 86 91 48 83 88 98 90 20 77 76 35 73 6 55 3 33 2 70 64 9 50 80 100 34 92 87 18 96 12 17 46 37 74 40 8 11 61 47 94 59 15 42 56 68 44 29 26 1 72 30 22 95 4 93 39 5 49 78 85 41 75 66 31 54 13 14 65 19 24 10 69 97 58 27 71 81 38 99 63 89 25 82 60 45 52 51 53 23 21 62 7 36
43 45 64 69 21 2 15 51 62 66 55 89 75 57 20 49 92 29 47 9 78 82 25 90 83 27 37 24 74 1 60 39 59 18 91 61 53 50 81 42 96 88 5 95 12 41 13 80 65 68 36 48 17 14 71 76 99 100 93 19 35 86 54 31 28 30 72 94 23 34 7 33 22 44 3 70 40 98 67 52 77 32 58 10 8 4 79 97 46 85 87 56 16 63 38 73 84 26 6 11
85 75 12 63 16 41 76 43 95 21 34 72 40 13 94 50 22 74 69 90 17 89 30 80 52 67 100 32 60 45 78 57 96 28 48 73 84 36 3 20 33 29 38 92 77 44 1 47 82 39 64 66 58 65 9 46 88 93 51 7 6 55 81 71 42 68 98 87 15 10 37 61 19 18 31 59 5 91 27 99 62 83 25 53 49 35 8 11 54 56 26 97 2 24 14 79 70 86 23 4
65 94 100 11 53 84 38 89 30 5 98 60 61 24 59 1 15 62 97 18 25 4 26 40 77 71 73 70 86 93 19 68 54 55 47 6 27 58 12 78 9 44 69 72 17 99 64 85 41 45 3 33 83 88 22 32 76 10 31 81 90 36 29 91 80 2 92 49 66 35 23 7 16 21 79 39 51 95 52 37 42 82 67 48 74 87 56 75 28 63 20 46 43 8 57 96 14 50 34 13
34 46 58 27 94 81 1 42 56 62 20 71 82 61 15 21 74 66 22 77 65 7 75 24 70 95 67 63 54 3 85 41 35 23 68 92 78 91 90 73 72 57 12 13 59 19 79 8 97 32 2 43 11 37 89 26 100 64 69 9 47 39 93 33 29 50 25 10 88 40 99 83 76 98 49 87 28 31 14 60 53 5 48 6 18 96 80 4 55 44 38 52 51 17 84 36 16 45 30 86
57 13 19 86 2 78 68 39 87 25 4 31 84 30 96 6 7 15 98 91 27 8 46 43 32 58 72 73 82 22 11 33 76 45 56 63 10 42 47 95 16 54 89 17 74 100 44 66 80 69 71 59 14 12 18 93 5 52 29 61 9 62 1 35 99 90 67 65 36 51 49 37 50 85 26 64 70 38 81 92 28 77 24 97 60 48 34 83 21 55 41 3 88 79 75 20 53 23 94 40
54 87 13 59 85 24 97 92 36 78 91 25 55 47 57 32 90 12 11 2 83 96 19 5 98 22 60 16 37 18 76 44 4 69 40 86 50 6 94 74 53 72 41 48 31 61 8 17 71 80 35 84 3 38 88 21 15 77 63 23 64 73 9 10 33 7 14 99 93 45 100 67 79 39 42 27 52 65 75 58 51 46 26 56 1 34 62 29 20 49 82 30 68 89 95 66 43 81 70 28
61 52 16 22 68 35 20 7 14 24 45 78 90 21 4 43 97 81 36 38 80 95 49 51 11 75 86 15 89 66 79 53 72 33 74 25 73 29 32 47 30 99 62 71 54 91 48 5 12 77 34 42 76 28 87 44 67 88 19 2 37 9 18 92 6 84 93 55 41 23 40 3 85 13 10 69 60 94 56 59 26 50 31 46 58 8 96 82 100 83 39 17 70 1 27 65 98 64 57 63
52 40 68 64 70 23 13 76 20 32 14 69 93 95 36 56 38 63 31 33 9 88 80 37 19 8 57 61 67 78 58 22 47 72 65 79 97 5 48 100 85 75 81 44 3 1 46 39 10 62 25 15 71 89 55 84 53 99 34 51 7 21 2 83 59 4 50 77 29 30 28 86 82 54 35 66 42 16 87 18 73 90 98 60 43 27 17 41 26 45 12 11 92 94 91 24 96 49 74 6
58 33 21 15 49 20 73 87 38 9 84 93 50 74 40 19 64 96 63 37 57 26 2 82 36 69 45 76 70 97 81 27 62 41 75 52 11 68 24 90 12 42 46 65 53 31 17 4 56 59 72 60 39 23 14 94 43 6 28 30 8 10 61 1 5 54 86 100 22 83 89 18 47 48 88 7 13 77 95 67 80 92 78 91 99 25 51 44 66 16 55 29 98 32 3 34 71 85 79 35
84 34 65 18 52 12 82 60 53 35 74 43 41 1 6 68 94 11 75 30 69 70 36 91 72 19 24 4 90 63 56 59 88 62 7 80 31 85 51 48 93 92 99 57 95 25 73 37 50 100 76 44 98 47 78 42 55 23 67 10 96 26 21 40 79 83 97 29 33 89 54 64 39 49 5 13 61 71 38 66 17 14 22 8 45 77 15 16 27 32 46 2 3 86 20 28 9 58 87 81
42 44 95 83 11 38 72 16 68 22 96 23 52 71 66 27 79 4 3 7 35 14 1 46 85 93 5 56 21 24 31 70 18 58 61 67 88 53 10 2 64 63 50 55 80 65 33 94 45 36 84 26 91 34 76 40 73 89 6 37 77 19 51 17 78 28 41 9 39 49 25 13 81 32 57 8 87 69 92 48 100 54 43 98 75 47 59 99 30 74 62 90 29 97 60 12 15 20 86 82
32 64 42 46 75 50 2 91 65 51 1 59 35 18 53 5 36 94 27 11 97 87 43 72 86 61 62 71 55 98 54 6 81 15 28 8 89 33 17 88 26 93 73 68 29 83 38 10 25 24 47 79 16 69 44 92 82 84 76 57 70 77 99 19 21 85 63 23 34 20 9 12 58 4 80 30 3 14 78 96 52 100 49 41 56 22 39 95 7 48 66 74 31 90 37 40 45 60 13 67
49 89 98 52 17 43 81 86 3 45 59 21 72 23 25 70 12 20 56 26 18 33 99 29 31 79 65 47 41 62 94 9 38 57 34 93 68 73 78 19 54 27 76 37 88 75 63 7 51 82 83 13 85 80 1 22 87 96 30 5 69 67 8 48 50 91 100 92 61 44 66 90 60 77 58 36 74 28 84 15 6 64 10 2 53 24 16 35 11 4 95 71 39 55 97 46 42 32 40 14
9 77 34 50 55 31 48 97 39 27 24 52 79 41 82 74 25 8 90 83 45 68 67 53 87 76 10 66 38 23 36 99 7 59 13 72 20 75 98 29 100 69 80 89 2 88 71 58 33 95 16 19 81 30 11 28 51 44 40 86 42 18 14 57 47 1 64 93 12 92 61 94 35 26 32 17 91 60 6 78 96 62 21 65 46 70 5 15 56 37 63 73 4 84 85 3 54 43 49 22
53 47 59 45 20 22 62 32 1 6 93 55 3 80 75 65 99 31 14 87 21 98 92 16 29 68 94 26 61 64 34 17 44 39 78 51 96 84 73 43 81 91 11 52 69 95 9 82 5 54 12 76 57 71 36 25 46 37 49 88 15 60 56 67 2 77 30 89 42 4 63 40 10 27 83 50 18 13 100 28 79 66 86 33 41 97 90 8 72 23 58 19 24 70 35 85 7 74 48 38
73 76 18 79 72 5 78 4 47 64 65 41 71 39 10 3 37 32 21 95 59 97 54 74 7 85 28 34 26 61 42 29 84 82 90 43 77 9 89 93 83 1 88 38 45 86 6 50 98 44 68 57 80 36 100 51 63 16 87 20 14 53 35 58 46 40 24 12 2 15 92 96 55 17 19 56 27 23 62 75 31 91 8 13 52 60 25 70 22 33 99 49 11 81 30 94 69 48 67 66
65 71 31 55 96 69 4 75 2 58 9 70 63 77 72 91 6 73 86 99 88 59 42 79 80 50 20 22 43 14 67 97 52 8 26 16 61 11 30 18 57 49 60 40 36 45 19 35 53 1 66 98 93 33 13 62 90 28 94 89 25 84 74 38 7 12 83 39 82 76 95 56 51 34 24 47 85 64 10 41 68 23 17 92 100 5 87 78 15 46 29 54 21 27 48 37 81 44 3 32
3 69 77 40 79 28 52 44 16 2 12 90 57 36 42 95 26 89 67 13 92 60 35 6 1 4 48 58 85 38 72 91 23 63 70 5 39 20 99 64 41 9 7 73 25 24 34 46 49 93 32 61 62 74 21 81 59 76 18 53 31 30 66 8 68 45 78 43 50 71 94 100 86 19 84 15 29 11 80 55 54 22 51 75 10 88 82 33 65 97 98 83 56 37 87 14 47 17 96 27
2 24 83 44 47 21 22 65 66 67 16 15 17 84 26 93 95 91 39 4 32 71 57 42 5 40 23 82 1 28 98 81 97 13 94 33 25 51 18 60 86 10 43 99 52 7 14 11 76 87 19 29 77 6 64 69 49 80 37 27 56 100 92 72 34 89 62 3 85 12 48 20 70 38 55 41 90 78 30 46 74 36 68 79 50 63 73 61 45 96 9 58 59 53 88 54 75 35 8 31
20 62 7 38 15 76 16 99 96 85 60 67 14 51 21 11 93 100 73 19 74 47 48 25 10 87 32 80 6 65 82 30 43 22 45 23 40 28 86 53 92 12 13 8 5 46 70 49 91 55 29 37 66 17 97 88 24 9 59 52 98 35 69 84 83 64 95 58 89 57 77 79 26 50 90 33 4 68 34 56 81 18 3 42 27 1 54 94 71 75 2 78 63 44 36 39 61 31 72 41
85 7 20 80 39 63 50 89 81 17 47 38 97 87 60 59 30 55 12 14 91 79 84 98 49 33 44 90 34 10 41 66 40 74 37 18 13 83 65 5 67 64 15 32 96 2 56 6 61 21 26 23 82 22 58 100 27 73 1 48 19 75 46 25 76 62 69 36 8 16 11 57 24 51 45 9 68 35 29 77 71 70 94 99 4 53 52 54 88 86 28 43 42 31 93 95 78 3 92 72
34 21 61 56 31 59 86 92 60 79 82 77 64 68 99 85 14 26 76 58 19 48 52 20 25 55 88 72 7 11 23 65 1 93 81 15 95 30 28 44 43 45 51 96 16 74 83 54 69 37 90 8 38 49 91 66 9 3 78 50 18 70 13 42 17 57 39 2 4 47 22 75 46 33 98 35 6 67 63 71 24 53 27 73 97 12 62 100 80 40 41 89 32 5 29 84 87 36 10 94
35 93 94 29 9 51 32 28 15 98 62 95 30 50 14 73 92 79 40 5 87 56 78 2 66 18 53 7 46 19 68 77 65 12 36 27 22 13 88 24 63 67 54 26 20 37 99 97 23 16 74 96 59 57 8 86 44 81 3 75 52 6 47 55 31 39 61 80 17 42 72 11 41 60 1 10 71 58 21 45 48 25 82 49 70 100 83 43 84 34 64 76 89 33 90 4 91 69 38 85
23 49 25 26 93 92 57 59 62 30 27 100 56 10 31 79 28 3 29 81 43 64 9 86 82 17 40 8 47 16 74 34 85 73 55 14 35 60 58 7 13 89 97 53 39 90 21 71 18 67 70 54 50 65 83 91 41 12 48 84 5 61 94 80 96 87 44 98 68 78 38 46 75 37 72 51 22 45 19 1 66 52 20 24 6 69 42 77 2 76 32 36 33 88 4 11 95 63 99 15
83 53 67 89 33 90 79 14 73 50 29 49 12 15 30 17 4 99 44 82 75 1 7 19 9 10 6 35 74 72 63 32 48 95 93 20 46 37 16 51 98 23 40 87 71 18 76 100 8 2 96 34 86 39 62 55 64 57 92 66 94 27 58 3 91 69 13 45 60 85 42 26 84 97 61 65 56 52 68 24 70 43 47 25 54 78 22 36 38 11 80 59 81 77 31 21 28 41 88 5
81 19 39 66 89 74 94 83 85 96 36 84 78 34 86 25 42 68 61 8 55 38 41 64 65 37 18 2 73 100 87 67 22 43 17 60 99 24 80 91 15 4 95 76 26 56 47 51 92 79 93 5 13 63 48 52 45 69 9 31 33 62 6 98 54 3 12 14 28 21 90 97 72 23 29 88 82 53 77 30 11 71 44 70 35 50 75 49 1 59 7 32 40 20 46 10 27 57 16 58
46 25 71 2 65 72 36 52 77 15 73 57 7 48 76 54 51 14 91 78 86 81 10 38 68 29 41 27 98 53 75 61 93 89 83 3 100 35 45 28 4 56 20 30 50 80 24 60 64 49 62 85 47 13 42 59 97 87 39 69 34 8 17 9 1 6 18 26 67 55 84 70 21 82 63 43 95 90 96 74 19 58 12 94 22 11 99 5 32 79 88 40 23 66 44 92 31 33 37 16
51 17 8 73 84 77 21 25 80 46 88 81 36 22 45 87 83 42 34 68 5 72 69 31 35 53 90 86 18 9 59 4 13 10 67 95 41 27 70 96 76 62 64 61 97 78 66 79 58 91 6 49 92 52 20 7 47 71 24 29 99 48 40 26 100 94 85 11 30 82 12 14 57 89 44 23 15 32 1 39 38 63 74 3 19 33 2 28 37 60 43 16 54 65 50 75 93 56 98 55
14 88 17 49 98 18 5 35 82 8 38 46 76 19 79 16 84 56 63 64 30 100 37 39 4 43 22 97 77 59 92 93 99 90 9 2 15 68 60 57 69 70 36 29 13 87 42 20 74 52 32 28 1 78 94 10 40 58 83 67 48 91 66 7 11 25 96 73 53 26 71 51 54 81 86 89 12 80 45 27 3 44 55 31 47 23 85 72 33 24 62 61 95 34 65 41 50 21 6 75
18 6 40 10 71 13 96 43 58 83 87 22 8 2 37 72 73 36 47 84 24 75 4 15 88 31 56 12 54 60 55 90 46 77 69 32 64 94 26 25 78 20 33 3 30 5 45 1 44 61 63 62 53 67 38 34 29 48 27 21 39 11 9 59 99 49 19 17 81 52 35 50 65 93 76 91 97 7 28 42 23 86 89 95 82 51 98 80 57 66 16 100 85 14 74 70 92 79 41 68
50 2 97 8 34 40 28 88 69 1 32 98 67 53 54 14 29 5 23 93 68 85 71 99 38 81 12 42 92 90 4 35 61 16 22 58 30 31 96 36 20 3 17 39 64 43 84 18 87 26 91 6 48 76 7 56 89 33 79 83 45 78 100 37 63 66 57 70 10 62 86 65 95 75 21 80 49 72 46 11 44 41 13 27 74 55 9 24 82 73 77 60 47 52 51 25 15 59 94 19
43 97 27 36 63 46 53 29 17 3 13 10 21 32 47 90 88 45 81 55 71 37 74 65 39 100 85 38 16 95 7 49 34 70 79 69 86 78 52 31 8 48 72 28 33 41 58 68 57 54 75 40 5 26 25 87 22 60 11 4 83 9 99 82 98 44 73 66 94 84 76 91 50 2 12 77 20 96 18 61 35 67 1 14 51 42 92 89 24 15 23 93 19 80 64 62 30 6 56 59
19 31 96 77 45 100 29 41 33 82 66 13 1 54 67 34 39 59 8 75 50 24 70 3 37 28 11 81 83 27 90 40 68 71 46 57 85 26 15 98 62 80 56 93 47 94 5 73 86 22 72 89 78 4 84 23 79 91 42 16 51 30 14 97 48 92 99 25 87 2 69 95 64 88 65 76 7 18 53 21 20 17 36 55 44 38 35 60 12 43 49 58 74 9 32 63 6 52 61 10
95 20 91 70 61 16 87 33 8 86 46 44 5 90 34 45 31 67 42 66 72 68 79 1 55 52 69 96 13 14 49 75 71 83 63 37 6 19 50 22 73 97 29 27 48 10 77 28 84 3 76 35 40 85 39 98 60 41 30 24 78 12 51 99 32 23 59 57 56 58 2 82 11 74 9 26 47 25 43 7 88 65 100 62 89 36 18 93 94 38 81 15 53 21 92 64 54 80 17 4
72 50 60 15 10 97 8 93 57 33 83 53 25 52 39 41 16 85 4 74 2 14 28 35 95 48 78 18 40 38 65 98 62 86 71 88 1 9 43 30 45 7 87 80 32 70 29 56 67 66 84 99 54 96 12 64 31 55 36 91 46 24 90 11 49 26 22 75 20 79 34 21 100 58 27 92 19 5 37 44 76 81 77 89 69 3 61 47 59 13 17 82 73 94 6 68 63 42 51 23
54 16 81 74 19 1 43 82 4 61 42 7 100 99 12 57 67 18 25 31 60 59 90 77 47 92 17 51 53 62 93 89 98 78 2 28 58 30 27 85 88 86 48 91 34 71 97 32 95 76 66 46 23 35 29 36 10 79 65 15 55 63 21 70 14 96 11 52 38 6 33 24 56 3 40 68 72 9 49 20 50 73 37 87 83 80 26 13 41 84 75 22 69 39 5 45 8 94 44 64
36 9 37 62 13 96 35 55 31 92 77 2 32 91 73 78 69 70 26 58 38 74 8 72 45 15 46 17 89 75 25 100 20 19 43 87 5 7 93 67 24 28 10 41 57 42 4 61 52 63 18 81 97 3 82 39 14 27 66 59 40 16 44 56 85 98 33 21 84 86 88 76 6 95 11 53 1 94 90 49 47 48 80 12 68 65 60 34 30 54 22 99 50 23 79 83 51 71 64 29
58 15 73 12 22 94 80 67 50 28 86 24 30 38 55 68 2 90 36 76 16 99 45 9 32 42 51 33 20 61 40 82 5 79 97 13 70 88 37 89 48 100 84 74 93 81 11 53 43 27 83 95 19 31 35 63 96 56 87 34 49 21 54 18 92 65 52 4 71 17 46 60 1 57 23 14 75 39 44 3 62 69 41 59 26 6 10 7 64 72 47 98 77 91 85 8 66 29 25 78
28 100 53 25 59 17 69 42 67 75 63 62 47 46 89 51 45 57 35 1 85 3 68 76 14 60 91 98 79 94 13 24 9 38 80 49 93 12 4 82 84 78 71 50 44 34 27 70 11 87 19 22 88 64 40 83 54 52 61 96 10 74 56 92 33 36 77 48 32 41 20 73 90 65 81 86 31 29 55 16 7 6 66 72 58 15 95 26 43 99 39 21 8 18 30 5 2 97 23 37
5 42 70 92 29 44 88 76 9 58 71 73 95 26 63 52 53 1 98 17 4 87 86 54 28 38 93 20 25 11 66 45 37 31 14 74 67 43 40 79 59 84 62 19 51 47 69 77 7 72 99 24 65 83 80 78 15 6 18 100 3 46 27 2 21 8 81 60 13 94 64 32 49 41 56 16 35 57 82 23 36 10 33 97 55 90 39 96 50 22 12 91 68 48 34 61 75 89 85 30
32 29 14 43 5 33 65 69 99 21 19 68 38 94 22 7 87 60 16 30 100 96 20 46 48 36 3 62 50 23 89 18 64 67 49 44 63 11 83 47 70 79 31 85 35 27 75 13 78 10 26 53 45 84 92 90 24 42 76 39 41 15 55 81 57 95 8 88 51 93 1 52 91 80 97 71 98 17 40 86 56 28 6 77 37 58 66 4 34 2 72 54 25 74 59 82 9 12 73 61
33 95 48 35 62 73 84 17 10 18 76 37 50 85 64 63 57 21 56 6 44 4 61 83 40 97 55 93 49 16 46 15 60 25 96 29 75 1 14 24 34 77 78 12 72 59 81 52 90 13 70 80 74 66 68 20 9 47 94 92 91 19 26 88 41 82 43 71 5 23 7 28 99 8 67 2 54 100 27 31 45 79 53 39 38 89 32 65 42 51 58 30 86 11 87 98 3 22 69 36
30 43 52 71 3 85 54 70 45 20 72 8 57 87 78 81 35 41 69 47 93 28 12 24 18 51 31 58 86 88 80 95 77 84 33 89 36 66 42 7 17 5 98 14 39 97 82 91 13 62 68 15 6 25 27 37 65 49 63 44 92 59 60 4 26 22 48 46 100 64 23 34 73 29 53 38 67 61 9 10 40 94 75 32 56 19 74 50 96 90 76 83 1 16 2 99 79 11 55 21
16 81 1 63 91 89 85 5 29 60 92 72 41 69 83 84 48 43 28 9 20 67 21 51 27 3 95 65 17 10 6 11 70 53 25 45 49 44 77 19 2 22 52 4 78 96 90 34 35 68 47 56 100 97 93 15 59 98 12 87 57 66 18 58 7 99 26 13 31 80 75 88 74 62 71 82 94 36 42 32 55 37 24 86 23 40 8 64 79 39 46 76 30 61 14 50 38 54 33 73
22 69 62 47 83 37 11 57 48 55 49 88 7 66 94 50 10 52 71 32 90 18 77 92 13 86 70 43 96 24 20 87 95 29 27 72 8 25 30 6 1 59 79 5 58 28 31 98 16 60 34 93 39 23 3 41 4 15 19 73 2 44 84 36 53 46 82 33 63 100 81 89 40 85 78 67 9 65 51 68 64 80 61 56 99 54 17 14 21 42 26 12 97 76 75 38 74 91 45 35
69 65 47 59 100 61 40 51 44 80 18 42 52 84 23 21 77 15 11 22 98 49 50 53 43 73 2 6 12 96 64 60 32 97 72 16 39 36 7 70 3 29 85 66 1 19 87 94 89 33 55 30 20 62 57 79 74 5 25 56 27 10 35 34 8 71 88 67 81 4 17 68 9 54 13 45 14 58 48 38 83 86 78 75 41 26 24 46 92 63 31 95 28 82 99 91 76 37 93 90
60 94 51 18 1 62 41 100 72 31 26 45 80 39 3 83 5 37 55 96 79 7 33 73 8 56 92 46 10 63 43 68 76 66 57 23 74 50 91 90 71 19 12 42 52 58 65 29 32 24 35 4 21 53 15 17 87 13 99 97 6 88 69 49 25 16 54 85 44 30 9 38 98 47 82 22 77 81 11 40 86 20 84 48 34 2 36 75 95 61 14 59 64 28 27 89 70 67 78 93
90 48 45 55 82 75 61 21 63 44 4 11 51 30 32 98 78 87 57 91 17 93 65 80 100 83 94 49 64 97 77 86 53 23 3 62 52 6 95 74 66 38 39 68 16 69 50 41 9 89 2 70 43 14 56 54 27 46 5 33 47 26 96 20 29 79 28 15 19 60 59 84 76 1 58 85 88 37 13 35 92 12 31 22 8 67 34 99 73 36 10 42 18 24 81 72 40 25 7 71
17 1 38 26 48 83 60 40 46 52 61 14 29 21 87 92 82 69 84 71 28 70 44 59 90 4 72 67 99 66 3 41 50 45 30 63 79 91 86 56 42 51 22 23 27 76 15 74 19 36 16 47 95 68 58 57 5 75 98 24 100 55 7 35 80 97 65 39 9 54 94 43 53 32 31 18 64 12 33 73 49 13 25 88 10 37 96 2 11 85 93 78 34 6 20 77 81 62 89 8
57 24 65 5 77 67 58 87 90 74 10 71 72 33 48 11 86 40 75 4 13 26 96 23 52 99 68 15 70 28 1 27 92 6 54 81 43 45 64 18 31 8 55 9 62 83 60 12 22 94 37 82 73 79 95 14 2 16 41 76 88 7 61 46 42 21 98 78 47 91 80 39 34 69 20 93 63 89 50 51 97 19 29 53 49 85 3 32 25 56 38 17 66 36 84 35 59 100 30 44
86 5 50 32 39 69 95 31 40 53 81 63 98 36 29 6 19 62 27 77 22 91 13 45 76 87 82 78 30 42 88 10 96 51 68 7 21 20 99 57 38 72 25 67 89 44 61 33 60 16 52 1 58 47 41 48 64 84 8 43 9 100 28 93 90 80 74 79 4 73 54 94 97 34 26 83 59 11 24 70 85 15 2 46 75 35 12 55 17 71 37 92 14 49 3 56 65 23 66 18
61 18 74 56 23 35 15 7 37 10 16 19 78 77 43 42 41 94 86 50 64 33 95 75 11 3 54 92 69 81 17 26 72 36 48 52 100 96 97 20 22 31 28 65 25 57 1 58 38 21 29 87 70 12 13 30 40 85 82 93 73 68 8 91 51 63 45 44 67 83 99 2 27 4 24 59 5 6 32 62 9 47 60 71 90 88 49 39 66 53 55 84 80 89 46 76 14 98 79 34
21 54 85 96 73 41 55 48 71 97 34 66 12 10 58 8 60 24 89 39 49 16 35 43 19 6 77 14 37 45 62 36 87 47 95 38 29 13 72 25 94 90 67 99 15 20 74 42 27 1 98 59 76 9 51 86 57 50 81 68 32 75 11 31 78 100 3 22 65 53 82 30 7 93 2 88 52 91 56 64 5 61 79 92 33 4 28 83 18 69 70 40 46 17 80 23 44 84 26 63
52 7 35 31 14 87 66 39 5 91 33 83 56 18 62 82 47 80 13 99 46 60 23 16 21 64 81 74 24 65 94 59 57 55 32 3 37 98 54 28 75 53 77 26 70 61 88 44 76 67 96 2 86 72 40 6 49 89 29 8 63 84 97 71 79 27 25 42 10 22 11 69 93 43 36 95 50 41 15 9 90 58 48 30 100 1 51 12 4 68 20 19 78 73 38 17 45 85 34 92
84 38 29 83 9 6 25 2 23 37 64 76 90 48 51 4 66 74 95 44 89 12 30 61 98 55 39 60 82 91 85 58 49 27 5 20 46 14 47 93 13 34 8 94 11 100 80 81 21 65 45 41 1 24 7 69 88 99 43 70 17 53 32 22 50 67 31 40 28 78 92 35 19 75 73 42 57 26 71 79 63 97 10 68 16 96 59 86 54 3 52 36 56 72 33 18 62 87 15 77
41 21 56 40 54 78 68 37 42 69 90 89 1 82 86 26 52 23 97 35 48 88 27 95 36 34 62 39 28 98 4 74 80 46 91 25 99 33 18 29 12 9 5 76 92 75 94 14 53 59 24 84 85 87 31 38 10 17 51 67 66 47 2 44 55 81 72 65 15 45 73 6 96 77 16 63 70 49 64 83 30 7 43 8 50 100 57 22 19 20 3 93 79 32 71 11 61 58 60 13
42 49 12 46 95 24 70 90 27 56 84 1 14 63 91 19 33 93 22 13 78 89 25 86 77 85 64 68 45 37 55 44 4 60 87 92 35 75 94 96 74 99 41 3 20 65 10 66 73 82 28 39 62 15 9 61 72 88 32 7 97 36 48 17 47 76 2 83 71 16 31 100 5 26 18 30 23 38 79 43 69 51 98 6 57 29 50 21 40 81 54 52 59 8 67 58 80 34 53 11
91 80 89 53 36 40 4 75 100 84 9 51 45 31 72 12 26 7 39 73 32 8 83 79 70 50 10 44 61 22 99 16 18 58 20 28 13 48 49 64 47 54 38 87 81 98 25 85 63 19 95 66 14 5 3 60 23 43 56 62 68 77 74 33 59 52 30 41 42 76 29 11 37 17 57 34 1 21 92 6 24 96 71 69 46 94 93 97 15 55 82 65 88 2 35 67 78 27 90 86
47 77 21 90 13 1 86 94 36 9 45 67 17 34 20 46 24 88 80 85 6 98 97 55 62 68 66 56 19 78 7 39 29 41 16 73 25 83 23 43 54 44 89 40 71 99 95 92 69 93 64 14 48 60 82 37 76 96 31 100 22 79 33 10 18 87 70 38 53 51 15 12 8 81 42 75 84 35 72 3 2 28 26 57 52 59 63 58 27 32 11 61 65 4 91 30 5 50 74 49
9 75 68 22 3 2 76 96 51 27 97 28 64 99 38 32 65 63 21 83 15 44 52 82 72 49 100 4 80 1 13 53 56 98 58 33 93 85 59 36 86 66 69 45 54 48 11 47 23 39 71 42 8 29 12 62 90 77 55 16 89 70 31 5 88 26 50 91 60 34 74 18 61 37 30 35 7 67 14 92 40 57 17 81 43 78 87 41 20 19 94 46 84 79 24 73 25 95 10 6
8 45 2 27 68 50 28 100 30 81 86 59 43 74 26 49 22 12 93 87 63 82 75 5 78 40 3 9 41 92 76 71 23 18 47 13 64 84 16 88 73 1 6 96 77 24 44 11 58 98 36 48 32 37 85 94 46 95 34 66 10 39 79 19 83 25 17 69 20 33 61 62 89 21 54 15 51 31 52 99 7 67 42 91 14 70 53 90 72 80 60 97 55 38 4 65 29 35 57 56
28 84 42 38 98 11 20 32 68 1 59 100 67 47 92 62 30 54 90 26 65 71 31 33 91 96 35 85 21 19 93 94 78 3 56 8 61 82 37 2 80 18 4 70 53 66 64 76 86 77 57 34 17 88 25 81 63 23 52 12 55 22 29 7 6 50 14 58 41 15 48 46 79 60 49 10 24 45 75 97 16 73 72 13 27 69 89 44 9 83 51 74 43 87 95 39 36 5 99 40
79 8 41 52 43 100 72 25 18 62 48 23 55 51 15 56 16 32 31 7 24 95 54 42 85 33 21 81 38 49 40 57 59 28 65 27 1 4 58 67 89 63 11 53 96 84 17 10 50 69 90 26 99 93 14 66 60 29 97 30 76 20 91 83 5 77 68 9 61 92 37 98 44 39 64 19 22 13 88 47 3 34 94 73 86 12 70 82 78 6 35 45 2 75 36 74 71 80 87 46
59 34 55 11 71 32 47 38 20 25 8 98 19 4 10 27 73 66 67 14 21 79 36 81 83 28 12 63 88 64 75 9 41 50 76 6 62 99 93 60 24 42 90 89 26 31 2 17 49 80 74 68 16 3 48 100 82 72 69 84 40 35 1 37 87 54 92 94 39 57 95 56 85 7 77 86 29 46 78 22 58 23 97 65 18 30 15 33 91 44 5 43 13 51 53 61 96 45 70 52
49 87 19 69 21 99 96 59 95 30 58 56 36 53 67 66 94 31 76 2 35 48 9 84 3 20 40 93 44 80 25 83 47 62 1 14 32 17 24 22 78 88 18 61 74 91 79 100 29 15 97 75 26 34 86 98 50 65 71 27 8 73 23 85 12 51 4 92 6 37 89 28 13 5 10 45 42 7 38 90 72 70 52 33 63 55 11 68 46 41 16 81 39 64 60 82 77 57 54 43
70 44 95 64 57 54 97 16 39 66 46 26 8 23 13 79 85 100 62 20 74 6 48 91 87 71 65 32 67 17 49 51 21 7 94 15 40 42 84 82 30 27 2 52 31 72 9 5 18 25 12 69 81 38 29 88 45 76 22 83 4 56 75 1 34 68 41 3 50 19 43 37 59 24 35 33 61 78 36 73 96 93 58 10 53 99 80 11 55 89 98 60 92 63 90 14 47 77 86 28
64 53 30 29 90 59 16 40 6 67 24 49 3 37 4 38 28 8 14 11 84 55 88 94 44 77 23 76 100 71 36 33 54 15 61 2 22 18 32 73 5 92 50 47 12 79 68 1 89 81 93 43 91 39 35 20 51 19 85 75 78 97 58 26 46 57 21 7 34 10 66 27 86 63 83 98 62 87 95 52 17 25 70 41 45 60 56 31 65 74 9 72 82 13 48 99 42 69 96 80
74 76 77 50 94 12 79 35 14 5 20 16 91 15 52 70 29 67 30 41 25 47 57 90 2 81 11 95 85 34 78 62 10 39 18 37 89 60 88 4 98 75 42 17 61 86 59 27 13 64 51 96 44 33 83 36 43 31 28 53 3 87 92 38 68 72 23 65 54 55 8 73 63 19 84 80 49 6 69 24 26 22 21 99 9 48 46 71 7 82 66 100 40 1 56 45 58 32 93 97
17 46 37 79 61 76 52 55 87 51 75 31 63 91 60 95 5 4 58 90 53 69 7 25 67 23 30 73 42 18 54 43 100 13 74 56 68 97 22 78 48 10 70 93 59 12 19 28 41 9 65 98 66 86 77 35 89 40 15 96 49 81 39 99 2 85 83 44 36 71 50 26 47 38 32 8 82 92 84 34 64 80 20 11 1 24 33 57 14 62 29 16 72 27 88 94 21 3 45 6
27 47 74 6 96 16 29 99 56 94 22 15 35 90 21 43 63 26 3 33 86 1 19 85 46 58 48 66 60 72 44 34 88 69 92 55 77 41 17 95 4 65 76 73 10 7 12 71 57 5 25 80 59 67 11 78 75 30 62 79 61 83 70 31 20 98 24 23 82 89 14 54 39 18 8 9 13 64 81 40 52 50 49 42 87 84 38 93 45 100 28 2 51 97 68 32 53 36 91 37
62 13 40 25 93 37 80 60 65 35 71 90 97 70 41 99 39 55 73 38 45 94 18 74 31 51 15 6 34 33 50 30 84 8 81 95 36 23 10 98 17 83 44 2 69 1 96 4 67 42 54 61 77 78 89 92 29 100 59 9 64 86 46 57 76 88 16 49 85 66 19 75 58 14 79 43 87 72 22 82 53 52 3 28 91 47 5 24 26 27 7 32 21 56 11 12 20 68 48 63
22 62 98 49 15 85 51 31 16 79 13 70 84 24 66 73 74 76 80 18 59 64 78 40 20 100 93 96 1 29 9 42 52 44 75 67 95 53 28 48 26 69 60 92 36 63 33 35 43 55 3 8 38 30 39 10 34 81 37 91 46 2 82 72 6 83 97 99 14 12 25 61 68 50 88 41 47 90 23 11 77 54 27 21 65 5 71 94 56 45 87 89 4 86 19 57 7 17 32 58
37 33 67 94 34 28 90 91 66 86 98 95 15 41 42 65 35 10 60 19 92 51 2 7 12 61 88 36 5 79 59 17 38 72 80 58 74 77 96 53 45 57 99 55 14 25 63 73 11 44 30 22 56 81 8 23 62 9 78 52 54 43 76 21 82 69 32 87 83 85 26 20 46 27 48 39 40 75 13 1 47 18 68 24 70 3 16 49 100 4 50 71 31 6 29 89 84 97 64 93
34 25 83 16 18 23 36 88 74 63 87 81 76 22 56 20 15 96 43 53 9 41 92 29 33 97 98 40 55 26 72 75 35 54 82 51 86 2 42 68 85 91 5 8 17 46 58 80 95 32 78 93 57 49 21 7 99 44 6 4 90 67 13 11 28 3 31 84 94 27 77 64 70 48 45 71 12 14 50 65 66 62 1 79 60 10 89 100 47 30 59 39 24 61 52 19 69 37 38 73
36 52 66 45 75 79 57 43 11 3 27 47 22 68 17 40 4 89 51 81 67 63 10 69 30 42 80 98 46 100 23 70 1 33 55 18 58 28 12 91 83 49 7 39 88 65 38 19 61 37 92 13 53 74 76 21 41 64 9 34 94 50 78 48 15 96 62 85 56 86 72 60 24 82 5 26 31 77 32 16 20 2 35 95 97 8 59 29 71 6 54 99 90 73 93 84 87 44 25 14
91 93 85 2 47 38 62 33 37 28 14 77 79 46 96 59 95 58 40 98 88 3 42 5 1 6 73 17 7 60 67 100 69 49 84 57 15 51 9 44 76 39 27 35 29 43 31 61 72 48 81 23 52 89 64 63 54 68 21 19 18 82 20 75 74 45 78 10 8 36 22 83 26 90 55 65 71 53 87 86 32 66 80 12 4 25 30 16 24 70 99 41 11 34 97 50 94 56 13 92
60 89 34 44 79 13 94 42 38 41 63 65 48 8 36 91 67 43 17 45 87 77 4 2 86 47 24 71 51 56 80 93 54 6 70 99 20 58 62 27 9 40 61 28 46 97 82 50 68 73 74 76 83 5 100 29 96 12 49 69 21 18 53 84 19 90 95 59 30 32 39 7 31 33 1 66 35 23 55 10 11 37 22 98 92 16 25 15 57 14 85 3 81 88 78 64 26 52 72 75
53 71 59 80 17 84 27 65 67 2 77 38 69 88 34 3 14 79 97 93 75 9 46 1 42 76 54 74 81 36 19 66 44 20 33 60 5 24 26 99 62 23 6 29 64 21 45 13 15 95 56 12 78 4 18 83 55 28 82 48 52 61 31 25 72 39 58 41 87 35 100 91 73 10 86 47 37 68 40 7 51 92 90 49 22 94 50 70 63 11 30 96 98 85 57 8 43 89 16 32
33 100 73 39 10 68 38 61 6 96 42 82 27 2 14 25 88 40 76 92 37 56 99 4 66 70 91 86 90 57 87 24 7 16 26 32 54 29 75 89 34 31 85 30 5 74 65 46 78 17 21 28 93 97 69 41 79 3 11 59 45 60 94 77 18 1 43 71 12 58 63 19 35 98 13 53 72 80 67 62 81 36 51 55 84 9 15 50 23 48 47 49 52 22 64 83 95 20 8 44
41 43 94 87 31 96 53 4 99 85 60 52 92 32 75 5 93 22 12 37 58 21 84 57 54 11 20 19 66 3 90 82 80 63 13 49 50 62 40 100 15 28 46 72 47 18 74 30 56 2 69 97 88 26 38 71 44 65 45 77 91 76 81 86 68 73 51 33 17 7 24 95 10 83 6 70 39 61 48 29 23 14 55 89 9 36 79 8 1 16 64 25 42 35 34 78 98 59 67 27
81 2 7 62 11 90 22 14 58 45 12 97 9 1 55 93 36 94 32 78 57 44 43 20 28 18 56 33 26 59 74 80 99 71 46 66 84 34 98 85 52 6 77 38 30 10 8 60 35 53 54 19 13 65 42 15 100 73 40 21 41 3 83 39 5 49 69 48 89 95 86 79 75 23 72 91 67 96 51 27 50 17 82 92 47 87 76 61 64 24 63 68 70 16 31 25 88 29 37 4
10 19 65 8 20 21 15 93 44 80 91 57 75 71 37 78 2 3 31 1 55 24 26 6 25 52 32 72 43 46 79 99 47 87 96 61 30 5 50 16 69 17 38 18 48 45 14 7 33 100 64 29 40 35 94 51 36 58 39 95 73 27 74 98 59 23 11 76 84 9 90 13 22 97 92 89 56 60 42 49 63 4 86 62 85 34 82 68 54 41 88 67 53 70 83 66 28 12 77 81
23 16 58 28 52 73 66 83 18 98 96 25 71 13 59 17 42 80 85 10 43 6 1 94 4 60 22 7 50 69 100 89 40 36 45 79 19 37 15 31 67 14 21 44 33 56 70 20 12 49 9 99 35 64 84 46 53 93 24 2 92 48 97 5 47 34 29 75 68 26 41 57 72 76 54 87 95 65 82 38 74 77 8 27 39 11 63 78 88 62 81 55 32 90 30 91 3 86 61 51
95 94 24 31 62 46 56 51 86 15 82 75 21 85 30 66 77 74 28 40 19 76 12 64 91 14 78 47 4 90 92 81 60 59 25 5 9 38 52 79 72 61 8 32 54 42 84 23 87 45 7 44 98 22 1 17 97 37 67 29 99 58 93 3 50 80 57 89 13 20 49 70 16 88 73 69 27 100 33 55 68 48 96 6 26 63 53 35 43 83 41 11 65 36 2 10 39 71 34 18
35 64 25 10 45 72 67 5 68 83 32 21 23 38 76 74 99 84 39 3 27 100 37 98 9 19 53 43 13 15 56 4 81 47 54 17 49 46 78 51 1 86 63 57 93 87 24 91 7 26 94 79 11 96 97 55 22 85 61 92 34 62 70 44 2 30 48 6 33 69 71 82 40 58 90 16 60 89 14 31 88 41 12 52 18 77 36 28 50 42 80 66 95 20 59 75 65 8 73 29
30 9 17 43 89 92 95 67 45 24 83 46 58 54 99 6 66 60 14 15 41 97 32 37 72 36 27 82 53 65 31 38 11 70 34 80 96 18 77 42 88 12 13 50 59 90 69 79 19 40 22 33 71 57 93 39 47 10 48 44 56 91 61 8 87 84 63 94 25 21 74 76 1 2 78 7 20 52 98 68 35 81 100 3 28 86 49 26 73 75 62 29 64 23 51 4 5 85 55 16
21 17 79 71 100 61 54 94 33 20 55 78 40 19 24 16 82 37 95 75 83 85 3 99 29 46 9 12 18 53 63 35 92 86 22 43 67 73 45 5 84 4 41 48 2 88 50 49 59 47 36 57 87 69 60 56 14 72 93 15 39 11 8 91 76 7 68 13 52 70 42 34 81 89 98 64 26 25 28 30 65 6 44 97 62 23 51 77 90 32 38 58 1 80 74 96 27 31 66 10
68 88 61 36 22 33 40 52 14 46 65 41 100 50 12 1 48 54 30 64 69 60 86 84 7 75 37 26 16 19 6 98 93 18 27 96 63 39 55 71 20 45 67 94 13 28 81 77 32 9 97 95 23 25 62 59 15 57 79 73 51 83 58 76 8 78 74 91 5 2 31 24 82 3 80 56 4 29 92 42 85 43 89 70 35 53 87 72 66 99 49 90 47 11 44 38 21 10 17 34
39 54 53 77 73 44 58 17 87 31 29 55 20 35 82 32 83 1 68 95 71 28 9 43 70 10 45 61 98 96 34 67 22 97 49 93 8 56 51 84 41 100 18 65 74 78 46 59 30 92 50 40 47 52 80 25 19 76 5 89 48 69 23 36 26 99 4 57 66 42 38 33 11 13 3 81 90 37 24 6 62 91 94 72 14 27 75 60 12 85 86 15 7 2 79 21 16 63 88 64
90 18 64 86 33 20 85 34 50 8 38 13 84 26 53 72 97 41 58 55 30 75 66 73 10 69 68 92 25 14 98 46 37 62 43 88 70 23 4 6 96 36 12 27 15 71 29 82 16 3 95 47 45 76 44 87 1 19 31 54 35 78 79 9 51 22 39 83 24 81 28 40 99 74 11 67 91 17 100 59 48 94 60 65 63 57 52 7 42 49 2 56 80 77 32 5 93 21 89 61
59 38 96 35 5 80 21 2 30 78 36 43 32 57 89 87 90 56 29 84 72 91 8 19 100 98 95 24 54 18 11 40 48 27 28 69 41 10 83 68 66 3 71 49 45 47 77 53 74 15 62 81 6 13 88 42 67 4 1 50 7 16 60 73 79 12 99 26 51 52 34 94 9 44 31 23 75 86 46 20 70 39 37 25 82 85 93 14 17 61 65 22 97 76 92 63 58 64 33 55
5 20 39 63 65 17 41 86 40 74 1 10 50 61 79 34 7 15 21 82 93 81 69 14 37 73 46 16 64 27 58 90 18 25 32 89 11 97 60 2 3 48 28 13 57 38 94 70 9 42 72 49 100 62 87 44 31 30 83 23 19 56 92 55 78 91 33 88 6 47 35 96 29 67 12 59 54 98 53 75 45 71 66 68 99 4 22 43 95 76 77 51 8 52 80 85 84 24 26 36
52 65 48 70 85 31 35 21 5 60 73 24 81 94 54 57 92 36 62 2 68 99 67 72 55 27 18 42 41 63 66 45 95 14 71 6 88 77 90 87 10 56 79 16 43 37 76 4 8 22 75 82 97 9 78 34 3 69 96 61 25 93 1 59 83 89 86 12 100 40 80 50 51 53 19 17 98 39 30 64 28 46 13 58 74 33 11 23 84 44 32 7 29 91 38 20 47 26 15 49
58 5 13 74 2 94 61 92 36 32 26 22 25 63 78 90 69 57 67 76 18 93 20 42 85 15 55 35 89 43 82 60 21 66 40 45 12 83 54 30 31 7 88 80 86 11 4 47 98 52 87 53 73 72 71 28 65 48 3 39 77 24 91 56 96 16 50 79 38 6 17 51 84 95 29 27 34 41 44 46 100 10 75 8 1 97 99 64 14 59 9 37 33 49 68 70 62 81 23 19
46 52 21 47 72 18 73 28 57 75 88 7 19 87 45 85 10 29 71 14 16 61 54 38 62 48 31 70 80 11 64 63 4 41 39 86 79 53 43 83 8 67 78 74 95 34 56 76 84 13 25 15 50 36 99 90 24 100 92 20 33 35 32 40 42 82 26 60 65 93 1 89 5 51 30 58 97 91 9 66 55 69 6 94 49 59 12 96 2 68 37 98 23 17 27 81 44 22 3 77
75 31 91 12 19 89 87 1 48 30 66 84 76 98 47 70 45 99 15 44 50 26 28 3 40 22 82 20 92 72 42 95 77 60 5 68 10 74 27 4 43 18 2 71 34 58 21 39 25 94 90 35 24 16 57 64 59 13 63 86 6 8 29 49 11 62 17 100 54 73 88 97 55 65 61 36 93 69 37 51 83 53 67 32 52 80 9 46 96 81 23 33 38 14 85 41 7 79 78 56
3 76 20 5 94 51 88 29 8 33 34 53 35 80 90 45 84 11 55 100 13 89 95 25 83 43 92 37 77 9 68 49 72 50 93 24 6 4 65 47 57 64 10 12 40 44 75 32 96 60 71 30 52 66 15 1 73 17 46 62 27 39 2 67 70 36 54 22 16 86 23 26 97 14 82 38 85 58 56 61 19 79 63 48 87 42 28 41 18 7 31 21 59 81 99 98 69 91 74 78
43 86 16 83 1 76 50 57 10 55 93 73 5 95 11 7 12 45 35 18 97 49 91 33 19 53 17 22 79 87 81 65 59 29 48 38 37 84 14 64 70 54 25 42 69 39 99 56 92 61 24 46 66 31 20 13 9 23 41 68 98 47 75 34 80 63 30 78 32 62 2 6 27 8 58 51 15 71 96 74 44 26 21 60 89 40 90 36 28 4 94 82 3 100 88 72 77 67 85 52
72 47 100 73 16 97 32 39 69 17 10 62 61 18 31 56 41 20 11 50 60 33 68 7 43 29 51 90 19 91 2 44 46 95 67 82 85 92 94 24 64 78 22 26 1 96 27 58 45 5 93 89 76 71 36 52 49 40 99 8 57 86 48 4 30 79 21 25 23 66 12 3 70 80 53 14 28 81 88 9 38 83 42 59 55 15 84 13 37 63 75 65 77 74 6 34 87 54 98 35
20 6 60 89 84 77 78 70 1 61 49 37 69 74 40 14 31 62 90 47 2 65 44 9 45 38 5 34 83 81 86 68 41 46 72 59 75 7 91 16 42 88 98 30 80 94 48 51 64 25 96 24 19 28 58 11 99 50 27 36 63 12 4 71 29 66 67 43 76 82 15 56 95 18 23 13 3 57 10 35 97 55 52 87 100 54 26 21 22 53 93 73 85 32 39 17 79 33 92 8
25 95 71 69 63 22 8 44 56 18 61 99 30 47 73 68 53 81 16 85 80 48 45 90 2 37 77 27 20 28 65 6 49 58 79 14 78 17 89 60 59 66 55 41 35 84 36 98 97 10 29 4 82 24 67 91 76 5 52 43 15 87 13 19 88 64 93 46 75 7 92 38 100 57 40 3 94 12 1 39 31 32 72 21 86 51 70 83 33 34 26 74 50 9 11 62 96 42 54 23
84 48 81 58 29 41 5 85 27 82 18 45 17 13 25 62 57 24 3 11 6 16 61 75 21 64 28 30 47 10 46 15 100 73 14 4 68 99 70 38 53 20 89 91 88 66 42 1 90 65 32 37 59 79 92 54 74 80 69 93 31 44 96 35 55 94 12 67 2 49 33 7 34 23 71 22 77 9 52 83 76 63 36 39 51 50 56 97 26 19 43 72 78 8 87 95 40 98 60 86
57 42 62 66 55 6 81 7 31 97 92 8 14 4 3 82 19 21 27 96 35 1 77 95 74 17 69 51 10 33 89 91 88 90 78 87 43 85 72 23 71 83 39 47 26 41 34 94 52 32 98 54 20 86 22 79 61 60 12 70 2 73 40 93 53 28 65 58 13 63 76 18 64 36 67 50 68 16 15 45 49 44 29 56 37 38 24 80 9 100 5 99 25 48 75 46 59 84 30 11
16 13 35 92 91 21 76 48 63 10 19 88 57 68 43 54 78 59 93 58 84 69 71 85 87 79 81 2 73 75 24 9 52 67 97 56 27 42 64 7 94 80 4 95 29 99 83 100 51 44 3 62 32 15 31 89 1 96 25 33 37 74 20 17 34 8 72 55 14 90 66 86 41 38 36 82 18 26 45 23 5 65 61 11 46 6 98 47 30 22 70 12 28 39 50 77 53 60 49 40
61 1 27 15 77 43 55 37 51 22 64 68 82 31 62 46 60 4 89 19 21 96 33 16 35 92 45 8 23 88 54 26 84 13 57 74 39 6 80 78 81 34 69 66 32 95 9 7 91 40 99 59 85 50 86 14 3 29 97 52 83 70 76 20 48 44 42 98 87 100 94 67 49 10 24 93 63 36 72 71 30 90 47 75 53 65 17 58 56 73 12 11 2 28 5 18 25 41 79 38
54 80 2 16 59 62 69 63 72 92 28 66 23 48 64 8 51 70 13 77 88 39 83 86 76 65 44 15 12 100 41 22 61 10 3 78 31 58 97 99 33 89 73 93 14 20 71 21 5 45 37 87 40 17 27 84 4 49 36 57 32 68 56 18 1 46 96 38 25 79 75 90 60 29 81 85 74 11 43 47 9 19 53 91 50 26 34 95 7 55 35 98 24 82 52 30 42 6 94 67
42 81 1 56 21 99 4 82 16 66 58 69 93 77 39 19 47 73 86 89 25 37 31 40 52 85 72 62 7 61 43 94 23 83 9 44 88 60 3 96 92 59 29 76 45 98 2 34 38 100 57 6 54 87 41 26 50 55 8 5 70 67 78 97 12 27 13 15 30 84 64 65 24 49 18 63 14 28 11 32 71 20 17 33 68 22 95 75 46 51 10 35 74 79 91 36 80 48 53 90
86 87 50 26 54 83 60 69 71 1 47 19 79 88 57 38 45 93 23 39 64 67 52 6 13 31 94 58 96 95 25 74 43 53 63 99 11 51 7 22 2 97 81 28 77 59 44 17 65 48 12 68 62 85 91 32 75 9 98 10 76 61 33 42 46 40 8 29 41 80 82 30 89 27 84 18 5 35 49 70 92 15 78 14 16 37 73 34 72 36 55 3 4 66 56 24 20 100 90 21
50 93 89 78 83 23 43 87 82 91 29 71 72 70 99 3 94 42 75 26 58 47 41 80 67 21 62 46 37 98 17 61 9 55 69 31 100 35 40 18 22 44 7 52 10 24 1 92 27 49 45 60 65 34 88 48 96 95 85 4 14 84 86 81 90 97 28 11 12 64 73 2 6 19 76 77 59 32 38 56 36 5 33 53 54 30 57 39 25 13 66 16 79 63 20 68 8 74 51 15
83 24 29 53 82 54 25 59 46 6 74 93 78 1 48 51 52 91 61 38 87 98 96 35 3 10 67 39 49 66 77 36 71 12 95 58 32 14 30 43 47 62 70 57 31 86 17 85 60 33 55 5 13 88 21 76 40 15 56 11 69 18 28 80 100 92 73 42 22 44 81 68 8 63 97 16 64 94 27 90 45 9 79 99 75 84 2 65 34 20 7 19 89 4 37 23 26 50 41 72
69 15 68 87 75 59 47 41 23 84 72 2 80 57 9 43 64 7 81 45 86 8 13 61 44 4 85 65 40 62 60 39 50 51 36 18 29 98 48 67 63 38 76 35 12 91 5 54 22 89 28 66 78 93 95 94 53 77 42 97 17 79 55 82 99 71 88 70 56 19 20 32 16 24 21 83 52 31 90 58 73 96 26 30 34 1 10 33 100 27 14 25 11 37 46 92 74 49 3 6
32 16 41 29 93 13 48 36 95 37 62 42 67 52 22 99 10 23 25 83 28 18 65 82 14 55 57 49 24 17 87 100 34 38 91 15 53 26 45 88 1 5 50 61 92 80 97 68 98 79 51 39 3 12 56 66 63 89 75 30 7 59 11 46 20 4 70 73 8 58 69 43 74 85 9 76 19 21 64 78 6 47 31 77 33 86 96 90 27 40 60 54 84 72 81 35 2 94 44 71
70 33 47 30 18 1 96 76 42 21 4 10 48 66 29 81 87 85 26 22 49 79 97 55 78 8 24 60 17 92 23 83 56 43 7 51 71 28 59 27 54 93 11 5 38 61 15 13 63 37 35 14 45 68 69 57 67 91 34 31 100 20 39 88 6 65 64 9 44 12 40 52 19 90 77 2 50 98 62 99 72 58 84 46 41 89 74 32 82 80 16 95 73 75 53 3 36 25 86 94
47 34 31 59 45 74 52 32 73 44 55 63 95 61 21 92 99 87 84 1 22 51 50 69 18 83 93 78 88 64 94 27 20 82 37 57 67 12 26 53 3 70 72 29 81 48 90 42 7 36 65 85 16 60 11 49 62 33 30 9 66 6 100 58 25 2 14 77 39 17 46 28 13 5 35 68 98 10 75 15 80 23 97 41 4 19 8 89 91 71 76 96 56 38 24 79 54 86 40 43
18 50 28 79 53 61 2 96 3 86 84 73 63 10 94 26 57 52 22 40 9 12 80 45 11 93 39 97 74 16 20 59 64 31 1 49 58 66 88 25 38 8 90 85 62 72 87 5 44 19 91 99 14 83 35 30 60 24 81 76 68 75 7 92 17 95 82 69 36 78 77 54 47 48 32 23 70 6 34 37 42 13 15 71 43 67 33 100 4 89 46 29 21 55 65 98 51 27 56 41
65 84 8 25 90 87 72 89 39 51 1 44 47 82 91 95 12 63 57 73 85 5 75 79 49 98 64 34 100 37 3 30 32 15 94 92 52 88 24 93 4 42 62 17 96 19 80 74 16 59 69 40 60 53 77 6 55 43 14 61 97 36 26 22 28 23 41 2 50 27 48 13 68 33 10 7 9 45 78 21 56 70 71 81 58 29 83 86 38 46 20 67 54 18 35 76 66 11 99 31
19 97 42 28 61 32 11 90 81 5 9 25 75 53 83 20 4 3 47 17 65 94 88 59 46 68 30 14 82 34 76 18 98 77 2 67 86 96 58 36 74 45 80 49 50 57 95 8 78 62 63 23 56 13 1 40 29 44 15 84 48 27 35 99 33 54 100 21 6 10 89 39 37 41 26 87 93 7 71 43 79 12 24 31 38 16 66 22 92 69 52 55 72 51 60 73 91 64 70 85
9 25 97 52 68 75 65 1 17 50 81 56 27 24 58 40 31 99 12 98 53 71 79 92 8 23 20 86 44 80 11 70 5 7 47 16 21 63 18 73 67 77 15 48 64 2 61 37 45 69 78 49 26 38 85 62 36 74 6 66 89 3 46 33 57 76 22 4 51 83 54 14 59 88 42 35 34 72 87 41 90 100 43 28 91 96 60 55 94 30 39 32 19 13 84 10 29 95 93 82
28 8 14 11 17 81 56 67 65 62 33 52 92 51 6 12 38 76 73 91 89 72 86 39 48 50 37 7 21 49 59 93 96 45 30 66 46 2 47 74 10 19 31 99 71 27 25 18 29 55 34 57 1 78 80 35 22 64 32 69 40 97 53 70 98 68 77 36 63 41 9 75 26 3 83 95 20 23 84 79 54 61 58 42 90 24 85 44 15 60 82 100 16 87 4 94 43 5 88 13
49 46 51 50 36 38 62 4 96 64 59 57 3 35 24 27 6 32 44 5 17 82 7 54 98 73 90 61 28 1 72 58 85 78 65 60 20 10 12 29 76 9 40 87 89 31 66 81 80 53 52 41 93 47 55 25 79 71 21 19 8 43 99 83 94 100 18 39 34 15 26 88 91 13 2 67 75 92 23 77 48 97 74 22 70 69 42 11 45 86 95 37 63 84 33 56 14 68 16 30
8 21 19 90 79 80 27 99 20 58 12 14 22 60 15 83 65 1 29 33 91 55 76 4 47 52 66 38 67 94 85 87 69 28 70 61 37 43 75 98 78 10 36 68 44 5 6 35 11 95 26 42 74 63 18 100 51 84 62 88 96 77 17 86 7 81 92 93 31 32 59 73 53 50 64 9 56 57 40 97 23 54 48 2 45 25 30 24 41 82 72 49 39 89 71 34 16 3 13 46
61 62 45 38 20 5 67 57 4 81 14 21 64 71 37 79 35 26 40 3 24 95 49 91 36 75 70 80 42 93 50 77 1 84 76 2 8 41 73 44 88 72 13 96 17 7 60 97 18 54 30 89 43 33 99 34 100 31 22 56 9 82 47 55 63 85 83 92 52 51 25 27 58 98 86 15 87 29 69 48 28 66 68 12 10 23 16 94 19 74 11 39 46 53 90 65 78 32 6 59
14 71 56 6 34 96 16 75 90 67 30 43 1 8 32 59 48 66 69 10 45 68 18 15 82 46 60 44 70 26 79 53 78 74 87 52 77 13 9 91 31 63 42 2 97 100 47 19 36 39 7 37 5 29 76 23 89 58 3 24 57 81 84 85 41 21 25 40 17 54 50 20 61 80 88 64 28 95 49 92 11 35 86 73 27 99 38 12 65 72 22 83 51 33 93 4 98 62 55 94
2 53 38 55 96 78 61 35 100 94 48 89 39 15 4 49 79 57 8 41 59 88 27 74 12 99 31 16 30 97 9 40 76 33 26 72 62 25 95 51 20 75 6 18 46 83 73 44 68 64 92 82 70 3 84 7 43 47 71 29 52 22 23 80 85 1 98 45 67 91 19 69 86 60 56 81 37 5 13 24 58 50 77 10 65 11 32 93 63 90 17 36 66 21 14 54 28 34 87 42
23 75 31 94 11 67 40 58 80 25 63 46 71 91 87 4 53 5 34 93 79 3 35 57 38 37 73 76 99 60 62 54 97 72 92 95 49 33 32 28 52 65 48 89 70 12 68 30 8 26 47 1 77 39 14 55 45 81 59 27 42 15 9 21 19 6 85 17 83 36 22 84 96 82 20 51 90 13 43 86 100 10 2 24 44 88 61 16 78 56 98 41 18 64 29 74 50 69 7 66
54 44 52 96 73 84 51 88 53 9 77 60 91 22 26 63 86 31 98 90 75 74 4 24 39 36 32 18 38 71 19 10 29 6 13 79 97 48 23 20 16 3 33 8 80 1 59 66 58 93 21 2 95 14 64 89 34 68 43 83 5 50 82 25 15 72 99 42 100 76 7 40 85 81 11 56 12 46 62 49 55 27 41 69 57 78 35 70 47 45 37 92 30 65 67 17 94 87 61 28
50 100 89 8 59 2 97 93 85 27 75 55 98 34 63 65 5 58 51 37 15 77 36 20 88 11 49 35 45 42 90 41 87 54 18 32 30 91 22 95 43 86 21 72 61 70 79 28 74 17 76 56 53 84 83 64 47 12 9 96 4 48 69 73 80 7 16 67 94 33 14 46 40 62 6 82 26 38 29 44 31 52 25 13 23 3 92 57 1 39 99 60 81 24 19 66 71 10 78 68
79 77 50 32 10 16 86 28 9 96 73 83 15 46 92 42 41 68 89 35 55 21 8 53 90 34 23 24 6 45 67 29 65 69 33 63 1 36 84 71 59 40 61 80 25 81 19 14 13 76 64 75 17 30 100 60 31 27 11 87 47 2 94 3 82 99 78 43 66 26 72 62 44 39 49 85 91 37 95 52 5 18 70 88 56 12 74 4 57 54 51 22 7 97 48 20 38 58 98 93
85 69 70 73 100 46 94 97 15 35 76 77 56 90 52 50 7 18 36 32 38 99 19 29 20 87 55 26 51 24 89 62 13 93 68 8 10 44 16 82 5 39 27 67 78 45 34 11 23 81 37 12 88 57 48 28 41 75 66 79 21 60 74 2 31 71 58 9 84 92 61 83 98 17 65 30 42 86 64 22 53 43 3 49 6 47 25 80 59 96 91 40 14 1 95 72 63 54 33 4
17 29 47 18 15 72 68 39 66 69 13 70 97 99 82 91 14 88 60 53 37 41 26 77 33 48 40 63 16 3 75 32 62 49 83 45 85 34 96 100 8 92 44 73 36 21 58 61 64 24 56 35 9 23 51 38 5 10 94 89 54 11 19 84 59 65 2 57 42 71 86 12 93 76 1 50 27 78 22 7 52 4 20 79 28 87 46 31 55 43 30 90 98 6 80 25 95 67 74 81
3 49 97 40 43 12 73 5 47 45 60 15 36 54 66 25 30 85 56 8 63 64 74 1 86 59 41 51 13 79 44 33 50 20 90 82 96 24 10 57 69 22 99 39 16 75 27 23 67 77 81 70 83 4 68 46 72 87 28 48 37 100 93 17 91 88 19 55 53 9 29 95 76 7 98 42 94 18 38 34 32 65 61 71 26 80 62 2 21 6 31 58 52 11 78 84 92 35 89 14
62 19 61 10 95 90 66 33 11 28 42 59 45 39 51 73 94 20 91 4 92 63 30 64 5 58 2 8 1 22 78 99 38 89 84 55 12 37 93 48 41 27 52 9 53 50 71 80 65 72 68 29 44 25 57 88 46 56 40 75 31 76 60 49 74 69 23 77 85 35 100 21 79 67 13 26 54 87 32 16 47 83 98 6 18 34 3 7 24 70 86 14 43 82 36 96 15 81 17 97
13 45 12 44 54 73 57 60 82 41 91 51 8 33 96 93 39 59 71 66 74 70 48 23 31 100 15 27 37 56 80 16 53 19 17 29 43 50 49 52 30 6 89 14 20 79 83 85 86 63 2 81 38 67 9 94 90 42 78 95 98 10 61 26 18 34 69 4 5 22 84 24 46 21 3 92 62 75 72 36 88 7 1 55 99 35 11 64 40 97 87 47 68 28 65 32 76 77 25 58
43 64 100 35 9 68 70 61 38 80 96 7 21 32 60 41 16 40 44 87 67 94 3 51 77 33 22 66 98 78 34 75 71 39 58 73 19 46 62 79 24 69 8 55 48 90 42 52 12 2 65 26 92 85 93 54 14 6 1 91 99 53 18 76 49 28 81 88 47 37 95 89 56 83 31 36 4 25 10 11 20 5 17 72 84 50 59 82 23 74 29 97 13 86 30 63 45 57 15 27
30 88 14 74 22 100 82 52 29 3 87 13 9 41 72 5 85 45 76 81 44 7 99 98 1 77 65 32 46 97 93 43 35 79 56 59 40 75 60 84 48 51 71 53 57 25 12 73 69 67 83 54 11 26 42 37 64 28 39 21 18 16 6 4 92 96 24 38 15 95 63 91 31 89 8 17 47 49 36 10 66 62 33 27 19 70 80 68 20 61 58 2 90 94 50 78 86 23 34 55
10 7 41 64 5 35 22 85 2 56 83 37 43 36 38 78 69 12 63 92 100 61 84 80 25 76 95 67 89 57 1 98 68 87 45 93 15 29 17 42 94 53 18 70 58 34 96 50 59 91 9 46 86 31 62 21 88 99 55 23 6 26 44 75 72 97 11 13 28 20 24 19 90 47 16 27 39 52 77 73 51 48 74 3 82 60 49 8 71 79 65 66 40 4 14 81 30 33 54 32
72 80 18 45 77 17 28 51 58 31 65 22 90 38 76 83 82 37 62 20 32 4 78 5 30 6 21 93 85 23 40 66 10 44 16 88 95 1 42 19 84 29 67 92 13 56 64 27 97 47 63 69 98 49 71 59 15 57 48 12 25 7 26 34 68 94 14 2 60 89 11 3 39 54 41 86 24 91 50 96 36 55 8 46 35 100 99 61 79 33 43 81 53 87 74 70 9 52 73 75
27 18 8 86 91 20 29 42 96 60 24 41 58 84 14 16 15 22 47 74 90 9 61 81 95 19 48 68 59 36 6 67 43 98 75 69 35 78 55 31 100 23 46 45 5 83 13 71 21 3 93 76 57 52 39 87 54 88 65 50 56 30 4 40 32 12 51 73 33 34 99 11 63 53 44 66 85 77 79 1 97 28 10 25 92 2 17 26 82 89 49 7 64 72 37 62 70 94 38 80
9 54 7 39 47 63 1 25 86 61 97 38 12 23 42 4 90 67 32 99 5 24 2 3 27 49 11 30 44 46 65 51 96 82 28 20 84 62 77 6 26 100 17 40 43 88 36 33 72 73 74 13 48 50 60 91 19 16 45 53 78 66 83 8 87 89 59 21 68 80 94 76 10 58 79 69 29 14 55 64 35 81 31 98 70 57 95 15 37 71 93 52 92 56 34 85 75 22 41 18
65 97 66 22 14 33 90 87 99 53 86 72 88 98 59 57 93 62 26 30 41 100 54 85 47 96 91 19 69 38 56 42 9 8 67 81 63 20 28 89 17 79 84 4 74 43 48 29 50 21 16 15 6 64 25 32 2 76 24 73 35 46 1 7 55 49 45 78 61 52 34 82 11 51 27 77 13 68 75 40 70 39 37 95 83 58 5 44 94 80 18 71 31 23 92 36 3 12 60 10
84 31 62 80 55 92 53 86 71 24 36 78 38 50 75 45 26 100 39 6 72 47 42 59 44 60 35 85 58 29 82 83 7 23 25 43 41 11 52 90 66 1 20 13 27 37 15 46 56 87 91 33 73 76 40 98 65 3 49 93 22 9 96 77 5 30 28 70 10 4 12 79 57 74 48 19 67 64 21 97 2 8 51 14 54 89 34 99 32 16 88 68 69 18 81 95 61 17 94 63
51 17 68 2 72 31 79 38 60 78 22 24 40 80 34 82 47 29 42 86 16 93 46 4 7 20 56 65 73 18 64 62 61 3 63 13 36 76 98 5 53 49 41 74 11 10 33 12 25 92 96 95 99 14 87 52 23 37 19 67 77 55 58 1 8 45 83 15 89 30 9 54 75 85 97 70 84 100 90 71 26 6 35 59 50 94 39 32 28 48 66 43 88 27 57 21 81 91 69 44
20 89 48 47 52 40 84 91 95 32 16 76 41 66 36 6 24 90 17 64 18 56 37 54 65 70 86 62 61 5 98 34 97 31 49 25 9 73 80 74 75 4 63 71 3 28 77 10 30 82 35 53 23 96 78 13 57 46 51 43 83 69 33 93 14 92 8 100 81 85 39 60 7 50 26 45 15 12 19 58 38 44 27 2 22 55 79 29 11 99 94 59 1 21 87 68 88 42 67 72
47 9 91 77 84 79 50 34 42 17 49 90 55 30 45 21 25 54 31 7 71 68 23 83 18 53 88 70 81 94 74 65 48 22 69 27 75 85 43 87 72 28 95 16 39 78 99 97 5 98 52 59 35 62 20 56 82 44 67 100 73 63 76 10 12 3 32 58 24 57 15 61 1 2 92 89 40 36 46 29 86 64 13 33 41 37 93 60 80 11 26 51 14 66 4 19 6 8 96 38
68 33 13 89 23 24 35 41 6 46 74 39 47 19 30 1 88 79 3 71 93 37 70 43 10 18 82 22 49 62 4 12 32 86 81 87 25 17 99 83 42 57 64 50 97 7 29 20 91 9 55 84 8 28 94 51 44 98 61 16 45 2 40 11 78 66 48 69 54 76 90 14 21 95 67 38 60 53 52 65 63 15 77 31 58 59 26 72 92 96 75 56 34 100 27 5 80 36 85 73
21 91 71 12 63 89 78 83 45 79 28 65 29 94 13 26 84 14 81 31 69 6 92 2 48 56 27 37 80 66 100 24 11 77 95 86 99 82 54 44 9 7 60 32 30 18 88 53 10 61 19 93 70 36 38 22 49 97 87 20 3 8 64 42 46 39 73 52 16 55 1 33 50 5 90 59 35 67 98 74 62 25 68 57 4 85 96 34 17 72 76 15 47 75 51 41 58 43 23 40
42 43 55 46 18 50 20 82 81 63 47 23 61 26 78 54 95 84 67 4 80 28 41 99 100 40 94 49 64 92 31 45 5 16 96 7 79 27 65 38 34 90 77 19 72 11 44 74 33 1 12 30 91 6 8 17 24 93 85 51 88 35 48 97 25 2 86 98 68 21 14 57 22 37 9 39 3 60 87 70 83 71 58 52 62 10 76 13 15 69 59 73 89 32 53 75 36 56 66 29
70 50 42 96 83 44 36 43 40 20 90 53 88 85 56 87 67 69 61 75 27 65 1 82 55 38 28 2 66 3 86 35 76 74 7 33 6 18 78 4 57 80 98 94 52 46 11 14 51 68 25 48 21 71 13 79 62 95 9 31 15 91 81 72 34 16 64 60 32 49 54 100 73 63 45 93 97 17 37 47 77 41 22 99 39 8 10 23 19 30 12 84 29 89 59 58 26 24 92 5
52 69 30 43 85 28 13 76 3 98 62 75 100 70 73 81 19 42 4 92 57 18 25 29 88 15 51 40 55 24 9 58 20 79 74 31 22 56 83 47 86 91 78 44 1 59 5 49 61 27 66 34 87 68 36 14 97 80 37 8 32 93 39 67 6 95 82 12 38 45 7 94 72 65 63 53 71 90 11 21 96 46 26 77 60 48 2 89 41 84 23 17 33 16 64 99 54 50 10 35
57 62 60 31 39 11 96 59 37 75 27 84 52 2 41 34 36 56 30 99 20 89 67 24 14 22 78 12 25 26 49 77 64 69 91 17 70 66 51 18 13 48 10 81 50 76 87 6 15 80 3 28 47 72 29 83 61 68 93 7 19 94 86 98 21 40 44 92 65 82 88 32 35 97 55 58 95 9 71 46 85 53 100 42 1 54 73 43 4 90 5 33 23 63 38 8 74 79 45 16
29 20 16 50 68 41 47 37 4 52 45 62 48 82 31 40 51 11 75 13 19 38 10 1 87 17 85 56 54 95 94 46 57 15 61 6 5 9 89 30 64 78 55 27 86 2 24 44 60 59 76 79 58 81 67 26 73 100 66 77 34 97 7 39 33 90 70 25 88 92 43 35 99 49 53 18 23 69 96 32 71 93 3 22 14 63 84 65 12 36 80 28 8 74 83 91 42 98 72 21
64 19 2 49 16 18 15 17 77 10 82 1 56 87 55 25 66 96 43 3 98 91 97 23 42 51 46 20 60 61 54 59 69 7 36 5 32 14 50 26 74 99 73 65 93 72 45 94 84 13 21 4 86 22 12 81 88 47 24 39 90 58 75 48 100 78 67 11 29 44 89 34 79 41 80 63 9 71 27 83 68 92 6 30 33 40 57 35 95 53 28 76 70 8 85 38 62 31 37 52
35 38 25 87 13 54 5 2 31 9 32 100 7 63 17 79 60 10 58 95 50 71 57 72 28 43 18 90 96 91 36 70 84 73 68 80 93 23 59 85 83 61 4 92 40 94 75 41 52 3 30 22 74 16 44 1 47 48 29 62 27 21 11 56 99 67 42 46 82 53 19 86 89 34 76 65 51 81 15 55 49 69 97 88 8 6 98 33 64 24 77 78 66 20 39 12 14 45 26 37
39 47 81 59 1 68 32 16 9 74 88 8 80 99 67 62 77 70 84 15 43 72 90 92 4 29 98 42 21 79 41 17 52 25 93 96 13 45 27 24 2 12 40 5 34 95 97 60 76 48 7 87 100 35 31 11 23 91 14 36 51 86 78 20 85 82 65 22 44 73 49 6 58 19 61 3 50 94 53 30 69 26 55 10 75 33 28 83 18 56 64 89 54 38 46 37 66 63 57 71
53 21 40 35 2 94 95 92 51 55 8 11 75 74 10 42 87 80 68 90 49 33 66 15 3 27 100 6 5 43 76 99 13 57 97 38 71 26 46 22 73 54 25 23 89 91 9 59 96 62 24 98 88 17 82 63 50 41 19 86 70 18 28 58 39 79 29 84 4 64 31 52 56 1 32 83 77 61 45 20 16 34 47 69 37 36 12 78 72 14 81 65 7 48 60 67 93 44 30 85
16 84 58 30 49 69 38 100 39 44 10 26 3 31 23 95 37 74 93 87 85 88 20 73 46 79 53 33 82 11 66 94 56 19 34 89 61 5 97 60 98 9 22 45 62 80 4 54 57 65 28 13 77 83 91 48 59 50 1 92 14 47 35 36 42 8 12 6 71 81 17 67 68 7 2 43 72 32 24 15 76 63 78 41 51 27 75 96 25 86 55 52 21 90 99 18 40 29 70 64
75 25 24 18 82 2 54 40 46 8 93 66 63 95 12 17 42 36 28 30 48 5 96 53 43 69 88 58 74 1 99 4 49 55 3 79 31 84 94 16 45 97 50 70 78 71 81 91 19 10 87 47 92 89 15 39 100 72 41 34 33 56 32 59 76 98 57 23 52 60 35 38 86 62 29 68 22 26 67 61 44 9 90 13 85 77 83 21 65 73 14 7 80 37 6 11 27 20 64 51
19 77 27 66 57 6 58 36 18 21 98 45 32 47 89 38 83 55 95 41 87 79 12 61 29 28 80 9 17 37 43 63 34 84 48 72 97 51 90 64 33 23 70 96 31 5 2 13 73 49 94 85 39 69 7 76 22 56 82 15 68 100 91 71 11 4 25 40 50 35 75 65 10 26 81 14 59 16 1 99 92 67 52 24 74 30 8 54 88 60 86 46 42 53 20 93 3 62 44 78
25 44 96 71 89 97 80 29 67 50 38 16 72 23 20 7 78 8 21 35 46 75 31 94 9 65 30 17 10 56 13 60 18 83 2 74 62 6 4 99 12 84 11 85 69 39 1 82 92 15 22 43 98 79 58 42 63 40 27 54 66 59 53 81 90 36 100 26 87 93 86 68 47 33 57 76 14 41 48 3 24 37 70 91 55 51 52 95 73 34 32 45 28 88 19 64 5 49 77 61
14 42 70 25 65 35 43 44 10 82 61 19 20 98 53 11 7 60 69 86 16 96 28 95 66 64 2 39 34 45 46 29 40 72 94 62 100 1 9 79 22 67 88 12 33 87 38 47 32 24 71 5 85 37 68 78 4 58 21 59 63 50 99 57 48 80 93 75 23 83 8 51 74 27 73 41 31 89 13 6 17 97 36 81 56 15 18 77 90 3 52 54 55 76 91 30 84 26 49 92
32 48 1 52 19 37 76 70 65 3 71 44 22 90 43 20 92 94 97 6 9 26 83 33 11 14 56 72 4 28 60 80 59 67 57 99 68 96 58 78 54 5 15 40 95 66 46 17 27 53 69 24 81 47 21 29 87 75 31 23 64 12 55 18 30 62 61 45 10 16 50 98 85 93 42 2 86 39 88 41 74 91 84 8 49 38 89 36 100 79 73 82 63 13 35 77 7 25 51 34
69 6 20 27 33 74 68 55 1 58 66 47 21 77 56 50 73 93 25 7 38 59 9 37 67 85 62 15 53 23 72 30 46 98 43 24 39 28 91 70 71 29 76 2 16 45 94 92 35 100 99 19 11 34 41 84 60 89 5 4 61 78 8 82 96 44 22 79 83 42 80 64 57 18 36 13 63 86 81 31 65 51 12 75 90 26 87 97 54 40 10 95 3 17 32 14 88 52 48 49
83 15 52 94 21 32 87 65 100 56 64 71 45 1 54 59 2 4 22 5 60 67 33 6 98 31 9 43 12 17 42 10 85 93 46 18 50 63 16 27 81 69 28 38 47 19 95 11 53 37 78 14 99 86 89 92 96 88 36 76 39 73 90 91 7 51 77 29 41 40 25 13 26 44 84 34 68 58 62 66 30 79 80 48 35 97 82 49 24 20 70 61 72 55 75 57 8 74 3 23
46 5 64 78 29 77 21 94 90 35 20 31 92 15 67 65 28 91 80 32 79 8 95 55 76 56 17 60 40 59 2 61 41 3 37 58 11 99 72 43 62 89 81 16 70 47 63 42 38 33 6 68 57 12 97 71 27 9 18 44 100 48 54 88 26 50 98 10 14 66 82 30 19 13 83 7 74 96 69 75 73 36 25 87 52 22 51 39 34 49 85 93 4 84 1 24 45 23 53 86
59 93 19 83 94 84 60 32 57 62 72 10 82 48 86 27 25 43 16 55 58 76 7 39 36 30 54 95 70 80 77 40 99 18 71 4 21 42 15 96 47 17 52 67 44 31 68 66 90 89 98 61 23 9 92 56 74 85 45 81 69 20 51 38 29 91 41 87 2 100 28 50 1 3 78 22 24 35 34 37 64 73 79 12 65 53 33 14 26 63 11 97 88 49 5 46 75 6 8 13
86 45 17 73 48 16 8 31 72 94 34 13 95 4 47 85 67 15 56 83 93 81 69 7 12 68 55 82 90 10 25 36 29 43 20 37 64 74 30 52 96 1 38 53 59 63 76 98 9 26 70 6 14 87 27 41 57 99 40 75 21 44 100 22 79 54 18 91 84 62 24 2 65 77 71 33 5 80 78 51 19 58 49 39 89 42 3 28 23 46 60 66 97 61 88 50 92 35 32 11
33 87 53 45 23 46 70 63 62 25 4 95 17 39 40 99 97 81 13 10 92 3 91 77 37 42 44 96 30 57 50 74 98 12 76 78 27 35 64 19 89 75 69 55 58 21 56 5 41 60 68 29 38 66 26 20 14 15 48 9 49 16 31 11 1 84 88 93 24 6 59 43 54 36 18 8 82 28 100 90 72 80 67 32 34 65 71 94 2 51 7 83 52 73 79 61 47 85 86 22
81 86 56 55 31 5 26 69 17 66 58 82 25 36 75 43 16 73 85 64 59 49 65 52 45 50 12 97 99 90 23 33 1 10 9 14 89 53 47 29 92 57 62 18 13 100 21 30 44 94 51 93 54 84 67 11 79 74 78 60 76 22 27 70 19 46 95 39 61 63 37 88 8 32 77 98 6 7 28 48 80 20 2 3 38 96 35 71 91 4 72 42 68 34 24 83 87 41 40 15
18 7 34 26 53 87 29 89 73 91 16 99 43 10 62 78 88 21 55 66 83 82 45 74 38 27 5 46 47 93 1 75 68 33 40 2 58 25 98 56 70 77 48 9 71 24 80 51 63 54 57 35 65 3 14 44 72 49 12 97 94 60 20 19 17 64 96 36 28 69 81 37 11 76 23 86 61 31 84 39 42 32 15 92 6 4 85 50 22 13 41 30 95 52 90 67 59 100 79 8
41 95 94 58 75 78 85 21 99 22 9 63 36 57 45 74 33 7 23 53 89 48 50 20 86 83 11 98 38 29 56 18 100 54 39 44 35 24 52 25 4 34 72 87 14 96 65 77 49 67 26 70 82 88 69 1 46 73 62 10 55 15 13 92 51 27 31 17 76 37 40 97 6 8 12 93 64 61 42 28 81 19 71 60 43 5 66 47 79 59 16 2 32 80 84 3 91 68 90 30
37 81 83 10 57 1 41 48 87 97 26 70 90 32 89 8 63 80 27 20 65 12 3 64 74 19 21 92 42 60 17 49 35 6 14 52 78 58 99 100 24 72 13 68 25 61 31 34 82 69 54 84 62 28 95 98 40 4 55 79 2 36 46 5 47 73 33 76 16 15 66 18 59 38 30 75 29 11 23 77 9 94 96 53 86 88 22 7 43 45 50 56 85 51 44 93 39 71 91 67
3 64 39 86 89 51 1 96 27 45 14 78 58 24 11 92 93 18 35 22 80 99 43 38 20 61 81 71 19 34 87 16 88 23 72 60 10 83 26 48 15 8 12 95 32 65 17 100 68 76 36 28 5 74 25 52 90 55 59 30 97 77 66 31 94 63 4 98 75 54 33 69 49 21 56 91 70 67 82 9 6 2 42 73 44 84 50 46 47 85 62 40 13 79 29 37 53 57 7 41
60 34 59 6 82 43 48 97 69 85 24 14 51 80 94 93 10 41 36 89 64 21 76 46 49 4 23 73 88 27 81 32 37 95 55 15 74 39 17 68 54 42 7 13 96 38 29 52 87 91 56 62 50 25 22 90 67 57 8 5 92 84 70 1 20 83 72 11 66 26 61 3 98 47 40 71 18 65 79 35 45 77 53 28 100 19 63 2 33 16 9 12 30 44 78 75 86 58 99 31
36 75 45 64 98 81 65 37 85 33 48 77 40 18 38 49 4 56 86 1 100 55 67 84 82 8 22 14 79 42 11 90 23 51 32 66 19 2 28 53 88 93 5 72 15 58 13 68 43 80 29 69 95 60 76 62 31 6 34 70 52 61 97 35 83 26 74 9 12 41 73 39 44 17 21 10 57 25 30 27 16 47 89 94 63 3 92 24 46 7 99 96 50 91 71 78 20 54 87 59
85 29 28 36 61 83 4 14 53 5 46 68 97 54 55 12 79 89 11 17 67 39 71 69 8 6 90 74 41 49 62 87 72 38 27 92 30 60 40 98 64 3 31 42 57 48 99 18 58 95 50 56 9 93 88 66 34 77 51 16 96 24 23 44 15 80 43 25 33 94 2 26 81 10 82 45 1 78 37 59 7 100 75 65 19 35 32 86 84 70 91 47 73 22 52 76 63 21 13 20
91 53 77 15 93 59 81 25 63 6 28 42 27 33 52 51 37 68 14 71 75 70 19 40 32 87 72 4 100 64 58 89 38 39 16 29 1 13 10 20 85 66 56 73 36 12 69 8 57 55 62 97 24 30 31 21 43 5 49 26 9 11 47 46 23 76 50 78 60 2 74 61 90 83 88 80 7 18 44 79 35 22 48 86 45 34 99 41 96 54 17 84 98 65 95 92 94 3 67 82
58 2 65 80 49 17 55 43 6 28 77 93 98 53 31 91 14 87 67 50 97 69 32 79 90 92 24 56 18 72 85 22 95 63 1 8 52 78 37 36 73 44 21 39 81 74 61 35 7 5 34 12 83 23 94 51 64 71 42 84 99 62 29 33 68 3 54 48 19 20 26 75 76 60 86 30 13 89 27 16 40 66 41 57 10 47 25 70 45 38 82 100 46 9 11 96 15 59 88 4
23 94 38 39 90 96 25 65 48 83 13 2 12 52 30 73 84 5 61 8 49 51 4 91 1 21 31 44 26 78 79 98 81 86 47 88 77 7 75 28 34 62 42 14 46 27 64 58 56 36 45 40 6 57 85 15 41 69 97 33 89 3 92 71 63 22 17 66 20 32 29 19 82 54 35 9 50 100 10 24 74 70 80 11 53 99 60 16 59 55 95 43 18 37 67 72 76 87 93 68
5 46 51 40 62 31 69 88 8 78 18 83 84 94 13 14 52 66 93 26 24 56 38 75 39 20 70 68 43 100 98 95 4 27 65 45 12 41 50 2 3 59 85 28 37 42 19 23 61 25 32 60 71 63 48 36 55 33 15 87 17 53 1 10 92 7 58 80 54 91 76 21 96 89 16 47 67 72 29 44 49 34 86 79 99 9 90 22 30 82 35 73 74 81 97 64 6 11 57 77
95 65 21 90 1 75 52 94 20 61 81 37 15 28 34 3 51 58 98 31 30 74 23 76 78 10 66 82 83 87 19 54 77 44 80 55 96 29 43 7 100 79 64 8 38 86 59 32 18 73 92 2 26 49 93 88 45 17 69 12 91 6 9 99 50 68 62 13 47 70 11 57 53 48 72 16 35 36 40 56 71 67 24 89 97 27 42 4 63 41 22 14 84 39 33 5 25 60 85 46
90 52 35 53 16 38 66 61 29 37 59 21 55 68 12 98 36 30 91 82 6 95 44 31 62 22 48 71 1 69 3 26 87 78 79 51 40 92 96 93 63 86 80 11 77 41 47 28 25 81 97 54 17 33 20 10 89 84 43 73 4 76 2 7 57 45 99 94 8 58 100 83 13 88 5 39 60 64 67 42 85 50 72 70 18 24 15 75 9 27 46 74 19 49 14 23 65 32 56 34
34 88 16 89 96 24 97 52 5 2 93 69 50 38 48 66 86 76 40 33 55 37 1 42 13 18 20 47 7 98 59 81 44 8 26 80 85 75 84 51 57 92 99 74 3 70 45 27 32 64 72 15 53 29 82 63 19 31 46 83 25 10 28 67 41 21 39 60 22 36 77 62 91 90 65 87 4 94 6 23 79 17 71 49 9 78 30 58 14 100 54 68 11 35 56 12 61 95 73 43
2 49 67 32 71 22 79 4 44 69 76 84 9 41 99 46 31 63 43 38 27 60 77 98 33 40 35 36 16 15 7 57 10 66 87 73 6 12 93 91 42 18 39 26 51 20 82 50 95 17 47 30 97 64 83 13 1 23 61 19 56 74 54 59 53 85 92 88 29 89 72 96 37 81 58 34 3 52 45 62 86 14 21 25 68 11 70 100 78 75 80 55 65 24 5 8 28 48 94 90
22 100 55 62 84 94 72 36 66 18 92 24 1 34 14 90 60 32 28 78 44 93 52 3 85 58 82 6 73 81 64 41 70 50 5 89 25 4 80 95 76 53 87 71 48 97 74 19 23 47 86 75 59 13 29 42 61 16 30 2 7 43 17 83 31 77 26 99 63 9 20 65 39 67 10 27 40 46 68 45 88 12 49 98 91 54 56 11 21 15 38 51 79 33 57 35 96 69 37 8
10 71 79 16 14 74 73 86 65 84 61 55 91 46 64 32 24 3 85 37 17 98 27 35 2 49 28 78 80 97 31 15 62 53 70 93 95 38 7 6 72 100 18 99 26 1 94 39 89 63 83 42 44 4 77 22 54 60 52 50 47 87 56 82 59 25 13 21 67 57 41 90 75 29 11 33 20 5 51 68 76 96 43 81 92 69 9 12 66 19 88 58 40 23 48 45 30 34 8 36
64 24 29 79 85 33 28 32 67 55 8 72 5 22 66 63 45 26 12 74 4 97 18 19 91 76 69 15 34 53 78 82 61 57 58 95 36 37 51 88 71 70 90 48 27 99 25 73 84 40 16 41 35 52 86 59 2 96 83 21 98 7 31 75 49 87 30 6 65 17 42 11 60 43 3 89 47 13 9 92 44 93 94 62 46 10 38 54 20 80 39 81 1 100 68 77 50 56 23 14
54 97 60 63 91 62 35 34 45 24 87 46 61 30 9 16 66 31 90 85 50 7 80 25 21 29 32 14 13 89 100 53 78 59 82 27 86 88 3 57 81 83 20 4 10 56 48 76 71 77 95 26 73 72 99 28 5 74 65 69 41 70 18 93 98 67 19 42 15 12 22 64 40 39 79 17 75 68 33 43 58 52 96 8 47 23 36 55 94 11 51 92 2 1 44 84 38 37 6 49
59 40 25 69 55 76 62 16 23 96 74 97 35 66 17 41 87 37 29 9 32 61 13 51 83 99 95 72 20 22 6 100 34 49 78 63 46 44 70 67 94 80 27 91 53 57 58 1 73 19 65 33 48 89 12 81 50 10 3 88 45 26 7 2 18 82 21 84 85 47 92 79 93 4 71 8 42 75 11 86 52 90 39 31 54 36 24 68 38 43 98 28 64 56 30 14 77 5 60 15
57 80 7 38 18 73 11 82 68 1 49 60 78 35 4 72 69 29 31 47 53 63 86 16 40 17 77 20 67 96 74 91 65 89 13 25 71 94 48 90 26 56 28 76 12 75 14 79 10 2 93 46 8 85 55 39 15 30 32 34 5 81 44 98 88 66 23 83 36 84 64 24 95 51 54 19 59 87 92 52 9 6 42 58 22 100 62 99 37 61 3 41 43 70 27 50 21 33 45 97
79 54 18 8 100 20 94 99 15 92 86 23 41 37 59 1 29 12 68 40 63 77 78 9 25 53 91 73 5 33 88 74 93 31 30 17 84 56 55 42 89 19 6 50 61 80 90 70 76 44 75 66 43 24 62 35 82 3 96 11 27 39 48 36 72 69 45 52 81 95 46 67 51 58 13 83 85 38 98 22 47 64 60 21 26 57 16 71 7 97 87 65 34 14 32 4 2 10 49 28
28 43 95 5 39 90 2 35 38 30 36 1 8 88 78 56 48 11 57 93 15 94 99 86 10 16 80 33 98 75 4 45 22 87 92 32 89 77 14 73 69 61 67 27 17 44 34 37 96 72 55 76 60 97 42 25 3 12 63 31 18 68 79 58 83 54 24 100 82 52 23 70 41 53 20 66 51 21 71 7 65 13 47 91 84 85 46 50 40 49 29 19 59 9 64 62 81 74 26 6
49 17 13 11 72 12 54 92 30 81 33 8 39 50 76 5 47 100 95 98 71 6 68 57 52 60 86 9 45 36 40 27 59 46 22 7 75 74 42 89 38 65 55 66 88 79 84 4 51 21 90 87 3 16 18 78 29 43 67 96 35 83 19 91 28 97 2 73 53 10 99 34 63 24 32 85 62 26 15 61 56 48 41 69 23 37 93 94 1 14 20 82 77 64 31 70 44 80 25 58
29 46 66 92 70 100 95 59 47 20 90 25 81 19 36 68 77 52 55 4 45 28 61 5 30 43 64 37 74 71 24 44 32 22 54 23 15 26 18 82 84 31 73 41 11 88 79 21 13 98 62 96 9 6 40 17 65 87 99 67 49 75 8 72 2 50 85 12 42 51 48 56 7 34 80 14 39 60 38 1 83 35 53 97 57 16 89 93 27 76 58 3 69 86 91 63 78 94 33 10
33 18 42 31 94 67 86 55 37 53 75 7 69 85 58 19 90 88 3 81 2 100 57 14 74 46 65 96 23 59 54 93 49 13 71 5 50 48 62 26 45 64 15 30 20 84 66 29 27 16 47 8 52 17 35 92 76 24 39 51 6 82 32 40 68 4 11 87 25 79 63 28 34 83 77 56 97 10 1 78 72 91 98 22 41 70 12 61 9 99 43 21 80 44 60 36 95 89 38 73
62 87 68 2 52 85 22 41 31 74 42 15 80 71 3 14 82 57 51 78 72 24 10 46 77 96 27 58 25 28 75 43 64 45 18 49 99 4 86 23 48 40 33 35 92 81 73 59 60 39 26 98 93 5 84 100 9 19 11 66 61 79 21 76 47 12 69 38 13 7 95 91 29 8 1 65 88 53 50 55 97 37 63 6 83 94 17 90 54 34 30 32 56 36 20 89 70 67 44 16
32 31 48 70 79 40 90 69 11 86 22 41 64 13 92 45 65 24 15 100 18 4 88 80 35 38 68 17 60 94 49 66 7 28 56 16 61 27 23 83 98 6 62 47 54 10 97 33 21 93 37 59 74 14 39 76 75 89 81 29 42 30 46 3 91 8 63 26 5 34 84 50 44 1 67 95 77 71 52 20 53 25 12 87 82 58 57 43 96 73 2 72 51 55 99 85 9 36 78 19
13 33 47 22 59 23 88 58 72 17 83 38 79 8 73 3 30 55 14 99 86 89 35 45 27 81 39 42 64 65 50 67 80 82 25 57 41 28 95 74 75 54 10 32 5 70 4 20 68 52 2 48 1 53 78 7 51 93 94 91 76 19 40 21 63 44 16 15 100 90 31 60 61 77 29 92 26 12 56 9 69 97 66 24 62 87 98 49 11 6 37 36 46 34 71 18 43 84 96 85
83 50 97 43 65 72 84 87 16 63 30 98 57 91 79 8 64 54 35 77 13 71 12 69 19 59 67 66 82 38 94 80 48 41 45 86 93 85 89 60 62 14 2 5 96 7 11 81 44 22 92 53 88 15 100 40 36 42 28 20 78 55 9 18 74 73 61 46 6 33 76 52 56 47 21 68 95 32 75 99 24 26 29 70 1 25 10 23 34 4 49 90 39 17 37 58 51 31 3 27
17 1 100 44 21 13 50 83 2 67 29 39 38 82 96 63 26 45 8 75 10 85 66 74 72 47 40 46 28 42 89 12 57 20 84 59 54 41 24 31 52 49 5 19 34 71 88 61 91 87 68 99 62 78 60 48 53 80 22 56 70 76 51 97 23 30 14 58 4 86 69 7 35 98 18 3 93 90 95 11 92 77 55 65 16 15 73 36 32 33 9 25 81 27 6 94 79 43 64 37
8 13 81 26 31 11 53 44 58 32 47 89 23 84 72 74 83 40 73 91 5 1 37 76 82 51 94 67 4 88 20 9 21 16 17 96 63 97 49 68 66 38 50 52 71 42 70 7 22 61 45 34 78 35 57 29 24 15 3 100 48 62 6 86 25 39 33 69 30 55 90 18 46 85 98 41 56 92 43 59 2 10 36 99 87 12 28 95 65 60 93 54 14 75 79 19 80 27 77 64
53 52 61 50 83 79 56 33 62 46 82 22 29 26 10 57 92 67 97 84 90 64 91 3 7 48 60 95 51 16 34 35 43 12 94 14 21 17 65 5 96 20 98 23 74 87 9 18 69 1 63 4 45 81 44 30 59 13 71 36 73 27 11 25 85 100 78 2 32 80 41 54 31 37 42 38 15 49 19 40 68 47 86 88 58 6 70 28 55 39 75 89 24 8 93 99 76 77 72 66
35 9 31 49 33 50 87 38 51 80 19 52 82 60 42 6 95 90 58 73 22 5 75 43 37 85 15 92 77 78 63 39 11 55 34 74 20 36 27 18 53 99 84 81 89 94 46 10 86 45 25 44 91 62 8 57 41 65 79 7 40 3 100 56 26 83 96 23 68 76 71 14 64 97 12 88 54 17 48 29 66 61 2 13 69 1 59 47 72 70 28 67 16 32 24 21 93 98 30 4
46 95 27 28 2 83 57 7 60 75 97 59 67 74 21 70 19 96 23 5 98 65 41 99 3 77 100 4 6 1 55 87 53 36 61 18 31 43 73 84 20 10 42 17 93 11 33 12 38 82 9 79 40 50 13 26 49 37 16 68 64 66 91 85 32 62 29 44 88 30 80 51 8 76 45 58 52 14 90 34 63 15 48 72 39 86 56 78 47 22 81 71 92 89 35 25 69 24 54 94
27 53 71 59 9 54 4 17 100 79 73 11 32 41 57 46 78 94 42 26 84 16 25 35 31 75 18 7 58 43 87 99 70 97 67 13 5 20 12 64 47 28 56 65 14 72 60 82 33 63 86 1 19 38 89 83 45 50 52 93 88 77 55 39 80 91 62 92 34 85 23 6 22 3 24 69 49 95 96 10 36 51 15 30 37 29 74 8 21 44 66 76 90 48 2 68 98 81 40 61
14 100 34 45 13 37 36 70 74 31 27 75 56 61 20 25 15 81 30 40 41 8 49 82 62 23 57 86 69 18 92 6 85 43 7 44 79 11 54 38 33 90 72 93 46 65 12 19 5 9 35 95 58 76 1 87 99 98 63 24 97 67 47 48 78 16 28 22 17 64 50 73 21 32 83 71 84 29 77 60 51 94 10 52 89 2 39 4 80 3 55 59 68 88 53 91 96 26 66 42
81 5 2 10 36 96 40 63 86 98 1 90 19 52 51 65 99 79 75 82 57 33 28 95 45 100 73 12 42 61 93 24 18 25 83 4 64 13 94 30 16 7 21 37 39 91 44 60 15 27 84 47 56 71 11 23 3 69 62 43 54 87 74 20 92 88 48 76 89 70 38 35 59 17 6 26 31 9 34 77 80 58 67 41 50 55 49 14 78 46 72 22 53 97 85 66 29 8 32 68
30 8 40 55 23 63 20 42 18 82 65 88 93 46 60 84 35 99 86 13 28 26 83 61 5 52 98 43 54 100 36 97 56 73 47 33 22 78 59 4 74 39 79 68 80 25 6 34 9 62 32 89 85 31 15 37 44 41 11 48 90 50 58 38 70 1 67 7 94 27 66 69 96 21 19 2 87 91 24 3 17 71 75 53 14 77 92 64 57 45 12 95 72 76 51 81 16 49 10 29
85 2 58 12 63 89 69 51 10 8 96 26 30 95 54 50 6 15 21 38 88 14 20 77 36 65 45 93 61 87 17 18 4 72 76 68 53 33 46 16 83 70 25 94 64 90 1 97 11 47 71 22 35 67 9 84 19 28 75 52 34 24 99 81 100 98 92 3 44 7 74 43 55 57 40 23 5 41 49 66 42 39 13 48 60 59 82 29 91 32 62 37 31 73 80 79 27 56 86 78
50 16 77 62 45 43 32 100 90 60 88 53 40 18 47 66 41 84 13 39 20 49 30 37 12 11 93 22 21 34 81 33 46 44 9 67 97 10 78 85 17 48 36 57 72 5 95 94 52 2 56 24 14 96 7 79 75 29 6 86 4 59 70 35 99 23 58 91 31 73 82 98 65 26 27 76 19 69 55 38 54 92 25 3 74 8 63 80 28 42 64 15 89 61 1 83 87 68 51 71
58 15 30 86 10 92 26 31 81 3 84 100 47 51 83 85 73 36 17 90 43 59 48 19 29 64 78 97 24 46 44 38 20 18 14 69 62 34 60 23 93 22 41 80 2 1 96 54 35 68 50 5 95 4 71 91 55 77 25 53 37 79 76 42 94 72 57 9 39 82 99 40 27 49 61 7 98 6 21 52 45 8 89 56 28 65 87 70 66 75 32 33 74 13 88 11 63 12 16 67
39 45 50 94 47 77 78 91 1 97 72 81 95 88 26 42 28 8 80 83 37 87 52 15 32 14 92 60 49 11 67 100 62 54 93 61 35 98 18 44 12 27 69 89 59 96 24 68 74 19 70 85 66 22 21 6 73 58 99 57 3 75 84 5 48 46 4 40 56 23 34 13 76 10 36 43 71 16 64 51 20 7 79 2 33 9 53 41 25 82 31 17 38 63 90 65 30 29 55 86
86 88 8 11 5 99 80 89 42 52 32 51 21 30 43 92 4 62 26 6 68 91 96 54 13 28 85 19 90 72 76 41 40 93 97 31 78 7 83 53 9 12 60 18 25 66 63 58 50 79 24 23 44 36 38 14 87 33 69 39 2 35 27 57 34 94 17 70 47 22 100 20 74 48 73 15 82 37 81 49 64 55 1 10 65 67 61 77 71 56 3 29 95 16 84 46 59 45 98 75
61 89 53 77 68 32 16 28 33 9 45 73 43 2 25 12 42 91 56 3 19 76 54 94 78 98 49 90 47 37 65 34 92 67 75 6 96 83 88 87 13 51 38 14 1 95 10 23 97 93 99 82 21 26 36 7 40 85 30 15 69 74 64 4 79 57 72 66 71 52 8 84 5 44 48 63 18 58 62 35 100 80 24 86 27 60 11 31 46 81 50 39 29 20 59 41 70 22 17 55
42 21 17 64 52 18 8 85 80 94 71 28 14 19 41 73 25 23 60 15 78 68 31 1 66 33 37 24 96 90 3 65 10 6 70 99 27 2 47 7 30 45 61 72 43 56 36 5 92 16 87 69 50 39 58 54 29 49 67 62 22 53 75 34 20 26 95 55 13 44 77 100 89 93 57 59 74 98 88 32 81 9 84 12 4 40 76 97 63 83 35 11 79 51 46 38 91 86 48 82
5 75 56 47 48 80 15 21 40 91 34 66 45 99 87 16 53 73 39 17 25 3 79 33 28 31 46 74 18 69 86 49 97 63 90 58 8 92 22 71 67 89 13 29 10 43 81 35 82 98 6 37 100 65 14 38 88 4 83 54 51 93 20 44 1 76 64 77 50 19 11 27 72 23 55 9 12 52 32 30 62 36 61 94 68 96 42 57 26 41 95 60 7 84 78 24 2 85 70 59
20 81 14 83 22 59 51 1 3 66 91 77 7 21 40 98 52 93 44 95 65 72 84 75 11 15 70 49 12 17 62 36 13 58 37 24 19 35 32 78 4 63 8 55 48 86 38 6 30 89 29 99 54 87 76 100 74 27 85 92 31 60 90 88 39 79 97 43 25 45 33 68 16 67 10 18 9 23 46 56 26 28 82 42 34 80 5 2 64 96 94 61 73 53 50 57 47 71 69 41
84 93 64 96 73 5 61 48 4 62 98 45 17 87 56 1 38 68 11 75 85 82 95 25 20 69 10 16 100 60 77 59 50 3 55 66 32 24 86 22 70 42 81 12 52 37 76 29 90 39 72 57 13 83 41 71 89 99 97 7 9 15 78 46 6 36 2 67 63 58 92 88 26 80 79 47 94 28 53 31 23 54 27 14 49 33 8 35 43 40 18 91 19 74 65 30 21 44 34 51
16 24 35 87 19 68 82 14 46 10 4 70 25 31 15 90 39 43 34 55 91 7 97 40 2 56 51 98 17 27 60 94 78 23 57 37 49 58 96 99 5 67 12 85 95 100 69 80 41 13 3 62 47 74 26 32 1 48 42 93 33 18 66 8 21 84 88 45 76 79 29 89 50 38 11 53 6 81 36 44 77 20 22 73 9 63 71 72 30 59 65 83 28 52 75 54 86 64 61 92
23 48 62 73 29 61 5 40 11 85 60 68 1 47 39 95 63 74 16 93 86 70 71 64 25 36 41 18 89 53 82 4 9 7 46 72 43 45 58 88 75 56 44 38 50 99 15 79 49 92 94 14 81 52 91 34 100 96 22 59 21 10 69 83 12 90 13 78 66 57 28 32 98 19 84 67 24 31 42 37 55 2 35 27 8 26 30 65 33 51 17 3 54 77 97 76 20 6 87 80
68 29 83 46 11 81 58 90 39 69 26 62 80 35 23 56 12 1 84 32 74 21 65 98 40 4 53 76 55 45 99 71 41 78 33 20 77 60 3 43 92 36 87 96 47 28 27 44 63 49 54 75 97 37 64 25 14 9 31 8 100 30 61 70 7 51 18 93 67 66 2 94 73 88 82 10 72 57 22 15 38 19 52 59 16 48 50 86 24 89 5 42 85 91 34 95 6 17 79 13
69 76 67 79 77 28 21 29 82 45 64 83 20 13 90 34 94 4 27 37 44 56 9 85 14 68 40 26 30 80 75 42 71 33 72 38 74 73 48 24 41 62 7 92 31 58 11 100 16 25 78 98 86 47 51 60 2 81 96 61 55 12 39 10 17 99 43 57 53 49 1 46 54 95 35 22 70 65 87 6 19 63 97 32 18 5 84 89 59 36 88 93 50 66 52 3 8 91 15 23
18 34 91 6 95 84 41 97 36 21 9 43 35 68 57 59 85 70 63 8 22 96 33 55 47 50 54 93 66 62 72 61 5 15 48 28 10 53 4 2 1 3 31 40 58 75 87 74 12 32 64 81 24 60 69 37 46 16 39 67 14 44 26 25 51 27 23 13 88 71 94 82 49 29 78 98 86 80 100 90 73 79 20 92 19 89 83 11 45 38 76 7 52 65 56 17 77 42 99 30
51 77 21 74 3 97 66 39 87 78 10 71 90 63 86 54 7 22 81 98 57 47 69 24 76 30 56 2 40 49 11 95 84 83 43 82 68 50 15 67 8 72 88 9 44 31 42 91 53 1 28 48 65 25 29 94 34 73 46 70 96 16 35 55 19 89 93 99 6 62 26 12 58 36 64 13 27 75 14 41 80 52 17 60 37 38 32 5 100 85 59 45 18 4 33 61 92 79 23 20
72 19 24 69 17 46 65 2 30 58 63 95 84 33 91 20 14 60 36 71 83 88 4 16 67 34 12 85 41 5 98 26 87 74 28 52 37 75 27 96 76 40 89 93 97 48 50 56 43 22 51 13 32 66 80 62 61 47 92 9 94 73 23 86 8 64 31 79 100 15 81 38 82 54 90 35 68 21 10 45 70 53 6 11 44 42 99 7 1 55 29 49 3 18 39 78 25 59 57 77
60 47 1 35 62 6 52 76 96 27 12 65 88 22 58 51 67 14 25 9 98 69 90 38 55 21 5 30 37 64 68 32 44 86 87 43 99 42 54 20 24 78 4 45 53 74 75 71 59 40 34 61 3 84 57 49 97 23 94 66 46 11 81 17 15 63 19 29 33 83 89 26 7 18 8 77 93 39 28 82 16 70 72 79 10 50 80 100 73 48 85 92 13 2 36 56 95 41 91 31
91 94 59 71 39 44 47 67 9 50 38 7 27 24 30 43 97 66 76 33 10 98 99 57 18 28 86 22 26 93 58 17 35 60 32 15 75 29 64 79 3 100 51 37 11 61 65 85 87 5 81 8 20 63 1 48 31 56 12 77 19 70 92 49 96 78 68 52 89 16 72 2 13 62 88 36 14 53 84 83 54 73 80 55 23 4 34 21 95 90 82 46 42 6 74 25 45 69 41 40
43 49 41 22 53 87 76 96 69 24 71 1 92 80 45 32 10 21 89 20 84 18 50 91 86 42 44 67 81 15 25 82 7 95 36 62 9 51 72 27 78 8 48 61 77 57 56 39 58 94 98 34 5 68 40 29 64 17 55 100 52 6 60 33 54 93 74 88 12 26 59 97 85 2 31 75 37 46 13 65 30 23 70 28 63 47 66 83 14 16 73 19 11 79 4 99 38 3 90 35
95 64 45 15 100 51 85 88 71 5 58 89 48 37 62 17 24 10 80 47 2 74 44 20 54 92 55 8 70 3 41 68 11 84 27 78 67 46 7 98 63 59 76 42 38 50 21 14 56 61 12 1 6 13 97 40 43 72 28 60 66 36 33 75 29 49 77 22 94 9 73 86 39 65 81 91 34 18 52 23 31 96 90 57 99 69 16 26 82 79 30 25 4 87 83 19 93 35 53 32
90 91 94 36 75 17 35 31 50 96 14 39 8 32 54 72 28 56 62 18 59 12 23 86 4 99 27 68 83 63 9 40 52 10 65 92 30 25 70 6 15 80 85 73 29 47 88 77 22 95 16 53 82 34 89 66 67 100 5 33 57 61 93 84 11 2 51 58 20 69 49 76 81 43 97 45 64 13 44 42 3 41 21 98 38 1 26 46 7 19 60 78 55 24 48 74 79 87 37 71
10 65 12 16 31 35 70 4 57 33 27 42 97 54 63 91 22 18 32 64 37 38 76 81 8 79 9 39 44 29 7 15 61 53 20 2 58 82 26 28 59 92 77 80 3 45 47 49 36 17 74 6 83 30 87 84 62 60 34 5 68 78 13 73 55 52 41 11 14 93 48 95 75 50 23 19 88 86 72 43 96 69 100 25 1 51 85 24 40 71 99 66 98 90 67 89 94 21 56 46
52 1 51 58 18 24 11 7 85 15 66 22 55 34 53 49 2 20 98 87 69 97 46 73 39 8 67 65 10 26 42 90 76 38 81 88 70 14 77 95 31 27 17 44 35 12 79 37 19 72 83 84 59 28 48 57 47 5 93 36 92 43 86 82 30 40 99 100 61 41 64 96 6 33 3 50 63 71 75 68 74 32 78 89 45 16 9 60 4 54 91 56 25 23 29 94 80 62 13 21
25 40 98 2 82 62 68 86 44 67 46 24 39 15 13 41 99 87 4 85 28 95 38 6 49 16 35 74 88 10 59 51 69 66 18 45 100 5 80 84 93 53 70 19 30 34 83 1 78 42 7 60 26 50 71 55 72 91 61 81 17 9 11 77 33 65 73 21 31 94 12 79 47 89 76 56 29 96 64 27 32 37 43 8 92 3 90 75 23 63 14 58 97 22 57 20 36 48 54 52
36 62 79 8 54 11 60 75 73 44 84 76 12 66 89 21 94 41 34 50 100 93 18 52 9 29 98 56 85 14 23 53 77 22 40 81 86 96 91 70 48 28 63 57 33 27 31 17 72 65 69 59 92 16 95 78 4 55 45 26 15 19 64 67 90 25 32 10 87 42 24 3 99 82 30 71 61 49 68 7 35 83 37 46 6 97 51 13 2 43 39 47 1 80 38 58 74 20 88 5
65 80 73 40 70 1 48 28 45 51 29 31 9 53 78 52 82 5 57 66 35 55 36 42 98 64 88 7 59 95 85 77 99 20 49 79 12 6 89 25 22 83 67 16 81 24 13 32 23 21 30 43 38 69 92 41 60 84 71 44 63 94 97 2 76 68 26 17 54 4 61 19 37 74 56 87 39 100 18 47 11 27 3 33 86 10 15 58 90 62 46 96 8 75 93 91 14 50 34 72
47 86 65 63 96 100 79 93 77 83 76 14 36 84 24 27 33 42 69 89 21 51 80 4 85 87 82 6 28 75 1 57 22 16 68 56 13 91 23 31 52 66 95 49 12 38 2 46 74 55 97 41 99 71 39 20 9 10 8 88 98 7 17 92 53 3 59 48 19 78 15 11 40 60 58 81 90 35 29 73 45 43 61 62 50 94 25 34 18 72 26 54 32 5 30 70 44 37 64 67
3 97 20 39 34 75 96 91 14 1 48 16 72 50 51 62 15 76 40 10 5 81 70 79 43 55 69 12 53 24 90 93 64 57 22 87 25 99 73 100 2 86 98 67 26 21 8 59 13 77 52 66 17 33 84 71 36 19 82 83 47 46 29 58 41 28 65 9 30 80 54 94 31 27 44 42 4 68 23 92 88 18 49 6 85 35 60 32 56 7 38 37 63 74 95 45 78 11 89 61
2 42 96 70 15 33 55 58 16 18 19 47 64 36 9 26 73 57 67 74 4 1 13 37 90 40 62 63 79 98 100 89 68 27 30 31 85 39 49 52 69 34 11 87 88 97 5 53 50 76 21 44 77 6 99 46 54 3 65 95 56 84 81 48 59 94 12 45 29 32 14 83 10 7 72 86 71 60 78 28 51 66 8 75 91 23 24 22 17 20 41 82 43 38 80 35 61 25 92 93
41 20 19 90 43 16 22 65 2 25 73 44 75 71 14 93 45 89 61 31 92 94 42 83 33 47 17 60 38 66 46 98 1 13 79 29 40 63 97 64 9 77 52 30 32 18 99 51 15 69 36 96 48 35 68 26 5 88 59 4 8 27 56 85 49 7 50 91 34 10 95 37 74 57 86 70 84 87 67 62 76 100 82 39 53 6 3 80 12 24 23 21 78 72 81 54 28 58 55 11
73 71 25 32 72 90 2 99 23 6 34 98 76 4 10 83 48 63 29 41 17 16 86 84 52 19 80 40 43 91 56 62 81 69 26 37 31 1 14 47 74 44 46 28 93 78 68 66 60 59 75 70 53 3 18 21 65 64 15 87 45 20 94 97 42 51 82 55 8 12 22 7 50 5 61 30 54 9 49 24 36 13 39 95 58 57 33 96 79 100 77 89 88 35 11 92 27 67 85 38
75 44 38 78 9 54 72 89 66 64 65 49 51 85 73 81 26 67 43 4 24 100 32 59 21 31 93 35 61 88 19 60 34 28 3 7 52 62 94 48 12 22 50 8 13 76 80 70 82 91 71 87 98 57 11 30 96 97 27 69 41 56 6 39 18 77 86 25 83 47 20 84 53 1 16 14 23 10 45 74 92 90 58 99 55 29 79 46 42 15 2 36 40 33 68 63 5 95 17 37
34 38 70 66 55 37 81 5 31 50 75 26 98 82 36 78 90 74 73 53 87 61 10 7 42 83 57 47 25 28 79 45 80 49 84 60 6 76 65 89 100 18 99 13 15 41 48 8 59 52 95 4 23 9 67 88 27 12 32 91 46 39 1 20 2 16 44 69 71 17 40 21 29 63 64 85 77 72 19 86 97 62 22 58 43 24 35 33 11 68 93 14 30 94 92 96 3 54 51 56
37 34 13 5 85 78 80 33 17 30 62 73 58 10 3 87 4 15 39 92 90 91 77 99 95 20 64 49 47 23 40 67 72 50 61 28 88 38 12 56 86 19 84 53 27 63 9 21 8 26 76 68 52 97 83 44 79 6 43 29 31 82 18 7 57 45 24 36 32 2 42 75 55 41 81 66 35 14 69 46 48 25 71 94 89 100 96 93 54 11 98 74 70 1 59 65 51 60 16 22
22 7 52 92 59 69 25 85 67 61 1 2 78 94 79 68 42 32 26 96 75 44 3 9 30 51 95 58 17 16 43 70 65 77 91 63 93 84 10 57 72 5 80 35 37 20 29 4 97 81 90 33 39 23 86 34 15 76 36 56 40 83 19 31 88 87 21 60 41 89 46 54 27 49 13 8 74 28 11 48 6 14 24 73 47 53 18 12 38 99 64 71 66 82 50 62 98 100 45 55
21 18 71 53 5 94 43 51 63 85 90 55 79 38 99 19 65 30 58 84 9 24 2 74 46 14 77 86 23 57 93 83 54 45 13 61 64 34 95 73 47 91 25 70 78 59 17 42 49 44 81 26 87 67 56 32 82 68 29 76 39 69 33 72 98 96 8 4 60 35 88 62 22 37 41 15 3 92 48 1 20 12 36 97 100 11 50 31 80 27 10 40 28 89 6 75 66 52 7 16
27 17 29 18 73 13 62 14 58 35 86 23 3 90 20 99 60 69 95 100 72 49 88 39 83 36 66 70 55 81 24 54 57 8 82 67 9 46 75 42 43 97 40 74 50 11 12 61 41 15 45 79 32 5 85 10 53 28 51 89 7 76 26 19 25 91 30 92 38 21 31 33 68 4 98 47 94 78 1 64 44 48 96 22 87 37 93 16 71 80 63 52 2 56 84 77 65 34 6 59
57 6 55 50 45 2 13 17 53 92 4 69 29 28 94 74 87 3 90 91 18 77 75 80 100 10 73 95 49 36 20 58 59 62 56 23 89 12 24 71 16 79 78 66 51 41 81 52 9 60 34 46 11 93 88 54 99 43 76 21 83 48 96 42 47 39 85 44 82 84 63 30 86 8 1 33 15 37 40 68 7 35 67 65 97 19 38 72 27 22 70 32 31 61 14 98 26 5 25 64
70 87 66 56 65 89 50 83 46 33 91 25 41 68 42 5 29 84 36 7 48 79 45 53 38 58 32 92 99 97 78 10 93 51 96 55 74 18 62 82 20 49 61 52 71 88 77 47 69 54 94 76 60 12 13 17 23 80 14 11 37 73 40 22 28 26 100 2 4 63 35 90 1 98 3 59 31 67 43 16 86 6 15 24 57 34 95 39 19 30 75 72 21 27 44 85 9 64 8 81
19 43 7 31 47 46 86 44 37 56 92 82 67 74 72 6 30 91 60 1 93 41 57 94 10 65 48 27 54 22 89 81 38 98 58 16 71 88 59 90 66 61 4 99 62 83 50 76 29 3 96 49 8 53 100 13 51 95 78 24 64 26 79 11 14 36 45 75 17 34 73 32 35 39 97 9 40 12 55 42 52 80 68 21 69 25 85 5 28 33 20 2 84 70 87 18 15 23 77 63
72 31 100 38 94 40 57 82 47 41 8 21 15 77 52 14 37 11 22 73 13 60 27 29 48 76 3 97 70 89 64 44 23 59 25 93 54 45 55 19 85 6 18 4 17 74 66 20 98 24 51 30 81 78 35 87 90 75 1 10 96 68 92 56 46 2 83 39 42 95 7 91 79 26 9 58 49 5 36 62 53 61 63 69 84 50 71 28 88 34 80 12 65 86 99 67 16 33 32 43
3 24 47 52 84 22 97 42 29 91 30 63 5 70 4 82 35 40 44 86 88 14 61 90 1 49 21 38 41 37 2 75 95 39 92 72 68 66 45 16 33 51 10 94 34 50 25 7 43 87 9 12 57 31 77 98 76 93 48 96 18 100 83 71 99 85 54 6 15 20 17 65 60 13 27 36 62 26 32 79 56 81 89 59 28 78 73 64 55 69 58 46 74 11 19 23 53 80 67 8
35 77 28 27 14 12 90 16 51 2 82 15 52 66 67 4 85 100 93 9 20 64 43 42 65 18 23 44 13 94 34 86 96 89 78 62 1 30 17 29 98 39 60 48 92 76 19 41 80 45 25 56 71 26 8 83 57 37 49 79 33 47 74 99 5 46 11 38 68 6 69 61 63 53 73 95 75 7 81 24 40 91 72 88 22 70 3 55 84 59 31 97 54 21 36 32 50 10 87 58
13 16 89 49 79 38 88 96 72 31 87 8 69 61 75 57 84 52 17 35 53 28 4 64 91 100 94 24 19 1 66 46 98 82 14 25 95 50 42 93 45 7 12 47 70 78 73 92 10 36 54 40 77 81 9 63 74 30 18 2 99 55 44 59 80 21 68 23 5 60 71 56 26 33 76 65 97 11 27 39 58 67 51 3 34 15 62 90 37 6 22 41 85 48 20 83 43 32 86 29
41 81 45 29 2 76 15 35 4 96 97 78 3 87 38 7 69 36 62 26 58 6 19 51 77 70 24 43 67 61 42 12 100 47 9 8 49 11 90 85 73 20 64 65 80 79 59 30 18 48 83 93 53 74 60 56 50 98 40 68 54 63 21 1 31 57 25 89 10 86 84 46 5 75 23 92 52 91 95 22 17 66 27 32 82 88 33 99 94 13 28 55 16 37 34 14 39 71 72 44
64 13 95 26 68 41 38 100 48 74 18 59 76 91 47 25 6 58 56 85 45 63 1 82 7 4 15 62 98 3 88 35 29 87 93 92 61 77 52 5 53 65 44 27 31 97 90 28 96 73 69 42 54 79 78 14 46 40 37 16 89 8 99 21 34 23 39 12 24 51 43 67 84 32 55 17 72 81 9 11 2 22 70 49 83 60 75 36 57 86 50 10 80 20 33 66 71 94 30 19
8 50 27 87 98 23 95 38 60 20 32 88 61 31 92 79 77 80 75 78 64 89 37 76 100 48 45 4 1 34 6 68 43 25 2 82 84 14 30 96 83 99 81 11 16 18 58 13 86 33 28 97 47 22 44 35 24 71 29 19 9 74 7 93 94 63 69 3 85 40 72 73 59 36 67 53 5 90 62 41 42 10 17 52 70 12 57 26 65 39 55 91 56 51 46 21 54 49 66 15
2 25 41 44 13 68 27 52 56 98 45 75 91 23 21 38 19 88 47 18 30 67 3 43 28 6 39 61 58 71 31 16 50 46 74 78 70 96 99 83 57 93 85 95 54 7 84 66 11 76 72 80 1 86 15 64 59 24 34 20 48 97 53 5 51 49 81 42 22 100 40 14 73 90 8 26 12 32 79 92 63 4 77 62 60 55 17 29 9 82 37 65 89 36 35 10 69 87 33 94
10 84 31 28 83 50 26 25 42 37 88 11 57 53 60 34 92 8 27 33 41 48 78 15 85 75 65 98 51 66 56 99 76 14 5 2 32 44 40 70 38 12 39 89 36 21 24 54 95 69 97 35 43 17 62 6 73 3 79 52 68 67 55 91 96 22 16 80 47 81 19 20 64 58 82 23 13 29 30 71 72 93 1 77 9 86 49 94 45 74 7 59 18 100 4 46 87 63 61 90
68 18 60 47 21 81 5 70 74 55 13 97 71 48 96 59 79 94 12 99 38 33 7 92 52 53 28 90 6 75 4 9 49 3 67 43 22 20 78 36 17 1 8 85 89 63 95 50 91 37 19 39 26 72 82 23 62 73 87 15 35 58 69 40 2 80 31 66 41 64 25 57 93 14 65 76 56 45 34 44 24 54 86 30 46 77 83 61 32 84 51 100 42 16 88 11 29 27 98 10
14 9 16 43 1 87 82 37 8 86 77 81 63 4 17 40 78 45 97 32 15 39 71 54 19 11 72 18 69 5 67 80 70 79 7 89 96 56 46 100 30 10 51 41 64 47 61 27 53 21 12 2 3 29 20 76 49 85 99 48 25 44 23 57 26 95 74 98 36 55 94 68 65 24 58 88 6 31 90 83 66 34 52 13 35 59 42 75 33 62 73 28 50 84 60 93 91 22 38 92
5 65 96 40 90 85 54 69 20 32 47 52 79 51 6 84 86 24 76 55 60 59 67 4 1 77 100 78 66 56 9 22 48 53 46 74 13 33 16 30 34 42 2 17 61 98 97 21 57 80 93 15 83 36 11 89 87 49 81 43 94 70 8 3 18 88 41 26 38 92 37 82 95 62 12 63 19 25 50 31 64 71 35 10 39 58 28 14 91 72 23 99 29 73 27 68 7 45 44 75
79 89 48 55 93 59 53 92 65 84 96 51 58 95 26 72 47 29 30 87 63 71 49 61 18 38 62 76 40 45 85 43 21 10 16 52 20 36 60 91 5 54 31 2 86 19 70 7 35 32 99 28 6 24 25 39 1 50 11 97 14 66 27 8 23 12 77 83 44 33 34 69 41 81 56 67 9 17 46 37 68 73 42 75 90 80 98 13 15 100 94 22 4 64 74 57 88 3 78 82
62 76 50 59 89 79 56 40 27 80 22 38 75 88 66 32 16 99 85 53 68 65 25 55 4 23 37 17 96 87 19 94 9 33 97 20 58 63 98 43 71 45 90 39 3 46 60 52 7 72 84 95 93 15 36 92 34 29 21 57 51 18 13 81 42 30 64 70 28 91 74 35 61 44 31 10 67 6 77 86 49 5 26 48 54 2 82 24 11 14 12 83 73 8 1 41 47 100 69 78
29 19 64 89 16 80 85 60 96 94 20 10 72 33 48 50 97 43 21 8 67 87 91 73 30 93 49 37 24 62 55 27 32 83 1 99 40 42 9 68 3 70 36 71 59 25 74 53 12 17 2 66 5 38 31 90 88 13 75 23 61 77 35 34 41 52 26 15 84 54 95 76 57 18 45 69 82 46 92 7 81 28 6 86 100 63 22 58 47 44 65 39 14 4 11 79 78 98 56 51
17 7 38 58 71 5 25 97 6 75 26 90 82 34 3 63 88 68 28 41 32 99 92 33 83 60 2 19 89 29 80 40 53 67 94 13 15 10 93 56 84 64 72 23 74 37 44 98 87 77 91 62 20 39 55 79 4 57 46 54 22 78 100 76 50 1 86 73 52 21 24 12 8 85 36 27 51 16 42 47 69 9 48 31 14 96 35 49 59 45 43 61 95 81 65 30 66 11 70 18
51 88 25 64 63 73 41 2 80 28 55 45 97 99 76 11 83 79 23 66 71 26 35 7 31 50 85 16 12 10 100 39 4 13 47 59 77 60 96 74 62 36 42 53 57 61 1 33 27 52 37 81 38 14 56 22 75 9 5 86 34 21 84 98 82 89 67 94 29 30 49 70 72 93 78 43 95 69 15 90 65 18 20 87 58 54 32 68 46 19 17 40 92 91 24 8 3 44 48 6
50 75 61 70 36 99 84 63 23 5 72 60 78 26 55 54 14 81 11 82 85 8 31 2 37 68 69 46 80 43 79 91 87 15 83 57 97 1 47 52 89 4 33 9 58 71 34 73 67 44 7 93 92 62 27 94 45 96 16 39 66 19 20 38 76 98 28 40 51 90 22 100 13 17 6 35 24 95 88 48 77 41 25 56 53 30 12 65 64 32 86 42 3 18 29 74 59 21 10 49
61 29 83 74 22 67 28 76 9 53 24 99 23 54 32 19 95 37 3 1 6 85 68 81 33 34 78 82 64 60 92 71 97 93 80 15 86 25 75 51 8 48 5 70 20 31 2 77 63 42 52 56 17 4 12 91 96 87 43 30 73 11 66 35 21 100 98 84 50 36 59 27 46 7 90 13 47 38 14 65 62 69 10 58 49 26 89 57 18 55 16 45 39 88 79 72 44 41 94 40
52 47 59 12 10 83 51 90 63 18 98 53 93 30 37 20 41 4 86 17 91 75 33 45 21 69 81 15 26 42 72 32 5 23 36 27 8 73 43 25 54 31 87 13 95 24 82 74 92 55 16 34 50 89 100 66 44 68 78 56 88 22 2 46 1 67 29 71 65 35 28 6 85 80 57 64 3 7 38 49 70 96 94 14 62 99 61 97 19 79 9 60 11 39 48 76 58 84 40 77
18 52 62 94 48 44 78 32 33 58 9 28 92 8 64 45 66 73 14 96 74 37 2 72 88 98 60 51 21 23 49 34 85 69 75 6 63 53 22 20 1 17 11 26 47 38 46 70 25 10 87 29 99 65 68 59 79 81 12 31 4 50 61 83 100 82 93 76 16 41 80 89 54 97 19 3 91 13 24 43 55 15 84 27 57 67 39 95 56 42 5 30 90 77 71 36 40 35 7 86
75 100 24 36 33 74 66 48 38 45 64 37 30 32 83 78 39 1 16 71 43 4 28 85 35 59 21 93 18 92 7 6 41 55 54 49 50 58 10 99 67 72 76 14 44 2 96 94 56 95 65 79 82 68 88 62 22 15 31 53 19 12 47 26 91 90 57 77 60 9 86 52 89 23 11 80 40 61 98 20 73 17 97 70 27 42 25 8 34 51 63 3 69 87 5 81 84 29 13 46
85 38 68 2 23 32 8 41 62 69 66 11 52 15 12 51 93 90 35 10 55 9 97 5 27 43 91 72 45 46 17 29 44 31 71 88 36 82 70 22 94 92 89 99 1 75 42 30 61 49 3 40 73 96 13 28 14 65 67 59 56 7 86 4 53 84 19 87 39 37 48 50 58 54 80 16 57 18 6 21 83 47 98 60 74 33 34 100 26 76 77 78 24 63 64 95 81 25 79 20
53 93 65 80 17 31 73 87 81 25 63 57 98 46 99 62 12 18 51 100 27 79 13 52 95 85 66 32 16 96 60 58 88 54 39 14 43 97 23 6 92 89 69 35 48 28 10 61 33 40 50 37 9 64 86 15 19 72 71 11 55 56 70 1 20 76 44 7 83 2 82 3 49 38 5 77 26 94 22 45 90 36 29 91 68 8 74 21 30 24 75 67 47 34 78 84 42 59 41 4
28 54 35 63 70 75 16 29 86 24 42 72 81 47 87 43 53 10 15 84 97 96 50 46 8 33 68 2 92 100 94 62 23 44 17 66 25 99 95 60 26 38 73 32 13 45 76 85 5 27 64 22 65 3 83 49 57 4 1 51 6 59 91 18 55 78 21 58 19 69 88 39 98 67 48 93 34 77 71 82 79 20 80 12 52 11 36 7 40 61 41 90 30 9 37 56 14 89 74 31
16 45 94 46 61 77 13 55 15 83 59 56 50 2 41 12 64 14 81 47 35 5 88 69 76 96 30 68 7 57 54 49 11 98 32 95 100 38 97 31 4 66 6 73 78 20 63 80 89 82 74 53 44 37 87 52 72 48 65 8 91 36 75 40 85 27 18 67 84 22 99 28 90 10 71 39 42 86 33 23 3 70 21 92 43 9 26 34 1 60 58 29 25 17 51 24 79 62 93 19
65 62 91 96 3 20 70 67 36 97 86 100 38 39 31 73 7 66 84 93 21 44 76 35 40 22 94 58 10 26 82 17 57 74 72 24 11 92 88 79 13 90 56 12 77 48 15 71 30 9 63 68 23 87 99 61 43 95 6 16 32 60 78 55 8 83 33 75 14 42 54 51 34 50 29 89 18 80 37 28 85 64 53 41 1 5 59 47 4 81 46 49 98 52 2 19 45 69 25 27
20 48 21 73 72 28 67 1 2 44 33 42 45 94 10 41 5 70 91 39 16 74 69 3 47 17 9 85 81 93 86 24 71 6 37 58 75 83 32 57 80 18 79 96 25 88 27 14 36 64 66 89 59 13 7 40 31 100 30 29 52 62 90 19 54 92 99 11 87 63 50 43 56 60 84 98 68 78 82 61 23 77 55 46 4 65 8 22 38 49 26 51 97 53 95 35 76 12 15 34
30 15 20 71 18 97 2 94 68 17 1 93 47 84 43 85 63 3 13 50 25 72 74 40 45 56 57 35 83 16 65 53 98 12 28 86 10 91 26 87 96 67 77 52 29 99 69 49 90 37 6 54 14 34 58 42 89 5 32 62 92 61 76 44 39 64 73 46 75 27 81 7 82 48 88 19 22 41 21 36 9 100 78 33 51 23 24 4 80 11 59 95 55 79 38 70 8 31 60 66
39 44 12 69 75 61 58 36 66 62 22 76 67 35 79 90 51 23 31 7 18 3 20 25 86 27 95 40 100 64 50 59 54 73 65 33 46 28 37 47 88 9 70 81 14 94 45 10 38 5 57 41 52 49 42 1 97 74 15 92 21 93 84 2 48 72 32 43 71 53 26 11 19 63 83 34 4 89 56 30 96 55 13 98 8 87 60 77 24 99 82 68 78 6 91 17 29 85 16 80
90 40 34 45 62 17 35 43 50 10 60 88 22 71 25 16 67 41 32 86 65 6 57 95 9 37 80 8 82 11 1 15 46 78 76 4 30 98 51 48 100 69 21 94 5 84 47 44 58 59 92 13 24 33 64 38 55 77 27 79 70 91 39 93 29 99 12 2 28 85 14 26 96 19 49 81 7 23 87 74 56 97 3 42 89 36 18 83 73 75 54 66 63 72 31 61 20 52 53 68
60 64 70 77 96 6 32 57 1 9 58 71 29 50 82 99 2 56 55 37 75 67 54 98 48 15 5 86 74 27 81 83 38 66 45 63 88 13 4 26 16 44 41 87 97 91 14 8 72 61 47 30 19 35 18 94 100 80 28 76 69 84 51 33 12 3 59 79 22 73 39 24 21 43 92 7 85 36 11 78 40 25 31 95 65 53 10 23 20 46 52 93 34 49 68 89 62 17 90 42
81 33 97 53 91 35 61 59 100 79 36 84 14 80 94 17 38 63 4 20 89 48 66 86 46 52 37 96 77 69 44 70 22 50 57 45 27 62 40 98 42 7 99 74 72 34 68 5 19 65 24 12 58 83 67 39 54 47 8 9 3 16 56 73 6 93 51 25 76 82 31 95 29 21 30 18 1 64 10 15 26 32 75 28 41 88 11 60 43 71 87 2 13 55 90 78 92 23 49 85
21 46 18 83 31 13 72 34 3 60 62 23 9 10 37 57 25 94 8 64 78 12 65 75 49 61 54 66 42 79 77 90 68 86 87 38 99 5 50 95 69 19 27 11 43 44 36 82 71 47 98 1 97 76 91 22 41 55 59 93 17 24 48 70 33 67 100 80 56 4 15 40 7 74 20 45 14 29 28 51 58 39 84 2 92 85 96 89 88 73 32 52 81 35 30 63 53 6 26 16
47 71 52 56 34 94 43 61 77 27 14 70 8 37 59 1 36 29 89 75 69 24 30 19 20 40 39 9 85 49 41 66 80 63 90 68 6 18 3 67 84 22 25 45 16 5 87 17 78 60 86 96 48 31 26 51 74 44 55 21 54 46 93 11 15 62 23 98 82 95 64 88 81 76 72 42 50 57 53 73 38 13 12 99 97 100 79 32 2 7 10 92 33 65 83 4 28 58 91 35
59 91 19 15 79 100 94 39 87 37 61 68 55 24 48 70 86 84 69 22 74 81 9 14 12 92 51 26 60 78 36 4 77 45 33 29 53 75 65 38 41 63 17 5 52 80 13 46 16 54 62 8 95 67 21 28 82 6 83 34 25 10 40 49 98 73 11 93 30 20 42 64 76 47 44 56 31 58 18 32 7 35 90 57 85 89 66 96 71 27 2 97 88 1 99 3 50 43 23 72
83 5 73 35 43 78 65 37 10 8 46 97 32 60 75 49 16 59 63 15 58 71 18 24 38 42 12 98 44 88 3 26 93 95 34 74 79 48 90 2 76 62 28 55 81 57 21 20 52 39 68 61 66 29 14 56 27 33 82 69 7 9 99 22 87 40 30 84 17 86 89 13 53 51 54 50 64 67 1 6 47 94 100 11 45 4 80 31 72 36 85 19 70 23 92 25 77 91 96 41
36 49 77 31 98 11 47 21 85 50 10 82 48 38 52 8 79 30 40 6 59 18 37 20 90 87 46 63 23 17 68 42 95 51 55 56 67 9 28 4 75 99 62 76 27 39 94 92 22 81 32 26 73 66 97 13 61 69 3 70 57 43 7 58 78 80 16 89 33 84 12 34 1 29 24 41 88 65 72 35 86 83 2 53 91 25 5 71 100 54 93 15 64 44 19 74 96 60 45 14
43 97 29 16 94 50 22 58 82 84 83 21 41 63 67 26 47 62 42 5 88 28 70 38 36 19 48 37 90 95 23 61 20 72 18 80 71 39 14 89 24 45 15 30 33 12 4 32 51 1 74 49 57 69 35 91 64 76 40 87 77 86 27 31 11 7 25 65 8 10 75 2 93 34 13 68 59 92 100 46 52 79 60 81 44 3 9 78 96 85 98 17 66 56 53 99 6 54 55 73
32 86 7 18 15 74 20 4 58 1 75 25 71 82 62 65 22 40 80 45 9 89 10 99 67 50 28 27 5 14 46 36 52 43 81 23 93 37 77 19 2 56 88 49 39 100 33 42 21 92 26 44 91 53 51 29 47 17 61 48 63 30 31 98 70 57 97 73 34 78 76 38 16 95 41 83 60 12 13 55 64 8 79 72 84 69 87 35 66 68 3 96 59 90 85 54 94 24 6 11
42 34 8 22 93 33 86 31 69 30 90 2 5 18 24 83 84 52 25 89 79 68 46 77 82 28 45 80 4 9 62 67 99 36 13 61 12 43 49 78 59 64 38 47 71 11 88 76 65 26 29 70 85 60 92 44 53 27 51 50 100 94 1 56 32 81 17 10 54 6 63 96 91 3 35 75 87 98 48 37 73 23 66 55 39 19 15 41 14 20 72 7 40 97 57 58 16 95 74 21
95 42 17 32 49 2 87 25 73 21 64 43 61 41 60 68 24 54 58 81 93 39 19 57 14 83 77 67 37 72 63 33 29 82 16 69 5 84 94 28 31 3 55 48 26 27 38 47 44 91 30 85 56 74 80 100 9 89 76 4 99 15 97 7 59 34 65 78 23 45 8 98 40 88 86 66 70 35 50 1 53 51 20 22 18 10 46 11 79 90 62 12 52 75 6 96 71 36 92 13
19 8 79 6 5 18 80 88 53 82 74 41 95 1 34 66 10 21 98 31 4 60 86 83 55 58 24 36 59 15 90 57 35 47 48 81 52 76 9 73 63 77 13 68 46 96 56 12 67 3 84 14 100 22 44 26 50 93 37 27 49 75 91 17 72 64 45 69 85 62 92 30 61 65 40 70 23 11 78 29 54 43 94 25 87 97 99 33 7 89 20 71 32 16 39 38 2 42 51 28
23 1 71 66 95 73 36 33 40 78 9 14 90 22 64 21 39 26 91 92 19 94 42 84 43 93 17 61 25 65 76 54 62 77 27 16 85 51 12 82 15 59 52 18 80 58 99 34 68 45 35 48 13 63 20 7 60 10 69 2 5 100 32 81 88 89 8 6 4 47 46 83 75 41 3 87 29 53 96 28 31 44 55 79 74 67 30 70 37 97 49 11 72 24 56 50 98 86 57 38
34 45 13 25 89 62 1 67 57 56 88 44 43 52 14 46 64 76 81 83 87 100 7 79 74 55 73 42 38 59 58 16 69 49 20 96 37 29 24 71 70 5 40 72 11 10 65 4 32 48 21 33 93 47 95 90 63 98 85 91 41 3 60 99 17 8 54 39 12 23 61 28 84 27 77 30 75 68 19 22 2 53 86 6 82 9 51 50 78 15 18 35 31 66 80 92 36 26 94 97
54 17 39 11 47 69 57 90 37 15 13 81 27 19 96 56 14 58 32 4 83 49 67 23 42 60 92 38 53 63 59 86 72 62 43 87 31 78 45 44 66 34 95 8 88 65 50 91 36 73 55 82 98 85 41 79 51 46 18 77 22 6 100 97 74 30 48 12 24 26 7 21 10 89 71 9 35 25 75 40 20 52 3 94 28 80 2 16 84 70 76 33 1 5 64 93 61 68 99 29
13 94 30 29 53 24 55 16 67 6 12 46 64 31 9 91 92 42 4 98 49 14 61 1 10 47 3 44 54 33 93 95 65 39 63 51 35 17 84 27 52 20 7 85 32 43 19 28 73 15 78 5 11 79 25 41 99 60 45 89 40 69 18 8 57 68 72 21 36 81 100 97 22 37 2 86 71 87 23 59 76 62 70 88 83 48 90 80 82 96 66 56 50 38 74 75 26 77 34 58
9 50 14 10 84 72 76 70 5 3 47 69 51 48 15 7 66 60 28 73 85 65 75 82 54 81 55 97 99 22 87 77 92 27 94 25 78 88 62 18 86 100 80 42 31 83 6 59 95 67 64 24 71 23 8 46 29 43 93 96 39 26 58 57 49 98 4 52 89 34 33 61 90 13 1 2 20 45 68 16 74 19 41 21 56 40 63 12 17 53 35 91 38 32 44 11 30 79 37 36
46 95 51 49 71 96 50 99 39 81 38 62 45 13 26 3 28 88 55 77 100 41 12 53 29 85 93 65 79 24 78 10 7 57 40 20 36 6 59 64 47 61 73 66 35 72 5 56 11 22 76 4 87 52 9 30 23 75 25 33 18 83 54 92 19 16 43 44 32 17 37 67 27 82 98 8 97 60 69 15 80 90 48 31 70 1 74 86 42 63 14 58 68 2 84 91 21 34 89 94
49 69 98 78 45 43 62 5 74 31 26 75 17 85 72 95 41 22 34 35 91 55 36 6 32 68 18 33 46 28 40 65 1 7 58 67 61 24 30 23 20 97 48 92 89 37 29 50 27 93 90 76 39 12 60 59 3 19 96 57 15 87 79 71 83 66 14 4 10 64 84 86 8 2 42 47 77 81 52 11 100 80 53 73 63 38 16 99 54 13 70 25 21 82 51 94 9 56 88 44
69 15 1 52 100 22 4 59 14 51 72 26 25 36 53 82 30 55 29 91 48 63 96 16 7 70 23 95 19 61 88 41 50 60 54 43 62 2 18 93 67 83 78 44 74 79 17 68 87 24 75 6 5 86 89 57 65 31 42 12 27 35 11 34 92 45 13 71 66 32 20 94 64 58 10 38 98 37 40 9 85 28 49 8 90 47 76 46 21 84 99 73 77 33 97 81 39 80 3 56
29 6 81 27 52 16 96 55 44 35 76 47 69 61 92 42 19 11 26 3 13 82 77 51 72 31 15 56 20 18 54 97 34 25 36 93 74 94 17 24 4 14 50 91 53 66 8 23 5 9 70 57 59 78 84 88 45 40 49 95 73 48 46 10 7 65 83 99 2 89 90 62 85 1 32 58 63 100 87 79 68 64 80 30 33 86 71 39 12 41 60 21 43 28 75 37 38 67 98 22
22 87 2 64 90 85 11 32 16 80 96 51 35 34 40 52 6 69 68 74 71 77 26 59 5 15 41 60 43 53 25 45 18 89 56 7 1 50 58 4 78 79 84 38 70 98 61 97 33 13 95 99 9 88 62 10 76 37 92 19 83 39 47 20 30 3 82 100 44 12 17 75 54 57 31 27 94 72 29 36 49 73 21 91 55 24 66 93 23 48 81 28 46 14 67 8 65 42 86 63
57 64 42 92 9 80 52 82 90 46 97 59 12 15 6 84 88 73 51 99 2 76 71 45 39 75 32 18 13 1 11 81 78 22 68 44 95 34 72 16 54 53 31 28 10 87 83 74 86 100 37 19 21 30 29 48 40 23 14 24 91 36 61 4 25 77 50 17 47 60 35 56 65 98 79 67 62 96 33 49 5 26 43 89 69 58 70 41 27 3 38 55 7 94 93 66 63 20 85 8
79 62 66 90 73 51 81 60 46 28 20 13 19 21 38 74 69 45 57 47 30 7 83 61 98 11 88 92 34 97 41 82 96 58 3 59 22 12 16 87 43 91 63 40 15 70 4 1 18 94 68 23 35 9 39 17 55 99 48 26 89 53 8 75 85 84 24 67 100 76 29 32 72 49 44 64 54 10 95 31 71 6 37 42 86 78 50 33 25 56 80 14 2 27 65 36 93 5 77 52
73 2 50 28 13 63 88 35 68 9 18 77 20 74 17 25 83 57 84 71 24 16 23 94 78 21 62 14 85 91 3 60 49 97 7 82 54 4 52 42 72 93 46 95 51 59 87 98 41 36 56 39 40 6 69 55 67 58 22 5 37 76 26 86 79 100 70 92 31 15 1 19 34 90 80 45 27 75 44 66 65 12 8 48 99 33 38 96 64 43 29 89 53 11 81 30 47 10 61 32
25 21 100 38 54 40 69 44 80 74 55 78 57 88 3 93 33 99 22 26 53 1 48 31 9 10 85 70 4 90 68 89 56 19 67 27 64 11 98 29 71 12 18 65 17 7 75 73 61 32 62 59 50 87 82 6 34 28 36 43 8 58 13 77 15 96 92 60 5 51 94 46 79 39 97 42 52 91 14 45 81 2 47 41 23 35 95 83 63 30 37 72 16 76 20 24 86 84 66 49
37 20 58 8 19 92 29 76 18 55 16 63 1 51 66 14 95 100 43 38 67 69 44 77 25 33 82 49 98 80 81 22 61 74 93 60 21 35 99 88 85 65 5 39 62 42 34 27 23 89 91 46 45 71 40 32 53 56 41 15 94 73 96 72 87 79 78 9 6 70 2 57 11 3 83 59 13 90 30 75 24 48 26 97 47 50 36 4 28 86 31 10 84 64 52 12 7 17 54 68
42 13 16 86 2 81 79 96 17 66 82 8 55 18 47 85 78 7 44 15 32 99 21 9 31 48 65 90 49 98 24 51 100 28 74 92 50 76 91 84 34 40 72 61 12 1 70 35 58 64 3 69 14 93 77 89 5 41 94 20 97 67 19 36 63 6 39 38 88 83 25 60 73 75 53 33 56 52 71 27 11 22 10 46 26 87 59 29 4 80 95 45 54 37 68 57 43 62 30 23
84 53 79 36 14 1 97 17 3 96 19 37 21 24 20 98 77 5 69 87 72 64 41 29 42 34 35 62 58 15 43 75 59 38 80 4 9 27 7 26 94 54 39 89 93 45 25 60 13 55 66 47 65 81 78 92 46 12 52 10 2 74 44 91 99 88 31 23 50 40 73 18 95 67 49 22 68 28 90 82 6 63 100 33 16 70 56 11 57 83 85 61 8 86 71 76 51 32 48 30
27 42 56 46 83 5 40 7 20 98 77 45 36 47 78 6 52 96 14 32 10 97 25 74 2 29 44 22 28 81 65 43 1 8 79 62 49 66 60 70 12 86 33 16 64 34 90 41 35 59 26 75 24 50 48 63 73 91 3 54 61 82 76 88 11 69 4 13 15 100 71 39 68 80 72 18 9 21 37 23 19 67 89 55 38 57 93 58 95 85 30 99 51 84 87 17 31 94 53 92
86 9 64 26 77 54 67 75 69 32 66 7 80 95 56 45 35 91 60 8 20 61 84 39 37 53 100 43 6 33 36 4 40 59 96 73 58 46 83 23 89 51 41 50 2 71 48 81 92 68 65 28 88 57 87 21 49 30 99 52 78 62 17 3 72 22 74 29 25 55 14 90 63 1 16 15 18 31 24 47 44 93 97 12 10 34 98 5 42 38 94 76 19 13 11 79 27 85 70 82
17 25 95 50 22 67 21 2 36 20 59 83 56 26 45 40 65 85 62 77 44 38 32 64 10 76 86 24 80 1 82 87 69 84 30 52 100 43 93 74 98 31 89 71 92 41 58 19 72 3 96 97 6 5 15 14 99 16 42 7 51 27 35 55 33 12 88 94 63 4 11 54 47 53 57 39 49 9 34 78 48 66 75 13 60 29 18 61 23 81 73 46 28 70 37 68 91 8 79 90
3 84 31 62 20 37 68 92 87 86 71 24 63 32 23 79 93 80 42 10 15 59 45 73 11 96 53 51 1 89 76 9 43 16 25 99 19 30 64 2 8 78 36 57 38 28 74 13 12 49 54 60 47 39 18 98 90 50 69 97 48 44 6 46 94 95 61 55 41 33 66 27 35 4 58 75 91 14 82 56 72 17 52 70 22 65 34 77 26 40 7 100 29 21 5 83 88 81 67 85
62 54 53 30 21 12 69 83 10 45 24 65 15 98 76 50 60 87 85 13 90 33 28 79 55 6 27 7 67 56 99 100 9 66 82 8 1 18 42 22 48 17 71 29 37 25 31 39 96 80 81 19 20 16 57 11 23 88 97 51 35 2 78 59 14 72 64 3 61 49 40 89 44 41 36 95 84 26 77 86 92 47 63 52 46 5 75 68 94 73 38 43 74 91 34 4 70 58 32 93
85 47 77 74 3 59 84 4 65 61 49 98 100 54 32 52 29 69 15 82 68 70 27 37 45 43 72 30 88 64 13 99 81 78 2 31 8 62 89 38 76 18 6 19 40 10 95 56 7 26 94 87 58 25 1 34 41 71 92 44 96 97 83 21 50 90 33 48 67 93 42 12 57 36 20 91 86 5 11 39 63 9 35 24 14 16 28 60 73 53 46 66 55 22 75 23 80 79 17 51
50 31 18 94 33 99 52 65 48 75 4 28 58 1 55 56 37 36 8 17 64 26 57 43 87 59 9 47 89 11 62 93 10 67 76 13 46 7 96 53 5 49 21 2 30 95 12 42 90 82 97 24 60 23 85 78 40 84 29 68 34 69 66 83 19 44 63 91 39 71 15 20 86 54 45 81 6 16 88 51 70 61 98 14 35 27 92 100 79 74 22 32 80 73 38 3 25 77 41 72
51 16 40 45 1 84 76 41 29 94 32 90 88 99 13 25 97 93 95 100 60 47 42 33 44 14 81 71 64 37 98 91 52 20 70 89 53 6 55 24 22 66 17 73 57 74 80 7 30 19 2 35 86 68 38 62 3 23 11 83 4 63 21 26 12 82 43 87 65 85 28 50 58 8 92 56 67 75 46 77 9 34 27 49 54 36 61 78 59 96 72 39 79 48 31 18 5 69 15 10
83 40 7 12 65 32 28 69 53 24 45 52 81 39 21 3 10 89 63 92 50 37 33 80 62 18 49 16 42 26 46 94 84 19 71 2 20 48 4 82 30 9 79 27 86 97 11 23 57 98 93 15 99 72 36 35 44 75 51 59 47 68 29 25 31 1 78 88 13 91 77 100 60 76 56 34 74 58 38 55 17 70 67 87 85 6 96 43 14 22 5 54 73 61 90 41 95 64 8 66
35 44 60 10 82 38 47 97 11 2 30 68 91 8 87 7 67 66 16 40 45 21 49 14 33 65 23 4 12 34 17 98 13 73 72 28 89 20 78 19 26 39 70 42 36 24 77 76 29 69 63 80 54 62 93 25 88 56 59 84 31 22 9 48 6 83 18 46 52 37 92 3 41 51 61 43 57 53 32 71 55 96 58 86 50 94 79 90 100 75 99 74 1 85 27 5 15 95 64 81
14 46 34 11 16 28 60 93 31 30 8 10 38 69 12 26 7 20 67 41 63 1 18 85 82 49 2 6 44 24 58 39 78 55 97 45 52 23 15 79 13 36 77 40 61 56 84 70 91 87 71 33 66 65 64 37 4 29 83 19 9 75 86 5 57 25 59 76 53 80 43 73 89 17 27 88 51 32 21 48 3 54 90 92 100 99 62 94 47 68 35 22 72 81 95 98 74 50 96 42
28 38 48 43 36 46 72 87 66 22 34 16 79 63 41 21 99 24 12 35 2 3 80 4 30 69 40 15 25 5 77 27 68 18 47 32 78 17 58 29 52 67 8 93 50 44 19 33 89 10 83 23 53 14 31 64 100 57 55 88 98 59 74 76 54 94 81 70 51 92 26 75 82 13 73 86 85 11 42 6 97 71 1 39 9 96 84 65 7 56 91 90 95 20 60 45 62 37 49 61
91 48 19 47 39 41 65 36 33 5 92 22 40 70 63 51 53 14 56 3 55 74 54 15 76 30 20 12 61 78 66 71 35 45 32 49 84 24 16 57 100 6 98 80 34 31 73 79 52 77 99 43 44 4 26 83 60 97 93 9 68 10 69 38 25 50 58 29 94 42 64 82 59 85 1 2 95 17 23 21 90 81 96 27 62 37 11 13 72 46 28 67 89 8 88 75 87 86 7 18
59 33 47 25 63 17 86 89 56 82 29 1 14 4 36 54 15 67 30 95 80 8 66 3 28 20 91 26 81 94 23 12 46 87 37 24 35 73 98 48 74 72 38 41 10 11 79 51 19 44 75 99 43 97 71 84 62 42 96 31 70 100 53 39 92 27 13 57 16 7 22 65 76 2 88 83 61 18 6 90 69 55 78 60 58 85 32 49 34 45 64 68 40 9 50 21 77 52 93 5
81 88 61 15 29 83 48 63 58 18 33 99 84 60 42 66 5 90 13 39 37 87 95 54 38 77 98 46 45 72 80 74 85 31 22 57 43 44 32 16 96 10 62 67 47 100 14 4 69 65 28 97 23 89 92 76 82 9 25 86 52 24 2 75 49 78 11 94 68 40 1 51 50 34 30 71 93 64 79 7 35 36 6 53 19 12 73 8 91 20 3 41 21 17 56 70 59 26 55 27
21 34 70 39 48 76 11 51 30 62 98 49 47 33 40 95 12 37 86 93 92 85 31 69 27 100 3 17 77 71 75 80 56 79 87 14 13 28 22 99 83 38 44 4 59 61 64 1 60 72 16 26 19 24 68 52 29 73 94 66 46 20 23 58 55 97 67 15 42 9 54 91 96 81 65 53 90 36 18 43 88 5 82 25 41 2 8 35 32 6 50 7 63 89 57 84 45 74 10 78
13 80 28 63 53 11 95 86 62 83 91 55 3 10 4 5 42 74 93 33 38 98 1 92 100 17 51 68 82 57 49 44 99 69 84 58 30 75 73 96 41 23 90 37 78 12 36 85 56 61 50 34 26 79 76 66 72 60 67 39 32 70 94 35 8 52 22 45 20 27 81 43 46 14 24 7 64 21 15 65 77 18 29 2 6 59 89 31 25 16 9 47 88 87 48 19 54 71 40 97
5 18 52 44 10 79 40 100 71 17 97 89 72 77 6 83 85 3 35 98 19 68 91 90 78 8 64 42 99 38 20 30 37 60 9 33 41 36 86 31 62 1 2 55 93 57 59 54 63 16 24 84 92 15 25 23 43 69 48 81 14 50 75 82 80 76 28 22 87 73 74 70 56 32 67 65 47 96 45 58 66 27 61 95 49 4 26 34 11 7 88 51 29 39 53 46 21 12 13 94
64 81 89 79 23 6 61 40 8 97 10 39 67 41 83 27 19 31 75 84 46 69 9 24 12 99 68 74 70 16 1 15 77 13 55 72 11 38 43 91 88 4 51 52 35 50 66 71 98 17 25 76 82 37 14 42 59 65 5 36 21 94 20 18 96 49 73 26 29 54 63 33 53 47 90 92 7 95 48 30 62 100 2 32 34 60 22 28 45 3 87 78 56 80 85 58 93 57 44 86
33 89 67 73 62 77 1 43 9 53 75 66 50 57 56 87 4 41 40 20 98 60 76 72 21 79 46 85 17 22 44 34 71 16 5 95 10 45 7 18 2 90 81 92 58 88 13 12 25 27 29 6 11 86 55 36 14 30 65 8 64 3 70 84 47 28 82 99 38 23 94 37 49 19 54 80 42 78 69 74 83 97 31 59 68 51 35 32 24 39 93 15 52 100 91 61 96 48 26 63
2 1 59 29 11 90 55 57 81 6 27 100 35 82 31 73 38 80 61 18 44 95 10 91 7 51 48 66 60 17 67 32 5 58 45 37 79 9 77 85 3 63 76 12 96 20 68 34 84 52 87 98 70 30 40 54 24 88 46 53 56 47 33 21 83 26 50 13 28 22 89 64 74 65 78 41 4 69 49 62 42 93 25 75 99 8 39 23 15 36 86 97 19 94 14 72 16 43 92 71
57 93 1 53 18 89 21 52 85 58 38 15 84 91 73 43 48 8 25 66 10 9 86 81 35 27 56 76 59 14 72 17 65 97 61 79 39 78 3 90 42 44 64 23 46 63 45 92 80 13 19 68 32 36 41 49 54 40 22 34 55 30 29 33 28 95 12 60 83 6 50 26 31 37 5 16 75 71 67 20 7 69 51 11 4 94 87 47 82 100 70 96 74 88 2 62 98 24 99 77
19 25 91 6 70 33 62 58 27 56 12 13 75 71 54 92 35 79 3 4 18 88 43 1 49 42 30 8 7 9 85 74 48 72 40 55 15 50 65 36 73 93 52 95 37 47 44 14 38 22 45 41 17 63 29 21 67 16 31 23 76 46 51 86 78 39 2 10 81 53 34 11 5 57 84 89 87 60 100 61 32 83 68 28 69 26 24 64 96 97 94 82 66 77 99 20 80 98 90 59
43 29 21 5 22 63 20 34 15 3 19 38 52 95 39 17 6 32 97 64 4 7 46 55 37 28 67 60 80 45 89 26 40 57 18 66 77 13 49 83 69 48 85 87 70 79 9 59 86 25 56 2 8 88 51 61 47 33 16 96 31 91 90 11 82 27 24 58 30 93 100 84 10 44 35 68 94 12 98 73 50 41 42 72 23 54 99 36 1 62 76 74 65 53 92 14 81 71 78 75
22 75 8 89 52 1 32 91 4 94 46 60 9 90 43 70 36 42 31 85 80 61 68 5 83 37 12 19 10 71 50 62 38 23 49 17 6 2 64 20 93 40 87 96 33 18 56 74 78 47 51 28 3 26 97 41 15 13 14 24 45 81 39 57 7 73 77 100 84 63 25 69 35 29 82 67 34 92 95 44 48 53 79 99 65 55 98 54 66 76 58 59 16 72 30 11 88 27 86 21
8 52 68 18 17 87 13 31 50 21 14 2 41 35 11 12 26 70 90 9 28 5 23 6 43 22 32 36 47 53 86 66 4 25 46 7 95 51 24 44 64 79 15 45 54 96 74 29 10 67 78 75 40 33 58 37 89 71 39 61 88 60 55 20 30 99 100 93 76 34 80 19 63 98 48 3 59 49 84 42 16 92 72 62 27 1 57 97 94 82 81 65 85 38 83 77 69 91 73 56
61 6 12 55 16 67 5 48 51 1 76 73 80 30 45 8 63 68 39 7 58 4 69 46 18 23 86 82 96 28 56 42 62 93 14 38 97 94 84 88 75 77 10 26 3 21 47 44 49 33 92 57 52 66 11 71 87 85 27 100 41 9 13 70 91 40 31 83 25 36 99 35 50 43 2 17 24 98 81 32 19 20 22 79 37 53 15 72 65 54 59 29 90 34 78 95 74 89 60 64
47 84 30 2 72 37 67 21 40 69 42 75 29 94 10 41 87 60 11 22 65 18 70 38 36 64 54 33 23 63 25 24 32 6 39 15 88 91 12 89 59 31 4 9 45 71 27 8 51 5 86 53 35 28 83 20 97 81 79 7 3 61 1 73 100 85 62 43 44 90 95 13 98 26 16 66 14 46 19 68 96 50 17 77 57 78 82 99 55 48 80 49 34 52 93 92 76 74 56 58
18 80 45 50 55 40 8 14 60 28 61 7 22 87 90 65 29 43 4 89 49 16 88 23 3 75 41 9 24 100 31 46 57 36 92 68 27 73 59 74 63 70 25 38 26 91 6 37 11 15 47 95 97 83 62 86 1 99 82 84 78 76 35 39 48 98 85 42 54 94 33 96 51 5 81 30 12 52 72 34 58 79 71 13 53 77 10 93 17 69 66 19 64 21 44 32 2 56 67 20
25 49 13 70 19 68 96 85 16 8 36 53 1 2 86 4 69 74 23 6 41 37 65 20 91 58 55 44 30 27 90 83 95 22 3 78 32 29 93 73 45 62 11 28 72 43 15 97 21 80 34 5 88 47 71 84 61 10 81 33 100 35 99 7 98 94 48 79 14 12 59 52 39 24 42 26 82 31 92 64 76 77 66 57 56 40 9 89 46 51 54 17 38 18 50 63 75 60 87 67
70 65 27 58 61 80 36 75 95 10 20 31 48 66 53 42 51 11 73 90 17 91 84 19 8 4 69 56 83 94 9 35 87 89 26 25 62 41 54 47 24 3 13 71 50 38 33 46 74 100 12 14 81 96 44 98 57 77 45 97 6 15 28 99 34 92 32 23 2 30 76 68 7 82 40 93 5 72 64 1 79 37 39 21 22 29 85 86 88 49 52 60 18 55 67 78 63 59 16 43
36 5 14 59 100 24 29 89 6 74 73 41 39 50 23 91 90 81 47 96 22 56 38 53 4 19 35 58 26 65 78 45 64 84 34 44 12 83 88 95 9 42 61 32 20 99 97 98 16 1 57 70 85 69 27 15 2 55 87 76 48 8 40 92 94 93 51 66 17 82 7 79 75 62 18 71 72 68 33 11 52 46 21 10 86 3 49 80 43 63 60 28 77 13 37 67 30 54 25 31
23 43 73 74 68 84 90 1 71 91 87 72 97 28 59 34 2 15 89 86 24 100 50 83 32 52 27 63 18 80 93 94 11 54 17 88 85 82 62 64 16 69 7 81 53 98 99 66 33 92 95 37 38 78 35 48 31 96 8 79 40 12 61 49 39 22 30 67 4 76 75 6 13 21 29 10 26 41 9 45 47 14 55 65 51 19 5 57 20 60 77 56 70 36 46 25 58 42 3 44
90 91 62 94 13 54 81 38 100 85 16 70 39 84 78 68 73 59 27 37 30 77 92 57 98 87 93 72 51 97 79 80 20 74 75 45 99 88 47 5 1 89 55 29 52 48 42 28 53 95 76 82 83 64 60 10 96 50 15 67 66 18 7 56 32 63 25 44 33 71 49 2 21 58 3 19 23 65 43 46 26 4 86 69 8 24 12 22 9 40 17 11 14 61 36 35 6 31 34 41
86 7 97 66 85 18 73 37 1 80 83 78 82 52 38 49 88 4 57 55 67 76 45 99 48 56 92 71 53 95 40 59 93 15 65 63 96 5 70 51 98 100 12 17 11 61 46 20 68 54 32 81 21 3 69 60 64 28 62 31 94 79 84 42 90 91 72 75 19 9 41 24 26 50 6 39 77 25 22 35 44 10 13 58 43 30 87 16 33 74 14 89 47 2 29 8 27 36 23 34
32 97 55 52 96 31 43 25 45 67 71 42 93 53 92 72 86 37 58 83 64 9 99 95 47 98 88 78 79 49 80 38 54 46 1 6 63 35 51 30 57 8 28 66 14 75 82 73 65 48 94 44 77 17 100 87 22 76 36 62 69 16 74 85 59 21 68 40 34 60 29 7 90 10 41 89 3 23 27 39 81 15 12 56 50 11 5 70 2 13 18 61 33 4 24 84 26 20 91 19
65 95 98 80 79 78 57 39 82 41 62 69 5 68 36 63 33 73 44 74 71 55 48 86 25 27 9 47 13 66 2 40 18 12 83 96 70 34 72 93 17 20 99 50 31 87 76 58 61 94 6 54 100 60 42 30 75 4 85 52 91 43 92 1 88 3 14 21 89 10 46 56 81 97 77 45 26 7 29 90 51 19 37 32 16 23 8 24 38 11 49 28 59 84 35 67 53 22 64 15
68 86 29 39 73 16 51 36 57 44 48 37 19 71 55 59 79 22 67 50 20 8 75 45 65 38 100 96 74 88 94 70 92 7 28 66 41 56 30 4 15 9 40 99 77 46 60 82 90 27 35 85 98 76 89 64 63 58 32 81 47 78 83 25 18 26 17 52 5 69 12 34 54 80 11 87 1 13 53 31 62 23 3 49 10 42 84 2 21 72 43 91 24 97 33 61 95 6 93 14
60 24 2 96 45 69 88 83 77 79 58 39 81 46 89 82 93 52 90 99 50 44 74 94 29 92 37 51 40 59 6 22 43 33 56 13 75 11 18 100 86 54 36 14 20 5 9 53 30 42 21 48 95 34 8 26 76 68 28 16 64 7 19 67 17 49 72 87 31 55 35 91 57 63 23 80 47 61 10 32 65 62 27 25 97 85 73 12 78 71 41 3 4 66 1 70 15 84 98 38
9 88 25 5 20 17 70 82 62 35 32 55 91 38 3 46 92 18 98 75 13 28 30 54 85 14 77 43 100 79 72 53 96 67 33 27 1 12 97 78 80 83 42 16 47 58 36 94 41 24 87 4 73 52 21 89 50 19 34 69 45 44 26 40 29 22 74 11 39 49 37 65 60 48 61 68 64 10 56 59 71 66 84 31 8 63 93 7 15 90 51 95 2 76 81 99 86 23 57 6
59 16 73 78 21 84 58 88 85 92 87 89 63 13 99 38 94 45 15 66 79 49 31 75 4 20 35 30 51 46 100 68 7 33 67 44 25 96 14 42 74 39 56 32 12 41 80 52 43 61 69 60 70 53 36 28 22 47 76 57 37 8 23 98 17 83 65 2 50 62 82 27 72 95 55 64 97 6 40 71 26 48 77 10 9 86 24 5 18 81 29 93 54 1 19 91 3 34 90 11
50 94 71 73 63 100 35 60 2 62 96 49 30 39 83 74 85 91 61 53 59 56 28 57 46 29 17 20 34 97 80 38 9 77 82 67 68 11 26 5 78 66 42 37 15 65 75 19 23 21 32 12 43 25 87 48 64 3 40 36 8 47 55 58 72 93 13 69 88 70 22 51 44 18 45 27 31 41 52 16 24 6 86 14 1 54 90 33 95 99 10 76 7 79 84 98 92 81 89 4
30 100 29 28 33 11 94 51 36 78 63 66 25 38 32 5 42 57 27 8 48 64 4 31 65 10 68 22 19 17 2 40 7 3 45 20 35 46 52 56 15 23 69 47 43 39 96 13 89 72 84 59 21 76 1 55 14 44 18 12 9 70 74 49 53 50 99 77 71 41 81 34 37 54 73 95 62 87 75 92 6 61 98 24 60 58 16 80 90 86 26 67 97 82 91 83 79 85 88 93
69 18 83 77 36 20 82 7 38 41 48 15 50 19 47 45 65 26 31 73 100 51 25 75 40 16 24 32 64 88 4 6 72 10 56 14 30 37 46 52 9 28 62 99 1 59 68 58 8 39 71 70 57 29 92 78 49 12 5 87 66 93 33 81 74 90 67 17 23 86 61 76 21 3 11 98 13 35 96 44 54 22 60 42 43 34 53 95 63 89 2 55 84 27 97 79 91 80 94 85
37 33 65 45 21 62 29 57 42 44 24 56 64 46 17 49 52 90 35 13 5 93 7 16 10 53 60 26 55 69 6 77 34 38 22 61 50 39 99 27 83 4 41 72 81 11 63 47 19 40 30 48 20 3 18 59 82 28 43 95 70 66 58 31 79 84 51 71 67 54 12 32 74 36 8 76 87 9 1 75 88 14 2 97 92 25 89 23 91 15 98 100 78 86 80 96 94 68 85 73
39 43 24 35 95 32 48 29 14 31 55 44 19 26 40 27 37 10 57 47 59 12 9 3 54 33 51 18 66 80 11 82 76 84 25 56 22 34 60 16 71 53 15 5 61 28 79 6 98 65 7 8 50 13 21 42 23 49 99 62 4 67 78 36 41 1 68 38 63 20 46 90 96 88 30 92 93 45 75 86 100 17 97 94 91 2 83 70 64 74 73 72 81 87 85 89 77 58 69 52
86 69 64 40 62 51 97 41 8 50 72 57 32 28 9 82 15 42 29 26 6 63 3 95 5 21 10 68 45 49 36 27 46 59 87 52 79 4 14 18 47 99 44 17 25 31 73 54 56 16 76 13 19 12 60 66 2 48 34 39 35 7 90 55 23 77 92 22 33 85 20 24 93 1 58 81 88 37 96 65 53 67 75 98 89 30 80 61 38 84 43 83 70 91 11 94 78 100 74 71
16 17 66 52 10 72 11 28 56 15 86 59 20 19 42 57 78 8 89 37 30 6 27 25 48 51 81 24 40 46 34 39 5 43 9 93 21 98 90 23 54 61 7 13 64 47 65 32 58 45 36 29 3 53 69 38 63 50 76 31 14 62 18 26 99 44 41 12 87 4 71 33 1 60 97 35 67 68 55 49 2 91 77 88 83 100 75 96 84 73 95 22 92 80 74 85 70 94 79 82
29 81 38 66 54 100 35 44 9 64 62 11 72 77 23 16 79 4 3 31 69 59 50 2 98 42 57 85 18 45 20 90 41 51 17 88 12 28 73 7 74 49 55 30 13 78 5 53 25 32 75 99 48 34 84 14 43 58 96 8 52 24 21 92 39 63 22 26 36 37 1 6 76 89 27 10 60 91 15 83 86 47 82 95 19 97 61 94 40 80 87 33 68 56 71 93 65 67 70 46
5 2 28 64 29 76 80 33 58 85 13 51 23 37 38 50 24 15 43 55 88 96 35 40 86 61 21 17 20 14 60 87 44 31 75 8 10 84 45 100 62 7 27 41 71 12 83 19 59 48 94 34 9 67 99 36 73 6 18 52 98 74 81 91 1 82 30 11 65 32 66 97 49 93 77 53 3 25 22 56 92 63 42 69 26 89 95 54 78 70 16 39 46 4 79 68 47 57 72 90
36 69 68 74 71 44 25 32 30 67 60 41 17 54 34 73 47 12 13 53 48 98 61 24 20 59 49 38 26 64 3 18 37 28 5 16 31 62 40 51 70 86 29 57 10 19 45 81 33 21 35 46 1 22 7 15 99 96 42 93 97 39 8 4 92 2 14 6 56 82 84 88 95 83 23 85 90 100 78 79 66 27 94 91 87 11 76 75 80 63 9 43 50 89 65 72 58 52 77 55
64 5 95 62 9 83 56 96 81 37 18 97 61 33 13 84 12 3 39 38 60 85 32 35 46 52 78 66 79 87 1 75 21 8 28 51 43 53 70 36 41 34 99 11 14 25 31 20 65 19 74 44 86 69 42 17 24 91 6 4 7 16 93 82 2 76 23 48 22 100 72 94 29 49 90 63 98 67 88 10 47 15 80 89 68 50 26 71 45 27 77 92 30 73 57 58 59 54 55 40
27 24 67 26 82 61 57 40 47 60 73 46 8 34 52 62 88 58 42 45 13 38 20 84 11 49 92 74 19 3 23 59 70 39 7 29 64 5 30 31 43 17 76 4 51 72 14 98 18 87 81 1 85 9 95 32 15 93 36 21 48 55 96 75 90 100 97 2 6 16 69 54 99 53 79 83 91 89 71 78 77 94 25 86 10 12 63 35 56 22 65 68 80 28 33 66 50 37 41 44
20 45 97 56 59 92 90 2 73 51 82 42 21 68 4 11 30 89 8 18 24 48 75 29 72 87 77 65 16 61 7 44 49 41 13 5 85 10 9 28 33 19 80 55 32 50 1 52 96 17 22 62 99 15 14 34 79 98 37 76 40 12 47 3 63 88 93 94 100 81 39 95 86 67 31 91 23 26 6 27 83 36 78 58 54 38 70 57 71 43 60 66 25 74 53 46 84 64 69 35
73 21 16 25 23 69 2 97 44 61 90 88 51 57 20 40 67 36 62 33 15 14 71 94 19 6 27 72 46 65 79 4 53 12 34 43 37 18 22 60 66 84 28 39 30 80 99 10 35 98 95 87 32 89 9 1 59 3 78 5 63 58 100 93 76 96 86 92 8 17 31 83 91 50 29 47 56 81 82 68 55 26 70 11 85 24 74 49 42 13 7 52 77 75 64 45 38 48 54 41
46 91 98 30 2 54 50 70 31 17 29 69 57 8 3 34 4 52 47 64 32 33 38 86 55 79 18 14 43 36 13 9 81 49 78 73 11 92 51 99 42 72 95 67 97 48 59 5 84 1 6 96 26 16 93 25 76 27 71 10 89 100 53 19 85 7 39 44 94 83 41 40 75 21 65 77 35 90 68 20 74 80 12 87 58 88 66 22 37 60 82 15 24 63 56 62 28 45 61 23
10 87 47 49 15 59 43 100 77 9 16 25 12 22 26 83 5 1 40 85 20 41 21 90 27 65 80 78 17 23 92 34 18 79 48 37 8 60 99 98 96 42 69 81 11 2 88 51 7 95 45 76 93 97 82 35 31 24 52 68 94 84 75 44 14 67 28 3 19 91 54 89 61 74 6 13 72 57 62 29 63 71 53 39 86 33 38 55 30 4 64 58 73 70 46 56 66 50 32 36
85 47 62 16 48 13 22 38 29 86 83 63 15 21 59 93 60 31 75 9 90 74 76 37 32 11 72 49 100 95 67 71 99 66 65 33 36 45 42 25 57 78 56 27 80 98 97 1 69 89 50 39 92 17 91 52 51 84 87 43 96 79 20 8 94 6 88 55 82 73 23 64 53 58 5 70 4 77 28 61 40 12 68 81 35 19 30 46 54 41 26 2 3 14 24 18 7 10 44 34
72 62 51 78 11 81 85 34 71 18 27 8 3 10 92 74 84 99 58 75 68 82 66 7 45 46 28 96 21 29 94 49 22 54 43 23 70 30 97 4 16 36 40 65 17 1 95 80 12 60 93 47 6 24 100 13 87 76 15 67 33 86 44 77 88 39 83 91 32 35 19 73 89 90 98 38 20 14 79 42 5 2 52 53 63 26 56 31 9 55 50 41 69 64 59 57 61 25 48 37
81 34 94 38 13 78 84 16 23 35 4 65 58 60 54 1 33 76 21 39 67 24 83 61 25 17 5 90 70 37 100 12 96 14 55 99 93 43 98 48 89 56 63 91 92 7 29 85 95 3 97 68 82 57 27 40 50 72 8 20 77 18 11 71 32 87 26 66 75 80 74 79 46 2 88 15 86 10 44 36 9 73 6 28 45 69 51 64 19 59 62 47 42 22 52 41 53 49 30 31
23 50 58 8 43 5 88 35 48 84 26 70 45 31 72 59 41 62 16 83 64 77 78 1 9 92 53 98 6 66 82 15 11 7 74 24 40 96 10 71 22 18 20 87 95 99 76 27 91 93 55 81 60 37 68 57 90 100 85 79 69 3 94 97 29 25 73 21 12 89 14 86 19 32 67 33 63 80 13 46 56 4 61 75 52 65 49 2 28 42 17 54 47 39 51 38 36 44 34 30
52 64 50 92 79 35 94 87 15 45 91 24 14 53 82 46 2 21 22 5 71 65 26 80 31 77 88 97 54 33 78 95 93 98 57 69 99 58 17 68 1 27 90 18 59 100 48 30 63 81 28 61 13 60 76 10 96 37 75 11 83 36 9 34 55 66 25 89 85 7 42 62 47 4 12 23 84 86 29 74 72 44 67 3 70 51 39 16 73 32 41 56 8 49 6 19 20 43 40 38
68 9 42 80 53 24 81 63 67 52 71 77 90 98 48 32 28 55 60 50 22 47 12 74 1 56 85 7 13 79 59 100 61 87 96 82 58 99 26 95 8 69 84 76 5 70 66 91 16 92 64 30 83 93 25 23 62 41 94 89 19 78 2 17 31 97 21 40 4 10 88 57 65 38 86 75 15 29 33 73 49 18 3 72 44 27 46 34 11 20 51 45 43 37 39 35 54 36 6 14
17 86 55 31 75 85 51 43 82 46 9 23 69 41 24 66 25 59 30 84 21 89 96 81 74 93 3 16 1 10 87 99 100 53 90 6 15 83 72 91 78 12 67 44 62 95 38 49 13 94 98 4 71 5 56 88 54 73 29 2 57 97 92 42 18 28 64 65 68 76 40 60 79 27 63 19 77 7 45 58 80 52 8 70 47 35 34 50 26 61 37 11 39 32 48 36 14 20 33 22
62 20 31 22 96 87 66 94 1 92 65 95 43 88 76 63 45 93 84 91 79 26 77 83 47 38 98 46 99 18 50 53 56 15 37 59 39 12 32 6 72 14 81 85 89 58 25 68 60 82 57 97 100 52 67 7 9 64 61 86 90 21 19 10 80 78 17 4 24 27 75 70 73 33 54 69 74 36 34 41 23 35 55 71 49 48 3 8 2 11 29 40 13 16 5 30 44 42 51 28
34 7 59 69 93 90 16 52 87 74 58 28 76 32 39 78 73 81 51 4 72 75 44 55 14 99 45 80 82 91 49 10 20 46 83 86 100 33 95 30 98 1 48 89 36 97 84 94 29 68 96 54 23 50 85 60 53 5 67 9 92 77 79 35 8 62 57 88 66 64 24 21 26 47 18 65 61 71 56 11 70 19 63 41 6 42 15 12 27 40 22 3 2 17 37 25 43 31 38 13
84 8 100 83 18 12 55 4 74 80 33 21 47 50 79 20 90 88 34 93 85 87 99 39 66 43 82 58 77 72 63 98 23 95 1 81 54 27 91 96 92 64 89 73 86 75 94 28 44 76 16 19 17 36 13 11 5 9 97 56 61 53 40 48 70 68 69 7 42 78 15 67 22 14 10 71 37 6 30 62 52 25 31 65 46 3 60 41 57 38 49 32 59 51 2 24 26 35 45 29
69 97 14 15 84 22 58 89 72 20 59 82 56 52 75 54 16 87 85 78 45 70 68 99 29 8 62 95 90 1 98 91 50 27 63 79 96 36 18 93 86 100 88 80 77 94 60 4 92 64 9 42 76 35 57 6 65 19 12 26 55 83 66 5 49 81 74 67 17 40 7 61 31 23 3 41 71 38 24 37 73 46 48 2 33 10 28 47 43 30 39 51 53 44 34 21 25 11 13 32
58 54 61 96 3 18 73 65 27 83 45 78 67 74 15 91 66 7 95 86 75 68 1 82 90 98 100 92 81 9 99 60 84 44 93 72 13 63 28 85 48 97 87 94 2 57 64 39 80 26 69 89 8 79 12 76 29 55 30 70 51 50 17 88 53 52 16 77 41 71 35 38 11 62 19 22 49 23 10 47 42 5 43 56 4 59 25 21 34 14 32 46 40 24 36 20 31 33 37 6
90 100 20 87 34 75 4 86 5 79 49 99 82 1 58 81 92 40 55 95 91 72 19 73 39 48 66 76 67 98 93 94 97 63 71 96 74 9 89 78 38 59 12 68 88 46 21 77 57 37 52 84 54 85 64 44 47 42 62 83 2 43 6 18 26 3 70 15 61 33 17 30 56 41 80 16 29 13 53 7 69 10 51 60 50 23 22 36 32 45 31 14 28 65 35 11 8 24 25 27
75 13 17 71 1 2 79 61 90 91 66 98 78 80 21 72 83 30 68 99 37 100 97 53 87 96 95 70 38 89 44 93 85 47 33 55 86 88 46 84 94 92 60 29 74 76 58 82 67 42 65 22 77 64 15 62 27 4 63 69 49 6 56 59 20 12 11 9 10 57 73 43 34 81 24 8 54 16 52 40 3 28 41 48 51 5 50 7 25 39 18 35 32 36 31 14 45 23 26 19
3 89 91 59 77 43 87 42 99 32 84 45 88 4 96 98 86 56 97 1 78 21 95 72 28 100 44 63 74 93 75 80 92 62 94 58 19 85 48 67 17 90 64 61 53 83 81 66 76 73 70 82 11 71 31 46 34 68 41 54 18 26 60 22 47 79 29 69 16 51 49 7 5 8 57 50 39 65 40 24 38 9 35 52 55 37 12 14 20 36 2 25 33 13 27 23 30 6 10 15
41 76 89 79 65 97 70 58 6 81 96 1 93 91 73 68 95 100 25 98 50 99 92 64 52 19 94 42 88 59 55 57 77 86 84 60 67 35 83 90 80 10 78 66 69 74 82 71 53 62 54 85 47 39 48 63 45 87 49 51 17 27 7 72 46 21 61 75 13 26 29 56 40 34 44 9 22 18 37 43 11 32 15 12 38 36 2 28 24 3 14 30 31 33 20 4 5 8 23 16
65 31 70 77 90 73 86 1 80 82 47 83 92 99 66 95 94 68 28 96 100 76 79 91 85 18 93 62 98 69 40 81 64 74 58 89 63 75 88 87 53 67 71 19 57 84 61 35 97 54 21 37 45 49 78 51 55 17 25 44 46 22 48 56 59 72 8 52 60 15 11 50 13 39 9 14 42 5 43 38 30 23 24 6 41 16 36 32 33 34 20 10 7 2 29 12 27 26 3 4
60 94 1 86 68 79 95 92 96 98 88 76 100 48 78 99 87 63 93 74 53 97 80 59 77 40 65 61 89 90 85 70 71 73 81 31 84 82 62 22 67 91 51 50 52 37 46 17 72 36 25 49 56 38 35 54 75 43 28 66 32 20 39 83 19 16 45 57 47 69 2 26 58 10 41 7 18 64 9 30 44 55 13 27 34 15 33 29 21 24 12 42 14 23 4 3 6 5 8 11
49 1 96 90 85 99 68 93 100 63 98 72 95 82 62 87 97 67 86 81 83 94 74 92 88 76 91 71 53 42 89 30 54 77 80 57 75 56 52 64 20 65 61 70 38 66 69 60 22 44 37 26 58 78 39 79 41 31 40 59 25 73 51 84 50 46 19 45 34 47 48 2 55 7 13 36 27 28 18 35 17 43 29 33 16 8 32 24 23 6 3 21 4 11 14 10 9 12 15 5
79 95 2 94 100 96 1 99 65 78 74 62 97 84 87 90 93 85 76 71 92 81 91 98 67 83 64 86 69 57 88 89 29 82 30 63 61 44 47 43 73 51 31 53 40 45 42 50 68 49 24 80 38 6 55 56 72 15 32 77 34 48 70 46 33 23 54 25 20 60 28 37 41 75 36 58 52 39 27 66 35 13 21 59 14 4 18 26 12 16 10 7 11 9 19 5 3 22 17 8
