363951 391592 319694 298599 279089 284273 259979 225097 225464 217355 210480 221933 195966 199511 194017 156279 162131 166022 156549 152340 146148 143142 149848 137272 133582 140841 129574 125030 126488 119734 116712 107836 110321 105780 101623 102339 99341 93836 96790 96875 89116 85445 83325 80910 80718 75559 73855 72122 68818 62887 65097 59715 54656 56603 55044 52954 49748 46796 44781 46119 46249 43917 41253 37611 34241 38455 35379 33451 34827 31333 30404 30685 27526 28687 28046 27771 27802 27341 26680 23282 24149 24087 22982 23529 21738 21018 21678 20362 19961 19253 19442 19376 18720 18986 17316 16541 17894 17561 16494 15190 15496 15350 14598 14874 14858 14447 13768 13709 13601 12960 12737 11684 12044 11563 10319 10430 9765 9510 9413 9593 8811 8666 8137 7531 7872 7807 7372 6478 6819 6760 6613 5880 5993 5855 5583 5583 5093 5198 5220 4977 4857 4722 4819 4535 4361 4250 3954 4126 3944 3995 3673 3733 3629 3603 3534 3549 3258 3232 3136 3208 3216 3082 3021 2962 2924 2940 2636 2613 2431 2537 2475 2278 2186 2395 2102 2013 2108 2039 1932 1992 1909 1824 1792 1746 1662 1581 1540 1593 1493 1458 1397 1420 1308 1322 1255 1146 1073 1127 1070 1011 1021 983 1023 957 934 957 907 851 856 850 811 795 801 742 687 718 684 674 687 627 618 577 599 594 597 567 550 552 545 544 514 516 479 474 448 455 445 440 421 387 366 369 385 377 376 346 342 317 320 313 286 283 280 272 255 252 260 243 232 216 227 210 200 200 197 190 187 177 166 175 150 157 137 144 145 143 138 128 136 133 130 126 118 119 116 108 115 114 106 106 98 100 95 95 95 96 91 94 82 82 75 77 75 74 71 71 70 70 63 66 59 60 62 55 56 51 54 52 50 45 46 45 45 40 43 39 39 37 37 38 35 33 34 31 30 31 28 29 29 27 25 27 25 24 25 23 21 21 21 20 22 19 20 19 18 19 18 17 17 16 16 16 15 14 14 14 14 14 13 12 13 12 11 11 11 11 11 10 11 10 10 9 9 9 9 8 8 8 7 7 7 7 6 6 6 6 6 6 6 6 5 5 5 5 5 5 5 5 5 4 4 4 4 4 4 4 4 4 4 3 3 3 3 3 3 3 3 3 3 3 3 3 2 2 2 2 2 2 2 2 2 2 2 2 2 2 1 1 1 1 1 1 1 1 1 1 1 1 1 1 1 1 1 1 1 1 1 1 1 1 1 1 1 1 1 1 1 1 1 1 1 1 1 1 1 1 1 1 1 1 1
73 89 74 88 24 72 87 18 85 20 36 17 86 55 25 53 58 71 81 29 9 61 77 45 51 84 32 19 38 12 93 14 40 44 4 65 60 83 49 28 62 78 79 35 10 3 54 26 52 6 7 56 41 33 59 90 37 67 21 13 50 100 43 23 96 34 1 22 27 8 63 66 92 91 80 42 98 39 70 48 95 30 64 46 68 11 99 47 97 5 69 94 76 57 31 2 75 15 82 16
82 50 26 79 58 42 67 19 66 15 36 81 55 30 60 75 64 62 96 70 9 80 77 83 8 73 52 45 72 48 28 87 21 13 43 33 71 98 16 76 65 10 1 17 69 54 49 92 97 22 23 57 90 29 61 31 85 34 7 99 18 11 91 35 68 89 39 78 59 25 37 41 56 4 74 51 93 32 88 53 27 44 6 14 20 63 95 3 40 5 47 94 100 12 38 2 46 24 84 86
9 38 87 99 76 92 16 37 1 93 34 74 69 22 89 12 47 72 24 78 14 50 26 94 40 49 97 30 66 63 80 25 15 11 6 57 8 95 64 39 32 65 82 62 58 3 36 68 33 83 60 31 48 41 53 42 55 10 100 52 17 79 86 45 59 19 75 98 67 81 21 43 28 91 51 61 46 2 54 7 88 96 90 85 56 4 84 77 44 35 23 71 20 5 18 29 70 73 27 13
39 47 21 68 35 16 24 10 71 73 28 17 11 49 77 98 3 2 29 9 40 88 5 93 51 65 94 19 69 96 83 33 37 80 72 97 34 64 89 91 42 52 58 1 57 100 74 59 70 12 82 8 30 23 36 90 62 61 79 60 48 14 31 53 56 84 22 50 18 6 92 54 86 44 7 78 95 25 45 26 99 41 81 46 32 66 13 67 27 87 43 55 76 38 15 20 4 63 85 75
52 82 81 88 26 29 17 56 97 87 80 12 79 8 4 90 68 43 48 69 13 27 70 78 39 61 100 99 21 76 98 38 40 53 14 2 10 20 1 72 66 67 32 44 46 49 51 85 50 83 35 75 65 31 73 15 60 91 3 25 33 30 7 42 96 34 63 9 95 92 45 28 6 22 74 36 24 54 41 23 77 89 59 71 18 62 55 94 58 86 64 16 37 57 5 47 19 11 93 84
48 18 74 53 56 33 88 15 50 81 36 1 86 31 71 44 49 77 82 84 94 34 3 13 43 99 93 67 61 80 30 22 2 7 38 75 51 35 39 32 62 76 28 97 10 27 20 89 79 6 100 17 16 90 47 8 54 42 69 63 9 11 59 14 25 98 46 83 55 23 37 60 57 4 95 19 68 12 5 96 66 78 26 73 91 52 24 21 41 70 87 40 64 29 92 45 72 65 85 58
50 89 43 64 23 2 54 27 83 36 28 91 88 75 11 32 25 9 33 22 85 35 71 26 70 3 20 30 4 65 79 29 15 81 47 13 74 37 56 59 55 73 100 57 66 24 87 12 62 72 44 39 67 7 94 82 21 45 80 17 78 76 93 60 52 49 1 98 41 69 63 86 8 84 10 42 61 5 68 48 97 14 46 40 16 19 95 51 96 6 53 38 58 90 31 77 99 18 34 92
35 50 56 83 71 94 87 21 75 49 31 80 82 15 76 51 11 100 81 46 37 77 24 1 18 4 38 69 44 25 66 2 7 84 53 6 48 47 57 73 26 95 16 40 17 28 13 27 55 34 20 10 92 89 63 9 23 70 93 65 43 8 41 5 74 61 85 97 52 67 64 19 59 99 12 32 98 54 33 62 39 86 88 79 96 3 60 68 22 14 72 91 36 78 58 29 90 42 45 30
55 76 79 54 3 98 67 5 8 38 64 77 18 14 86 53 72 20 26 11 48 56 12 33 68 100 81 44 40 45 37 61 22 96 23 52 24 95 75 10 41 42 29 99 69 74 25 39 30 47 71 88 50 78 7 28 4 6 13 59 66 90 51 31 27 70 97 32 19 89 1 62 91 34 65 92 60 80 94 87 35 9 57 85 17 36 63 58 82 84 21 16 46 15 49 43 83 73 2 93
87 77 67 13 34 69 64 28 85 97 57 27 92 40 62 84 45 93 10 47 7 29 5 70 8 15 43 74 88 68 25 76 44 11 37 41 98 50 31 72 65 4 82 18 71 54 66 26 60 90 91 16 75 17 33 20 39 61 21 86 80 23 94 55 38 19 79 48 58 96 9 42 78 46 32 52 95 22 6 53 30 100 36 1 56 89 99 3 83 51 12 35 63 81 24 2 73 14 49 59
73 46 89 69 45 84 25 51 27 18 98 16 47 55 7 6 17 91 29 61 23 62 3 24 31 10 40 93 34 39 49 100 9 44 65 2 41 64 20 77 87 28 79 15 75 94 54 19 83 4 82 68 12 59 92 60 81 67 72 13 50 42 1 90 21 78 85 22 70 76 48 66 88 57 43 11 36 38 53 26 95 32 8 33 58 71 37 80 56 5 30 86 35 14 63 74 96 52 97 99
15 42 31 86 84 72 16 82 49 46 34 61 10 47 17 1 67 45 54 58 22 3 40 19 98 37 55 62 36 53 83 57 66 95 44 38 70 91 24 29 74 99 97 100 30 20 13 76 52 43 96 14 41 33 87 68 12 50 4 77 51 56 5 63 79 71 25 78 27 93 26 85 39 88 35 9 73 2 32 18 21 59 80 23 7 8 81 69 11 48 89 90 75 92 28 94 65 60 64 6
95 92 58 49 61 50 32 75 38 24 67 74 23 62 4 71 19 78 43 7 63 42 22 88 21 27 31 64 12 82 93 96 54 53 89 57 14 85 55 28 35 56 52 98 90 8 91 11 40 81 10 25 48 60 16 30 51 68 45 72 6 29 9 66 34 20 76 94 2 37 46 59 97 44 36 83 33 100 80 84 47 87 70 39 5 73 18 65 17 86 1 79 3 99 15 41 69 77 26 13
14 98 71 87 58 52 96 19 77 65 40 81 95 16 26 28 13 37 34 39 43 2 42 78 1 9 48 63 32 18 45 79 46 88 61 33 3 67 89 20 97 54 73 75 62 100 31 47 35 72 83 76 55 11 27 4 10 93 24 12 94 57 86 30 91 60 15 6 92 22 21 84 59 17 44 80 29 25 8 7 56 49 64 85 53 99 50 74 70 82 69 38 23 5 90 68 51 41 36 66
52 2 41 89 26 60 74 37 12 70 47 17 66 100 88 36 50 65 39 48 71 80 14 68 28 49 38 32 3 86 98 35 21 57 94 95 69 7 44 43 18 58 56 78 96 27 84 45 82 8 79 81 33 6 9 1 42 34 59 91 85 83 73 11 31 30 51 92 10 23 72 93 87 75 15 97 53 61 16 77 29 54 13 46 19 4 64 67 90 40 24 62 76 63 22 20 55 25 99 5
43 37 20 13 10 58 45 35 90 30 38 73 22 86 89 68 59 97 32 55 93 21 77 65 74 56 78 33 26 91 72 9 31 63 29 69 25 57 88 39 62 53 36 51 94 60 61 52 76 3 34 46 100 47 75 41 44 92 70 84 48 14 40 18 16 28 42 82 67 81 98 2 79 66 80 15 7 95 85 23 99 24 96 6 54 1 5 19 49 87 17 64 8 83 11 4 12 50 27 71
28 4 95 2 1 71 50 18 85 64 56 86 11 79 20 12 48 62 96 23 97 73 37 36 51 99 66 45 10 9 80 21 88 72 25 46 67 61 30 49 98 76 57 26 42 3 59 60 90 22 7 27 65 69 40 84 63 8 91 38 81 87 58 100 43 89 35 93 54 39 52 41 6 55 92 78 44 17 19 5 83 13 16 14 68 24 32 77 33 74 29 94 47 70 82 34 75 15 31 53
36 74 55 33 76 67 95 10 66 15 30 1 12 82 77 88 58 44 25 78 79 45 48 8 89 75 49 99 81 21 28 27 41 90 4 65 43 83 50 23 61 91 18 24 68 53 37 59 72 96 14 54 57 40 29 32 26 52 71 9 87 34 20 35 42 85 100 60 31 5 62 97 19 2 56 7 46 16 70 22 3 98 51 17 6 11 84 64 13 80 47 92 38 69 93 86 39 94 63 73
63 61 72 100 97 26 85 8 56 86 80 95 94 54 38 76 64 7 90 96 13 37 52 32 88 44 5 77 21 10 71 15 29 23 92 89 60 59 46 67 41 47 42 66 83 82 87 99 49 11 98 2 9 4 45 34 14 3 16 58 30 79 55 69 28 81 75 57 51 12 24 33 31 20 27 18 17 39 43 50 6 53 1 48 78 62 93 35 36 22 68 74 91 73 65 19 70 40 25 84
68 84 87 34 55 16 71 64 82 10 95 12 32 92 9 75 30 94 18 97 58 65 5 38 40 73 42 83 44 48 20 60 89 50 72 74 86 26 41 8 93 78 98 17 99 70 22 81 7 28 39 45 61 77 53 31 1 21 100 3 46 80 35 27 57 6 66 52 14 25 54 43 15 63 67 56 11 90 51 36 69 91 29 2 76 88 96 33 23 13 4 24 37 19 62 59 47 79 85 49
21 97 88 99 24 42 68 58 62 76 51 31 67 43 12 47 32 86 83 52 59 87 55 45 18 41 33 46 34 15 60 38 27 64 6 28 100 17 80 82 26 95 22 90 20 49 71 77 66 35 85 56 84 19 74 93 3 1 44 13 40 30 61 7 63 50 54 9 91 11 92 78 23 98 53 16 65 70 79 48 8 89 14 25 2 10 94 57 4 81 75 73 29 72 5 96 36 37 69 39
80 43 21 81 35 47 69 25 79 44 78 42 9 29 34 24 85 98 23 76 99 27 97 49 72 13 84 65 60 88 37 12 4 19 96 66 48 86 62 52 2 26 70 77 57 31 36 95 64 40 94 55 59 20 46 15 93 100 75 82 92 33 7 50 56 14 32 11 61 83 71 39 73 67 51 17 10 58 54 45 68 5 87 3 8 22 53 28 1 38 63 41 90 89 18 6 30 74 91 16
19 78 48 65 72 49 36 17 40 25 6 89 85 5 14 87 16 21 98 70 50 76 39 29 44 43 9 15 22 12 66 77 52 55 24 71 10 11 64 80 7 61 93 94 51 84 1 27 67 83 4 18 79 56 28 75 46 74 73 32 58 3 33 23 62 91 92 34 88 68 96 8 57 99 2 90 42 69 86 100 41 82 47 95 13 59 30 81 97 45 31 54 53 20 35 26 37 63 38 60
88 79 44 66 51 25 3 99 71 92 11 80 68 15 35 91 7 67 22 36 98 39 26 90 83 78 32 24 38 37 69 28 30 8 20 34 33 72 13 54 50 70 58 10 55 52 74 6 61 77 62 85 56 5 59 17 96 64 65 21 9 12 2 89 47 48 63 19 100 49 29 46 86 40 42 60 93 76 57 1 75 84 81 18 87 73 4 16 95 23 94 97 45 27 53 31 41 43 82 14
100 81 86 55 47 97 35 39 50 16 22 68 88 72 48 4 56 13 46 3 40 62 33 53 29 84 92 11 85 58 23 14 99 80 63 15 32 54 95 17 42 77 2 12 79 38 18 89 73 75 60 30 69 65 52 67 43 87 34 41 20 51 64 78 93 10 31 5 24 8 6 70 7 90 9 98 82 57 66 44 37 83 76 26 96 91 74 45 28 25 27 36 59 94 71 49 1 21 61 19
9 13 96 79 5 27 21 3 29 52 82 25 49 71 64 26 57 83 94 81 84 92 88 99 7 65 90 47 55 22 76 74 20 62 41 97 87 8 86 36 100 34 68 80 46 30 48 78 15 2 12 77 70 1 24 14 37 10 66 6 17 67 42 73 60 45 38 75 18 85 31 89 93 32 69 40 59 4 11 43 61 35 23 54 16 98 95 39 44 33 19 53 51 56 50 63 28 72 58 91
39 38 22 80 42 45 28 62 99 3 57 93 20 1 6 79 44 35 97 29 5 82 70 94 100 11 26 72 17 96 50 54 87 60 91 4 23 92 48 83 43 19 49 31 27 13 68 98 84 71 32 67 90 41 14 36 65 78 40 59 64 10 52 16 53 86 24 89 21 58 33 34 95 15 73 55 2 30 37 63 88 81 85 74 66 77 46 7 12 76 9 25 69 18 8 47 56 61 51 75
57 34 10 20 17 3 43 53 70 93 28 82 86 36 22 77 33 39 27 6 91 14 23 98 11 76 44 25 73 69 90 4 32 13 78 59 8 41 79 66 87 65 16 35 29 7 21 75 50 52 68 37 46 63 81 100 31 95 2 60 88 40 56 94 5 72 62 61 12 92 9 80 99 89 1 47 45 67 24 96 18 30 84 42 55 26 48 38 54 85 71 15 58 49 74 97 64 51 19 83
91 27 52 43 60 86 33 80 1 79 92 67 31 23 19 59 15 49 24 94 16 61 6 73 45 54 68 81 66 70 85 63 62 28 40 5 36 4 9 55 77 71 99 56 82 35 3 38 51 17 13 10 44 18 37 90 83 75 84 76 57 78 12 48 2 26 58 50 29 89 100 32 30 42 41 34 8 64 39 25 87 97 65 53 95 96 21 93 46 7 22 14 20 74 69 98 72 47 11 88
64 19 81 93 22 28 48 54 58 67 77 20 42 50 94 66 100 27 47 1 75 89 61 46 39 68 71 21 91 63 49 69 11 84 57 85 41 99 32 30 90 52 74 25 70 5 86 72 23 87 76 16 10 98 38 80 78 73 37 65 14 59 31 34 83 15 4 26 62 45 8 53 92 7 29 2 79 18 95 17 40 9 24 56 33 44 36 55 51 35 82 88 96 6 12 60 13 3 43 97
79 94 26 53 4 43 38 69 37 28 8 40 84 9 24 89 3 100 13 82 70 31 17 47 21 93 60 44 88 68 32 64 77 45 83 12 65 42 67 11 95 10 1 73 49 18 72 85 25 29 36 80 97 78 48 98 86 51 7 99 75 6 71 15 61 92 46 59 20 96 57 54 66 76 30 35 14 23 91 55 33 34 90 52 41 19 22 63 27 56 5 81 62 58 87 16 2 50 39 74
41 49 75 83 23 46 39 61 97 13 17 16 60 20 66 51 14 72 48 86 81 77 57 22 92 40 27 43 78 79 56 91 82 73 18 99 71 33 15 47 32 87 21 9 31 37 90 63 5 34 19 1 26 74 36 52 58 69 62 70 2 38 50 25 67 53 93 28 76 54 80 85 24 84 45 88 95 35 89 29 96 42 30 4 59 94 65 12 100 64 8 55 10 68 6 3 7 11 98 44
81 39 9 45 56 29 2 60 84 99 10 79 78 80 58 65 63 12 53 49 33 74 89 11 66 77 50 64 52 51 30 17 8 43 36 24 27 69 97 76 34 15 87 14 47 4 85 48 41 46 90 98 16 70 5 18 75 20 61 73 38 88 19 68 21 96 82 55 23 62 32 67 54 86 28 59 83 72 44 92 91 37 7 1 31 71 13 94 25 42 95 3 6 57 100 35 26 93 22 40
2 35 78 1 59 53 16 48 27 77 64 24 26 91 60 30 11 9 87 75 49 29 54 74 68 32 20 19 6 94 67 95 65 4 17 7 51 90 33 69 12 46 72 88 66 39 79 28 83 38 73 70 81 100 3 99 82 97 52 25 21 76 23 45 96 34 14 37 44 56 43 62 63 71 40 86 22 89 41 47 57 80 50 92 10 13 8 18 31 98 85 61 36 15 42 55 93 5 84 58
22 57 58 48 52 5 17 86 81 89 76 28 19 38 25 2 96 26 10 73 44 41 15 55 47 50 12 69 39 77 79 72 14 67 34 93 53 95 56 92 88 3 30 61 4 29 33 43 46 9 97 84 20 31 70 42 21 54 85 11 16 65 91 13 64 82 60 7 75 6 36 37 8 59 68 94 63 66 62 24 27 74 40 87 35 90 49 1 32 83 23 51 71 78 80 99 18 98 100 45
3 14 56 38 21 41 44 57 54 7 46 72 6 98 59 64 18 95 12 27 51 24 4 66 77 15 28 80 49 85 68 81 96 61 32 62 47 36 42 10 86 84 29 93 71 90 40 58 91 78 99 88 2 43 17 39 9 70 69 52 76 100 63 5 16 94 34 48 37 13 55 75 50 82 20 22 33 92 31 87 11 1 45 73 97 35 60 25 79 65 67 89 30 53 19 83 74 8 23 26
82 88 73 11 75 21 20 68 14 39 48 27 41 51 30 44 26 23 86 43 65 83 24 9 69 100 99 62 92 45 4 67 78 5 59 91 97 19 63 34 66 40 53 22 58 98 28 10 36 64 15 35 93 96 72 16 79 38 13 87 77 8 3 42 1 47 95 85 52 50 81 74 29 46 61 12 84 56 18 94 32 70 31 33 49 17 7 80 89 37 25 6 2 71 60 57 54 76 55 90
48 40 61 64 54 96 11 7 39 59 55 26 97 56 5 34 90 2 79 9 20 81 95 93 74 45 57 23 36 99 94 73 31 41 88 53 98 84 35 18 1 8 71 51 10 14 78 13 24 66 37 68 92 89 60 12 28 30 76 67 49 4 27 32 52 17 65 86 83 43 87 33 58 85 82 91 75 80 25 62 19 100 6 63 77 38 44 47 69 70 15 16 42 3 21 29 50 22 46 72
16 82 83 88 69 13 91 20 2 42 61 78 51 19 37 98 5 87 4 85 56 50 11 26 35 38 79 58 40 25 47 94 64 1 93 22 62 46 74 44 3 96 8 52 36 21 67 100 60 27 53 57 30 71 89 54 15 90 95 17 18 24 41 76 59 9 6 72 34 73 12 45 55 43 80 33 97 81 84 75 77 92 49 28 86 39 70 31 63 14 65 23 99 66 32 68 29 7 10 48
4 32 27 92 86 7 77 30 23 96 53 55 38 39 43 60 65 71 17 63 34 94 51 5 8 26 67 74 57 42 29 56 72 98 70 36 24 47 81 88 22 45 100 62 9 68 2 50 90 91 11 75 31 76 78 61 48 13 3 95 54 1 25 83 6 80 99 87 28 69 64 19 82 18 46 66 73 79 35 41 14 40 89 85 21 52 15 84 37 58 44 33 97 12 16 10 59 49 93 20
74 25 71 32 53 78 5 58 30 35 20 19 82 17 98 31 97 99 89 87 39 46 1 21 51 27 52 14 47 65 40 2 86 81 3 83 94 10 49 73 55 13 33 44 68 63 24 96 80 18 6 34 91 23 79 92 22 50 28 61 100 95 43 93 15 76 37 67 42 72 38 60 16 54 48 4 29 11 85 84 12 41 88 9 70 66 57 56 75 62 77 8 64 26 7 36 90 69 45 59
53 69 8 46 71 17 64 83 63 72 18 91 37 22 16 61 62 43 34 60 19 52 47 3 31 28 10 94 93 36 70 85 51 100 80 67 90 48 73 81 75 86 39 42 25 15 55 12 77 45 27 23 13 59 58 24 33 14 78 49 68 20 29 79 74 41 84 98 95 57 76 50 56 4 66 21 82 65 96 6 97 88 54 11 26 32 1 30 7 5 38 40 35 87 89 9 99 44 2 92
20 66 72 39 45 76 78 21 16 83 31 8 61 26 32 19 94 63 29 91 1 75 9 35 70 5 100 33 2 89 25 92 15 56 86 10 22 71 90 52 23 59 82 46 7 62 12 30 65 98 48 87 4 17 85 74 60 6 88 37 95 77 54 3 27 58 50 18 41 67 28 69 51 57 24 99 36 43 40 53 49 44 38 97 79 93 55 68 96 81 64 84 14 47 11 34 73 42 80 13
6 37 31 13 66 99 87 59 38 29 50 88 25 30 40 90 2 53 78 65 58 22 83 84 32 24 15 96 97 73 75 18 91 77 45 21 89 64 16 62 52 39 54 43 92 81 63 19 72 49 26 82 51 69 68 9 4 94 17 98 67 70 85 33 34 55 1 74 48 61 10 28 42 93 100 44 7 12 60 14 47 20 95 57 5 3 27 76 36 8 46 71 41 23 79 80 11 35 56 86
44 91 39 28 13 58 69 49 83 64 1 21 92 47 2 42 8 73 93 11 48 56 12 59 43 10 17 26 46 84 87 41 27 22 23 3 99 100 82 14 78 67 65 77 94 24 6 25 97 61 35 51 89 75 88 96 18 66 16 74 63 72 76 31 38 85 5 29 90 19 37 9 45 34 70 71 60 86 81 50 95 52 68 79 20 53 98 62 55 4 40 7 15 80 36 32 33 54 30 57
69 99 79 33 77 16 55 6 57 94 34 30 22 95 52 43 72 58 32 2 87 13 27 75 76 56 81 3 59 40 93 29 100 49 73 92 86 53 8 78 65 48 23 7 88 64 20 54 70 82 44 12 21 15 47 97 17 45 71 96 11 85 46 14 84 98 61 83 19 37 1 31 60 91 18 68 10 9 67 36 35 24 26 66 90 28 50 5 42 74 39 80 89 38 51 41 25 62 4 63
54 26 82 3 41 94 9 56 61 1 98 99 55 4 75 45 12 24 31 69 15 21 59 97 79 87 77 18 30 66 39 62 7 11 53 70 34 49 10 100 17 16 25 89 90 91 51 71 64 95 86 43 50 68 83 5 52 42 81 63 33 22 8 60 73 28 85 96 13 32 2 38 46 19 27 37 65 44 80 23 93 78 57 40 67 36 47 58 20 6 84 29 74 48 92 76 14 88 72 35
92 74 89 69 34 33 36 45 8 2 68 3 44 86 63 80 20 81 30 52 31 35 77 83 15 14 95 98 26 76 72 55 1 7 37 43 60 85 57 61 53 75 9 90 62 28 10 42 40 65 24 39 18 25 6 27 54 91 70 58 59 93 11 47 79 22 41 82 78 29 48 84 13 56 17 19 12 5 88 49 50 96 66 71 94 23 64 51 38 67 16 99 46 32 4 100 21 73 97 87
40 65 95 81 36 75 7 64 48 30 99 22 45 10 74 20 9 89 50 17 93 96 67 1 72 31 58 71 4 82 35 87 53 32 14 78 69 56 85 60 62 51 28 16 12 88 49 3 34 47 23 29 98 80 42 8 6 92 77 55 70 84 94 44 25 100 57 97 73 66 63 41 79 13 39 61 11 26 68 38 76 46 18 91 24 15 37 90 33 86 54 21 5 83 27 2 19 59 52 43
76 60 55 54 3 14 26 84 49 47 15 10 57 31 42 27 78 46 91 22 73 7 87 52 56 93 39 38 48 11 24 71 94 64 8 13 67 50 77 59 35 80 17 32 19 1 66 51 45 4 2 63 75 21 61 95 99 43 68 28 90 25 74 96 9 89 23 16 69 34 40 20 83 44 58 62 92 97 12 33 98 5 41 30 18 70 53 37 81 88 72 36 100 29 82 86 6 85 79 65
50 75 80 72 11 12 60 29 92 73 36 95 47 14 76 55 21 18 84 62 85 97 52 13 41 57 93 37 10 1 98 9 56 89 46 63 61 15 70 65 20 82 27 99 17 34 7 33 35 3 40 6 78 38 96 49 44 26 45 86 43 90 51 39 23 2 91 25 32 28 74 42 100 66 67 79 5 54 94 83 30 53 81 48 68 58 19 22 71 16 88 64 87 69 77 4 31 24 59 8
66 92 88 55 84 57 50 35 67 86 12 9 53 24 96 68 48 77 37 47 45 42 22 58 36 3 65 79 90 7 61 6 29 63 38 54 19 20 1 91 98 14 83 26 34 72 25 97 82 73 75 8 100 60 11 51 23 52 74 56 80 62 5 99 43 70 39 93 4 76 21 2 27 17 85 41 87 95 33 40 69 89 78 16 81 30 32 59 15 94 28 10 13 64 31 44 46 18 49 71
63 4 46 68 10 50 92 12 85 38 19 23 99 70 80 71 59 60 9 95 94 43 3 64 2 44 78 30 76 55 45 79 22 93 47 75 13 25 27 67 41 29 14 17 24 83 61 87 33 11 7 89 37 66 77 28 62 72 91 54 52 73 96 69 57 84 74 32 31 20 58 48 81 65 88 42 1 16 100 5 26 90 51 6 56 8 97 82 53 49 35 34 98 21 15 39 86 40 18 36
73 90 48 49 89 98 95 27 43 87 56 12 46 94 62 99 25 8 2 36 41 59 40 57 78 61 91 4 69 80 81 33 83 76 29 19 70 37 88 39 26 42 55 97 75 32 47 20 52 96 3 66 92 7 16 82 100 71 79 84 1 35 44 22 13 50 64 21 60 86 53 18 11 30 31 28 93 6 5 51 34 85 77 14 54 45 63 10 65 38 68 74 67 72 58 23 24 15 17 9
99 62 87 2 6 35 88 90 3 60 24 77 30 13 11 69 47 20 63 55 37 73 8 25 28 45 53 56 72 46 21 100 40 16 49 58 75 57 78 96 84 4 86 15 52 76 95 1 71 22 10 19 48 33 65 41 85 12 29 38 50 42 26 18 31 82 51 80 14 91 98 5 68 67 7 74 44 36 64 97 81 54 9 34 32 89 61 70 94 93 43 66 39 92 17 59 83 79 27 23
97 51 94 1 44 70 54 10 24 61 71 73 96 40 60 13 45 67 5 38 79 80 34 87 89 4 33 68 23 49 31 27 37 25 72 69 43 84 39 82 50 90 7 78 30 11 41 52 29 12 93 100 53 99 36 47 35 55 64 2 48 63 83 6 18 65 88 17 59 46 16 77 28 22 56 81 98 21 75 95 66 32 76 86 58 74 20 91 92 3 62 57 9 14 85 19 42 26 8 15
75 50 43 4 99 85 89 5 34 16 79 31 100 8 92 62 13 52 20 66 76 19 71 24 22 77 59 95 12 17 9 44 82 97 65 11 25 86 67 49 93 83 3 18 74 55 70 26 7 33 42 61 28 90 21 72 51 37 80 46 64 54 98 53 68 81 15 56 27 14 1 36 78 6 10 63 96 47 45 35 29 38 32 58 30 2 88 60 40 87 73 41 57 91 48 94 23 84 69 39
87 16 47 60 43 89 83 28 75 95 62 54 2 90 15 37 58 7 26 79 10 12 21 70 40 84 97 77 100 39 38 76 9 50 44 56 96 72 64 8 25 73 48 57 42 67 17 11 13 6 71 31 51 92 23 69 63 3 24 45 53 66 59 29 41 20 18 52 61 27 68 86 88 55 36 85 94 33 4 30 99 98 14 1 91 46 5 19 49 22 80 32 78 81 93 74 35 65 34 82
93 56 75 35 15 92 24 51 90 84 44 57 18 55 12 81 52 22 45 32 71 65 37 28 82 50 43 76 86 4 83 46 88 72 95 89 14 61 68 23 6 2 34 1 91 10 13 77 30 80 20 9 8 87 39 25 27 64 21 3 78 26 19 100 33 49 42 60 54 48 36 66 97 96 53 67 17 85 47 7 74 59 16 70 73 69 79 98 58 40 29 94 11 63 38 5 62 99 31 41
5 47 10 43 39 32 25 18 20 3 67 29 69 75 54 12 46 88 33 23 81 37 94 41 6 97 61 65 87 52 62 57 60 30 50 92 42 36 26 9 95 56 79 100 35 77 84 64 76 90 34 59 91 49 19 66 13 63 93 72 85 11 7 70 28 71 45 68 40 82 44 16 14 31 78 15 24 17 1 4 58 99 96 22 74 83 73 21 86 48 2 98 8 27 55 38 51 80 89 53
23 76 22 47 50 34 85 52 42 92 87 64 33 66 89 74 55 44 43 59 35 98 26 16 81 7 40 28 61 91 67 96 6 51 62 9 84 19 30 38 73 58 97 94 69 60 37 39 100 36 83 41 5 29 86 32 20 68 31 65 3 79 4 27 11 53 1 14 49 90 88 72 15 24 71 45 2 57 56 48 21 75 46 13 8 25 93 77 82 80 17 95 63 99 70 12 10 78 54 18
41 5 67 17 31 26 45 15 12 10 69 86 95 97 90 32 27 47 96 76 74 9 65 1 98 46 30 57 39 87 73 68 89 88 56 36 49 35 21 28 18 33 72 66 14 48 92 44 16 54 8 79 83 11 55 71 38 24 59 34 99 58 40 91 70 60 82 94 75 53 52 43 2 51 93 19 42 50 6 22 20 13 80 84 78 85 25 64 3 61 100 62 23 37 29 77 4 81 63 7
68 21 41 53 56 2 71 25 45 93 55 13 39 52 64 33 73 62 15 46 63 79 48 19 18 100 31 12 77 44 16 51 49 96 87 74 80 70 94 54 61 95 36 91 98 43 72 92 37 40 82 20 26 47 35 34 10 8 90 60 38 28 1 50 32 7 76 22 67 81 4 59 57 88 89 11 58 99 14 78 83 27 75 23 65 66 9 97 17 84 69 86 29 24 5 42 3 30 85 6
2 70 81 65 54 61 32 39 47 85 38 17 40 62 95 76 19 86 16 12 23 58 5 37 42 78 82 63 36 53 18 60 30 44 15 6 48 77 20 75 90 28 73 98 21 1 59 68 55 10 25 27 33 72 49 79 43 89 41 9 88 14 57 74 91 26 35 69 51 93 87 67 31 8 96 80 45 22 99 71 56 84 3 94 100 50 92 4 83 11 34 97 24 7 46 13 52 29 64 66
85 68 20 66 75 67 53 8 31 27 90 71 64 82 7 36 32 78 52 48 57 34 42 88 46 43 16 69 3 28 40 15 13 94 89 95 74 98 50 33 12 84 1 10 56 39 38 21 11 29 54 49 2 86 81 63 58 79 4 47 18 83 100 37 26 35 60 91 76 70 5 93 87 9 44 62 80 92 77 19 97 30 59 17 72 99 23 24 41 51 14 55 22 45 65 6 96 25 61 73
36 77 44 25 52 42 68 91 65 67 95 96 10 79 8 83 50 17 59 34 75 27 80 11 71 54 47 87 78 9 56 61 41 40 64 33 26 7 97 55 74 88 32 81 3 19 20 43 62 72 100 46 57 4 73 85 93 16 58 23 28 38 66 30 1 37 63 53 29 12 45 39 98 2 92 51 84 90 48 31 89 49 6 5 76 15 24 14 60 13 21 35 82 70 22 18 69 94 86 99
62 27 14 99 53 4 47 98 97 9 43 74 89 100 38 88 17 70 75 84 86 72 29 32 1 40 2 59 60 51 80 5 44 12 63 64 65 54 31 30 42 73 52 24 96 69 36 95 49 81 66 71 56 77 3 33 16 34 48 41 76 61 50 45 85 78 67 13 91 22 46 20 10 23 15 7 35 39 8 26 68 87 11 92 57 94 18 6 21 25 83 79 37 58 90 93 55 28 82 19
95 100 9 34 60 69 39 31 48 45 20 44 23 43 25 86 38 72 90 78 52 61 97 33 29 37 84 5 56 89 24 35 21 87 4 83 36 67 99 42 59 75 88 19 32 53 6 47 96 8 98 17 15 81 18 93 62 51 11 12 40 27 91 7 80 10 22 70 68 58 41 85 55 63 65 1 46 30 57 77 16 66 50 64 2 28 94 49 13 82 79 54 3 73 71 26 92 14 74 76
35 2 21 5 59 8 96 61 77 15 89 68 71 49 75 47 85 37 70 7 16 3 25 65 88 27 26 93 48 86 78 12 50 19 94 53 32 41 44 11 43 51 66 28 83 52 31 22 67 14 17 92 4 40 72 84 42 100 69 73 54 34 64 90 58 33 80 57 10 97 55 95 24 38 6 9 79 56 13 29 62 91 30 46 36 39 82 99 23 1 63 81 76 60 18 20 98 74 87 45
28 84 76 45 23 71 11 75 85 97 94 40 21 41 58 6 64 98 27 96 5 77 1 55 100 38 7 67 51 33 74 49 4 57 61 65 89 69 56 15 32 59 30 9 35 50 22 60 88 43 14 25 16 52 78 19 47 93 34 82 2 80 46 66 63 48 54 31 99 20 42 44 92 81 29 83 95 72 73 18 8 10 13 36 17 26 62 86 70 39 87 24 79 90 53 3 12 37 91 68
46 98 17 90 86 93 38 69 34 70 97 16 66 56 77 8 49 96 22 1 43 89 14 68 80 11 60 72 32 20 75 54 52 95 25 85 64 88 55 83 2 48 21 12 57 18 91 81 84 58 39 24 50 82 13 4 3 61 37 76 9 29 27 87 67 30 6 92 100 45 71 42 26 28 51 44 59 63 79 74 40 31 73 10 41 62 36 15 35 23 33 7 78 94 19 65 53 99 47 5
39 18 70 21 66 47 74 60 52 76 80 42 79 59 61 28 56 16 68 82 13 88 35 23 45 9 72 24 43 77 44 4 2 90 36 46 3 50 32 20 89 54 87 51 85 41 7 37 17 71 97 29 81 65 95 31 57 69 84 99 75 10 38 11 6 92 93 78 83 48 62 49 30 12 1 91 53 100 22 63 19 15 40 26 86 55 67 33 73 98 27 25 58 5 8 96 64 34 94 14
64 59 18 93 65 84 44 4 15 49 13 72 99 54 45 51 11 39 76 80 42 82 17 7 57 41 71 43 73 78 94 28 46 70 10 2 27 83 79 36 77 35 16 25 69 8 47 100 37 34 96 6 12 5 26 30 95 21 85 91 81 40 58 55 68 14 32 63 19 88 29 62 23 98 9 53 97 87 33 1 3 86 90 56 31 22 52 74 20 60 24 92 48 66 50 67 89 61 38 75
47 61 26 87 20 52 2 99 90 89 10 98 11 16 17 70 4 54 74 58 80 83 24 38 15 13 68 46 49 75 71 25 32 23 73 37 33 48 9 43 97 53 84 35 42 29 66 50 86 31 36 3 41 19 8 100 14 1 76 59 30 51 55 82 22 72 79 6 44 5 28 34 7 69 95 56 91 67 27 92 18 65 64 39 40 93 96 21 94 85 81 88 12 78 63 45 62 77 57 60
81 43 56 83 94 95 3 37 7 28 60 1 14 91 42 84 68 13 86 97 50 31 61 90 11 15 21 99 69 66 47 34 87 72 26 12 23 17 48 57 100 40 22 59 98 30 74 96 16 9 19 51 89 32 38 36 78 62 2 18 58 33 63 25 27 88 44 4 52 49 76 92 35 6 82 65 8 64 93 46 39 73 29 45 10 70 20 67 54 75 71 80 85 53 24 79 5 41 55 77
91 62 98 37 74 60 46 53 79 25 17 93 33 19 94 22 81 28 39 29 66 41 11 49 64 99 35 32 6 63 30 38 34 45 13 57 51 92 15 47 86 90 58 31 75 100 54 72 88 82 85 76 10 84 70 67 26 78 61 87 21 55 73 77 42 5 65 9 18 8 2 50 1 96 40 12 68 69 44 24 27 83 7 3 95 23 14 20 52 56 4 89 59 48 80 16 36 43 71 97
43 42 83 32 70 37 67 78 11 39 3 79 59 46 48 20 18 97 87 49 21 100 95 36 56 76 92 50 88 61 35 93 54 60 47 1 4 26 41 63 7 8 91 40 29 62 27 75 33 77 68 84 30 90 52 15 31 2 65 64 14 85 25 13 73 34 10 19 55 74 94 69 66 22 45 86 71 58 53 9 99 81 23 6 24 57 5 98 51 44 82 38 28 89 12 17 96 72 80 16
82 55 52 20 24 85 41 86 49 12 30 19 60 51 22 77 3 73 50 27 40 29 57 98 54 33 75 94 46 8 10 63 11 26 78 70 37 4 42 76 66 39 96 80 16 74 71 79 7 17 6 100 9 99 89 88 68 58 62 67 95 23 93 34 65 91 14 5 21 92 81 13 59 53 43 36 83 61 47 44 32 1 87 18 45 38 84 64 31 90 56 72 69 15 28 97 35 48 25 2
49 68 64 79 69 50 43 6 39 24 1 70 25 65 5 2 97 94 53 89 44 38 23 71 91 21 66 19 22 85 72 14 93 16 18 28 8 10 81 17 88 57 48 62 99 15 78 45 63 87 7 83 13 20 60 40 96 67 75 11 77 46 41 32 33 47 29 61 92 54 100 9 86 90 42 37 26 80 59 3 4 82 52 95 55 58 30 51 27 76 35 73 98 56 74 31 34 12 36 84
88 34 86 30 58 9 68 82 27 44 51 78 46 36 98 92 57 48 26 81 69 90 54 53 17 32 12 80 40 79 39 22 16 28 74 4 5 20 89 77 87 29 76 67 91 49 24 85 6 73 56 31 93 63 41 75 65 10 13 70 83 62 15 42 61 94 50 95 71 25 33 2 19 8 35 55 14 18 37 100 96 97 84 66 59 11 23 3 7 45 1 99 38 21 52 47 60 64 43 72
17 79 47 11 34 53 1 89 50 18 62 67 26 90 66 99 96 27 12 86 7 24 15 64 22 68 32 10 92 65 82 81 58 93 46 43 97 55 87 69 30 3 57 2 14 37 51 28 21 75 71 39 74 6 59 60 25 72 44 42 49 45 23 76 31 41 9 73 70 84 80 33 29 19 38 85 61 77 95 5 91 20 8 35 16 78 4 13 40 48 94 83 36 52 100 54 56 63 98 88
57 44 46 80 45 35 28 54 81 72 76 73 67 60 59 24 16 99 36 9 98 39 21 66 2 64 6 85 90 94 79 47 48 13 5 96 71 8 1 92 19 74 49 88 22 14 61 27 29 4 42 89 82 86 50 34 17 95 40 7 51 78 56 33 23 15 58 11 37 68 43 53 93 31 32 84 63 25 12 55 75 26 70 87 77 91 97 65 100 62 30 3 10 41 69 38 18 52 20 83
79 46 78 67 77 27 85 26 35 81 22 82 64 80 34 19 44 83 96 94 84 71 43 29 39 65 48 25 38 15 52 21 61 7 92 91 53 11 8 51 28 5 98 73 74 3 49 88 13 33 14 87 20 56 17 93 9 6 100 30 47 76 54 69 72 86 24 68 2 66 12 97 70 55 16 42 31 89 18 4 50 63 45 75 90 32 59 62 99 36 95 40 41 57 60 37 1 10 58 23
96 49 61 38 22 98 50 17 58 77 64 55 47 1 86 95 30 35 40 43 59 2 37 9 83 26 29 62 91 36 87 72 65 54 88 78 41 100 63 66 39 42 81 44 27 94 79 93 71 11 60 14 90 46 85 69 82 74 89 25 10 67 31 16 52 19 34 32 12 56 48 5 73 57 28 92 75 33 4 45 70 8 24 97 20 13 99 76 15 7 68 53 51 18 6 80 23 21 84 3
100 19 73 88 5 99 78 7 96 83 37 34 92 17 4 30 14 22 46 3 94 81 55 75 90 49 44 68 86 58 11 69 39 64 43 67 10 71 62 95 24 87 93 56 48 72 85 41 2 28 79 82 84 91 74 18 6 97 31 52 59 65 61 29 13 76 66 21 23 40 20 16 51 36 50 33 1 38 54 27 57 98 47 63 53 77 12 70 89 35 8 15 25 80 42 9 45 60 26 32
34 70 7 86 55 43 16 3 54 79 77 23 100 50 19 90 62 2 89 31 88 76 59 84 67 73 27 15 18 97 63 92 8 36 37 41 13 95 85 29 93 96 39 72 60 33 12 74 35 61 30 56 21 78 58 99 64 53 52 40 20 87 94 68 98 45 38 28 24 57 10 14 46 66 47 71 22 81 80 48 11 9 65 4 26 17 1 82 25 83 75 6 91 49 32 5 42 51 69 44
21 97 48 89 41 76 17 35 56 29 47 25 57 62 67 4 64 12 10 6 49 42 27 58 92 79 78 83 55 22 90 91 99 43 45 93 69 81 73 33 94 71 2 84 36 82 18 63 61 52 34 13 59 98 26 7 23 54 38 96 32 20 11 74 87 9 75 70 1 14 8 37 50 16 24 88 80 95 100 31 77 85 86 53 66 19 44 5 28 68 15 51 46 3 30 60 72 40 39 65
52 89 72 92 3 25 81 48 71 1 50 64 82 9 56 68 20 65 98 45 91 75 83 35 76 90 31 17 97 43 70 74 18 84 8 59 100 37 46 41 49 10 67 93 34 38 5 13 40 22 24 63 44 33 23 42 85 36 7 69 39 57 86 78 96 21 4 80 62 27 54 28 95 60 73 99 15 16 94 32 12 30 66 11 61 53 88 14 58 6 77 29 47 19 87 55 2 26 51 79
9 4 26 39 42 36 35 83 84 7 11 87 61 94 76 44 79 53 52 70 51 92 48 22 77 5 33 45 85 10 69 67 20 50 72 58 75 46 95 23 34 64 56 98 24 63 55 12 97 38 78 81 65 41 21 28 37 66 54 13 57 8 3 15 59 14 99 27 90 47 32 31 82 89 80 29 93 96 68 40 88 100 1 16 18 2 73 91 86 60 25 74 17 6 49 43 30 62 19 71
3 16 8 33 71 78 52 57 67 53 40 88 44 39 14 61 47 24 91 32 22 62 82 27 98 28 65 4 81 76 38 45 13 55 80 21 99 5 90 89 50 77 29 42 79 46 69 30 43 18 73 1 97 37 2 68 75 87 72 49 17 12 51 94 83 96 31 34 86 19 92 54 58 35 85 60 95 66 74 6 9 59 36 25 7 10 93 48 56 70 23 64 11 20 41 63 26 84 100 15
15 28 27 100 51 70 26 43 83 59 8 31 78 40 55 62 63 82 23 61 18 45 88 94 72 66 90 81 58 80 25 64 49 73 32 10 96 47 92 36 35 4 53 75 21 12 3 24 67 46 13 30 79 89 29 20 86 37 91 17 19 6 74 38 93 1 95 52 41 11 65 87 60 54 48 16 98 5 99 22 84 42 85 14 97 44 39 56 77 33 34 71 57 68 7 76 50 69 2 9
20 8 79 46 13 74 91 59 63 71 18 24 1 72 2 65 94 21 16 37 61 7 51 93 32 10 17 38 100 88 60 95 12 67 40 99 45 90 82 15 98 86 28 52 25 27 87 19 36 92 54 23 55 66 53 85 33 42 78 58 73 26 96 89 9 39 57 97 34 29 6 75 56 68 41 50 5 47 77 35 69 80 31 76 70 30 48 22 83 43 14 84 4 64 62 49 3 44 11 81
59 81 89 15 17 93 77 80 8 13 34 74 32 92 96 91 41 52 20 60 71 73 9 70 26 56 5 95 23 18 29 65 1 53 3 7 90 25 88 42 14 76 82 10 19 24 63 38 62 2 36 54 67 31 6 79 99 43 21 98 16 100 12 27 49 58 30 55 84 39 75 47 83 40 66 72 45 11 69 51 37 44 28 86 68 4 50 57 33 22 78 61 97 87 48 94 46 85 64 35
26 21 95 64 6 96 84 20 43 99 12 86 22 70 30 75 90 100 15 93 3 35 58 89 78 24 10 44 17 7 68 77 66 11 29 97 62 94 13 71 1 19 63 61 82 4 25 83 76 45 91 16 69 18 5 51 27 73 80 28 92 72 85 60 79 55 37 56 88 50 40 48 54 65 2 41 46 9 14 74 98 31 57 52 87 8 32 59 49 42 39 34 53 38 67 23 47 33 81 36
14 50 22 48 84 94 9 8 2 42 98 95 97 55 28 26 80 63 54 38 1 30 71 78 23 87 91 36 4 45 93 32 52 49 66 34 24 59 57 62 12 65 83 46 92 13 40 10 96 47 20 61 75 7 16 72 51 79 90 77 68 56 76 21 5 17 88 31 3 43 37 19 64 44 81 35 33 70 41 25 86 99 89 74 73 85 27 60 29 11 67 82 100 69 15 39 6 53 18 58
67 87 100 85 21 97 7 13 57 94 53 80 69 24 40 27 82 20 81 65 19 1 22 73 44 55 59 11 72 41 49 88 86 25 6 15 63 91 66 90 74 16 14 78 62 51 70 98 52 95 93 8 61 47 33 17 35 71 10 54 4 30 29 83 2 50 39 12 58 34 38 46 99 76 31 68 77 23 64 43 26 56 96 48 79 3 60 37 32 84 9 42 5 75 89 36 28 18 45 92
22 40 94 28 61 17 87 49 31 5 24 71 96 25 32 36 100 58 13 19 39 43 33 3 70 37 16 47 59 69 4 73 62 97 38 75 14 15 83 72 20 80 10 7 55 35 95 84 30 66 98 34 85 77 27 86 79 64 12 21 78 1 53 99 18 6 74 26 48 23 9 60 42 67 63 2 44 76 88 50 41 91 54 57 52 68 65 90 11 51 46 92 89 29 56 81 82 45 8 93
19 38 74 91 4 67 48 44 1 35 92 27 30 71 9 42 36 60 82 95 73 37 12 97 21 51 15 98 76 25 32 29 50 8 41 3 70 99 33 59 58 26 17 22 40 7 93 78 66 65 75 57 64 69 79 90 100 68 24 89 6 47 2 56 43 52 23 83 20 86 16 84 63 88 96 34 55 13 39 87 61 10 14 54 5 46 18 53 81 94 62 31 45 72 85 77 11 80 49 28
53 94 39 56 44 29 42 12 3 8 71 89 37 22 88 66 46 86 45 11 23 50 100 6 7 65 55 18 52 99 9 62 77 17 91 24 25 33 49 96 84 14 34 16 20 83 41 76 82 78 27 10 31 13 48 70 60 75 64 32 63 15 43 67 26 85 92 93 28 69 72 35 81 79 30 59 58 97 5 95 87 38 51 2 54 36 61 1 90 80 73 57 68 47 21 98 19 74 4 40
50 57 71 34 68 1 24 90 76 96 44 9 19 38 6 53 13 95 84 75 85 87 89 74 28 32 42 33 12 48 43 97 37 30 86 62 60 31 77 18 26 47 7 14 23 2 99 58 72 55 63 67 78 82 40 98 21 94 17 56 100 22 52 5 15 92 25 16 10 46 64 80 45 20 88 61 11 41 66 83 8 35 3 73 49 59 79 4 69 65 54 36 39 81 70 93 51 29 27 91
80 51 82 7 99 4 94 62 100 52 48 96 55 13 24 73 72 9 65 41 15 88 42 8 58 43 39 56 66 40 50 85 14 32 53 54 19 28 61 10 2 45 44 97 6 11 1 70 64 49 17 98 12 81 87 92 83 23 29 37 46 3 26 93 60 30 5 22 31 76 77 78 16 75 20 79 35 21 89 71 74 84 95 33 91 69 36 68 63 18 47 59 67 27 38 57 86 25 34 90
55 96 97 30 47 65 45 60 75 26 15 81 51 29 71 79 78 7 37 87 38 34 6 25 42 41 9 93 11 73 21 18 36 63 44 69 94 88 27 8 77 46 70 57 90 28 68 89 100 39 53 43 50 10 95 2 48 12 98 83 67 13 59 22 99 80 84 14 76 62 49 52 31 5 61 66 92 4 86 33 3 23 64 20 32 54 19 58 1 40 85 17 72 91 35 74 16 24 56 82
99 39 58 4 25 34 20 27 29 88 19 91 84 52 51 69 67 87 94 62 70 18 93 45 89 2 60 23 47 1 26 56 21 79 83 66 48 16 80 30 63 22 86 15 12 76 33 59 77 98 44 9 81 49 37 95 55 50 28 38 90 42 71 6 53 32 46 8 73 61 57 41 68 85 100 74 17 43 40 7 35 11 78 64 36 82 92 10 96 5 72 14 75 65 31 24 13 3 97 54
68 47 76 41 72 71 8 84 24 16 25 28 40 82 37 1 50 46 9 23 48 74 53 69 27 63 67 14 80 55 62 17 94 96 36 56 43 29 35 49 33 79 54 100 45 32 90 6 78 12 89 66 98 15 86 52 38 93 59 20 11 73 39 70 57 61 85 92 42 87 58 83 26 10 91 4 19 22 75 97 2 5 18 34 51 88 81 77 3 64 65 21 13 99 60 44 7 30 31 95
93 75 25 99 33 64 36 19 82 85 28 26 23 95 80 71 39 43 5 73 37 97 87 24 69 76 53 96 44 84 31 78 88 1 20 77 34 68 50 2 59 72 12 94 52 48 45 51 11 90 3 55 74 17 81 47 18 38 4 61 89 9 98 100 21 10 62 91 35 70 13 8 27 7 58 83 42 6 16 67 29 54 32 65 56 63 57 86 60 49 40 66 15 14 46 41 92 79 22 30
48 88 17 35 11 60 18 63 13 64 56 99 6 23 29 34 27 45 97 47 33 9 78 83 51 66 82 58 3 4 85 26 68 92 57 76 98 53 70 54 81 67 55 43 80 84 86 21 1 91 15 19 37 75 14 39 28 40 73 79 87 59 44 52 25 20 61 77 69 72 22 93 8 30 49 5 94 2 96 62 38 90 50 7 46 24 74 100 12 89 31 16 42 95 71 32 65 36 10 41
71 25 31 83 43 58 60 14 21 27 57 61 88 81 20 72 85 8 79 2 97 80 39 10 40 13 100 76 34 37 74 94 89 41 15 22 47 65 75 92 64 99 33 54 51 70 67 48 50 35 82 12 46 55 36 24 44 3 68 6 1 77 5 63 78 84 42 69 19 93 86 18 96 56 90 28 87 26 91 73 95 66 16 23 17 98 7 30 53 38 29 32 9 45 4 62 52 11 59 49
76 90 59 96 1 45 5 29 20 37 61 22 53 78 43 89 2 67 33 63 31 81 40 47 41 23 57 74 84 46 98 15 97 77 24 73 83 85 54 60 38 13 25 12 30 88 50 4 34 58 10 75 11 72 28 9 52 92 86 71 48 70 35 79 56 49 64 94 95 6 68 91 17 93 69 80 7 42 62 19 21 32 27 36 3 14 82 18 55 39 44 8 87 26 51 100 99 65 16 66
64 80 1 66 89 41 32 87 14 46 82 54 85 20 62 96 92 40 83 34 45 12 52 21 43 38 97 6 93 3 76 28 16 100 30 13 67 72 78 61 55 15 71 26 56 5 48 94 68 69 37 88 33 4 57 63 70 27 53 95 50 35 8 47 39 81 36 42 91 90 31 51 11 77 44 98 29 7 25 18 49 86 2 9 75 74 24 84 65 79 19 10 22 58 99 59 73 60 23 17
66 19 62 5 37 84 90 30 45 47 49 57 39 8 16 80 12 78 25 48 77 58 3 46 79 64 50 71 36 11 23 6 9 81 95 52 74 98 68 67 17 82 27 32 61 31 97 34 73 70 96 69 65 29 24 38 1 76 60 55 33 88 99 35 10 28 72 75 14 51 21 22 92 13 7 63 20 85 87 26 44 41 59 40 2 89 94 15 42 56 91 43 86 83 18 4 100 54 93 53
85 48 88 47 10 89 59 31 16 93 73 20 68 5 27 37 65 26 57 79 84 56 34 4 99 40 43 3 74 95 83 87 2 44 14 32 29 42 98 39 62 55 6 41 7 90 21 80 19 96 11 92 97 52 75 36 81 63 66 50 94 24 67 58 30 71 100 86 8 28 61 38 91 15 25 1 18 12 45 77 76 46 53 82 69 35 9 49 17 23 64 33 70 60 22 13 54 78 72 51
75 66 14 24 15 28 53 51 37 70 72 21 41 79 58 55 48 62 2 59 87 46 94 16 81 73 93 30 67 12 61 65 40 89 50 11 42 56 4 5 43 63 9 99 96 98 64 54 45 29 76 33 86 27 18 80 20 52 8 84 85 95 100 39 47 69 91 23 68 31 74 26 78 32 36 17 1 44 60 38 83 34 13 22 6 90 49 25 97 82 88 3 77 71 92 35 10 7 19 57
95 82 80 69 55 72 21 98 61 76 9 17 45 31 73 59 7 70 78 96 99 77 4 13 36 62 58 79 57 49 16 46 51 56 100 2 22 67 86 11 6 24 74 19 88 81 75 97 65 8 40 37 10 25 42 64 63 14 93 68 66 90 50 48 34 35 28 60 54 91 5 32 39 23 52 18 12 92 43 41 47 27 20 85 33 84 53 3 71 1 38 94 30 44 29 26 83 15 89 87
40 33 55 87 76 75 95 10 42 1 46 44 58 43 19 92 9 89 88 68 57 79 47 59 18 27 85 37 2 38 45 22 7 51 23 5 61 93 31 83 25 78 100 28 94 20 91 60 49 81 66 71 30 21 13 97 77 8 3 63 98 84 64 96 70 48 41 50 67 73 36 86 6 82 39 52 53 35 56 17 34 15 29 80 72 26 62 69 4 16 11 54 90 32 65 12 24 14 74 99
82 65 20 3 97 14 54 5 47 81 31 30 10 100 35 57 69 77 18 91 86 27 8 52 66 50 49 21 92 34 71 25 22 76 64 19 93 36 99 44 75 62 88 67 83 55 2 11 95 43 48 79 41 60 39 33 46 90 74 12 80 16 42 53 58 26 15 72 4 13 98 7 28 9 68 78 59 45 32 1 6 40 84 17 94 73 37 24 38 61 89 51 96 23 87 29 70 63 85 56
17 32 75 65 3 69 89 39 27 53 99 29 66 49 74 86 25 44 47 22 6 94 77 88 46 79 61 5 26 68 40 81 4 80 31 71 36 57 21 78 41 52 76 35 9 91 13 20 42 14 83 85 16 59 50 60 90 55 95 30 70 11 58 23 64 72 67 19 92 15 24 43 100 18 56 62 84 54 48 37 33 87 38 28 96 45 1 97 34 93 98 7 2 63 82 10 12 73 51 8
73 5 56 67 6 7 25 72 77 49 90 3 71 75 40 88 52 92 29 69 51 13 1 57 53 9 2 26 39 82 18 60 44 94 62 41 97 70 20 43 42 61 65 91 32 21 36 68 55 24 8 27 15 38 11 19 54 34 48 76 64 93 33 37 84 66 45 78 100 58 46 74 10 4 17 95 14 99 85 30 16 89 87 79 81 96 63 47 22 35 80 98 23 12 50 83 31 28 86 59
62 13 67 90 61 8 55 68 26 38 6 12 9 14 56 33 5 93 43 85 95 52 29 36 47 11 40 59 72 53 39 54 60 88 96 64 27 69 24 65 86 34 1 89 3 73 31 100 91 10 32 17 48 87 77 25 22 20 15 23 82 66 57 50 80 41 97 63 78 83 71 45 98 51 18 94 75 81 84 21 46 49 30 92 58 19 42 74 44 37 28 2 35 70 16 99 4 76 79 7
63 56 18 45 31 46 64 21 38 39 43 8 89 50 95 60 73 47 1 82 93 96 14 26 68 78 87 77 9 30 7 35 41 69 4 72 5 49 55 100 3 33 42 90 10 34 28 99 24 36 62 25 2 80 66 32 12 48 88 57 52 54 40 17 16 94 51 13 27 85 44 70 19 84 22 15 65 91 81 23 20 92 11 71 67 29 97 6 75 98 83 79 74 37 58 86 59 61 53 76
54 14 43 17 41 40 71 75 78 28 95 90 94 4 64 56 59 72 31 1 20 98 67 53 74 49 26 97 10 48 42 44 30 12 89 29 3 55 16 73 87 65 81 24 86 77 38 82 80 83 99 2 93 11 47 5 15 91 58 46 19 76 66 18 85 22 60 9 13 96 45 61 23 34 27 32 79 36 92 84 68 88 37 70 57 50 8 33 21 25 100 35 62 7 52 6 69 51 63 39
18 92 11 79 36 33 69 15 50 7 68 85 38 66 90 28 17 71 48 67 52 10 26 5 8 84 95 12 77 73 82 42 32 57 93 62 41 61 64 75 78 83 23 81 31 39 22 72 94 25 2 70 9 30 3 54 59 1 46 34 37 4 55 40 91 100 80 29 51 53 96 89 87 86 97 45 63 65 24 47 56 13 49 58 19 99 21 88 35 44 16 60 14 74 6 27 98 43 76 20
5 60 10 93 58 55 88 56 85 44 36 13 95 54 52 81 33 23 63 66 59 39 16 99 31 48 38 7 87 42 80 45 78 62 69 67 49 86 79 51 65 2 8 9 28 18 17 26 70 27 94 68 84 1 35 30 4 89 41 3 57 25 83 73 32 19 22 98 40 37 20 72 50 21 46 47 24 64 11 92 97 14 15 91 76 71 96 12 82 6 43 75 29 90 100 34 53 77 61 74
6 76 81 13 72 57 47 52 1 84 60 10 14 16 7 98 32 18 27 44 65 21 5 85 82 75 99 69 55 97 28 95 87 4 59 43 64 35 74 9 100 91 3 56 48 63 34 77 15 54 23 29 20 68 22 49 39 30 61 40 2 58 51 45 19 33 50 89 71 67 92 66 90 17 78 11 96 79 38 36 62 37 73 26 31 53 70 80 41 88 12 83 24 94 93 42 25 8 46 86
28 87 69 86 8 2 39 82 52 57 93 63 12 30 55 43 49 91 99 46 74 65 80 27 1 88 79 67 11 78 94 62 15 95 25 4 53 51 48 77 90 84 56 72 13 64 98 96 26 68 100 40 89 76 9 66 14 16 75 45 20 83 22 44 38 24 33 5 7 32 6 36 61 37 35 92 71 18 31 29 50 97 23 42 34 17 47 19 70 85 60 81 58 10 41 3 21 59 54 73
81 2 44 11 5 52 3 46 12 40 38 87 18 98 15 19 8 90 24 58 72 82 89 37 71 54 7 64 97 45 62 68 96 74 34 83 35 20 56 57 32 88 16 23 17 86 59 1 51 80 4 49 43 70 6 41 10 26 77 69 85 14 91 31 67 60 27 95 29 92 75 39 53 99 33 100 22 50 78 48 73 65 9 30 21 28 84 55 13 76 79 61 94 66 47 25 93 42 36 63
43 37 50 20 93 61 2 53 70 25 59 55 63 15 76 6 19 17 69 36 10 5 65 33 29 68 81 72 60 23 87 75 27 40 92 38 86 64 26 34 80 95 79 77 62 30 47 42 83 71 35 46 44 100 49 31 13 24 85 82 88 39 4 3 11 78 54 57 32 89 48 67 51 91 12 21 97 66 1 28 58 73 7 94 74 22 52 16 56 45 84 9 99 8 90 18 41 98 96 14
36 50 35 68 47 3 44 86 99 15 21 1 2 60 9 76 11 20 59 12 5 14 34 42 88 46 13 43 30 33 52 69 54 45 87 97 56 77 94 80 89 16 22 18 49 67 40 29 84 31 25 90 100 96 78 8 92 70 79 4 83 63 27 91 74 98 32 7 65 38 37 28 55 24 93 51 61 39 57 75 66 82 41 48 10 85 23 81 95 58 17 62 6 73 53 19 64 72 71 26
23 98 21 32 68 47 43 64 65 61 79 16 92 86 77 51 56 96 4 84 66 31 70 87 35 5 71 40 95 41 25 38 58 60 49 85 26 54 9 76 30 48 36 73 57 28 29 33 17 94 19 3 82 83 46 12 97 78 62 74 11 10 7 24 34 37 93 6 1 81 42 59 15 27 89 55 2 72 50 53 39 22 88 45 80 44 13 99 67 75 69 91 8 20 63 14 90 52 100 18
69 41 90 54 17 42 38 61 95 29 78 72 81 53 28 83 21 30 32 15 94 62 9 73 80 31 47 51 34 44 20 97 46 22 71 89 4 92 10 66 48 19 68 70 27 24 7 64 16 40 86 76 79 63 99 14 65 96 52 2 33 87 1 55 91 25 26 85 57 82 60 77 35 59 50 36 23 58 8 100 93 74 45 56 13 11 98 67 88 3 49 6 18 75 12 39 5 37 84 43
20 77 9 25 51 95 33 69 7 89 50 34 79 18 22 8 31 88 99 29 42 41 48 66 57 28 27 82 12 17 11 71 93 73 52 24 23 84 36 91 19 87 58 37 35 68 54 47 39 3 90 56 59 74 38 26 62 97 2 86 43 6 63 14 72 76 44 96 61 85 65 30 13 49 15 67 10 60 40 94 75 70 80 46 100 83 5 98 92 4 21 53 64 78 32 16 55 81 45 1
34 59 86 48 44 26 83 58 90 3 30 89 31 41 91 74 45 98 70 7 1 15 55 97 92 100 35 19 17 99 93 2 29 50 67 54 80 11 66 38 61 47 39 25 16 27 37 95 46 79 65 77 51 32 60 84 75 62 28 18 68 57 56 76 9 5 82 53 49 88 94 85 21 43 73 81 4 87 33 78 40 71 52 10 8 12 72 20 23 36 22 24 63 6 42 96 14 64 69 13
100 61 41 53 94 49 20 91 23 95 10 80 21 9 8 84 4 37 30 78 56 1 54 39 67 15 77 65 47 40 68 93 34 90 17 57 81 48 44 89 50 35 99 31 19 3 74 79 66 82 12 59 13 92 52 71 26 69 72 60 58 51 86 7 87 70 6 18 24 62 38 97 14 98 29 22 83 25 85 96 27 75 63 5 45 46 64 28 36 32 73 42 76 55 11 2 33 88 43 16
35 43 2 37 99 32 96 57 92 79 13 98 100 38 66 31 15 39 8 80 69 59 22 7 54 14 74 11 85 76 49 33 56 55 70 78 62 50 41 47 95 94 30 17 68 51 27 81 34 28 60 6 21 19 72 75 58 61 36 64 46 45 29 42 1 89 10 25 44 93 40 87 88 20 16 53 73 97 67 3 18 83 90 84 65 52 4 24 26 48 9 23 82 5 86 63 71 12 91 77
79 27 96 60 26 31 74 20 56 42 3 82 76 19 25 47 58 49 90 13 34 29 93 78 39 97 6 33 40 22 30 4 67 28 10 95 48 64 54 63 69 99 57 44 85 72 71 52 11 73 43 51 75 36 53 100 9 66 70 87 18 80 23 77 61 1 35 88 83 45 41 46 86 2 92 84 21 17 62 14 32 81 65 91 16 68 15 94 37 8 59 38 12 24 7 55 89 50 98 5
2 38 70 43 60 23 41 4 40 68 80 24 99 36 45 13 51 16 86 81 7 100 94 46 64 33 92 50 93 28 21 63 61 72 74 34 32 17 73 55 97 3 53 1 22 11 6 98 35 9 39 18 26 56 8 82 95 58 84 37 42 29 85 25 52 47 15 87 59 31 54 14 79 65 10 12 91 77 27 5 89 76 44 66 78 62 30 88 20 83 71 90 48 19 69 67 49 96 57 75
51 34 97 2 33 50 88 37 15 12 28 85 11 17 14 22 68 81 61 3 80 24 43 75 76 90 84 98 66 36 29 49 82 23 26 74 100 83 1 69 7 58 52 93 79 13 10 71 62 64 20 87 18 38 41 4 25 45 44 70 78 65 96 30 31 53 9 73 55 72 91 47 42 40 67 56 95 16 89 27 19 63 86 77 59 94 46 57 54 21 32 5 92 48 8 99 60 35 39 6
57 44 98 92 42 12 11 78 30 9 48 68 60 97 26 61 55 54 76 91 63 83 27 47 17 21 29 25 18 58 69 64 100 2 94 37 71 10 32 41 28 15 93 59 24 8 70 50 72 75 99 20 56 80 96 67 6 53 13 7 90 79 3 66 85 65 40 4 52 74 87 19 95 35 43 86 31 89 51 49 46 34 77 16 1 39 14 38 73 81 33 88 36 23 5 45 62 22 82 84
97 52 72 85 21 92 50 6 11 2 17 78 57 47 24 30 38 53 74 9 44 71 8 16 22 7 66 45 83 75 63 12 20 70 65 59 94 81 27 29 18 14 48 62 34 46 69 43 73 87 56 1 90 5 89 98 31 28 76 42 51 55 61 23 84 88 79 82 60 91 10 35 99 19 95 40 68 54 64 4 33 15 26 39 86 32 67 37 96 13 80 25 3 41 77 93 36 49 58 100
92 71 52 100 86 47 67 28 79 13 98 25 49 24 59 57 73 27 33 85 88 2 97 29 16 74 65 18 32 77 50 72 83 42 64 96 63 95 87 36 70 62 14 91 93 43 51 23 68 22 8 84 4 6 19 17 37 21 89 54 81 1 94 90 15 82 46 10 80 61 76 48 30 55 45 44 26 69 75 9 11 20 66 35 53 58 12 31 34 7 78 40 99 56 3 5 39 41 38 60
90 100 36 49 13 8 46 89 81 99 76 19 1 40 4 12 26 24 93 62 43 3 83 71 44 88 30 32 23 18 38 96 11 87 72 28 33 98 75 95 34 10 63 84 74 60 78 41 6 52 97 39 61 66 70 16 85 51 69 67 92 27 77 31 80 45 58 17 2 22 29 42 56 50 53 65 82 91 5 21 57 35 68 25 73 15 59 48 7 86 47 55 37 14 79 9 64 94 20 54
88 16 83 39 74 95 54 7 35 18 40 8 12 26 94 44 81 13 32 97 49 61 20 64 23 56 25 57 21 80 75 79 65 53 50 99 51 71 68 17 91 46 29 36 60 98 87 27 86 45 62 82 70 78 58 33 3 6 100 52 59 28 73 37 22 2 4 67 41 15 43 92 93 89 9 72 90 85 66 63 96 1 24 34 55 77 48 76 69 14 5 84 38 47 30 42 31 10 11 19
9 79 58 38 54 34 28 48 84 94 51 95 64 56 6 32 16 65 37 87 13 76 40 22 83 4 99 26 86 46 81 47 39 80 15 36 31 100 89 23 24 77 18 97 92 52 33 75 50 66 85 53 57 43 69 12 90 10 27 59 96 67 45 82 63 7 5 61 62 19 2 49 29 93 68 91 98 21 41 44 14 11 88 3 30 78 55 1 25 42 72 73 20 35 74 60 70 71 17 8
39 94 87 21 65 30 92 67 57 72 11 96 44 59 18 4 33 93 31 55 22 90 42 32 45 99 26 64 52 63 79 74 48 19 62 75 69 41 80 28 88 86 7 66 20 50 95 85 77 43 36 14 83 84 68 71 17 23 37 91 10 78 76 89 6 15 38 97 70 46 9 2 1 12 82 61 60 100 13 40 81 53 47 73 35 56 25 51 29 5 16 34 58 27 49 98 54 8 24 3
96 99 27 88 11 97 29 3 71 83 15 90 61 43 86 62 14 87 34 73 76 89 51 35 56 26 78 47 59 37 31 100 91 5 49 21 10 33 95 20 66 74 84 2 69 7 93 28 53 36 32 80 8 30 17 92 64 67 65 25 94 40 98 50 13 9 81 16 18 70 12 75 82 85 46 79 45 38 39 55 60 24 1 63 41 4 42 58 77 22 54 72 23 57 19 68 6 48 52 44
3 18 71 46 45 2 9 35 39 59 90 12 97 72 5 65 32 91 20 76 50 37 82 89 100 54 44 21 43 79 67 51 1 88 31 56 98 26 81 62 52 80 75 78 73 74 68 19 95 6 14 63 28 23 83 49 96 94 7 13 38 33 41 85 64 8 57 27 58 84 4 16 34 15 66 60 11 30 22 69 61 29 36 53 40 10 17 47 42 93 25 86 77 70 48 24 87 92 55 99
14 55 89 81 71 3 78 17 26 60 99 77 67 52 37 88 57 83 5 6 19 75 23 69 72 10 48 39 22 66 9 92 62 79 43 15 47 31 98 82 32 4 36 46 25 29 90 30 91 61 94 35 85 7 65 20 21 13 74 49 73 56 42 87 59 86 45 28 84 58 63 95 64 96 93 16 8 41 54 51 34 70 40 18 97 38 44 12 11 33 1 80 100 53 2 76 24 50 27 68
47 96 73 89 84 76 64 54 63 65 69 27 82 8 51 37 49 35 39 86 98 22 95 58 88 44 59 4 38 10 72 41 60 77 66 12 34 7 57 43 42 29 2 75 14 91 25 70 52 92 24 31 55 9 61 30 93 50 15 17 16 23 71 53 5 21 85 11 48 56 100 78 45 28 1 68 33 67 32 97 87 74 46 26 79 13 83 80 6 36 40 99 90 3 62 94 19 81 18 20
52 4 48 90 77 49 24 100 21 67 57 31 38 92 2 20 69 82 94 36 18 19 25 55 58 14 17 44 76 43 85 5 30 97 6 10 96 59 99 41 39 22 73 15 23 35 1 54 37 46 26 61 91 11 29 88 51 87 40 56 50 62 53 27 83 34 65 68 86 66 81 70 16 63 71 42 80 95 3 45 9 78 75 13 33 8 93 7 28 60 98 64 79 32 89 47 72 84 12 74
21 74 88 80 95 25 35 59 38 45 44 67 19 39 96 83 31 46 43 68 79 92 61 57 28 11 42 10 4 55 37 27 32 13 71 69 84 5 64 91 90 72 8 14 51 2 63 24 97 47 78 100 15 76 94 54 82 40 81 98 30 20 52 18 58 17 75 22 34 48 49 53 7 60 12 50 93 23 16 33 77 9 6 1 66 3 73 56 86 70 89 29 41 87 36 26 99 62 85 65
46 51 56 7 25 27 1 64 76 97 19 79 47 49 48 77 3 63 22 45 40 50 87 6 2 68 12 94 100 67 26 14 58 84 93 91 13 28 86 88 43 39 33 61 36 10 99 74 60 55 71 89 82 83 37 32 4 72 98 66 17 42 11 78 16 85 92 23 90 73 80 52 31 5 65 9 44 96 69 35 41 38 70 75 95 54 20 21 53 18 81 15 8 29 24 62 30 59 34 57
91 40 21 33 69 57 85 43 58 10 53 13 92 31 74 73 52 77 97 19 17 45 6 84 27 50 32 63 81 25 60 29 22 93 20 7 99 1 70 48 30 5 67 90 42 4 55 38 64 98 79 24 26 65 59 14 86 36 78 89 47 16 46 44 49 96 66 95 12 8 28 9 2 54 41 35 15 11 18 62 37 83 76 87 61 23 39 82 100 88 75 71 72 68 80 3 51 34 94 56
36 33 62 55 22 46 81 25 54 73 56 88 78 51 98 24 59 48 18 47 61 34 53 38 7 31 93 37 69 1 10 67 40 94 96 26 75 4 82 80 86 76 28 70 32 90 66 63 42 49 23 83 84 27 21 72 77 79 8 20 87 97 15 3 68 50 39 14 99 13 52 41 60 44 85 19 92 45 100 6 35 71 65 11 58 30 95 5 89 64 91 74 57 12 17 29 16 43 2 9
50 89 39 32 43 9 94 83 14 96 21 29 69 5 34 27 30 2 88 11 58 38 17 52 98 46 75 87 74 7 70 56 44 95 61 1 45 25 13 55 49 64 66 42 40 82 84 22 78 24 65 3 67 60 23 18 12 68 54 47 6 72 93 91 79 26 62 86 31 90 53 80 73 81 48 41 71 63 35 77 8 100 16 4 20 57 37 59 33 51 85 92 10 99 19 36 28 15 97 76
59 57 78 34 37 1 42 80 100 71 31 64 81 10 61 53 18 22 17 89 91 87 52 41 8 90 85 12 58 20 43 73 15 49 56 63 19 16 92 33 62 45 54 51 21 48 24 3 96 95 2 30 69 47 74 79 46 75 68 11 9 77 38 83 93 39 76 13 23 32 86 50 98 66 28 29 7 99 60 84 4 88 44 6 94 55 67 65 70 40 82 14 97 26 27 35 36 5 25 72
19 78 47 15 34 26 7 14 75 77 97 10 95 1 42 55 20 9 4 65 81 35 71 23 6 24 72 17 80 52 56 21 67 16 18 58 89 46 61 76 93 53 70 40 29 94 41 11 63 8 73 66 13 68 48 31 27 74 45 96 100 22 25 32 28 33 99 82 83 87 64 54 59 79 38 85 5 90 86 37 88 44 84 30 57 2 50 60 51 62 39 91 36 69 3 43 12 98 49 92
67 28 100 43 8 33 47 68 20 95 1 30 88 62 54 60 44 81 25 2 41 73 80 94 78 87 55 83 61 86 35 91 4 89 5 93 24 85 63 17 65 56 98 16 96 38 79 37 7 69 6 13 51 70 40 26 57 34 71 77 76 90 19 45 32 92 29 10 75 39 72 36 46 53 18 66 82 9 14 50 12 84 27 42 31 59 22 64 58 3 11 97 15 49 74 23 21 52 99 48
87 84 18 93 15 13 48 62 24 3 72 21 14 22 17 80 56 7 36 23 19 82 35 45 40 9 28 95 2 69 98 34 51 76 53 66 64 47 50 52 1 75 68 31 91 41 5 6 43 38 100 49 44 59 55 70 78 37 73 58 39 61 8 29 67 60 25 12 65 27 74 26 57 32 33 71 83 42 94 30 16 46 81 20 77 90 92 99 97 11 88 89 96 63 85 86 4 10 54 79
49 75 22 92 23 32 3 13 83 8 34 9 55 94 89 70 11 52 2 58 50 65 59 88 68 84 20 28 57 12 44 85 18 17 14 77 87 72 36 63 19 24 91 56 6 69 61 45 40 71 4 41 93 21 73 82 48 54 10 67 80 100 74 35 53 37 60 29 51 96 16 62 66 76 47 99 46 5 31 95 39 81 90 33 7 26 79 15 1 98 27 25 78 38 30 97 42 64 43 86
81 21 7 72 66 50 71 27 2 35 60 54 26 55 32 34 48 8 47 46 85 14 33 59 77 97 10 23 6 11 78 88 41 96 44 1 65 37 24 51 3 42 17 80 75 100 64 92 45 4 19 69 79 15 87 68 16 93 31 9 89 73 12 38 99 70 18 98 20 5 58 86 83 22 56 36 94 43 84 25 30 82 63 76 13 91 61 67 90 49 62 95 29 52 28 57 74 40 39 53
22 81 61 13 26 35 53 67 37 38 94 23 9 79 62 68 17 39 75 43 74 21 11 28 89 15 16 80 3 65 47 92 66 25 40 70 93 42 77 18 6 71 34 57 31 1 85 58 29 82 83 98 100 41 2 8 99 27 86 72 63 30 59 48 60 91 51 50 32 54 33 5 24 4 20 45 84 44 96 7 95 76 78 14 87 69 88 19 52 90 12 36 64 10 55 49 56 73 46 97
3 47 41 60 20 53 52 91 48 2 79 28 59 95 67 69 63 62 54 34 76 72 100 98 15 33 9 81 84 21 4 71 6 7 45 10 43 94 35 29 50 51 87 22 66 31 86 89 49 78 39 85 37 55 5 40 14 8 17 61 75 12 58 16 30 19 24 92 73 57 77 44 97 68 42 74 96 70 11 26 83 56 23 64 46 36 99 13 27 80 38 90 25 18 93 65 1 88 82 32
23 46 86 81 39 52 87 90 8 57 22 3 71 20 30 45 15 100 78 75 35 13 47 21 11 73 5 62 67 94 66 9 53 4 59 63 60 93 33 42 97 54 83 98 55 12 92 44 2 80 43 76 56 40 79 41 28 91 38 65 48 24 99 96 27 6 84 18 49 51 1 74 58 34 32 37 10 61 95 36 19 89 64 85 68 25 7 69 82 16 29 88 14 72 70 17 50 77 31 26
2 8 79 68 60 78 89 45 96 86 92 71 40 29 26 72 58 94 9 61 39 31 3 24 42 10 52 67 56 51 32 100 99 36 4 33 14 70 30 57 22 82 49 81 13 21 50 34 1 77 25 18 53 75 19 95 35 12 88 41 66 84 43 5 98 69 91 85 28 6 46 20 54 7 80 15 23 76 44 87 62 27 11 97 65 73 63 74 38 37 64 55 17 90 16 83 47 48 93 59
15 97 20 86 1 5 68 58 66 92 71 93 46 19 88 90 21 95 29 27 44 18 26 4 51 74 49 85 73 34 24 77 82 61 37 3 42 57 62 47 35 28 56 99 94 33 12 10 36 72 13 70 78 96 14 52 39 2 48 32 53 8 50 22 65 100 31 17 69 83 55 45 11 9 7 67 87 6 91 23 84 59 38 80 76 98 30 25 63 43 60 81 89 64 79 54 75 41 16 40
92 62 75 64 65 17 39 8 47 10 25 73 85 60 63 31 41 58 84 48 43 97 70 9 99 100 91 38 36 88 74 79 50 26 86 95 37 51 49 32 80 40 82 1 83 20 3 78 61 29 34 67 59 72 11 28 23 71 90 21 4 93 57 55 2 14 42 56 27 53 24 13 96 77 69 7 35 22 81 46 98 66 89 54 6 45 94 33 12 68 87 16 5 19 15 44 52 76 30 18
53 80 14 24 89 42 45 98 29 83 9 99 76 75 20 59 51 97 16 17 56 7 39 26 69 55 100 96 78 61 10 18 37 11 95 65 25 86 21 44 94 57 88 52 19 5 74 13 70 31 30 34 50 49 85 93 15 90 64 28 3 46 54 6 62 48 72 67 4 12 68 43 63 84 58 33 2 47 87 73 91 41 1 40 81 66 27 77 32 38 23 82 92 60 8 79 71 22 36 35
62 69 2 45 50 43 21 44 61 97 87 40 79 65 16 33 19 88 57 12 48 30 58 68 82 27 53 59 51 89 73 74 9 60 24 66 70 91 42 90 98 34 3 23 52 64 75 76 26 18 11 8 46 29 86 47 20 100 93 84 99 15 39 94 78 1 80 77 71 28 10 31 6 37 67 32 36 81 4 49 38 5 41 95 54 83 13 22 55 85 56 72 35 92 63 25 7 96 17 14
9 42 64 25 70 94 17 82 16 87 46 91 89 4 27 86 5 71 45 38 65 77 29 36 31 40 33 15 44 84 90 32 52 57 63 22 26 99 85 66 95 96 39 24 61 3 10 12 13 68 93 56 20 92 88 67 54 30 81 50 98 11 35 47 21 76 34 69 1 37 8 19 28 18 78 55 59 80 48 43 6 97 53 7 49 14 60 62 79 58 2 23 75 83 41 100 73 72 74 51
97 35 80 5 86 16 95 6 12 72 18 42 60 14 58 81 55 28 89 82 93 94 78 70 71 21 50 30 48 87 23 76 2 62 25 64 10 92 15 11 20 63 96 7 46 34 45 51 19 17 98 29 57 37 61 66 79 73 36 74 1 85 91 13 38 41 33 9 88 67 32 8 90 75 52 59 77 26 43 3 27 99 31 22 69 39 24 68 40 84 44 54 53 65 47 4 100 49 56 83
41 32 70 1 68 61 16 3 99 79 36 22 45 82 6 74 85 49 50 63 86 98 15 90 67 75 2 5 83 95 60 72 13 12 100 59 29 54 78 65 66 55 27 97 9 14 31 80 25 35 40 57 18 19 33 24 43 92 53 17 77 88 26 58 56 20 64 93 48 34 76 37 8 23 51 11 42 7 73 38 47 87 30 52 96 89 21 81 4 94 28 84 69 91 62 10 46 44 71 39
54 25 96 99 74 75 90 87 65 9 77 17 84 23 73 13 62 21 27 44 63 43 12 8 39 5 15 14 91 38 50 49 7 92 80 4 36 56 16 72 100 79 42 18 70 81 98 59 76 34 66 82 61 52 46 85 22 95 24 83 67 35 33 69 57 78 97 55 3 11 88 60 68 6 40 28 19 64 45 47 86 37 20 71 1 93 48 53 94 32 30 29 2 89 31 41 10 51 26 58
35 48 10 87 66 92 41 84 82 60 73 20 33 13 71 98 9 47 79 31 1 80 57 74 76 62 43 93 26 3 81 63 96 51 23 46 53 15 4 69 75 91 30 17 7 88 2 99 83 90 86 6 16 100 27 19 68 70 29 38 95 67 5 52 18 65 28 72 37 25 61 97 78 56 36 34 55 12 59 22 50 54 85 58 21 24 8 14 44 89 77 40 94 45 11 32 39 42 64 49
100 49 50 69 45 58 83 5 42 18 93 19 22 54 8 51 27 89 48 59 73 9 14 6 1 79 57 56 46 4 67 97 16 30 92 85 23 77 31 78 25 52 72 88 90 84 29 81 24 94 15 39 43 36 17 61 33 63 80 68 87 65 64 99 70 53 95 96 13 76 98 66 10 91 82 47 21 32 38 71 20 40 26 28 75 35 55 3 60 44 34 41 62 74 7 12 11 37 86 2
85 39 31 54 22 28 5 48 97 24 37 57 66 25 45 43 79 40 30 84 71 46 88 93 35 49 92 69 81 15 72 68 100 63 29 12 27 36 44 77 78 67 58 10 80 70 47 64 17 83 7 23 9 1 16 34 52 6 59 60 50 4 53 14 73 82 32 87 8 20 62 51 91 42 61 95 26 2 56 96 18 65 13 74 90 99 19 55 75 76 94 33 3 21 86 38 98 11 89 41
75 88 43 53 93 31 2 57 30 61 20 44 51 78 91 64 72 90 97 96 15 41 4 99 81 7 40 82 95 1 85 12 27 56 73 11 74 68 10 5 17 33 71 25 92 76 36 50 39 58 48 59 86 89 83 60 26 38 21 45 54 9 3 24 47 94 23 6 42 19 22 67 66 46 35 62 65 13 77 32 29 52 8 79 80 84 70 16 49 87 100 98 18 37 69 34 14 63 55 28
4 90 8 28 84 36 55 49 92 13 78 86 31 15 43 76 47 96 59 37 7 1 77 25 70 51 39 68 18 85 66 60 97 41 30 74 45 35 88 89 33 73 81 72 3 62 38 26 80 11 12 9 48 17 99 69 42 53 40 71 6 34 44 21 19 52 61 63 100 29 57 32 14 16 24 98 75 50 79 27 56 22 2 23 67 10 64 91 46 65 83 94 82 87 5 20 93 54 58 95
51 43 94 2 31 7 8 86 50 67 38 74 21 36 80 89 4 12 83 52 22 29 65 11 92 56 61 24 32 76 9 27 54 19 13 26 3 53 90 15 18 59 55 37 98 49 48 79 66 33 60 16 85 91 42 84 63 97 95 73 64 47 100 39 96 58 88 34 68 40 81 69 1 30 25 78 20 35 99 41 93 75 77 57 10 70 62 6 17 82 46 5 71 44 87 14 45 28 72 23
43 40 90 11 34 55 69 56 81 45 61 27 58 91 38 19 78 26 52 15 17 3 6 13 46 37 71 77 66 68 29 62 8 2 87 57 5 84 74 36 28 83 53 44 12 32 1 25 88 14 63 33 31 82 60 7 65 64 76 4 16 79 85 70 39 98 93 75 54 47 9 89 100 99 92 94 97 86 80 24 21 49 50 10 72 96 59 30 22 23 35 42 51 95 48 67 41 18 20 73
73 70 17 3 44 69 67 99 49 5 24 28 25 98 14 79 12 18 76 94 40 42 16 39 90 48 38 43 85 36 30 33 46 74 8 7 75 50 20 62 64 78 10 89 60 37 72 84 15 54 27 19 4 87 65 100 59 96 34 52 32 95 29 11 23 9 26 57 35 81 21 22 61 82 63 92 58 56 93 55 68 13 51 45 97 88 47 1 41 83 31 66 6 71 77 2 86 53 80 91
39 66 59 35 13 37 74 78 77 65 10 9 94 46 62 96 7 73 70 22 21 83 87 55 80 23 31 36 11 8 18 47 29 64 89 15 34 88 26 20 48 3 86 54 57 72 91 68 100 12 42 51 75 69 38 99 44 16 60 95 49 97 56 93 43 45 67 25 41 50 28 84 30 27 1 90 17 4 24 92 2 98 40 82 5 32 53 76 71 79 14 6 85 81 58 19 33 61 52 63
57 56 25 39 77 71 32 15 31 73 62 61 6 30 64 99 8 70 10 41 94 96 17 3 79 28 95 65 90 66 63 51 48 44 36 75 24 20 46 100 69 26 74 59 88 60 7 47 33 2 54 68 89 98 53 5 38 52 16 34 81 58 1 40 42 72 50 4 78 23 87 93 27 86 97 22 18 67 37 29 76 14 80 9 19 85 82 84 21 45 49 83 11 55 12 13 92 35 91 43
99 44 11 41 33 84 1 35 43 94 47 93 37 18 77 87 80 16 23 79 70 88 67 45 29 64 82 46 22 42 49 5 78 100 69 73 89 83 9 95 39 24 32 75 74 68 6 48 71 91 76 54 98 86 72 2 13 26 65 66 17 59 4 34 25 61 14 19 60 28 63 38 92 57 10 21 12 97 53 40 58 96 52 56 51 3 15 90 36 81 62 31 30 20 50 27 55 85 8 7
18 27 81 30 69 23 59 61 95 52 68 63 41 86 34 42 45 43 8 6 75 19 1 35 72 4 58 7 47 55 98 73 87 50 57 77 32 10 97 54 38 13 65 66 40 51 21 60 82 96 20 46 5 33 24 64 70 78 12 2 14 16 22 79 11 28 37 89 44 92 100 53 26 31 88 80 29 36 25 62 49 85 15 94 91 71 9 48 67 39 17 99 76 3 56 74 83 93 84 90
47 13 46 96 36 89 43 63 23 85 12 82 18 100 66 75 94 20 24 67 16 10 97 22 17 88 48 58 61 34 78 64 93 53 38 62 81 8 56 9 32 28 6 40 30 29 71 33 72 79 37 55 83 25 45 15 92 76 11 7 98 54 2 73 26 84 41 5 95 69 65 91 70 49 50 51 31 57 68 14 44 90 59 87 74 52 39 4 3 35 19 21 86 80 42 77 60 99 27 1
44 76 35 91 47 93 50 29 85 15 8 54 53 41 48 95 81 23 96 13 51 39 37 28 22 77 30 71 88 82 11 42 64 70 67 69 84 1 66 83 24 5 99 32 27 43 63 19 94 25 89 75 2 18 40 9 60 20 46 55 92 14 7 56 6 80 62 31 57 38 16 33 79 36 90 65 68 72 12 78 97 86 45 3 100 74 17 10 26 61 4 73 98 58 52 59 49 21 34 87
93 78 97 85 54 64 44 31 79 68 3 87 10 71 19 8 96 30 15 95 98 76 33 84 47 32 60 51 52 49 69 2 77 90 83 91 56 61 94 48 73 29 75 26 82 50 20 43 46 27 35 40 12 74 41 38 55 42 13 6 9 70 67 7 28 24 22 80 59 5 36 92 16 21 89 81 14 25 1 53 99 23 86 39 18 58 57 100 88 4 65 34 63 72 17 37 62 45 11 66
79 91 98 37 58 14 11 19 45 99 82 73 68 16 29 28 2 65 39 7 52 27 40 57 36 38 13 76 30 41 61 54 56 8 26 93 80 72 81 92 77 34 44 9 49 67 24 94 51 70 90 43 64 20 3 4 95 69 78 47 89 62 83 60 10 50 100 42 84 66 5 48 15 71 31 97 22 33 88 6 87 32 18 1 55 46 23 86 35 75 63 59 74 53 21 96 25 12 85 17
71 82 67 79 42 29 84 12 15 93 43 64 2 9 25 66 68 37 65 81 77 92 53 19 21 11 47 74 86 30 26 38 20 98 70 32 87 49 83 28 58 45 23 61 56 10 54 95 35 39 96 24 33 4 52 80 1 48 100 3 75 72 27 63 16 17 85 94 55 34 31 7 73 51 22 88 60 18 50 5 89 91 6 36 40 44 14 97 99 8 69 57 59 41 46 62 90 78 76 13
6 14 82 48 99 12 60 17 34 46 13 23 1 70 59 71 25 54 63 78 79 75 21 37 91 50 74 40 38 20 76 61 89 87 65 56 51 11 41 73 7 15 22 35 69 83 67 96 97 3 93 81 28 90 95 42 10 58 44 57 80 55 31 68 33 47 36 88 24 85 72 16 45 43 27 5 98 77 8 18 26 30 66 86 52 29 4 49 92 62 84 64 9 2 32 39 53 94 100 19
68 28 76 34 71 72 91 51 11 37 50 16 100 92 90 84 97 44 98 29 88 58 43 33 26 66 67 19 60 96 80 4 14 69 17 36 83 55 24 23 41 89 9 77 79 48 27 93 6 10 56 12 21 31 18 75 81 87 73 64 47 20 86 15 22 25 54 8 62 74 42 99 13 59 39 52 61 5 57 94 32 1 95 46 53 82 49 63 65 40 85 38 70 78 35 3 2 7 45 30
88 75 44 65 11 45 77 52 27 12 64 40 23 50 5 47 38 87 13 3 33 79 35 42 100 26 29 39 49 67 94 96 86 32 46 37 99 16 31 30 61 54 57 41 20 8 22 4 78 92 98 84 55 9 71 25 97 14 72 56 51 10 76 82 74 89 66 21 7 68 60 62 19 2 43 85 95 58 6 1 81 63 24 70 59 17 73 15 83 48 34 80 28 91 90 18 93 69 53 36
80 65 55 32 4 97 96 18 35 47 95 85 39 90 98 2 64 78 26 66 61 72 54 23 28 43 68 6 100 10 25 56 83 22 74 71 49 48 52 38 84 88 79 12 62 11 59 41 50 81 44 87 70 46 73 51 58 67 91 20 99 1 93 76 63 34 75 7 21 27 29 14 53 69 5 16 33 30 3 19 9 92 37 17 45 15 36 77 13 86 40 60 42 94 24 31 89 8 57 82
28 55 9 33 21 40 29 70 84 42 49 67 11 22 35 56 46 98 69 80 13 52 61 83 74 24 87 62 76 94 37 95 68 54 91 58 90 65 77 75 15 10 100 43 85 14 97 82 30 6 16 1 31 53 96 86 3 4 27 25 48 23 51 50 64 71 81 32 34 88 41 39 60 17 45 19 73 63 78 72 57 20 7 5 8 92 44 99 36 66 79 2 47 12 89 26 18 38 59 93
14 92 1 47 51 41 9 4 78 88 76 79 57 73 52 6 50 86 46 93 69 62 27 7 43 44 65 97 80 11 56 34 94 72 10 96 31 81 15 59 26 75 48 84 58 55 66 85 16 20 53 77 30 63 49 90 28 3 37 70 38 83 98 17 99 32 39 91 29 82 12 18 64 19 95 40 24 89 67 100 61 42 54 25 2 22 74 33 23 13 21 8 87 5 36 45 35 71 68 60
52 88 69 38 94 3 54 21 67 59 93 31 42 97 32 64 26 17 74 55 49 34 20 10 56 2 90 79 57 58 46 15 39 81 47 28 19 5 85 82 87 91 16 62 86 73 13 22 84 24 99 37 41 66 29 98 25 51 4 89 70 40 63 77 44 33 27 60 14 48 43 78 95 65 53 72 36 23 92 9 11 80 96 75 30 68 83 18 6 7 1 61 45 35 100 76 8 50 12 71
96 42 80 67 23 57 64 46 13 44 30 26 33 20 15 22 92 53 32 97 99 100 47 38 83 87 25 50 4 7 21 14 61 16 58 19 8 85 55 49 89 84 76 78 35 86 5 27 90 72 34 31 11 37 94 28 6 43 3 79 10 56 41 74 1 88 63 52 91 54 2 9 51 45 66 17 77 65 93 69 60 73 75 48 70 12 98 62 95 36 81 71 39 68 82 24 59 29 18 40
87 98 7 89 95 70 25 100 3 81 59 68 97 39 76 30 47 35 40 31 42 15 8 24 64 99 79 10 6 65 82 67 11 55 41 54 86 93 32 33 74 14 12 94 73 34 28 83 60 75 37 20 90 77 58 36 78 50 61 46 88 38 45 66 5 26 92 53 52 62 4 72 17 13 29 56 91 85 51 44 69 9 49 63 16 23 18 22 71 1 27 43 48 57 2 80 19 21 96 84
64 61 75 72 24 60 18 26 70 25 100 78 63 1 89 95 80 67 53 19 10 71 83 27 41 9 81 14 59 69 31 57 21 7 66 52 17 28 42 96 62 58 84 36 22 13 49 34 65 47 15 90 8 6 23 30 48 45 2 12 39 76 11 93 91 55 74 73 43 32 54 5 56 88 44 50 4 79 99 97 16 29 68 92 35 77 20 82 40 98 46 86 37 38 85 94 87 33 51 3
46 100 95 83 17 1 92 20 52 77 48 25 49 81 61 33 5 27 90 76 66 59 82 87 57 31 72 23 58 44 42 41 65 36 78 99 93 69 50 80 53 35 29 28 45 4 70 71 55 98 7 88 26 30 89 40 16 10 79 11 73 51 19 85 38 22 60 84 18 43 64 75 21 91 96 9 8 39 37 63 74 54 3 2 86 62 12 68 94 56 67 15 24 32 6 47 13 34 97 14
5 89 72 100 25 76 24 37 63 84 17 42 31 62 51 98 85 92 1 23 95 60 55 29 78 41 77 28 9 12 75 44 88 43 94 83 47 90 33 71 14 64 13 7 68 35 87 80 52 40 91 61 57 56 69 96 18 34 93 22 58 3 15 30 70 8 82 97 2 73 38 59 50 36 16 86 45 26 27 74 66 10 32 53 79 4 46 20 21 11 39 65 67 99 49 54 6 81 19 48
55 60 52 66 5 33 88 69 56 11 73 80 99 94 37 34 67 82 91 95 20 2 58 64 45 68 28 93 17 9 35 81 1 74 50 78 22 47 62 89 59 65 25 83 75 27 51 77 41 38 97 10 21 13 48 72 54 61 70 86 18 29 96 100 84 85 76 8 12 87 24 30 39 98 49 63 44 16 32 4 40 90 14 26 36 19 42 57 46 23 43 3 71 7 53 6 31 92 79 15
48 41 31 88 3 9 33 59 39 96 80 13 67 10 1 73 62 24 36 69 23 50 26 98 18 84 5 68 43 51 47 45 32 56 52 38 71 29 57 95 63 4 14 19 25 74 55 75 86 66 42 27 81 76 8 92 100 40 15 49 82 22 46 70 85 2 6 78 58 37 53 61 34 21 30 35 87 11 16 77 93 44 28 20 17 91 72 65 97 89 83 79 12 64 99 60 7 54 94 90
50 79 8 56 36 31 81 54 26 70 68 95 96 53 55 89 7 48 75 9 18 22 80 69 32 46 44 63 2 52 4 91 62 5 6 29 67 41 1 43 12 72 28 93 14 98 99 21 64 61 90 35 84 65 87 17 20 73 74 59 30 57 25 42 47 49 51 94 76 86 71 85 82 10 15 100 11 45 39 83 34 24 88 33 66 78 97 37 3 60 77 92 13 27 19 23 16 40 38 58
90 52 48 20 37 99 85 39 40 29 55 71 58 72 94 76 3 83 89 34 97 87 22 47 98 54 33 32 12 23 68 26 44 2 61 21 65 15 92 5 88 56 18 100 36 82 25 1 11 10 4 79 43 75 57 27 17 93 45 13 59 73 38 53 41 96 30 70 19 6 77 31 86 49 91 84 63 7 80 51 46 35 16 66 78 50 24 60 67 81 64 62 74 8 28 9 14 42 69 95
69 4 87 55 43 50 95 64 1 71 40 3 12 17 54 8 48 90 37 47 80 45 59 88 44 78 84 72 73 89 79 29 60 97 32 76 41 100 61 36 52 39 2 16 23 38 18 26 62 77 13 63 82 5 70 93 9 91 85 30 96 27 42 21 19 86 10 31 20 51 58 35 98 75 68 66 92 22 74 67 33 11 46 6 34 94 25 14 49 83 56 53 99 15 7 57 65 28 24 81
82 96 78 46 21 58 28 83 57 89 72 30 37 80 4 19 56 63 99 87 59 12 14 5 40 76 16 44 69 88 43 85 8 26 31 34 98 7 90 51 70 2 66 67 10 52 84 45 91 9 79 53 97 74 50 64 15 75 77 54 29 13 71 25 23 39 35 93 92 81 33 20 55 22 100 60 42 95 73 17 68 49 47 18 41 11 32 38 1 65 94 24 86 48 27 36 3 62 61 6
21 81 20 80 15 36 35 89 90 27 34 99 94 51 95 72 11 45 47 85 57 74 71 41 7 97 6 56 23 18 73 46 49 1 10 43 69 17 48 42 2 19 93 24 70 64 92 63 68 55 78 100 83 40 75 26 12 66 84 91 76 39 61 87 59 30 65 96 67 8 88 77 54 31 9 44 53 60 79 33 62 86 29 4 3 13 50 98 25 14 82 32 38 52 58 5 28 37 22 16
44 62 50 90 72 30 87 43 76 49 3 29 10 31 18 92 51 71 86 94 81 65 88 89 27 15 59 85 39 84 24 55 22 19 73 67 64 68 16 52 91 47 63 14 93 1 34 38 53 4 12 2 78 32 37 20 82 36 69 77 66 33 99 13 21 5 79 42 40 57 98 26 83 7 17 61 58 9 41 45 70 46 48 35 54 8 95 56 96 25 28 97 75 6 80 74 11 60 23 100
76 47 70 4 31 26 21 72 81 39 89 12 19 56 22 32 27 60 82 62 87 5 15 97 6 13 66 36 40 77 16 17 46 79 74 1 100 49 63 91 34 42 67 88 90 41 85 68 45 58 54 3 20 10 59 14 99 71 75 18 28 78 33 11 83 35 84 57 86 96 80 52 29 43 48 53 23 92 94 7 73 8 95 65 61 38 93 64 37 51 2 9 30 69 50 55 98 24 25 44
66 16 47 11 58 27 48 25 75 44 50 91 22 5 96 51 19 21 17 38 34 61 9 85 77 73 97 12 55 63 62 93 83 88 20 41 35 4 82 67 1 53 36 46 6 18 78 30 40 70 76 68 86 23 39 79 95 28 80 37 100 10 8 14 65 7 33 52 42 56 57 45 31 24 90 2 15 54 43 84 81 13 49 3 32 26 92 59 60 64 87 89 94 74 71 29 69 99 98 72
19 74 18 17 20 35 83 30 42 81 36 1 82 8 24 79 59 96 22 70 38 73 11 71 53 33 85 4 3 75 44 92 12 50 72 97 61 91 10 76 55 77 34 51 7 69 40 39 37 68 48 89 46 78 9 31 27 54 58 98 43 80 52 67 32 15 29 60 88 84 49 13 57 86 28 41 93 6 25 23 14 99 87 94 26 56 5 47 100 16 95 21 62 66 90 65 64 45 63 2
40 84 64 67 93 5 78 62 7 29 51 21 41 47 42 31 8 28 4 82 72 14 48 94 71 65 95 57 91 25 32 69 34 92 23 74 70 37 39 2 98 76 1 15 3 88 17 24 77 45 86 90 16 36 35 52 85 27 66 87 11 61 20 99 13 60 18 26 10 83 44 54 81 46 33 68 79 100 50 30 75 53 9 58 80 73 22 12 55 6 89 43 59 63 38 97 49 96 19 56
22 69 94 30 76 46 89 27 95 16 6 88 78 26 17 1 32 47 20 75 49 38 51 58 66 14 91 87 93 97 39 67 40 62 24 19 63 42 36 55 33 96 44 2 34 100 41 50 80 3 60 25 48 11 5 18 83 70 54 82 77 45 12 37 53 92 99 61 28 15 52 8 7 35 85 29 90 64 68 73 98 23 65 71 74 57 79 13 4 84 31 59 10 56 21 43 86 72 81 9
26 90 62 28 70 94 46 80 24 68 43 72 61 66 86 45 65 22 57 89 10 82 5 49 88 7 17 25 97 21 38 54 18 96 40 9 48 59 87 78 3 74 76 73 32 20 64 6 63 34 27 33 15 47 55 39 14 79 31 42 1 93 91 60 98 37 44 53 95 11 13 2 35 23 50 99 83 41 84 71 4 52 36 16 56 30 81 69 29 85 100 8 51 92 67 12 75 77 58 19
43 59 90 93 11 65 2 28 48 40 82 8 1 14 9 24 55 88 18 60 13 37 57 52 16 45 20 17 84 78 70 96 91 67 41 69 62 26 74 30 42 71 7 22 49 39 98 99 94 64 32 10 79 81 33 12 86 89 95 72 63 77 54 44 56 66 15 85 68 19 92 50 46 34 36 4 5 80 38 87 3 83 73 23 21 53 61 51 27 58 75 31 76 29 6 35 47 25 100 97
23 97 22 69 68 16 55 53 12 3 48 77 25 86 26 96 15 72 34 11 19 35 52 59 54 90 75 45 74 79 20 42 51 60 56 2 13 67 78 39 6 40 71 99 66 33 61 64 50 87 85 43 89 92 95 32 93 38 36 9 10 28 94 58 62 70 57 27 29 76 46 47 24 81 31 1 21 17 100 37 30 14 80 84 73 98 8 5 41 88 44 91 4 65 82 63 83 49 18 7
63 50 27 49 84 42 8 7 100 72 97 81 21 59 71 13 39 9 78 46 3 77 89 32 90 61 31 15 95 33 45 29 66 76 62 53 4 57 88 60 93 22 52 98 16 5 67 92 30 25 73 54 2 43 48 38 35 55 41 28 83 85 64 82 79 94 34 19 37 47 40 80 58 56 10 12 1 99 91 36 6 65 86 70 20 14 96 74 11 44 23 17 69 75 51 68 24 18 87 26
81 46 73 92 13 75 47 10 49 59 28 96 85 39 74 20 52 62 31 48 91 89 70 16 21 63 32 3 56 40 93 33 7 45 67 58 86 64 4 41 30 51 8 80 17 53 2 29 24 18 23 83 55 84 78 9 57 72 98 65 94 95 77 68 27 6 25 88 61 22 1 36 97 44 12 71 35 42 66 43 50 15 76 34 87 90 99 19 38 37 11 60 82 26 69 14 100 5 54 79
57 18 2 3 25 14 74 75 67 27 10 19 30 52 56 62 72 44 9 96 85 98 78 66 23 40 71 76 6 37 90 45 86 100 92 83 42 77 79 11 41 33 73 43 88 31 36 89 26 69 35 1 12 15 81 99 46 64 7 58 68 24 55 94 61 80 95 34 13 39 8 87 59 50 29 91 84 38 4 49 21 22 48 28 17 54 65 70 53 82 60 51 20 47 93 16 5 63 97 32
59 5 43 54 44 32 26 39 20 84 76 10 40 75 88 74 58 13 16 45 66 56 29 53 70 62 27 33 51 17 52 77 64 28 36 85 97 25 67 69 22 82 87 41 24 94 49 12 71 78 6 92 93 72 3 15 79 37 89 86 4 100 57 47 96 50 42 21 23 61 60 19 99 30 65 9 46 81 8 48 91 98 2 7 90 55 1 80 63 18 38 35 68 95 11 34 73 14 31 83
34 49 39 100 95 92 45 57 82 94 87 70 32 79 2 42 20 67 5 59 41 13 77 75 99 74 9 83 76 38 71 64 14 84 80 33 37 31 35 63 97 10 21 90 51 46 93 78 6 27 65 61 4 89 22 16 23 1 62 96 53 15 40 24 52 58 91 25 73 72 55 43 28 60 47 19 68 66 85 50 56 81 26 11 69 36 7 88 44 3 12 86 48 18 17 98 54 29 8 30
20 87 44 7 1 64 67 100 58 12 8 98 18 36 28 66 16 86 45 27 97 76 65 21 43 50 15 26 10 95 82 9 4 30 34 78 14 54 46 57 75 62 48 59 42 91 33 11 55 80 40 81 56 19 29 60 96 63 71 41 90 6 23 5 73 52 24 72 99 13 32 74 68 37 92 17 2 47 77 25 38 84 3 85 49 93 70 94 79 22 88 61 39 89 31 83 51 35 69 53
18 57 83 15 4 43 16 19 3 46 38 44 97 50 73 27 82 89 33 12 5 60 95 74 41 51 93 30 26 99 23 88 54 40 70 36 96 92 8 10 53 52 13 17 91 84 31 81 42 14 11 85 98 7 77 34 68 24 21 61 78 29 76 6 87 25 45 63 71 49 62 9 2 32 20 79 65 69 59 35 58 37 66 1 86 39 64 67 28 80 72 94 22 90 47 100 55 48 56 75
48 68 14 53 17 29 71 13 92 25 22 90 67 55 75 87 57 91 84 58 88 10 3 9 8 27 35 11 77 43 30 61 1 51 5 56 60 99 64 83 19 63 98 23 74 7 79 54 39 94 100 46 18 86 41 47 62 26 52 32 42 70 73 89 78 81 80 4 59 45 37 38 6 66 82 36 95 12 31 21 96 34 50 40 65 69 44 28 20 76 15 33 97 24 16 2 72 85 93 49
6 34 82 2 51 23 68 72 99 15 1 29 92 100 40 80 18 26 61 73 69 3 12 70 31 79 52 81 21 22 87 56 39 64 83 24 33 36 49 88 35 57 42 44 46 30 38 20 97 90 19 53 41 27 28 7 77 96 8 71 85 47 74 78 10 91 9 48 32 67 45 95 93 16 43 86 14 50 60 75 37 5 59 54 66 63 55 25 89 94 98 65 11 58 62 13 4 84 76 17
91 51 36 99 89 34 38 59 65 13 53 55 9 30 20 81 4 46 54 67 95 31 25 78 58 64 12 80 49 87 43 72 61 63 8 7 19 10 21 29 86 73 97 83 82 15 37 42 35 11 24 17 74 41 14 2 33 92 85 68 66 88 44 48 18 69 40 77 100 50 22 84 90 28 56 62 94 76 1 47 27 26 96 57 70 45 60 3 52 79 32 75 6 71 5 93 39 98 16 23
15 48 76 65 47 78 3 69 66 99 46 57 44 1 91 43 81 7 94 37 18 27 39 26 82 75 50 58 36 73 21 41 11 4 17 70 90 56 54 8 74 61 100 72 92 2 45 19 83 33 62 63 85 96 6 97 10 42 24 25 95 30 5 79 60 55 23 16 52 29 31 89 88 20 9 98 71 87 22 38 12 40 51 86 77 84 13 49 32 93 68 53 67 14 35 59 34 64 80 28
73 2 67 48 50 13 17 84 16 39 24 20 68 41 58 71 12 53 25 61 79 1 23 99 89 9 74 5 87 86 49 35 27 93 45 64 62 94 75 100 14 40 96 56 80 28 97 51 88 52 63 19 44 60 69 54 43 95 76 22 29 34 59 66 57 98 4 6 65 90 91 33 10 42 38 81 7 36 11 26 47 30 85 77 55 70 21 31 82 8 78 83 72 37 3 32 92 15 46 18
55 99 59 13 54 52 53 14 39 65 18 22 6 97 1 86 25 81 48 63 73 7 9 10 74 88 57 64 78 49 40 62 56 17 66 96 23 50 94 72 58 95 29 42 98 70 75 60 15 2 89 34 69 90 68 100 4 76 3 12 19 87 26 27 93 21 31 92 51 43 41 37 8 82 24 47 80 67 33 46 20 32 28 79 16 83 84 91 35 61 30 36 5 44 85 38 45 11 71 77
47 33 56 37 59 71 39 31 38 73 13 72 51 40 76 28 9 94 2 52 93 42 55 36 69 41 58 96 90 10 50 14 16 57 65 97 49 98 70 34 62 86 54 19 60 27 21 43 95 79 44 66 91 18 99 24 26 67 68 87 48 63 3 22 15 85 5 11 75 25 29 46 23 77 17 92 45 61 35 1 84 88 8 82 100 89 83 7 12 32 81 74 78 80 30 4 6 53 64 20
95 38 79 5 33 85 7 62 54 42 47 17 89 91 14 57 78 12 88 15 71 96 100 4 2 44 26 82 9 36 76 81 65 23 64 46 94 19 86 61 63 80 74 28 30 3 87 52 34 35 8 20 90 29 49 84 55 50 13 59 67 58 41 45 43 39 93 98 69 40 68 72 11 99 27 18 75 70 56 31 60 66 32 73 1 24 48 10 6 21 16 97 53 83 77 37 25 22 51 92
79 35 41 24 86 7 20 5 14 87 98 74 100 54 16 61 63 77 1 84 50 80 4 93 78 97 30 38 40 65 62 2 96 55 18 32 83 46 68 15 64 53 9 57 94 21 95 76 33 28 39 23 10 91 47 19 42 43 88 72 81 25 58 52 11 34 67 69 8 92 36 59 17 85 48 45 26 13 89 3 44 82 31 22 6 66 37 90 75 49 29 71 70 60 56 27 12 73 99 51
99 71 74 72 41 3 90 17 61 37 92 67 84 29 63 53 21 35 93 36 20 58 94 11 68 23 13 51 46 40 73 85 89 70 4 28 8 33 30 66 50 79 91 1 27 24 69 95 19 31 26 55 75 52 18 42 6 100 10 98 54 65 43 7 25 22 38 80 44 48 81 86 14 76 39 34 96 32 62 97 77 87 57 56 78 2 88 16 83 5 49 64 47 45 15 9 60 12 59 82
28 21 96 41 69 84 94 99 30 7 15 25 81 98 8 75 79 27 59 65 37 45 48 29 42 5 78 74 67 44 16 95 2 77 93 73 17 88 9 47 89 39 33 54 57 62 13 23 82 36 83 100 51 20 85 68 31 52 66 70 64 11 86 3 58 1 26 32 35 12 40 92 50 4 63 80 55 43 24 22 49 71 18 97 34 10 72 60 56 90 91 14 87 19 53 6 46 61 38 76
75 77 61 96 74 2 69 35 27 52 59 86 71 15 19 37 44 30 50 13 7 21 93 25 83 84 90 43 92 97 47 4 68 41 57 11 22 70 26 54 73 72 79 62 99 63 12 98 36 8 20 14 53 6 87 85 64 3 46 40 82 66 45 31 1 65 28 89 80 23 76 32 42 55 18 100 60 17 48 95 39 78 16 10 51 58 49 5 88 38 33 34 9 81 29 67 56 94 24 91
35 80 10 91 39 25 5 20 50 89 40 12 49 46 64 6 92 97 27 81 51 24 82 8 36 37 99 47 30 61 32 34 87 44 71 52 67 84 98 77 7 55 16 100 83 90 70 13 73 22 68 88 28 9 26 4 48 94 11 79 63 1 31 56 72 66 58 75 62 69 21 85 78 54 93 42 53 2 95 19 57 76 29 17 96 59 74 14 15 33 43 38 3 23 86 60 18 41 45 65
68 8 11 85 61 37 41 98 47 71 49 1 53 24 38 99 45 17 79 91 6 22 21 90 40 4 7 59 60 28 75 73 77 42 30 5 36 55 95 32 80 65 57 25 35 50 27 94 51 54 82 16 64 83 2 70 39 13 29 74 3 12 67 76 31 89 88 97 84 58 10 62 34 63 44 56 19 86 96 9 69 100 15 48 33 78 52 81 92 43 14 72 18 66 46 20 23 93 26 87
62 32 25 47 71 95 36 45 63 16 77 24 79 20 80 91 30 23 90 68 87 19 5 27 100 21 67 85 17 9 94 15 6 89 37 22 74 83 44 18 43 46 10 78 48 8 28 58 13 81 3 51 70 98 11 69 60 34 64 56 39 42 61 50 49 26 72 84 57 31 53 93 96 40 35 7 82 65 88 14 29 38 52 92 75 99 97 86 33 4 1 54 2 73 12 76 41 59 55 66
49 94 81 79 3 28 44 64 83 5 20 30 63 95 7 36 97 93 74 86 21 34 57 13 18 78 60 77 100 58 24 38 15 25 69 66 26 61 55 59 23 99 84 10 73 12 90 33 46 71 96 80 37 4 65 82 22 40 45 89 14 67 19 16 2 72 92 29 54 53 6 70 91 9 1 50 31 85 87 32 76 56 75 39 8 88 47 98 17 68 27 62 35 48 52 41 42 51 11 43
36 97 55 66 99 9 60 18 23 11 19 78 26 90 30 88 100 92 43 3 94 52 8 65 80 56 17 10 72 42 85 22 93 81 13 37 47 1 48 49 61 4 25 31 29 77 40 84 16 6 75 98 50 38 27 41 59 45 44 46 76 14 20 32 68 82 64 83 34 89 74 69 24 5 71 95 63 91 53 67 86 96 73 87 7 35 15 58 51 70 54 57 28 21 2 62 33 79 12 39
69 16 89 35 34 93 52 91 31 92 71 79 64 43 90 30 41 49 68 29 61 15 14 97 45 73 53 7 59 80 56 78 13 94 26 75 100 8 1 65 32 84 72 37 55 10 50 28 76 95 17 39 9 33 88 63 51 2 38 11 18 54 83 23 42 47 24 82 3 20 86 48 19 27 40 21 5 60 12 44 66 85 77 74 58 4 62 57 22 87 67 98 46 6 70 25 99 81 96 36
93 87 9 64 42 69 50 21 34 47 30 91 60 13 55 2 94 99 76 41 52 83 22 85 98 32 38 24 48 3 81 44 20 80 53 26 97 51 56 90 95 33 65 89 58 1 68 37 100 46 43 59 11 49 79 86 78 12 40 73 28 8 54 17 39 84 14 7 31 72 4 5 29 45 88 66 61 96 18 74 16 75 6 36 67 62 23 82 77 35 25 15 63 70 19 10 71 92 27 57
96 25 62 38 45 1 32 28 2 79 56 10 39 70 61 84 31 54 23 49 58 50 15 83 57 77 85 17 97 41 29 51 40 11 78 93 48 95 99 9 65 76 81 18 52 67 5 72 7 91 30 27 16 59 74 88 100 68 34 21 46 24 33 69 98 8 37 12 60 6 43 20 55 71 66 94 4 90 64 73 87 63 14 53 35 44 82 47 26 75 22 92 89 3 42 86 19 80 36 13
4 60 97 34 26 74 29 49 37 85 17 21 46 62 27 77 68 58 10 79 23 100 16 87 53 40 6 72 88 69 67 63 78 95 15 38 81 11 92 82 20 64 83 70 31 86 66 25 84 43 24 56 8 30 9 80 3 14 65 76 33 59 35 18 32 71 50 55 7 91 12 41 39 51 45 28 98 57 54 96 2 89 47 13 52 93 94 22 90 1 19 5 42 75 48 99 36 44 61 73
54 39 73 83 60 97 85 4 79 35 100 99 11 19 43 44 50 82 53 9 70 94 67 68 15 76 29 95 86 46 25 32 30 12 58 77 64 71 61 23 49 14 88 52 24 37 7 47 41 96 56 31 93 66 21 5 65 16 75 84 2 62 38 90 80 17 34 78 55 74 98 22 51 18 89 33 8 6 81 87 40 1 45 91 59 36 27 20 13 48 72 42 92 26 28 3 10 69 57 63
88 76 58 20 77 89 11 37 52 96 12 71 47 81 59 26 69 18 13 44 57 87 83 3 46 10 82 50 4 67 72 68 36 43 6 54 41 35 27 48 55 56 86 9 22 39 34 79 29 92 94 33 31 80 60 51 85 61 15 23 70 90 91 38 73 14 100 28 40 66 42 78 21 17 25 53 93 16 5 63 32 74 7 95 30 19 98 65 99 45 75 2 64 24 49 97 62 8 84 1
87 62 46 55 23 41 1 29 96 49 94 89 2 60 24 47 85 78 40 7 99 79 77 32 64 43 42 67 73 33 69 76 21 90 50 95 56 54 16 28 59 22 68 84 12 4 20 100 86 17 71 75 48 82 8 25 81 51 70 37 30 93 11 15 44 88 66 91 83 38 65 61 98 57 52 97 92 58 6 72 34 26 9 14 10 74 18 80 31 13 35 3 45 63 27 19 53 36 39 5
82 5 86 89 24 12 48 46 40 88 31 77 38 10 15 83 2 52 70 85 80 97 11 16 56 54 72 28 43 68 4 71 34 8 47 91 98 36 66 92 69 59 23 26 45 55 74 3 90 29 14 84 33 25 96 75 13 20 60 30 58 22 51 39 67 78 81 9 21 62 94 18 87 6 7 63 73 44 57 17 61 37 95 76 41 53 19 64 42 93 65 99 100 27 32 49 1 50 79 35
51 55 1 45 94 53 26 68 13 97 44 96 23 18 4 60 49 65 69 6 35 46 71 24 27 66 2 37 39 78 20 12 29 61 52 89 63 48 83 38 77 47 75 81 79 33 72 59 40 82 32 8 100 17 58 95 70 21 98 64 88 3 99 74 62 5 41 50 43 87 92 34 54 84 16 15 10 56 67 28 9 31 36 30 91 25 7 19 86 22 11 73 14 57 80 42 90 76 85 93
52 80 64 93 22 8 92 54 70 77 55 3 40 23 29 69 96 95 32 1 98 59 61 19 81 33 28 94 26 4 31 74 58 16 43 71 37 17 89 62 34 67 63 75 13 76 85 97 78 49 25 12 30 21 83 66 44 10 86 38 73 84 50 35 53 20 15 56 48 82 2 14 60 68 100 90 11 39 45 27 88 9 46 5 18 91 24 51 65 42 79 6 57 41 36 47 87 7 72 99
71 41 22 56 20 45 96 25 77 40 62 68 31 72 35 70 36 87 16 43 42 30 47 38 44 7 21 65 83 37 46 55 97 49 94 99 33 64 50 17 84 58 12 67 85 32 3 48 60 39 10 82 5 63 75 90 92 24 61 54 11 27 15 34 93 76 6 73 1 86 100 91 57 2 51 88 29 26 14 69 74 53 13 66 19 98 9 18 81 80 28 95 23 78 89 79 8 52 4 59
50 77 35 1 65 67 43 60 45 28 78 26 10 82 25 68 48 98 15 37 84 61 89 39 11 49 66 46 44 75 38 47 99 93 88 57 69 90 41 71 81 13 14 94 96 34 54 70 62 20 2 87 59 31 42 33 58 30 7 3 92 79 40 63 74 86 91 5 4 73 72 51 97 19 53 32 17 9 27 36 83 29 24 6 76 23 12 55 95 16 56 80 85 64 100 18 52 21 22 8
2 19 48 88 43 49 25 52 84 57 95 98 42 92 34 90 5 70 8 17 33 62 78 26 76 87 20 18 47 15 37 21 60 73 38 67 4 31 81 75 94 35 99 24 32 68 22 83 53 40 16 77 61 69 45 28 93 58 36 50 100 56 27 85 30 9 10 7 41 46 64 39 82 13 91 51 12 63 86 6 11 97 54 80 79 3 14 1 71 66 44 23 29 89 55 96 59 65 74 72
90 21 27 68 5 70 78 89 71 67 99 8 45 22 66 56 16 43 54 34 72 74 23 46 47 100 49 97 93 7 35 26 94 77 63 15 51 50 82 33 98 48 58 73 69 83 29 96 52 31 40 9 79 1 86 41 17 4 95 91 32 76 39 30 85 19 57 80 14 84 61 75 28 65 2 60 59 11 3 92 18 10 20 42 81 12 64 62 36 37 38 25 24 55 87 44 13 88 53 6
3 50 36 7 97 76 28 82 78 18 60 44 57 66 54 34 67 39 52 55 77 71 43 47 16 48 81 19 11 8 74 17 37 64 91 62 80 92 31 73 93 94 6 14 86 13 10 24 21 12 26 79 20 68 33 72 1 90 89 95 9 38 25 100 84 15 27 83 70 22 32 42 58 59 96 61 23 35 51 4 99 5 87 46 45 29 30 56 69 85 88 41 98 53 65 63 2 40 49 75
5 70 17 39 72 40 87 15 11 60 37 23 33 65 6 95 47 73 29 76 81 12 42 21 51 62 43 71 52 55 18 57 41 28 46 34 14 26 13 96 25 74 3 16 9 82 59 10 1 66 48 35 97 100 89 8 75 69 93 20 49 83 56 53 27 2 61 85 90 68 24 67 86 79 36 4 91 80 78 84 19 98 88 45 31 92 32 30 58 44 64 7 22 99 63 77 50 38 94 54
76 43 98 87 93 64 47 7 56 95 9 54 99 4 28 22 17 8 83 2 75 5 80 36 66 31 92 33 58 85 42 91 48 94 89 3 71 10 39 90 88 29 32 12 16 81 1 63 65 34 73 6 26 53 50 61 18 62 84 57 51 78 100 55 96 37 60 72 27 19 38 49 13 67 41 44 15 25 40 21 97 14 70 52 68 46 59 69 20 11 82 79 77 35 24 45 74 30 23 86
100 33 14 21 76 16 42 86 35 45 93 19 58 17 67 65 32 48 5 62 22 88 3 84 1 28 97 6 38 11 61 79 82 23 40 12 43 83 20 44 15 71 30 36 25 91 63 41 72 73 98 2 50 99 13 92 9 66 81 77 59 55 52 29 78 7 80 10 18 57 37 26 56 53 49 85 87 47 75 94 8 90 89 64 95 54 46 24 27 60 4 31 96 69 74 39 70 34 68 51
85 51 47 17 31 60 59 27 43 9 61 81 37 71 52 98 44 62 4 97 15 90 26 6 92 99 25 79 32 95 39 75 7 41 29 76 65 100 64 10 87 77 22 35 19 5 18 1 70 83 66 57 67 13 94 16 82 74 2 42 89 20 46 73 56 50 54 21 91 11 58 30 68 34 69 72 80 45 38 24 33 84 49 63 53 96 93 88 28 3 23 40 36 12 8 55 14 78 86 48
92 68 95 60 54 75 2 53 1 36 73 80 14 78 17 59 20 37 63 19 34 41 58 57 6 64 10 4 55 21 44 46 52 81 24 65 61 29 97 39 12 51 82 15 56 48 25 3 96 72 83 76 13 87 38 90 27 8 100 49 50 33 23 91 70 30 84 93 67 88 62 45 31 69 85 11 7 22 66 18 35 40 26 9 94 28 42 74 79 86 5 32 71 47 99 16 98 43 89 77
66 2 72 81 3 57 94 43 76 70 80 31 68 53 51 55 21 24 33 27 59 18 95 52 32 11 39 26 10 79 23 60 54 44 25 29 42 65 85 48 90 83 34 91 28 69 98 4 63 8 36 89 64 40 19 86 97 78 74 13 1 45 7 96 5 41 62 75 20 47 49 35 99 56 46 84 22 30 77 50 93 15 37 16 61 14 67 100 38 6 87 9 12 92 58 17 73 71 82 88
39 84 90 32 37 55 35 30 8 44 19 42 51 73 22 24 46 72 17 47 1 43 27 89 29 2 65 62 12 34 93 49 91 40 14 63 96 98 87 76 38 88 66 61 20 74 86 45 11 75 68 41 81 7 57 85 33 53 48 6 83 9 64 50 79 92 23 18 3 56 80 97 95 77 28 52 21 36 69 100 26 59 78 10 13 82 5 70 67 58 31 16 4 15 60 54 99 94 25 71
14 4 21 92 50 27 90 48 85 83 57 13 12 38 9 99 73 93 86 78 16 81 94 42 79 15 87 69 18 96 10 5 88 1 100 43 84 56 54 77 75 2 39 97 66 35 91 74 61 80 76 40 46 55 71 68 25 72 59 7 47 28 29 24 6 33 82 19 49 32 63 44 70 37 22 65 58 64 31 30 95 52 51 26 36 45 20 53 11 62 67 17 3 8 41 34 89 60 98 23
67 99 88 25 95 42 71 6 29 68 87 70 96 75 77 37 62 28 57 36 94 73 52 58 91 45 40 15 56 18 9 93 100 13 72 1 19 8 63 65 26 82 27 98 14 49 55 92 64 81 89 69 51 32 46 30 21 48 90 47 43 39 4 5 41 35 76 53 78 61 31 60 7 10 24 59 44 50 16 83 38 86 11 2 3 17 22 12 23 84 85 66 20 74 79 80 54 33 34 97
97 13 44 96 42 5 16 70 15 81 30 95 19 14 37 83 58 60 34 11 65 9 88 49 67 50 32 63 57 25 80 6 64 51 59 41 87 69 75 89 22 10 93 66 21 43 48 71 7 78 8 29 82 72 52 98 23 27 79 28 4 85 1 40 26 61 36 77 86 76 33 53 45 99 92 35 20 38 39 55 46 91 68 74 24 73 17 84 12 18 47 3 62 56 31 94 90 54 2 100
64 82 71 86 58 92 9 80 24 67 79 88 76 49 74 70 12 2 65 69 43 72 51 78 17 46 100 14 81 84 66 27 44 97 73 59 99 41 52 11 28 3 36 32 34 98 6 25 90 33 53 37 4 19 22 54 77 87 62 18 57 35 85 31 47 60 95 89 75 15 8 7 50 13 30 40 1 42 91 45 56 96 23 20 5 68 61 94 83 39 21 55 48 10 38 29 16 93 63 26
17 47 78 33 65 93 8 26 31 11 22 85 88 90 48 64 39 20 30 45 38 29 59 41 72 14 68 56 74 12 63 100 32 43 95 67 35 99 4 49 1 19 18 7 62 94 71 82 25 9 3 92 86 89 5 40 16 28 58 55 6 61 96 87 10 53 42 34 23 27 57 36 46 76 15 83 79 66 84 75 73 81 44 54 2 50 70 13 97 21 69 91 37 80 77 98 51 24 52 60
80 46 100 4 10 7 74 56 13 29 28 82 59 9 58 30 41 22 98 87 21 92 35 66 77 55 5 32 69 1 79 97 53 11 61 65 86 81 62 43 24 42 17 51 6 31 84 94 60 36 34 68 15 75 72 96 90 95 27 63 78 16 71 23 52 70 39 8 19 50 44 54 2 20 33 12 18 89 85 48 37 76 3 25 73 26 99 38 40 14 83 88 67 49 93 57 47 64 91 45
40 14 20 28 15 32 18 83 90 61 8 87 85 36 89 73 72 65 39 75 5 2 6 98 71 38 47 93 23 82 52 92 12 62 34 53 70 67 46 59 42 54 7 31 91 88 17 27 66 55 19 10 43 1 78 49 79 26 69 96 94 51 74 44 9 45 63 50 76 13 41 80 100 4 97 37 77 99 48 33 58 22 64 35 57 56 25 21 60 68 95 84 11 29 16 24 30 81 86 3
99 100 74 54 1 30 68 51 35 38 60 20 55 31 26 66 27 49 22 73 63 39 65 10 58 75 79 87 84 23 70 69 14 72 36 33 25 4 67 57 48 8 76 93 61 41 47 11 2 6 85 18 98 56 17 88 96 37 53 82 80 40 12 3 21 94 44 9 28 45 5 50 59 19 95 16 71 81 32 29 86 78 13 7 46 77 92 97 89 90 34 24 15 52 42 83 64 62 43 91
46 48 69 83 11 3 55 61 75 72 64 40 92 5 56 20 81 63 96 89 19 59 29 35 54 74 27 45 51 76 71 60 66 25 62 15 13 94 79 8 18 34 12 67 42 53 93 37 65 10 97 70 57 47 23 17 38 73 21 9 95 77 2 7 87 80 99 98 43 28 52 31 30 16 58 1 84 100 22 78 91 41 50 4 26 90 36 6 44 88 39 33 82 32 86 14 24 85 49 68
9 40 87 49 84 33 7 12 37 24 69 64 18 56 91 80 15 88 47 82 66 65 25 74 81 63 16 36 61 30 11 22 62 45 86 58 10 53 78 29 17 75 55 2 93 20 50 51 100 43 96 59 89 92 39 27 68 1 31 3 77 73 44 90 57 52 79 60 70 54 71 99 83 85 5 41 26 97 4 23 98 34 14 48 67 38 21 76 32 8 46 42 72 95 6 35 19 28 94 13
100 59 56 35 41 72 46 3 58 60 97 27 32 43 88 74 14 13 18 66 91 37 12 70 26 61 50 44 22 63 82 55 9 69 87 92 31 85 10 20 39 62 65 77 17 64 68 98 45 54 23 80 84 76 16 4 52 93 71 2 96 95 73 30 11 24 29 94 48 34 6 47 81 15 78 90 83 33 25 53 89 99 38 40 8 57 1 28 51 79 49 86 5 21 7 67 75 42 19 36
20 69 96 66 99 35 45 60 50 18 71 22 97 98 73 47 26 9 78 13 95 89 37 88 7 24 75 23 21 52 81 44 4 70 80 76 93 33 32 72 2 91 30 46 86 38 51 34 43 29 11 25 56 65 77 39 64 94 16 67 10 90 42 100 61 58 74 82 1 49 68 87 15 59 31 55 14 54 8 41 62 27 6 85 40 84 57 63 53 83 12 36 79 3 19 5 28 48 17 92
91 61 52 90 36 85 50 86 7 9 72 57 1 16 5 62 55 26 82 58 56 75 70 69 28 13 84 39 77 38 45 17 46 74 44 11 60 20 88 47 33 89 48 10 49 29 59 6 41 87 27 71 78 15 37 34 14 79 54 21 98 3 94 83 42 96 40 12 80 97 22 67 19 65 32 99 2 92 73 95 4 66 8 23 51 24 63 31 81 25 68 64 76 18 100 93 35 30 53 43
75 92 11 1 60 14 24 30 83 49 76 72 22 15 62 33 94 91 46 65 39 9 93 45 6 23 48 80 55 87 67 85 21 42 32 29 3 16 8 78 52 26 25 89 7 73 64 99 53 17 4 81 2 36 70 47 12 54 59 69 90 58 57 82 28 86 35 61 51 37 13 77 63 27 20 5 95 18 74 31 66 44 84 56 19 10 96 68 88 43 100 40 97 38 50 41 71 98 34 79
68 90 10 89 43 26 38 8 45 93 34 28 66 79 18 60 82 94 20 95 50 21 33 53 83 27 44 40 91 99 35 47 48 61 5 19 32 88 57 54 97 15 86 59 75 84 36 39 76 24 62 30 85 29 73 69 63 92 78 11 17 16 77 22 58 49 46 55 71 31 74 52 6 23 80 65 42 12 56 67 41 100 81 9 72 13 4 37 1 64 25 98 70 87 51 2 3 14 96 7
3 34 83 24 69 23 64 43 57 40 17 74 67 81 71 4 68 45 84 22 86 14 20 11 39 21 93 58 76 48 26 73 13 87 96 99 90 72 36 66 65 52 28 88 92 18 33 100 46 91 78 54 55 25 29 42 62 89 41 49 37 9 63 70 19 32 31 27 95 5 16 2 35 50 12 60 97 79 80 51 75 56 30 77 7 8 44 59 82 94 98 15 47 6 85 38 1 61 10 53
85 18 67 30 8 78 44 83 70 28 100 16 21 46 20 88 79 77 89 48 97 56 53 71 66 51 33 57 2 36 87 49 22 84 10 64 23 47 15 61 91 90 6 81 74 7 24 59 86 27 93 39 9 41 3 63 54 50 80 55 38 34 1 76 60 98 26 69 37 29 45 13 42 32 25 35 94 4 62 43 96 92 31 73 58 11 95 99 52 40 17 75 68 14 5 12 72 65 82 19
34 44 76 99 51 37 60 63 92 27 49 67 82 54 40 72 52 7 91 59 58 12 48 75 79 55 26 64 85 77 9 18 93 4 56 62 81 70 74 69 19 57 73 23 98 46 31 78 36 71 17 61 21 100 35 80 28 3 24 65 53 11 8 47 43 15 32 16 2 86 1 66 96 88 10 94 90 41 95 38 50 87 45 84 97 39 13 25 22 89 33 14 6 83 29 68 42 5 30 20
52 57 81 45 72 34 21 53 27 97 62 3 60 29 2 69 48 30 68 46 93 50 39 55 88 43 59 65 36 89 98 74 11 67 20 1 94 15 26 63 70 78 82 37 51 100 79 28 17 61 12 90 10 13 95 24 99 38 4 58 64 80 5 85 18 9 25 32 73 23 91 19 14 42 47 66 35 7 96 44 77 83 86 76 54 22 8 49 56 33 84 41 75 71 92 6 31 40 87 16
73 98 48 64 4 9 77 27 43 92 94 29 44 50 75 42 45 16 93 61 3 83 97 5 47 41 99 7 34 17 68 95 51 19 13 12 65 57 33 88 81 63 49 35 80 52 78 54 1 46 6 84 74 86 14 36 20 8 100 30 59 40 26 56 15 21 58 22 10 85 60 28 23 24 38 67 96 76 11 25 18 71 70 87 53 2 79 91 90 82 89 62 39 37 55 32 69 72 31 66
53 38 39 72 66 41 84 10 15 47 24 86 42 80 32 27 57 89 61 12 79 82 1 59 16 37 95 5 3 63 60 71 68 92 70 4 8 77 35 9 64 87 97 22 13 11 99 20 62 94 43 98 90 78 55 7 26 6 44 52 29 23 76 17 31 91 18 25 83 51 21 48 93 45 50 40 46 69 33 14 49 88 85 34 81 30 19 67 75 65 2 54 100 58 56 36 96 73 74 28
71 52 18 55 74 50 69 15 38 79 56 70 64 40 98 59 4 58 37 91 17 97 88 7 29 44 31 25 43 73 61 78 49 80 47 89 100 51 77 62 86 45 34 9 28 2 90 23 24 22 82 85 75 10 53 20 48 66 12 13 16 57 83 14 67 6 33 11 8 81 36 60 92 63 93 72 68 95 41 26 3 32 87 30 96 99 39 1 21 76 54 94 42 5 46 19 65 35 27 84
93 74 79 41 33 89 52 70 47 88 82 64 6 66 94 26 31 81 50 96 40 98 4 99 22 100 91 12 49 20 39 51 65 54 92 9 34 46 21 18 3 73 67 80 10 13 61 30 78 14 44 83 37 77 48 15 95 63 72 86 42 8 85 53 68 25 45 87 58 28 29 16 11 17 56 36 75 97 24 62 19 35 76 57 32 71 59 7 55 38 43 90 69 2 60 27 5 84 23 1
5 49 82 47 97 53 67 78 20 96 98 19 69 13 64 6 50 46 45 68 76 62 35 93 1 79 77 83 95 51 25 33 56 90 72 34 43 91 48 17 74 80 66 16 9 15 55 89 26 4 54 3 44 40 86 70 31 36 52 28 85 14 22 11 38 24 81 29 12 58 10 30 8 71 100 21 59 87 92 7 99 42 57 75 18 88 73 84 94 23 32 61 2 65 27 37 60 41 63 39
63 27 2 5 44 8 36 58 71 7 38 17 26 10 45 32 100 47 31 3 42 73 9 23 80 48 40 51 52 82 18 57 61 22 43 24 69 25 90 41 66 96 74 15 16 64 92 19 72 95 94 1 59 55 85 14 86 30 77 6 68 97 98 79 49 76 93 84 21 62 54 33 91 12 88 50 65 67 81 37 35 46 75 28 87 89 60 53 4 56 29 99 78 20 70 13 34 11 39 83
88 71 89 91 5 67 33 82 1 35 48 72 61 9 8 2 92 86 97 60 51 100 27 64 31 26 90 38 46 43 94 4 16 12 93 63 87 19 98 95 58 40 81 99 69 10 18 84 52 96 65 14 28 37 13 25 3 75 85 47 66 70 73 74 83 78 30 56 24 39 76 41 29 6 68 59 36 21 79 77 20 23 80 11 45 32 50 55 42 49 62 17 53 44 15 34 7 22 54 57
14 8 43 15 45 40 88 26 52 12 77 90 9 62 42 36 38 27 94 67 73 31 93 4 74 68 58 3 47 22 85 21 96 49 64 78 89 1 13 34 6 95 54 72 99 20 17 48 84 92 63 46 41 70 24 66 51 69 11 50 100 55 39 32 59 30 5 28 44 83 86 35 10 57 97 80 60 23 53 71 61 82 18 33 75 29 81 19 65 98 91 25 87 7 2 16 56 37 79 76
15 65 9 11 94 69 89 52 79 76 55 8 39 24 86 90 64 70 43 81 48 38 100 37 51 84 61 67 6 44 50 68 30 56 23 7 71 42 95 32 87 62 98 25 36 35 1 13 73 47 97 82 53 80 72 2 57 74 27 45 75 4 29 58 91 92 14 26 99 88 46 93 78 54 28 63 31 96 18 19 60 85 77 22 33 83 49 3 34 5 40 16 10 66 21 17 41 12 20 59
16 40 50 2 47 49 83 44 48 37 92 73 45 26 14 68 3 87 75 86 7 80 6 65 21 15 52 10 90 1 56 79 27 76 58 43 41 84 30 82 94 99 57 97 62 24 66 95 91 64 20 19 70 5 81 93 59 72 8 63 54 22 67 77 25 28 88 42 31 69 100 18 53 51 71 85 33 61 89 35 12 38 96 39 13 55 9 74 17 36 78 34 46 23 11 4 29 60 98 32
36 34 58 80 22 95 41 6 96 5 59 27 89 47 1 44 78 40 13 38 85 24 43 3 76 90 15 50 69 88 46 12 77 57 26 37 93 11 56 83 28 67 2 54 23 21 7 72 51 45 75 35 91 49 68 19 16 64 62 98 18 10 31 99 70 17 4 92 61 53 81 74 39 66 42 71 97 86 100 55 8 73 32 79 20 94 30 48 63 87 14 9 29 60 82 25 33 52 84 65
92 81 59 69 89 70 3 25 54 36 46 88 78 17 95 75 56 99 90 32 52 30 37 85 35 49 39 98 83 84 74 64 50 96 94 2 31 72 44 5 73 61 27 100 34 51 93 58 29 28 71 43 15 87 16 60 10 68 79 76 9 6 40 18 62 47 38 57 14 66 42 97 1 82 45 91 24 33 67 22 21 20 7 86 77 12 53 80 13 4 65 55 63 19 48 26 23 8 11 41
19 89 41 79 23 17 95 91 84 72 47 40 63 52 25 12 9 39 26 43 80 88 29 28 92 5 7 76 100 67 73 81 18 8 50 69 56 55 99 2 24 34 33 78 83 82 75 42 37 38 93 31 11 6 57 97 46 96 64 54 49 27 51 35 16 85 1 4 68 20 77 62 90 98 65 53 87 60 59 3 44 30 66 36 61 58 94 70 86 32 15 21 45 48 71 74 13 10 22 14
97 94 25 67 26 12 5 61 16 99 73 80 11 18 17 91 19 52 48 41 88 71 21 93 8 66 55 43 84 34 75 96 6 79 37 57 47 28 42 36 7 82 22 56 45 69 86 85 95 98 39 20 100 72 65 38 15 58 68 77 14 29 4 78 30 35 50 31 54 90 87 49 24 40 44 51 63 32 60 46 83 1 2 13 76 53 74 10 33 70 27 89 92 81 3 23 62 59 64 9
69 79 75 37 21 72 20 56 40 86 10 85 47 51 19 34 67 44 99 23 61 77 54 25 70 87 12 24 60 76 83 5 97 32 78 36 14 59 68 15 98 48 29 41 58 81 3 26 33 11 62 27 31 52 28 82 6 42 38 91 57 39 64 63 84 45 22 88 92 96 43 8 13 7 53 95 1 9 50 18 74 89 73 66 94 4 17 100 71 35 16 2 30 90 65 55 46 80 93 49
51 14 72 65 34 52 91 80 30 3 20 98 40 73 96 95 25 43 76 15 37 10 22 90 56 24 74 71 48 68 21 26 78 89 100 41 5 35 1 23 50 13 87 18 31 28 84 64 77 2 60 8 12 33 11 32 4 62 61 46 58 88 99 67 39 81 66 97 7 92 9 38 55 75 29 79 17 54 44 47 27 53 16 42 36 19 83 69 6 45 94 57 86 70 49 59 93 63 85 82
95 38 55 34 20 2 16 75 99 77 31 81 46 91 76 45 30 98 10 1 6 58 52 33 23 62 27 68 80 18 90 54 29 36 41 71 63 37 94 92 100 59 39 26 25 14 74 44 19 79 66 56 57 96 49 51 42 97 73 7 3 28 50 15 13 60 85 78 32 48 88 53 21 67 40 84 83 35 93 9 69 65 47 17 5 82 12 4 70 61 22 8 64 72 89 86 11 43 24 87
82 44 8 17 71 47 64 48 56 85 36 26 33 19 43 84 80 23 70 29 41 87 83 94 68 4 81 96 57 10 63 77 20 95 52 66 98 49 73 55 15 72 99 14 88 7 37 75 16 18 35 24 67 27 40 79 22 78 31 9 76 54 100 93 2 5 28 91 60 34 53 42 86 46 69 61 12 13 1 74 6 11 65 58 21 25 62 30 92 51 39 38 89 45 32 3 59 50 97 90
66 96 61 85 17 36 59 21 97 8 99 42 57 82 35 76 72 48 20 52 13 74 58 83 27 56 16 11 67 86 47 34 39 53 40 26 49 71 55 80 43 75 68 90 94 50 6 38 70 25 30 87 98 84 79 5 1 2 10 95 78 77 19 69 23 33 24 63 41 91 65 37 93 28 7 22 45 100 12 32 9 54 29 3 73 46 14 88 31 64 81 92 51 15 62 60 4 44 89 18
26 82 31 48 61 29 24 67 2 57 12 68 49 78 90 56 63 54 50 17 23 94 33 75 36 10 100 81 30 96 93 15 99 5 14 73 35 86 66 20 25 4 83 1 85 38 95 76 42 52 91 51 13 11 58 84 60 71 69 74 19 59 43 45 87 65 37 6 62 27 40 89 70 55 16 98 79 22 64 7 47 34 88 92 41 3 46 97 77 39 9 80 28 32 53 18 8 21 72 44
90 92 1 20 24 45 29 68 23 84 44 87 38 95 9 65 16 18 17 31 34 41 59 97 89 75 43 19 11 3 79 72 36 50 74 22 83 48 32 60 80 96 21 93 46 98 47 33 71 55 4 40 78 81 88 99 35 76 54 57 52 42 58 66 85 8 100 86 69 67 94 39 64 91 61 2 77 7 13 53 14 27 28 6 30 70 37 56 26 62 63 82 5 73 12 10 49 51 25 15
87 66 100 43 68 1 48 49 11 71 25 12 23 65 63 81 73 92 36 94 35 18 8 19 42 64 50 47 86 78 44 76 2 17 53 10 61 20 97 72 93 54 91 62 96 74 38 79 40 77 56 6 37 59 83 75 13 45 3 22 4 67 27 34 5 14 60 70 57 89 55 26 88 84 82 7 29 90 16 31 39 32 52 46 95 28 98 33 41 85 30 51 9 69 80 24 21 15 58 99
44 98 17 60 86 25 1 54 85 24 6 20 2 70 59 31 62 72 93 55 16 61 14 8 11 28 47 94 38 30 71 75 89 63 69 21 64 77 50 52 95 88 3 32 56 53 40 12 68 49 99 34 84 4 26 7 39 90 46 41 43 83 96 13 74 82 65 48 18 22 36 78 79 5 66 42 19 91 33 100 76 80 15 45 57 73 27 58 29 81 87 23 97 37 67 9 10 92 51 35
96 47 86 46 15 97 81 57 24 52 89 91 32 72 75 77 85 90 74 66 71 79 26 9 45 54 93 6 59 8 30 38 1 55 62 3 67 95 87 100 49 51 63 94 22 73 25 70 13 39 78 12 82 69 99 31 17 27 40 20 50 65 2 21 41 19 64 23 42 56 4 61 98 44 43 16 14 58 88 37 11 29 48 5 10 92 84 28 35 33 83 60 18 68 36 76 53 34 80 7
50 4 94 13 39 84 32 89 34 70 78 95 81 60 67 61 49 62 8 75 18 7 12 11 17 14 65 97 77 15 76 93 58 98 46 85 27 33 57 91 55 22 1 36 19 48 2 29 80 82 25 23 69 38 45 24 100 21 71 42 47 87 3 37 6 41 31 68 88 74 10 44 83 53 90 28 20 43 54 96 73 9 64 16 59 52 63 51 40 86 5 66 72 35 30 99 92 79 26 56
47 69 97 39 33 28 35 51 77 89 13 71 53 1 73 43 8 17 59 87 93 5 82 98 32 7 25 18 61 49 52 45 41 16 6 74 84 100 36 30 26 10 79 19 3 67 21 60 94 72 48 88 44 91 96 95 78 4 58 23 46 66 54 42 80 50 27 85 29 12 75 22 56 2 20 11 15 64 86 38 62 92 9 70 24 63 57 65 37 14 34 81 99 55 90 31 83 76 68 40
64 56 35 3 77 13 25 46 78 73 9 63 71 94 62 53 14 8 88 85 10 43 67 7 90 37 5 4 72 55 11 41 60 30 59 93 74 68 86 39 75 84 23 91 32 31 98 81 50 24 34 57 48 21 27 100 82 28 16 70 1 76 52 89 79 61 33 96 65 40 54 51 97 18 15 19 92 66 45 17 29 87 20 95 80 26 44 12 99 58 69 83 22 49 47 42 6 38 2 36
40 100 46 56 13 76 85 29 26 83 95 23 41 92 66 1 96 73 53 22 99 81 94 68 43 63 21 74 18 42 49 67 86 72 88 5 48 61 33 54 38 58 70 98 93 3 91 80 15 87 11 77 75 90 2 64 9 10 45 89 51 35 71 55 78 32 4 52 28 84 16 31 82 34 24 37 7 65 27 30 97 44 59 14 79 17 50 62 69 60 19 6 57 47 8 39 25 36 12 20
28 70 20 24 4 61 9 31 63 42 11 21 14 36 7 98 17 100 23 73 77 72 47 5 99 76 71 69 93 38 82 97 94 87 45 46 80 16 81 65 89 26 96 44 48 90 64 37 83 54 40 79 30 43 6 27 58 55 86 68 67 33 25 29 53 84 41 34 59 19 12 75 51 60 50 32 10 92 57 78 2 22 49 91 56 66 1 18 15 13 35 95 85 3 74 62 39 88 52 8
76 35 78 28 59 46 55 18 61 44 53 96 31 25 22 92 11 67 37 68 57 13 42 6 82 45 75 33 56 65 4 94 87 1 8 91 26 85 77 71 12 19 10 84 20 30 69 54 97 17 86 9 43 63 38 40 64 51 48 3 89 47 15 73 27 88 39 5 90 72 21 95 58 81 49 62 80 70 66 83 32 74 50 52 34 98 23 24 100 16 60 79 14 29 41 93 36 7 99 2
39 61 70 87 11 16 17 7 3 2 64 89 25 38 30 86 69 83 79 49 72 19 95 13 46 50 97 15 92 21 66 28 8 76 34 54 51 94 41 67 88 80 58 31 55 62 12 47 96 90 27 100 81 23 22 20 43 91 24 18 37 84 56 48 65 53 93 98 40 82 6 85 45 9 5 29 71 26 14 33 57 59 1 63 74 35 36 60 44 42 68 32 75 10 99 77 52 78 4 73
21 48 69 93 70 55 33 99 76 45 24 44 79 41 26 57 18 78 40 19 98 52 89 22 2 32 60 63 51 85 42 46 50 90 36 95 10 4 92 43 59 35 14 66 17 5 29 20 34 9 15 54 56 53 39 28 81 37 65 38 83 12 11 6 31 58 67 73 91 8 72 77 7 68 27 74 84 30 80 49 88 13 75 82 86 62 96 64 3 1 47 71 23 94 87 97 16 25 61 100
4 19 62 48 44 65 50 3 8 25 40 55 97 53 5 87 2 21 34 82 84 76 51 78 41 9 13 59 39 23 10 42 100 80 73 56 36 7 49 57 14 47 72 61 66 63 67 43 11 64 32 69 90 30 33 93 70 12 15 79 81 85 45 94 96 71 6 18 52 46 77 92 60 35 58 88 26 89 68 1 37 99 31 75 16 54 22 38 95 83 17 24 98 27 28 20 86 29 91 74
54 51 88 83 36 43 3 100 39 94 72 13 58 23 29 22 26 7 96 89 70 90 20 71 44 11 87 46 32 66 31 91 93 60 67 59 42 41 10 78 62 33 8 73 12 76 48 52 82 4 14 37 18 17 19 34 27 53 74 64 99 38 86 68 56 80 61 50 55 6 81 84 28 69 9 15 95 2 24 77 98 40 30 1 35 57 65 21 75 79 85 5 25 92 63 47 45 49 16 97
79 90 87 53 72 60 77 64 14 10 37 61 92 22 34 13 50 95 9 3 20 15 55 99 98 88 42 44 78 41 40 2 52 54 57 21 19 93 63 29 84 46 56 12 91 1 5 68 24 35 100 75 85 83 59 80 18 26 76 96 17 73 23 39 47 66 82 7 67 32 71 69 27 30 51 4 58 81 62 6 70 8 89 65 31 74 25 94 97 48 49 33 36 38 11 43 28 45 86 16
48 84 22 11 76 74 67 98 82 59 15 25 10 75 71 8 68 37 2 69 81 29 65 47 28 99 78 93 58 94 38 88 64 100 87 96 33 91 79 66 97 73 32 70 42 19 27 95 17 12 26 51 61 46 5 4 83 14 60 40 30 45 55 52 9 20 92 31 13 57 62 34 63 16 85 1 90 56 50 3 89 86 41 80 7 23 18 6 53 43 54 72 77 44 35 49 24 21 36 39
49 74 21 37 54 99 36 44 42 95 1 82 55 5 16 79 4 71 31 84 59 3 25 41 18 78 66 85 26 87 29 27 40 2 30 28 22 56 70 38 39 91 53 77 6 86 13 34 88 10 23 33 97 32 17 19 92 67 81 83 96 100 20 60 93 69 9 8 43 15 48 45 11 50 89 68 61 47 73 51 75 63 65 64 46 14 72 90 58 94 98 35 62 7 52 80 12 24 57 76
67 57 50 4 25 94 7 30 65 46 97 22 99 86 98 55 33 53 1 47 5 96 17 29 64 61 9 62 23 77 45 100 83 88 91 52 13 69 78 8 32 74 71 28 14 43 34 89 6 58 37 41 21 60 42 39 75 48 90 82 95 56 44 40 19 49 15 26 27 87 63 36 10 79 31 81 2 85 11 84 16 66 38 18 72 24 20 76 51 68 12 73 35 80 3 54 70 93 59 92
2 59 10 38 43 57 44 12 29 13 77 54 94 30 56 71 31 93 18 97 87 37 40 35 100 65 67 28 22 11 24 63 88 92 15 3 25 51 9 76 1 83 52 42 60 8 41 39 64 95 90 80 5 82 23 17 79 73 70 84 48 62 91 16 98 96 36 27 4 47 61 14 26 20 33 86 75 99 89 19 34 85 78 53 68 69 55 81 46 6 32 74 58 21 7 45 72 50 49 66
62 99 96 88 50 58 53 26 75 16 3 28 21 8 6 72 5 60 57 70 1 46 4 45 67 2 49 39 17 80 20 14 82 97 24 37 29 92 27 95 61 94 42 43 30 41 71 98 55 69 10 76 89 66 78 12 54 52 13 73 63 15 35 91 68 22 81 9 84 11 86 47 34 85 93 83 23 25 51 44 87 56 36 77 90 59 48 31 32 40 33 7 74 19 79 100 18 64 38 65
35 41 56 92 51 27 87 6 66 29 50 57 84 16 80 20 47 12 39 76 97 75 61 64 15 74 32 79 81 25 72 9 34 67 49 65 86 53 8 28 23 55 93 83 90 88 68 58 13 91 85 30 10 98 60 36 62 43 21 2 70 46 77 24 63 89 44 48 31 73 1 7 99 37 22 52 94 11 40 45 4 71 54 26 3 78 42 14 33 38 95 59 82 5 69 96 100 18 17 19
41 18 71 72 8 60 46 19 31 61 17 79 85 98 48 96 55 35 52 45 15 2 87 59 40 38 30 32 10 12 68 56 9 62 29 53 97 47 39 83 90 65 16 7 75 49 33 78 21 92 73 66 4 99 77 67 25 20 28 11 94 13 74 27 1 70 50 80 34 37 57 86 95 24 36 100 44 42 6 26 91 23 14 3 54 93 88 82 22 89 43 84 76 81 58 63 64 69 51 5
6 65 36 100 89 93 39 43 95 3 34 78 12 97 64 44 20 82 86 58 50 92 48 74 72 49 10 14 9 79 23 32 68 40 61 85 99 19 62 73 18 56 75 57 29 70 45 27 76 98 96 88 55 7 37 42 60 13 84 67 28 51 59 25 11 2 63 94 35 54 22 80 87 31 41 47 91 17 69 24 26 46 77 71 52 90 5 15 4 66 1 53 38 8 16 83 21 33 81 30
17 49 44 2 60 23 38 14 3 11 98 31 66 43 58 4 39 48 47 12 22 45 70 57 78 73 77 87 40 99 69 62 32 89 71 83 96 86 26 9 35 95 21 75 82 55 24 76 36 6 16 19 8 20 41 63 10 93 80 59 88 30 46 7 28 94 29 72 37 61 91 54 100 15 52 97 53 18 25 67 50 42 27 33 1 85 92 13 90 84 65 64 68 56 5 79 74 51 34 81
18 46 47 66 99 5 89 67 23 93 68 16 19 4 20 90 97 77 94 96 41 27 80 69 7 21 35 36 91 52 62 61 14 12 25 92 70 65 64 63 30 2 9 24 79 84 50 1 45 22 54 29 86 74 8 51 33 100 53 49 98 72 42 38 44 55 26 11 78 43 60 87 17 81 32 34 82 39 85 40 95 83 76 73 6 10 15 57 13 88 28 31 37 58 48 3 75 71 56 59
22 43 83 67 66 3 45 10 14 60 28 74 1 71 15 75 64 81 98 62 49 35 93 70 39 44 31 50 76 48 80 6 91 69 65 33 4 17 54 59 41 52 84 94 27 34 85 30 61 36 19 16 2 9 73 26 13 24 89 72 92 79 57 77 38 7 99 86 58 97 68 32 23 51 18 90 42 12 96 29 40 82 46 11 78 56 47 63 25 8 100 88 20 53 21 5 87 37 55 95
51 13 52 64 21 75 28 72 8 81 61 90 100 31 89 33 15 54 82 27 39 22 78 88 53 43 79 17 12 40 26 60 37 42 80 38 62 67 16 55 34 57 44 10 92 18 97 23 63 68 98 3 74 77 94 70 1 50 29 71 6 20 41 11 58 24 84 19 73 45 76 5 30 9 48 56 35 36 32 69 66 49 95 86 2 96 4 7 65 25 91 99 47 87 93 14 59 85 46 83
9 94 27 80 86 33 48 87 100 96 93 67 22 49 52 62 81 99 16 95 85 60 58 84 69 46 92 30 21 75 98 29 15 25 4 43 32 11 74 89 53 79 14 37 70 91 20 19 1 66 17 6 64 68 71 2 59 54 7 61 82 3 63 5 42 65 40 77 76 13 28 72 50 36 78 55 31 38 39 97 56 35 88 34 26 44 8 47 83 18 23 90 51 12 24 57 73 10 45 41
93 75 86 54 94 32 47 62 34 39 87 77 67 59 27 6 36 30 68 78 91 15 71 42 31 40 44 26 74 89 81 92 53 49 63 73 3 46 88 11 69 8 83 2 57 60 99 97 51 20 12 90 16 10 18 66 65 64 41 56 38 25 7 17 52 98 76 82 95 50 13 70 35 55 80 21 5 72 37 14 33 100 24 58 96 45 61 22 1 4 84 43 79 48 85 29 23 28 19 9
100 88 90 30 74 14 83 28 20 92 62 10 18 39 37 64 27 26 84 9 69 34 1 53 54 23 2 7 97 36 60 76 11 81 38 70 17 29 82 47 33 42 3 22 21 32 63 48 19 43 44 55 79 6 52 16 35 87 78 12 80 95 61 67 25 66 57 89 49 31 5 91 15 56 96 72 68 41 4 75 93 24 85 40 8 77 99 86 94 51 46 65 59 71 50 98 13 73 58 45
19 52 76 79 47 71 8 48 85 40 57 9 96 56 55 68 3 24 29 93 37 13 59 27 89 51 84 45 88 73 25 33 54 28 64 58 75 26 21 62 22 90 100 1 7 39 70 99 42 78 53 12 41 81 87 72 31 16 66 30 10 61 15 50 43 34 32 6 83 49 74 46 92 4 63 5 18 44 35 23 77 91 80 20 97 38 95 65 86 98 2 36 11 14 82 67 60 94 69 17
62 71 39 35 84 85 43 8 30 68 18 19 88 54 32 12 58 89 78 34 73 94 6 10 26 27 53 57 87 95 7 69 49 55 66 24 60 25 4 17 42 29 13 46 80 11 28 64 37 96 36 31 20 59 47 9 51 61 91 86 77 65 5 40 67 52 45 83 44 76 33 50 81 23 1 74 22 16 92 63 99 70 48 97 21 3 93 98 79 82 56 75 15 41 2 38 14 72 100 90
90 81 11 65 97 13 26 63 61 86 12 30 64 51 18 28 94 20 45 36 33 41 47 66 91 9 99 58 95 3 50 67 77 56 17 10 48 55 85 60 2 76 70 52 49 29 72 100 53 27 83 98 59 31 75 69 38 23 34 32 68 78 19 44 57 37 79 92 24 5 42 93 46 21 39 88 96 80 87 25 84 15 6 14 40 8 73 62 82 22 89 16 4 74 71 35 7 54 43 1
20 40 43 85 1 64 18 25 11 47 80 24 37 55 28 26 65 97 89 91 13 79 39 49 16 68 72 3 44 51 78 73 86 4 5 41 31 57 35 82 17 14 10 67 98 83 90 22 100 71 76 2 9 69 46 60 63 66 36 21 32 23 94 87 61 19 42 56 12 15 52 59 96 34 38 62 93 45 8 95 58 75 29 6 81 50 70 30 27 7 77 54 48 99 92 74 33 88 53 84
79 32 81 69 22 35 96 58 48 37 59 99 44 19 91 65 41 63 27 11 76 18 97 39 1 55 33 40 3 7 87 17 6 84 31 4 67 36 52 23 78 77 72 62 61 68 54 13 94 45 8 34 51 47 9 71 14 70 2 50 64 93 12 16 26 86 46 53 100 83 80 66 57 98 95 15 21 5 56 92 38 20 73 85 30 74 82 49 28 75 88 25 24 90 89 60 42 29 10 43
6 8 14 47 58 7 95 29 13 85 9 28 59 65 40 24 82 96 15 48 63 80 21 52 22 90 57 83 34 61 39 81 56 45 44 62 35 70 46 2 77 78 88 54 66 64 51 75 16 18 43 71 67 36 89 25 97 92 93 74 11 72 53 69 30 26 5 42 10 38 100 99 91 27 17 19 33 4 3 50 49 73 87 79 41 84 32 37 60 23 31 55 86 20 12 94 1 76 98 68
59 27 98 13 41 31 11 82 29 28 92 73 51 81 61 32 48 46 63 7 66 42 67 38 57 100 65 23 2 58 43 64 62 22 93 74 90 8 75 77 52 45 79 84 85 37 10 6 40 94 89 9 70 83 24 14 20 1 44 54 16 15 3 96 49 88 30 25 80 72 87 33 86 18 12 99 55 50 5 35 21 97 26 4 17 69 19 60 36 76 78 91 39 95 56 68 47 34 71 53
92 33 70 99 61 26 84 91 54 65 82 64 81 14 88 47 51 28 13 63 86 30 42 4 68 79 95 56 36 17 32 75 44 19 96 66 97 90 20 34 50 87 1 23 27 12 22 38 73 29 2 53 93 37 69 85 52 40 72 98 39 58 55 60 18 41 74 57 21 25 45 43 8 77 35 80 11 76 67 71 46 78 16 10 59 24 7 5 6 49 94 3 100 83 62 9 31 15 89 48
46 25 2 33 23 76 81 78 24 87 40 61 42 50 86 73 92 70 75 13 51 1 83 89 74 41 68 5 4 63 37 34 66 43 32 7 93 99 94 91 20 39 56 100 19 48 36 85 71 14 79 17 26 49 35 47 96 38 3 55 54 59 22 45 10 72 58 97 62 90 98 69 31 84 9 29 60 95 12 27 16 88 44 30 77 15 64 67 52 80 82 21 6 57 65 18 8 53 11 28
47 89 67 91 69 1 92 60 42 97 38 55 41 80 51 34 45 94 46 44 95 74 23 16 21 10 17 82 83 86 49 72 7 8 20 57 61 88 73 36 14 63 52 19 35 77 31 28 26 40 3 18 48 27 50 54 6 58 4 66 33 62 56 99 85 81 25 93 71 87 24 2 90 75 30 100 59 79 84 43 12 76 70 22 13 11 39 68 29 65 15 98 9 78 53 37 96 5 64 32
5 50 82 81 34 61 21 18 66 7 56 54 76 60 45 42 38 58 65 67 6 39 37 55 43 26 90 80 86 20 40 22 96 57 15 64 99 48 44 72 63 89 17 73 52 8 69 93 70 83 94 35 13 11 29 97 77 74 95 25 28 47 33 100 59 91 88 32 1 84 46 16 19 12 10 98 24 87 78 62 30 41 9 92 75 68 49 51 31 36 14 23 71 2 27 4 53 79 85 3
75 82 48 68 37 50 59 39 38 57 71 3 49 26 94 81 19 45 97 46 80 31 55 65 11 33 91 64 90 28 16 54 4 74 73 15 43 83 1 5 18 86 23 17 10 51 27 21 72 47 20 87 69 66 58 84 93 89 98 6 85 79 76 78 60 53 34 22 99 61 29 67 14 32 100 44 12 63 95 41 96 30 7 70 24 62 13 77 35 56 9 40 2 52 8 36 92 42 25 88
40 47 89 56 71 95 60 49 58 73 36 82 97 100 77 84 9 87 22 86 7 72 54 37 27 13 26 81 55 43 24 28 41 94 50 99 29 98 30 96 64 3 93 61 20 62 34 79 66 80 48 39 46 78 21 15 85 75 88 76 42 6 83 35 2 69 65 23 19 68 44 52 1 91 92 45 8 70 59 4 74 38 32 53 33 14 67 16 11 90 25 51 18 63 17 10 5 12 31 57
39 5 1 28 26 65 88 45 56 38 31 78 14 72 2 36 44 16 43 27 61 77 53 58 47 84 42 98 59 30 85 15 51 96 89 97 37 49 95 75 69 71 7 66 79 94 67 83 29 8 24 25 12 76 3 33 99 6 64 13 90 80 86 34 70 60 35 4 48 74 32 87 68 17 93 50 46 21 22 55 73 52 11 57 20 91 81 18 41 62 40 9 82 23 19 100 10 92 54 63
18 68 35 1 45 28 52 86 63 93 49 87 6 97 90 76 21 91 5 81 43 14 12 3 80 24 60 77 67 22 30 4 89 7 10 34 62 72 98 41 53 64 33 40 94 100 92 44 46 11 82 70 50 19 27 38 95 78 17 69 75 20 71 55 23 85 37 29 51 8 9 84 2 54 16 66 36 58 88 48 83 31 47 13 57 73 61 74 15 39 79 42 96 65 32 25 56 59 99 26
35 92 31 5 42 49 9 56 57 76 48 85 45 20 24 59 100 27 69 32 65 50 40 36 71 61 87 10 17 4 66 12 22 95 58 75 23 37 62 88 55 79 53 80 51 46 3 29 77 33 30 83 97 82 78 86 68 63 15 28 19 54 38 73 13 84 18 16 2 67 8 74 6 43 25 52 1 90 41 94 44 98 96 7 91 39 21 99 34 70 64 81 89 60 47 26 93 11 72 14
80 21 20 7 10 37 41 57 82 67 90 68 23 73 27 2 62 92 91 43 19 98 14 46 56 48 66 74 40 55 76 85 30 64 86 69 83 61 89 18 12 78 63 51 99 13 75 33 15 38 65 24 11 25 81 88 26 52 77 9 29 16 1 94 39 35 72 87 54 47 49 32 42 53 44 97 45 50 31 22 34 84 28 36 95 93 60 58 17 5 4 79 70 6 100 59 3 8 96 71
16 2 58 53 5 92 24 70 7 49 6 22 89 17 4 86 73 47 90 60 48 71 11 19 45 99 20 25 43 66 72 44 27 79 56 32 51 81 68 100 34 15 91 88 3 21 41 26 95 55 75 23 65 84 42 8 9 93 74 37 82 63 50 30 83 80 62 78 40 85 31 14 54 69 61 12 97 33 1 36 87 96 57 52 94 35 59 28 77 64 67 38 10 18 46 76 29 98 39 13
54 76 95 20 93 84 2 61 50 36 72 23 11 24 35 89 46 86 25 97 56 59 51 26 66 38 9 19 30 44 70 27 13 53 88 71 74 1 48 32 33 29 68 16 82 34 55 96 43 52 14 57 15 99 37 90 3 94 45 87 47 67 98 39 22 92 100 85 18 58 65 80 78 28 63 41 42 4 77 69 81 5 40 64 73 17 79 10 21 7 62 6 12 75 31 83 49 60 8 91
73 99 75 41 13 12 64 37 2 70 47 71 84 95 59 74 30 18 26 6 44 24 16 9 23 15 97 79 85 1 35 14 78 11 83 76 4 53 81 69 48 52 42 90 56 20 17 82 80 46 96 63 31 5 77 98 55 36 28 57 51 61 58 32 62 25 38 91 68 27 43 34 87 67 33 7 65 86 100 50 3 54 8 39 10 66 93 88 40 21 29 92 45 72 60 19 89 22 94 49
82 34 100 55 65 97 69 21 39 12 76 13 78 70 64 92 57 73 33 79 87 89 94 27 36 88 48 11 22 8 67 45 60 32 95 19 25 15 83 51 74 77 54 42 29 18 5 41 91 9 93 10 43 90 17 96 46 3 84 47 59 24 31 58 72 61 14 28 75 23 2 7 53 35 68 85 63 99 44 40 6 26 37 56 52 98 4 1 71 81 30 80 38 66 49 16 50 62 20 86
36 18 97 86 24 34 53 83 37 72 15 79 30 50 95 80 52 62 9 93 58 92 33 23 51 75 81 28 48 65 71 100 16 5 8 78 96 35 90 20 3 39 98 14 55 10 87 84 68 25 6 59 4 43 88 49 12 27 60 40 67 73 26 31 74 76 85 70 69 57 44 47 29 82 66 61 17 91 13 46 19 1 2 94 32 22 7 64 56 11 21 89 42 45 41 54 99 63 38 77
34 55 9 96 17 16 74 51 26 89 46 91 57 47 42 95 72 40 48 7 3 5 8 53 90 45 100 69 6 79 21 93 18 36 94 11 49 84 15 44 25 83 58 98 31 2 50 12 78 28 27 43 85 30 33 32 39 68 59 52 80 4 20 56 87 71 1 75 14 19 41 54 88 10 65 37 73 97 38 29 76 66 81 63 67 13 64 82 99 86 60 61 92 70 77 23 62 24 22 35
22 62 59 90 31 29 68 3 76 84 99 96 25 78 1 60 67 9 30 38 52 81 43 83 98 64 82 15 56 10 20 21 65 63 34 26 27 85 39 49 73 40 8 97 93 35 12 70 50 75 54 46 61 17 95 79 4 55 16 58 77 100 23 74 91 47 28 88 41 6 53 37 13 71 51 2 33 44 48 7 11 89 66 5 45 57 42 94 92 32 19 24 14 87 69 86 72 36 80 18
26 98 94 89 39 45 55 68 78 24 10 25 60 53 14 37 59 23 32 41 17 27 35 69 83 44 71 12 49 42 29 38 100 70 43 1 22 50 56 80 62 76 99 31 34 4 93 11 33 2 91 8 5 92 73 52 48 72 65 77 66 90 57 18 15 21 54 84 61 51 88 30 96 7 85 36 87 13 64 74 9 75 3 16 79 58 95 19 63 6 81 86 28 20 67 47 46 40 97 82
71 77 74 21 15 46 87 89 96 83 8 95 66 4 76 91 69 39 61 78 23 43 100 94 17 62 47 59 18 41 79 88 1 98 37 36 64 54 31 33 22 56 44 25 58 3 28 50 2 81 13 68 53 63 11 92 90 14 40 84 49 10 42 52 27 48 9 73 57 97 80 35 55 99 7 67 82 65 75 24 70 20 86 45 51 19 72 6 26 85 16 5 30 29 93 32 34 38 12 60
44 38 73 49 26 25 28 100 92 16 89 63 79 94 19 31 20 67 45 61 75 10 17 37 76 14 43 95 11 23 9 32 52 4 62 77 42 59 27 39 1 24 87 35 88 70 71 51 86 3 68 40 91 80 50 82 21 2 12 41 64 22 8 13 56 30 15 55 60 54 58 48 34 5 78 83 29 96 81 97 47 74 84 65 36 85 18 7 69 66 72 33 46 53 90 99 98 93 57 6
4 66 79 45 65 42 71 64 50 5 44 17 99 46 8 56 97 13 76 59 38 58 20 39 77 78 75 51 73 33 74 2 87 61 92 89 80 95 49 30 84 53 57 28 48 91 63 94 62 54 90 81 37 23 52 31 70 100 69 82 32 85 35 14 41 6 10 12 29 11 55 36 21 60 96 16 93 67 86 43 98 40 15 1 19 83 9 3 88 22 47 34 72 27 7 24 18 25 26 68
87 14 8 34 68 36 91 21 71 15 13 86 31 1 32 27 85 72 18 65 35 52 25 75 99 54 79 76 9 67 10 77 58 17 70 2 26 16 66 42 94 47 28 78 90 30 37 59 97 73 100 20 56 98 48 61 22 95 11 3 81 57 43 93 6 7 24 63 88 82 64 89 39 46 69 51 19 23 74 92 29 83 45 84 80 44 5 33 55 40 38 60 62 12 4 96 41 50 49 53
2 84 55 39 95 70 26 4 65 29 69 98 22 13 20 79 56 90 74 62 88 73 15 21 82 46 58 87 78 94 50 68 97 77 72 5 36 93 86 48 19 45 27 81 83 67 33 80 34 49 53 100 10 91 59 99 16 76 71 64 6 35 51 38 9 8 37 52 7 40 28 85 92 63 31 47 96 43 66 44 14 24 18 23 1 54 25 12 89 60 75 17 3 57 30 42 11 41 61 32
23 59 61 43 10 99 29 54 97 71 25 81 94 91 67 88 80 44 27 96 34 87 4 90 42 63 57 7 58 68 69 26 2 41 24 93 89 20 9 92 30 3 36 12 14 15 78 60 35 72 85 82 84 75 18 64 86 21 31 79 38 46 77 83 73 17 39 5 8 45 1 13 50 40 32 33 22 47 16 28 62 65 51 76 70 56 19 48 100 98 11 53 37 95 52 55 6 49 74 66
69 90 17 32 72 93 1 35 43 10 55 26 85 25 6 87 78 98 89 36 59 21 9 4 28 97 5 62 100 76 38 63 67 16 29 12 19 42 41 52 61 94 66 70 22 49 13 47 7 33 15 27 75 53 74 40 64 51 48 50 3 8 2 68 65 96 95 60 86 37 45 92 24 79 46 34 31 54 14 84 88 11 77 18 58 23 73 91 81 83 39 82 99 56 80 57 71 44 30 20
66 69 41 17 37 50 77 52 47 8 94 12 55 92 62 45 31 43 75 44 1 19 88 3 35 40 33 39 57 82 93 51 21 13 87 9 98 100 99 90 6 64 84 89 36 73 29 81 83 11 71 79 30 86 5 42 15 96 10 34 76 56 7 22 16 14 80 18 59 48 61 46 60 2 58 28 68 38 27 53 97 85 23 95 54 63 32 24 67 4 49 72 74 65 70 20 25 78 91 26
3 61 83 15 50 55 44 99 12 25 73 70 96 82 66 8 27 22 29 11 20 76 26 13 32 74 31 18 10 85 80 41 48 45 47 54 33 71 4 67 81 95 75 36 9 88 91 72 24 79 97 89 90 7 65 5 57 62 86 63 17 30 100 21 38 58 60 68 84 46 40 19 64 59 49 92 53 42 43 6 93 78 52 35 34 77 23 56 37 87 69 94 98 2 51 39 28 14 16 1
49 35 18 60 58 78 85 75 84 94 53 16 71 10 37 1 33 2 83 47 42 88 5 8 41 65 28 67 51 34 26 62 82 50 23 63 56 69 13 54 97 89 73 99 74 32 20 4 6 87 19 92 81 70 46 72 77 90 7 95 98 11 45 29 21 9 66 61 44 12 22 93 59 30 80 40 79 100 91 48 39 15 64 17 76 36 55 25 38 14 27 57 68 52 86 31 96 43 24 3
81 74 87 3 93 43 96 7 77 35 64 44 38 62 73 72 25 53 16 48 70 12 29 89 15 31 59 85 39 49 11 42 8 40 57 67 10 28 55 51 88 19 22 91 23 63 97 33 61 80 86 1 18 32 26 95 83 71 90 45 100 84 46 76 99 24 82 34 65 20 94 50 27 66 47 56 4 9 60 75 41 14 68 54 6 78 92 69 21 13 98 36 58 5 79 37 2 30 52 17
28 21 46 87 59 17 38 31 90 99 95 57 26 23 63 43 14 8 78 58 97 29 3 65 72 27 93 33 61 52 62 71 40 22 53 56 13 41 79 77 35 88 2 32 86 1 48 42 84 64 16 69 55 60 75 25 81 10 100 83 37 76 73 24 47 45 91 98 92 50 68 49 19 44 82 11 5 39 18 30 4 34 80 9 74 96 15 70 20 94 85 66 67 89 6 12 54 7 36 51
68 46 62 25 33 47 17 15 16 95 97 42 58 98 9 55 79 93 82 34 84 37 80 6 70 28 13 38 23 11 7 94 88 19 61 22 41 29 67 10 65 14 81 56 30 5 1 27 26 90 35 77 64 40 39 66 85 50 54 20 92 3 44 48 53 100 63 96 52 89 76 51 99 45 43 60 21 72 69 4 8 31 49 91 78 12 24 59 36 75 32 73 57 71 74 2 83 18 86 87
48 51 88 83 23 74 21 84 40 42 37 20 82 30 89 99 32 17 68 12 72 90 61 64 92 2 77 43 76 75 94 55 34 97 14 13 70 31 10 71 15 57 33 41 6 39 49 52 60 24 73 66 78 87 86 26 3 53 29 96 11 9 54 27 98 22 67 4 28 69 46 95 79 19 36 91 18 85 93 1 50 8 7 25 16 59 47 38 81 44 100 62 5 58 35 80 65 45 63 56
17 19 36 93 66 89 18 80 58 96 11 21 10 41 54 61 8 83 84 95 48 62 65 5 88 77 53 50 46 40 42 56 99 30 26 91 34 94 97 75 49 90 16 57 13 24 59 68 64 39 98 29 82 55 70 28 43 12 76 73 9 51 25 63 44 2 6 22 78 81 52 45 31 20 38 86 14 60 4 32 27 100 1 87 72 92 67 37 3 35 33 71 85 47 15 79 7 69 23 74
76 57 69 33 54 94 95 51 31 88 93 40 19 18 17 98 16 96 63 9 5 61 87 29 44 43 49 6 91 7 52 79 46 72 50 75 32 48 64 15 86 73 39 83 62 74 45 24 53 34 10 80 89 13 2 41 42 20 70 65 99 25 27 47 28 37 23 92 12 56 38 60 100 85 22 1 58 11 81 71 26 82 59 66 90 55 21 97 67 84 77 8 4 78 36 14 3 35 68 30
96 65 25 24 5 7 11 27 85 46 1 88 100 29 34 83 47 67 22 70 37 38 57 52 18 76 92 14 97 15 56 9 93 69 30 53 75 33 8 49 90 51 74 59 12 84 86 54 82 17 44 2 50 41 71 16 26 45 89 23 10 13 91 6 79 20 32 72 21 43 98 31 58 68 39 4 94 66 48 19 60 73 78 42 3 99 62 81 95 61 28 35 36 80 55 63 87 77 64 40
97 70 27 60 99 75 36 98 83 77 61 31 9 90 15 44 64 58 40 3 18 46 82 84 8 21 67 45 92 12 47 95 94 73 69 29 71 26 78 65 39 74 30 93 42 86 6 43 88 35 17 54 48 72 19 85 96 24 53 2 68 55 11 66 5 50 41 89 10 34 33 38 51 16 56 32 91 22 87 63 37 76 81 80 49 25 13 57 4 23 1 7 20 14 28 62 100 52 59 79
95 79 47 38 1 41 89 3 15 13 24 80 92 16 52 53 5 72 10 76 81 50 93 66 100 73 74 94 60 87 37 61 20 51 67 19 86 56 85 48 58 2 29 7 75 43 21 39 77 96 40 98 26 33 8 34 17 69 78 22 63 97 59 25 84 49 36 23 70 91 62 28 46 6 71 42 35 12 57 83 32 9 44 82 65 90 88 31 27 18 68 54 64 55 99 45 30 11 4 14
67 100 11 21 13 95 78 28 1 2 48 89 40 19 5 69 15 9 34 55 7 82 37 88 29 87 10 93 47 77 68 35 12 54 74 4 84 36 33 62 59 8 96 51 92 53 70 71 90 61 60 81 44 46 99 39 97 30 24 32 58 66 52 91 85 98 26 27 23 73 49 18 57 22 45 94 83 80 79 25 75 42 3 20 56 50 65 14 6 76 17 41 63 38 16 43 86 64 31 72
64 41 10 100 45 27 83 25 99 11 78 8 12 22 18 13 39 23 24 69 50 3 51 47 2 56 55 65 44 58 90 97 89 62 49 7 17 57 54 96 80 48 71 81 16 52 85 74 63 9 37 75 33 29 87 93 31 73 66 72 30 34 67 77 61 82 40 60 4 32 5 26 70 88 1 59 20 92 53 95 86 91 76 46 68 94 36 15 28 38 21 14 35 6 42 98 19 84 79 43
41 89 76 85 97 67 35 39 11 59 12 19 47 43 25 71 68 24 15 82 99 96 52 87 21 5 2 58 69 84 73 49 83 92 80 64 100 51 16 30 95 86 88 77 7 98 54 1 91 40 62 23 28 20 60 27 18 13 79 70 33 14 63 42 26 32 50 53 34 66 9 72 17 65 90 22 44 36 37 94 57 56 46 75 61 38 8 4 55 45 78 74 29 10 3 6 31 81 93 48
93 44 72 46 25 32 39 58 79 61 34 77 37 9 88 4 49 86 53 94 19 22 14 99 69 66 35 10 3 80 98 91 36 43 59 11 47 92 26 28 50 63 7 18 17 38 64 75 45 78 23 71 8 21 55 12 27 54 68 76 1 95 74 85 57 89 29 6 42 13 65 62 90 24 52 51 15 56 96 41 81 97 20 40 2 30 82 100 70 16 83 31 48 60 87 67 5 33 84 73
14 49 56 64 22 33 42 37 52 7 62 24 53 66 16 89 48 20 90 84 79 83 78 35 46 50 25 44 81 9 61 21 39 60 13 38 51 47 74 41 98 65 67 72 70 19 3 92 1 55 36 6 57 68 40 100 23 87 34 18 43 12 96 82 93 5 58 85 80 31 8 97 91 86 15 71 10 30 95 26 69 59 27 4 77 45 94 63 11 88 54 32 76 73 29 17 75 28 2 99
91 50 44 88 71 69 81 89 45 76 20 67 64 54 98 96 58 13 1 49 3 75 27 97 40 68 32 5 12 78 31 51 77 7 18 46 94 19 57 36 38 55 10 14 60 41 72 21 73 82 34 85 74 100 23 24 95 43 52 42 70 87 99 15 30 33 65 8 90 22 16 86 6 4 17 79 59 61 62 9 66 29 2 28 26 11 39 80 53 25 63 84 47 48 92 93 35 37 56 83
50 43 96 66 47 57 20 72 95 18 100 30 69 65 80 76 2 91 39 1 71 45 94 58 51 11 12 17 26 99 82 29 64 93 4 52 14 88 61 5 75 42 9 37 3 81 24 34 19 10 56 16 86 77 41 36 6 48 8 68 53 38 40 90 78 21 25 83 67 62 32 22 28 60 27 35 55 7 92 23 44 49 85 33 31 70 98 84 89 79 87 59 97 74 63 13 73 54 46 15
57 56 78 15 74 30 43 20 61 9 80 3 1 8 28 62 63 82 13 67 65 2 39 98 53 48 16 71 87 17 4 47 54 12 25 59 89 68 42 73 77 72 97 24 45 55 66 41 95 14 99 10 79 19 6 33 38 58 81 7 50 88 85 70 64 94 93 69 27 86 92 5 26 37 91 84 75 76 32 100 40 46 96 34 18 52 83 90 31 51 35 21 22 23 49 29 36 60 11 44
19 33 67 91 21 55 41 49 2 52 28 10 63 40 56 59 3 62 88 45 15 81 23 38 7 9 78 47 72 25 75 94 58 100 6 92 31 46 82 17 43 71 32 44 51 11 68 98 96 27 83 39 65 74 14 30 79 8 36 66 48 42 64 37 13 70 84 77 24 53 29 61 93 57 12 90 80 69 60 87 18 35 54 22 86 26 20 76 97 1 34 95 89 99 50 5 4 73 85 16
20 13 89 72 34 37 47 30 76 27 57 74 18 5 51 22 65 73 59 29 33 7 48 93 78 49 50 82 84 3 25 87 67 23 44 24 8 81 63 32 17 99 54 43 19 64 95 96 36 38 12 56 16 9 94 2 100 26 58 71 52 83 61 79 1 55 14 21 35 92 31 39 60 75 41 68 11 45 85 62 6 88 66 97 40 28 70 98 77 42 46 15 69 90 86 4 10 80 53 91
23 42 39 89 70 94 16 87 20 45 9 27 44 86 38 75 82 65 52 73 21 56 95 57 90 51 30 32 93 36 63 62 61 88 58 85 37 98 92 2 91 34 100 46 96 68 31 97 41 8 43 53 81 76 79 17 33 28 4 6 78 40 54 7 11 48 22 55 83 29 74 59 15 50 5 60 19 18 3 47 77 99 26 71 35 10 1 13 69 80 67 64 14 66 12 49 24 72 25 84
63 76 43 47 69 58 92 86 7 79 94 72 68 31 40 26 51 97 70 13 57 89 1 78 22 37 21 64 88 4 18 6 29 28 10 83 81 25 32 82 24 46 49 75 85 84 98 44 71 66 11 59 2 36 45 15 20 61 80 77 39 23 41 50 96 34 60 93 55 5 100 91 14 67 9 53 90 17 54 35 56 30 38 73 33 99 74 62 42 65 12 16 87 8 19 3 52 48 27 95
54 25 71 49 51 74 46 60 75 92 55 9 33 52 43 68 18 94 48 81 10 77 21 85 80 90 65 24 32 96 44 64 66 95 45 62 84 15 87 91 2 35 3 19 6 37 36 26 86 69 76 17 100 31 38 70 78 67 13 12 83 93 4 5 58 28 57 88 73 23 72 42 56 59 29 50 61 16 41 14 20 27 40 7 53 89 22 47 1 82 30 97 79 63 11 34 39 99 98 8
88 96 58 54 84 2 90 57 38 37 50 64 59 75 29 28 36 40 65 68 39 100 43 49 35 23 72 3 34 18 78 5 94 44 20 69 56 7 70 42 32 67 91 80 62 12 74 60 55 71 48 33 98 4 21 47 9 79 93 89 73 77 27 14 63 52 61 82 51 6 24 66 45 16 30 81 92 95 1 31 11 41 86 85 17 15 99 22 26 8 25 83 10 19 46 97 53 76 87 13
28 32 59 65 41 49 5 29 82 40 71 73 2 80 74 51 12 52 8 60 43 97 15 55 57 4 99 72 95 48 39 77 22 84 93 54 23 17 36 18 42 87 70 9 46 83 7 78 100 47 3 79 20 37 13 90 1 92 44 61 88 56 53 66 68 85 27 50 19 38 91 89 63 76 24 67 94 81 86 33 35 98 6 11 96 14 30 10 34 21 31 25 75 69 58 26 64 62 16 45
87 52 94 80 86 72 45 6 37 3 19 13 55 51 77 64 4 54 91 17 40 35 11 16 41 10 48 23 36 88 46 56 7 42 63 34 49 99 73 100 70 62 53 26 20 76 61 12 43 81 39 30 67 66 83 79 58 89 85 21 96 78 50 27 31 15 44 29 71 69 2 33 1 9 18 28 8 5 24 22 95 38 14 84 97 59 57 65 82 90 60 75 25 32 47 68 92 98 74 93
66 75 52 90 42 53 9 12 92 49 77 86 67 38 91 32 50 88 43 19 51 76 70 46 71 26 44 57 30 73 94 33 4 87 5 28 74 37 21 69 7 29 34 22 58 31 47 64 15 68 20 14 93 18 85 54 63 97 61 25 95 62 23 11 80 78 45 16 60 56 10 8 98 79 27 72 65 35 40 17 3 84 24 6 13 82 81 55 99 48 2 89 39 83 41 36 1 59 96 100
69 2 50 7 15 5 8 63 96 85 92 81 89 39 55 12 67 100 37 91 95 80 22 36 66 33 29 83 6 38 76 41 44 26 64 43 98 4 52 61 78 79 14 99 10 21 40 20 17 46 32 31 11 90 57 49 93 16 75 9 94 84 51 47 72 30 62 97 48 88 71 77 82 27 42 65 1 25 74 18 34 13 73 23 87 54 59 58 56 68 19 60 3 35 24 86 70 53 45 28
81 92 98 55 36 76 50 53 100 39 30 90 69 56 75 57 21 46 17 63 58 74 40 70 11 87 95 97 4 61 23 18 65 1 89 66 13 8 20 34 41 15 68 35 93 29 38 19 37 52 25 12 9 86 22 80 82 64 59 28 85 33 73 6 91 26 5 32 54 67 42 99 83 31 48 44 84 79 45 27 96 71 47 77 7 2 60 3 88 62 72 43 78 94 51 10 16 14 24 49
76 71 27 87 24 40 7 62 57 67 22 99 47 26 30 19 11 49 98 23 16 59 29 68 39 74 84 80 21 65 83 61 53 8 72 12 43 90 44 92 64 58 52 28 32 73 18 37 50 3 78 88 46 82 96 86 55 1 95 69 81 35 100 13 25 66 34 56 20 51 63 14 10 42 97 41 36 2 77 45 9 70 31 54 91 4 48 94 60 33 89 6 15 75 79 38 93 85 17 5
100 48 31 99 43 64 52 56 39 12 6 23 32 81 28 73 44 47 79 86 80 10 8 42 36 14 17 68 74 55 45 4 82 41 96 89 62 65 35 88 93 77 21 40 61 69 25 85 76 94 63 34 15 60 3 71 46 75 24 37 18 67 98 29 22 19 92 57 13 66 87 70 95 53 20 5 2 26 27 50 91 90 11 1 16 84 49 30 83 58 9 51 72 7 38 59 33 78 54 97
3 40 73 1 89 52 2 61 78 97 87 55 39 71 58 60 7 92 86 85 98 31 67 26 82 28 68 63 9 43 66 42 50 96 38 70 34 83 46 44 48 33 93 90 16 74 75 22 80 25 56 27 13 30 49 69 51 62 91 47 99 45 59 17 23 65 18 94 100 54 57 20 8 10 53 95 79 64 14 77 19 5 32 36 21 12 84 24 37 81 4 29 11 15 6 76 41 35 72 88
40 80 82 17 44 85 25 78 66 89 79 28 46 1 61 86 92 45 4 43 35 98 97 10 16 54 26 36 48 63 32 96 13 56 87 33 42 70 75 29 100 94 58 73 57 24 90 51 11 22 15 83 21 72 47 84 68 38 60 41 59 27 39 3 67 81 64 12 62 19 6 9 99 91 95 34 7 50 31 55 2 53 37 76 30 93 14 20 52 5 88 65 77 18 69 74 49 8 71 23
97 59 48 25 11 65 60 70 42 57 68 16 100 49 80 20 72 43 69 32 66 61 54 74 64 7 38 46 2 22 47 78 99 79 40 37 27 1 88 83 89 10 98 56 91 90 51 29 24 45 26 9 85 52 58 75 92 23 3 13 19 87 93 76 15 6 31 28 14 12 41 67 30 35 39 4 73 18 5 21 33 96 84 94 95 50 63 77 17 36 82 81 62 44 53 55 8 71 34 86
64 8 22 92 31 71 33 45 35 15 13 12 88 20 56 99 94 27 47 66 87 29 61 19 6 76 72 96 73 84 85 44 37 80 91 95 97 11 89 90 52 40 17 42 98 7 67 59 16 83 65 18 43 23 68 63 21 24 46 58 70 9 38 53 41 14 30 25 32 82 60 28 79 54 69 2 26 77 39 51 74 81 36 10 75 78 93 1 100 49 5 55 4 3 48 62 50 34 86 57
85 4 55 5 20 29 3 99 26 44 38 22 21 16 90 36 59 7 93 46 52 73 82 9 1 27 81 11 58 95 43 17 34 53 31 32 65 54 48 80 33 78 63 66 74 67 84 50 25 28 86 70 69 87 89 96 14 42 62 40 76 39 35 24 10 88 72 91 37 15 77 60 97 98 47 83 18 6 13 49 61 92 57 30 51 68 79 19 75 56 64 2 23 45 100 94 12 41 8 71
75 39 14 34 61 31 68 83 65 36 90 29 51 50 7 66 96 95 46 6 63 12 57 32 18 73 60 19 49 79 67 85 62 74 71 10 70 55 77 72 94 59 23 98 88 53 86 84 13 20 30 25 37 38 9 8 48 69 64 91 54 80 45 82 87 47 42 78 1 58 24 44 11 43 56 16 4 17 22 3 76 52 28 26 81 92 27 97 33 89 15 40 99 41 93 35 21 5 100 2
9 84 100 83 17 78 88 46 16 99 36 27 64 73 22 24 45 26 25 79 23 82 33 41 28 50 6 56 10 44 21 57 68 94 66 1 69 67 70 52 55 80 8 62 42 60 5 95 39 98 75 40 51 11 72 20 54 3 86 38 2 65 31 93 74 76 15 87 49 34 43 48 35 77 90 85 53 61 59 37 58 89 29 14 19 32 96 4 13 7 81 91 30 92 71 97 47 18 12 63
96 69 79 20 8 47 67 82 54 94 76 91 92 36 34 81 26 28 5 31 88 37 53 11 68 100 78 64 22 87 56 14 1 17 32 77 63 50 99 66 24 74 13 16 29 39 10 70 52 18 73 46 90 41 83 38 15 51 45 49 33 58 25 30 84 80 85 61 2 48 55 35 27 6 89 42 95 23 75 40 97 44 9 86 59 98 4 57 71 60 62 3 12 21 65 19 72 93 43 7
80 34 20 48 76 25 32 91 47 93 10 64 82 18 86 33 27 39 31 61 17 90 12 71 98 38 44 77 57 15 30 79 40 4 36 26 29 85 62 63 1 13 42 78 14 3 22 28 65 43 35 100 84 6 45 9 52 96 54 87 67 70 19 74 59 53 88 75 41 49 16 7 2 99 51 37 46 66 73 5 83 56 8 58 94 55 97 68 92 11 95 72 24 81 21 23 69 50 89 60
36 55 62 81 72 42 69 68 24 47 31 1 60 94 18 34 46 98 97 93 73 50 87 45 99 56 85 37 78 20 39 92 30 25 86 71 96 49 16 33 26 57 83 17 9 48 41 6 35 29 44 82 10 13 21 4 27 76 77 84 53 28 3 58 43 8 61 11 95 40 75 2 59 66 5 19 12 90 38 67 14 63 15 52 54 23 7 100 32 70 91 88 51 64 74 79 89 22 80 65
34 81 69 68 70 99 35 48 71 25 89 85 11 4 19 83 55 63 33 59 76 62 77 84 43 41 92 26 40 82 49 67 60 64 61 65 93 72 98 23 20 22 97 1 66 10 12 94 46 75 16 8 91 53 57 51 18 14 79 74 17 42 52 31 2 50 100 7 27 39 13 80 54 32 24 47 96 21 6 36 29 73 95 5 78 3 37 56 15 86 28 38 9 87 30 44 45 88 58 90
35 5 9 28 97 26 59 44 29 38 73 79 61 55 96 27 78 90 57 75 93 58 83 22 23 13 7 40 85 66 63 74 51 32 94 76 3 10 95 8 15 14 18 89 86 88 24 100 68 36 60 41 30 25 71 98 4 53 12 11 92 54 33 70 52 91 99 80 31 50 48 37 81 34 65 56 45 69 16 1 21 82 87 2 20 19 42 67 46 84 47 64 6 72 77 17 62 43 49 39
22 61 78 4 99 8 74 100 12 10 97 80 45 82 15 65 85 87 26 41 13 71 55 3 92 32 91 81 90 51 60 73 56 11 95 58 19 59 50 47 6 76 28 67 31 1 34 23 66 2 14 43 75 33 86 88 62 93 38 30 49 20 5 68 16 96 24 84 29 37 36 54 42 21 17 52 35 7 44 83 89 27 48 18 57 53 72 25 40 39 79 98 46 63 70 77 64 69 94 9
68 14 81 53 37 97 48 27 63 18 46 54 23 13 66 2 62 89 99 65 84 21 9 70 77 40 50 76 11 67 90 45 8 49 41 5 36 61 20 39 19 91 56 83 55 15 1 38 60 72 17 3 78 98 16 32 12 87 10 52 57 29 22 94 73 24 79 42 75 25 86 85 28 71 58 92 93 95 33 6 69 35 88 64 100 96 47 51 44 80 43 82 74 7 31 26 34 30 4 59
49 68 95 41 4 92 55 21 13 8 18 82 53 15 14 6 100 78 9 47 72 34 80 37 81 88 74 59 43 86 61 35 93 36 65 57 25 56 32 67 3 89 1 31 90 51 50 48 94 24 97 19 28 17 87 7 33 91 2 96 75 85 71 22 99 26 10 73 76 11 58 30 23 40 44 63 29 5 66 69 60 70 45 42 46 39 62 12 38 79 27 84 20 83 16 54 98 52 64 77
91 98 87 96 66 45 24 18 14 68 25 40 79 47 9 84 19 77 20 62 56 38 100 26 76 65 95 51 83 8 4 93 32 72 17 15 33 7 42 54 39 53 74 88 36 35 2 81 78 73 89 37 59 43 22 60 99 61 69 34 3 10 44 55 49 58 1 70 86 85 28 41 21 30 71 12 82 57 67 46 27 97 23 13 6 90 50 48 29 16 31 94 64 75 52 80 11 92 63 5
93 47 90 43 54 28 1 35 83 73 49 98 81 10 62 72 17 44 37 70 59 19 25 4 42 11 100 94 97 23 18 76 88 69 34 3 26 68 78 89 7 84 27 36 48 2 6 58 51 79 66 24 61 99 85 14 13 55 15 82 77 30 63 21 60 9 46 52 20 32 92 95 86 5 31 40 87 16 12 33 50 71 65 53 67 91 57 22 41 64 75 80 96 74 8 39 56 29 38 45
26 77 47 45 33 12 7 84 48 37 53 68 9 14 52 31 30 18 96 34 1 88 65 78 15 21 28 17 56 85 82 32 87 89 29 93 100 57 81 60 90 3 72 10 13 49 55 97 2 58 54 20 41 75 99 40 16 94 11 79 63 8 91 67 27 70 74 5 59 73 44 51 24 36 22 86 42 80 43 71 39 98 50 95 76 62 64 6 23 66 69 35 38 19 4 83 46 25 61 92
95 66 2 39 68 46 78 54 50 29 99 17 63 26 25 64 69 35 30 7 6 87 93 23 72 55 58 32 51 40 44 88 11 77 24 9 10 4 61 76 81 47 16 12 21 13 92 79 62 27 36 89 53 15 60 82 20 71 48 3 98 97 8 83 80 52 28 18 34 43 33 75 57 45 91 1 14 67 84 31 73 42 41 56 74 38 65 5 94 37 100 86 59 90 85 96 70 49 22 19
51 62 41 3 59 89 53 10 40 84 15 72 37 39 75 1 16 22 2 38 42 52 17 85 47 5 21 30 67 76 78 95 48 26 14 99 71 35 87 20 23 73 91 25 12 77 64 93 34 6 11 31 56 46 24 80 97 50 74 54 68 55 29 63 83 100 9 19 18 90 98 43 45 44 92 7 60 33 8 96 88 86 27 66 58 13 61 69 81 4 65 79 57 70 32 49 28 94 82 36
47 74 1 86 11 3 45 15 26 67 40 8 18 25 29 90 20 53 50 91 39 30 88 49 56 37 9 72 38 10 16 22 6 44 69 2 48 94 82 43 87 52 70 41 24 46 7 27 83 54 71 33 5 84 81 97 17 21 34 55 100 59 76 42 62 92 35 31 28 89 61 19 95 68 36 32 77 96 64 4 57 78 13 80 73 58 23 98 75 65 14 99 85 66 60 63 93 12 51 79
17 51 74 13 77 14 29 43 23 39 3 25 44 80 94 95 81 16 32 22 18 1 4 87 89 26 90 12 92 46 10 55 41 2 8 53 83 33 86 57 73 61 100 15 69 30 93 76 6 71 79 35 97 20 59 31 96 37 21 98 66 38 58 50 19 7 27 72 48 47 65 52 70 28 78 91 5 42 88 45 11 85 75 82 34 24 60 84 63 68 40 62 36 49 67 9 54 64 99 56
48 65 75 67 69 1 28 26 84 85 64 31 6 90 17 61 56 83 36 44 49 14 59 27 54 33 16 74 60 30 62 12 15 57 18 96 41 95 79 51 53 24 87 52 80 86 29 13 97 4 93 68 50 91 37 42 81 72 40 20 9 100 77 5 98 71 82 34 19 46 88 38 58 2 43 66 7 92 78 3 47 76 11 25 8 94 55 63 22 21 39 73 70 23 89 32 99 45 10 35
6 90 88 24 95 50 46 63 97 35 69 81 33 17 54 77 73 71 93 2 44 5 3 19 67 66 48 15 59 94 40 9 20 98 47 56 22 16 75 61 14 83 86 80 30 62 72 99 84 12 37 57 11 55 39 92 79 100 27 64 10 34 43 7 42 82 76 96 58 91 29 31 53 85 1 21 23 89 68 78 18 8 51 45 52 25 70 60 65 32 49 74 13 38 28 4 87 36 26 41
82 35 39 60 58 5 87 4 8 45 37 96 94 95 98 91 41 77 70 97 75 43 6 59 26 31 40 24 76 34 9 2 52 55 92 74 90 46 15 18 84 56 79 57 83 32 61 22 11 47 100 51 64 49 89 27 42 28 78 73 16 66 12 44 65 19 67 63 88 68 72 50 10 13 85 36 33 81 69 53 62 38 7 3 1 71 48 80 20 14 29 54 86 99 17 93 25 21 30 23
16 88 96 32 23 64 84 14 43 46 82 24 85 60 48 53 47 17 91 12 21 83 71 57 77 78 27 19 39 7 93 34 49 92 4 41 80 36 63 44 75 54 66 97 94 5 38 26 42 87 40 76 98 89 3 61 100 6 29 50 51 11 1 37 79 20 22 68 99 58 62 13 55 69 10 33 31 45 35 74 30 9 52 28 72 70 73 81 86 18 56 90 67 8 2 25 65 15 59 95
2 79 72 37 10 43 21 64 56 7 59 42 40 30 89 92 11 96 98 69 91 39 58 66 70 68 82 3 55 41 73 71 100 16 62 97 75 84 48 9 32 19 63 93 52 28 54 34 33 49 85 53 57 81 8 99 86 45 76 67 14 15 26 25 47 22 50 4 51 20 1 78 13 46 18 88 83 36 87 29 12 74 95 65 61 17 24 31 27 94 38 60 35 80 90 5 6 44 23 77
4 48 8 30 50 93 36 67 27 71 56 88 68 92 2 47 18 37 52 96 95 15 5 46 17 62 59 39 86 1 72 63 21 97 43 29 32 90 49 33 58 51 23 54 7 77 45 20 40 34 13 84 31 100 74 19 3 26 53 70 78 12 42 73 6 35 66 9 24 81 76 69 64 65 82 55 44 60 11 38 41 99 57 79 10 85 22 16 25 61 87 75 98 94 80 14 89 28 91 83
50 33 76 79 94 17 44 75 3 42 72 20 30 78 1 43 52 8 5 82 85 96 27 21 74 97 13 14 47 12 23 81 2 28 73 22 86 51 36 67 95 45 58 59 25 91 49 24 37 39 99 56 4 40 65 60 35 89 66 7 6 16 11 38 9 61 54 10 71 31 53 93 34 19 46 62 68 64 80 48 77 100 70 87 41 69 98 15 26 90 63 83 92 32 55 18 29 84 57 88
41 57 25 48 1 13 5 46 14 59 61 30 96 29 6 69 64 12 9 84 22 27 20 55 31 43 26 44 93 28 45 68 83 42 37 78 67 92 89 15 34 58 39 72 70 21 75 54 82 95 8 66 18 10 79 47 85 2 88 65 50 76 7 56 11 32 38 97 4 53 94 74 51 17 33 35 80 91 77 24 86 90 16 71 36 73 19 99 60 87 98 23 63 81 62 3 100 40 52 49
44 70 56 93 26 84 50 57 34 89 38 74 76 62 16 19 67 82 25 78 79 60 47 10 45 51 30 18 100 75 87 27 97 61 64 73 35 29 21 52 98 88 33 2 99 31 37 11 72 69 6 3 12 7 48 14 43 90 4 23 81 40 83 32 39 28 95 86 80 8 77 36 46 63 15 68 71 54 53 92 49 91 85 22 65 66 9 59 41 58 94 17 42 55 5 13 96 24 20 1
14 56 48 11 43 16 3 28 7 40 22 19 12 24 73 8 15 52 33 9 58 46 35 6 44 99 66 25 69 4 98 72 96 5 50 36 37 41 10 65 70 39 71 89 92 34 31 80 61 77 62 17 79 78 68 75 38 54 84 18 95 13 2 23 53 21 51 91 55 88 49 47 26 42 32 94 20 63 67 27 87 81 64 57 45 83 30 74 90 76 1 59 100 60 82 29 86 85 93 97
73 52 50 56 51 34 96 62 15 5 8 70 41 81 43 55 21 97 46 19 57 45 16 13 32 2 29 93 72 78 69 54 12 7 20 4 17 53 44 42 59 77 88 26 28 63 40 30 25 3 10 87 82 68 14 67 65 64 98 95 37 6 86 39 91 49 23 75 60 76 9 22 83 27 48 80 61 85 100 94 38 66 31 11 18 74 92 90 36 1 89 33 58 47 35 99 24 79 84 71
62 99 52 33 42 72 39 8 30 3 50 63 66 41 5 87 31 2 76 60 65 75 22 25 27 48 79 83 26 17 74 28 46 67 57 13 19 88 9 10 86 90 29 18 82 7 68 64 55 92 94 54 16 47 38 20 23 95 93 37 58 73 40 91 61 85 36 69 70 51 12 32 100 15 80 53 21 43 45 84 98 49 59 4 96 11 1 14 35 6 81 34 97 78 56 24 71 77 89 44
5 28 83 64 21 36 90 52 37 27 93 3 10 54 76 79 63 89 31 68 34 7 77 47 58 9 65 6 87 80 11 15 61 73 74 67 94 71 30 88 66 95 84 91 75 62 18 85 29 17 43 25 86 92 23 51 26 13 44 56 39 72 4 48 22 60 41 50 12 45 8 46 98 20 96 97 1 100 24 49 70 14 78 33 32 35 82 38 69 81 19 57 2 53 99 16 59 42 55 40
59 60 36 69 5 70 20 48 61 16 28 54 58 75 40 57 9 26 65 87 50 56 34 94 8 49 68 67 32 89 7 46 27 95 88 64 47 42 41 100 62 86 21 23 22 4 66 74 52 81 91 39 55 29 13 17 90 12 71 45 80 14 96 85 31 30 6 73 84 19 2 72 92 77 38 11 98 76 18 25 44 1 24 35 53 63 99 82 33 51 78 97 37 3 15 43 83 10 79 93
15 75 17 38 13 7 42 72 85 44 95 57 25 31 51 37 4 65 84 23 20 3 26 68 91 45 55 71 48 18 52 49 9 60 53 77 61 86 94 54 12 63 76 32 35 43 98 47 50 90 2 92 70 27 96 16 22 10 8 59 1 24 74 99 28 78 5 11 83 67 40 97 88 82 30 19 58 41 56 100 93 80 14 34 79 46 81 62 21 89 64 66 29 73 36 6 39 33 69 87
46 96 35 81 22 27 2 51 79 61 98 90 99 65 67 44 7 93 43 63 86 72 11 36 76 4 20 62 95 41 42 9 16 13 80 85 64 26 55 34 17 75 3 37 23 38 87 19 100 94 82 70 33 5 58 49 1 73 52 83 47 88 50 15 78 45 32 57 8 48 71 92 29 12 89 84 91 25 14 77 66 59 18 97 31 56 74 10 28 40 54 21 39 69 24 60 53 30 68 6
67 77 44 80 20 69 91 78 57 65 1 95 19 66 55 28 50 70 39 58 97 22 37 89 83 84 43 79 23 49 75 26 86 54 56 41 4 47 13 11 25 72 73 24 34 60 99 92 53 82 98 16 74 59 29 71 93 52 100 61 96 51 85 90 64 14 81 27 35 87 32 18 68 31 42 15 63 12 94 21 8 40 88 9 17 45 46 76 38 48 2 5 3 6 62 10 33 7 36 30
57 82 58 7 89 2 85 87 38 96 24 73 71 98 77 45 14 43 30 36 33 9 6 93 11 79 99 95 84 94 50 75 39 81 41 10 51 67 54 92 91 65 32 70 55 64 78 42 62 35 48 1 100 83 40 90 31 66 80 49 4 3 27 52 18 72 44 53 69 29 74 61 63 37 68 59 97 13 25 22 20 46 8 17 56 26 15 86 88 23 34 16 5 12 60 47 21 76 19 28
90 76 46 20 47 23 67 53 54 72 30 87 1 100 91 51 39 40 26 95 71 92 3 42 69 64 5 65 80 33 81 97 14 93 89 43 41 37 68 2 74 78 99 62 10 94 70 83 21 61 19 88 44 60 28 96 6 63 75 9 85 25 15 27 56 34 18 98 13 22 31 48 82 84 66 79 17 58 73 50 32 52 86 16 7 36 59 49 55 8 35 24 11 29 77 12 4 38 45 57
18 50 64 100 93 26 17 82 63 83 36 86 31 8 74 71 79 24 99 11 43 80 89 97 67 75 35 47 21 95 37 76 60 70 15 9 3 98 92 29 65 42 96 66 14 48 59 72 7 25 23 55 2 32 69 33 78 40 16 58 28 90 46 34 10 81 45 94 41 5 57 49 1 4 52 61 77 56 6 87 84 22 54 73 19 44 62 13 12 85 88 53 68 27 38 20 30 51 39 91
6 38 55 85 74 29 18 12 13 24 19 23 78 62 71 88 97 45 94 48 69 59 95 75 81 14 87 82 34 11 80 67 36 100 30 3 10 31 77 72 35 8 9 46 91 37 21 1 43 58 53 41 51 90 5 52 57 20 70 54 89 4 61 79 73 84 64 25 76 83 42 60 17 50 27 86 22 65 66 63 40 26 32 7 49 99 39 47 15 33 68 2 28 44 93 98 92 96 56 16
3 2 18 43 36 76 16 60 65 88 47 29 49 5 37 26 57 7 23 6 41 97 9 98 100 61 53 4 17 77 79 14 22 84 59 74 31 69 66 71 80 64 68 54 30 20 85 39 13 11 34 12 48 38 94 70 21 67 81 89 52 83 19 78 63 33 25 82 10 73 58 86 50 24 40 45 90 32 75 55 56 15 96 46 91 62 8 28 92 44 72 95 87 35 51 42 1 93 27 99
75 100 14 24 65 31 8 6 96 9 71 27 89 23 45 12 51 46 13 76 40 73 82 35 1 7 25 98 61 58 70 85 91 30 38 63 56 28 74 5 50 2 93 19 88 3 97 44 90 52 83 69 67 11 41 54 64 79 36 66 48 57 99 94 60 17 84 55 49 15 43 20 78 86 29 62 26 72 22 47 4 34 68 39 80 10 53 33 32 42 95 92 77 21 87 37 16 81 59 18
63 92 10 35 44 25 9 27 31 12 6 22 59 70 42 56 62 20 53 55 81 2 21 69 15 41 49 97 4 86 76 29 7 8 13 26 65 17 33 89 61 79 54 99 48 68 47 82 60 46 39 40 43 80 19 38 28 36 73 32 30 66 64 3 72 88 34 83 14 74 100 5 11 98 50 90 94 87 93 18 58 23 1 85 51 77 96 37 95 45 16 91 75 71 67 57 52 78 24 84
82 62 81 86 24 85 47 20 48 13 89 9 21 40 32 22 2 49 34 27 3 19 35 16 54 46 31 69 44 99 38 33 51 77 70 83 14 100 52 60 42 10 53 90 17 11 25 4 76 28 96 98 59 63 78 5 68 30 61 72 43 79 12 6 67 94 92 93 73 57 64 87 39 56 97 65 55 26 1 23 37 29 36 75 66 8 95 91 71 88 84 41 18 15 50 45 74 80 58 7
51 14 27 41 34 84 64 29 99 93 44 91 2 86 20 81 26 92 16 3 10 89 33 9 53 15 38 50 6 69 43 18 62 1 100 58 70 11 85 49 97 46 7 75 57 67 28 60 94 66 12 61 21 19 55 72 82 74 17 4 73 24 54 47 25 37 80 87 42 13 52 77 31 76 45 71 36 39 79 32 95 96 48 23 40 56 5 88 83 35 22 8 78 65 63 68 90 98 30 59
71 42 31 55 41 53 25 61 82 73 80 24 60 51 54 75 12 58 8 29 37 10 67 38 39 66 2 11 36 3 21 4 18 40 23 32 26 99 1 17 64 89 30 22 46 98 33 48 84 20 27 34 65 74 6 79 59 16 68 57 94 45 56 93 5 69 62 19 78 49 63 50 96 43 35 85 14 9 13 95 91 87 81 77 90 52 88 70 44 83 15 7 76 92 28 86 47 72 97 100
81 27 61 5 84 50 43 56 45 28 76 99 94 38 30 60 19 67 82 1 51 98 40 24 80 10 17 87 18 52 26 100 29 41 25 15 33 8 57 39 78 59 14 44 79 73 69 71 64 22 4 23 85 21 9 36 83 75 77 42 46 63 53 16 68 66 37 7 90 34 55 70 93 6 20 72 95 2 91 35 96 88 47 92 3 89 12 65 97 13 62 32 74 58 48 31 49 54 11 86
99 43 11 3 15 40 95 31 50 49 92 10 14 53 7 33 36 72 29 17 38 100 78 32 21 63 84 23 58 9 25 64 34 88 45 24 48 54 27 66 41 67 52 61 94 18 74 37 39 8 76 83 20 69 70 86 55 68 89 71 90 22 1 77 96 98 65 85 2 62 6 44 16 91 12 5 75 79 59 28 26 13 80 30 97 57 93 51 42 82 4 81 47 56 46 19 35 60 87 73
85 49 86 34 60 52 11 39 1 57 68 61 51 59 38 66 8 95 24 43 99 31 42 29 64 27 12 5 88 36 83 87 44 96 78 76 23 65 97 32 48 55 10 77 45 14 13 98 17 80 90 46 26 37 50 9 63 3 72 28 82 33 94 35 93 15 40 16 62 6 54 91 56 22 25 81 92 47 4 30 75 41 73 70 21 19 79 58 53 7 67 89 71 20 2 100 18 84 69 74
19 44 43 53 39 37 60 99 11 92 77 21 38 46 88 20 32 87 59 49 61 74 52 41 66 73 47 76 69 42 31 79 4 50 63 7 25 55 64 28 2 94 81 67 3 70 51 78 71 45 89 82 93 96 75 8 9 27 90 68 83 58 57 18 23 86 1 80 54 97 91 34 15 16 100 95 65 56 85 26 62 24 40 14 33 30 13 48 29 98 17 6 22 10 35 36 12 5 84 72
47 94 59 21 86 78 88 83 39 81 90 55 99 71 63 1 82 100 79 73 16 58 97 33 74 77 75 57 91 48 68 72 64 45 5 70 36 19 4 38 30 80 44 56 69 76 95 52 65 98 66 27 89 31 49 24 14 51 7 3 29 46 67 96 85 25 93 92 61 87 62 26 8 10 9 50 2 22 40 43 34 54 15 20 35 28 32 84 37 11 60 42 23 18 17 6 41 53 12 13
88 71 72 17 76 33 26 45 78 94 100 77 79 52 59 73 25 9 86 66 80 50 70 28 56 23 10 68 74 96 67 61 2 89 31 95 99 83 8 36 43 34 49 98 93 15 90 21 24 75 3 85 46 4 47 32 51 48 65 91 64 12 20 55 1 6 60 42 40 27 5 39 14 18 41 44 19 38 57 97 35 92 29 58 81 69 63 53 13 62 11 84 30 37 7 54 87 22 16 82
15 50 35 47 61 49 92 3 75 52 57 82 12 97 95 36 44 91 17 46 98 24 39 11 69 90 32 58 9 87 94 2 53 63 93 33 29 70 73 96 38 71 34 7 86 19 20 51 66 64 68 80 81 77 8 100 48 6 85 21 18 40 43 14 62 65 31 78 37 56 10 54 59 88 1 67 60 30 27 84 16 89 28 26 79 22 83 55 4 5 23 25 45 74 42 13 72 41 99 76
92 94 89 28 71 57 52 91 20 95 73 44 40 24 58 13 65 82 50 85 7 35 16 39 72 62 33 80 47 67 29 12 99 87 49 66 86 81 90 83 77 48 98 17 56 100 36 59 61 68 2 19 79 70 42 64 46 97 31 38 88 6 15 18 78 55 63 32 23 53 45 74 60 51 93 22 11 4 5 75 84 30 9 76 26 54 27 69 1 25 21 43 10 41 3 34 14 37 96 8
18 84 95 37 31 17 83 19 52 97 61 85 1 59 86 80 68 73 90 45 70 82 15 64 16 24 74 77 22 66 46 55 94 53 44 89 98 48 27 62 93 47 8 35 9 81 13 72 51 43 54 30 4 6 69 7 78 10 28 63 32 88 42 58 26 41 39 21 75 38 60 33 91 57 49 40 79 23 92 67 76 65 50 56 5 96 20 3 34 87 25 71 29 14 11 12 36 99 100 2
85 79 22 30 66 41 71 25 8 36 20 26 9 47 28 98 80 65 48 81 84 27 88 90 18 13 93 63 10 78 68 17 50 94 24 37 89 91 67 23 35 33 76 59 62 83 55 75 16 2 53 6 56 40 29 34 58 92 64 87 77 73 61 11 70 39 57 4 21 72 38 45 99 82 95 60 96 54 32 69 19 5 44 97 1 74 49 12 52 43 46 31 51 7 100 42 3 14 86 15
22 82 98 56 74 94 38 54 90 44 72 89 53 43 71 36 7 35 59 65 66 42 27 28 76 87 81 62 30 20 75 88 4 61 47 34 5 49 64 80 41 40 68 12 21 52 3 92 39 18 78 10 13 37 50 63 86 69 100 84 11 67 77 45 96 9 26 29 95 32 46 93 91 16 58 1 15 79 31 19 99 83 6 2 97 17 25 55 70 60 33 51 23 48 24 57 73 8 85 14
50 59 11 65 13 28 74 70 95 24 10 42 26 22 64 68 41 94 39 78 71 37 29 83 77 44 32 57 55 25 35 49 15 23 73 53 90 72 4 91 63 67 7 88 12 2 6 21 80 33 62 27 9 69 89 82 14 8 16 79 66 47 76 99 87 58 30 18 92 85 75 43 54 40 51 61 84 97 48 1 3 31 20 17 81 93 36 19 46 38 5 86 96 45 52 100 56 34 98 60
39 46 82 54 45 30 59 98 70 15 13 55 6 65 58 92 25 53 89 75 73 31 61 52 68 27 84 28 76 10 71 47 44 80 62 77 22 20 26 63 74 42 17 67 32 18 2 83 19 36 23 16 8 43 96 24 12 97 29 56 4 34 64 7 38 5 50 72 57 40 87 78 88 60 49 41 93 81 33 51 9 11 37 1 95 85 21 86 100 66 14 3 35 99 90 94 69 79 91 48
79 88 20 53 17 58 41 4 29 76 18 57 23 13 89 80 3 72 96 49 19 21 5 90 42 55 9 47 39 36 81 44 11 50 26 7 27 16 97 32 12 65 25 37 74 51 71 99 15 68 24 43 100 31 28 2 60 38 54 52 6 78 33 77 70 48 10 56 61 69 40 95 1 34 93 83 91 64 84 87 66 8 46 30 59 92 14 67 86 98 35 82 22 73 85 45 75 62 94 63
34 35 76 85 54 33 48 68 12 18 15 71 46 97 66 4 65 45 37 41 23 39 55 7 83 73 42 24 2 8 25 32 21 28 78 89 36 47 88 90 22 74 57 10 49 5 17 50 1 6 30 9 69 84 16 27 64 52 75 11 3 13 63 56 19 61 14 96 40 62 29 59 53 31 58 79 44 72 51 67 81 99 26 91 100 98 93 77 70 86 87 94 20 95 80 38 60 92 82 43
26 71 18 39 36 16 42 21 24 70 98 67 31 20 7 44 30 27 4 45 99 14 52 89 35 76 47 85 17 43 9 22 41 72 10 59 13 37 46 8 3 33 93 57 51 49 48 38 88 55 32 83 12 5 74 69 63 100 15 34 1 65 11 96 56 19 66 78 75 50 68 80 6 23 29 28 58 25 81 97 61 92 84 95 87 73 53 64 40 82 91 54 86 94 79 77 62 60 2 90
16 55 17 7 93 37 24 44 95 52 78 88 14 60 9 33 32 48 27 97 75 3 43 65 6 21 13 46 59 12 56 42 20 45 34 29 35 81 70 73 26 71 66 36 25 39 87 96 2 10 63 57 53 49 40 15 54 28 80 77 38 11 1 22 47 41 64 68 58 23 100 91 30 51 18 92 8 4 31 19 69 84 50 79 86 90 83 62 99 85 67 74 5 72 89 76 98 94 61 82
9 34 39 92 31 71 83 49 50 2 12 16 76 14 62 99 55 24 17 43 52 5 93 32 36 77 59 68 73 79 4 57 8 13 45 75 63 25 64 30 38 78 72 28 7 41 22 44 11 27 60 51 10 18 70 90 33 96 66 47 88 54 46 35 84 48 29 98 1 58 91 85 23 53 95 21 97 6 37 100 40 86 87 42 67 19 20 15 56 61 69 81 94 89 82 26 3 65 80 74
49 75 74 3 25 65 52 84 79 87 40 21 66 31 22 45 47 8 24 67 16 77 37 41 82 88 20 4 56 63 50 64 48 70 6 5 23 19 62 69 43 15 53 32 42 35 61 33 46 80 73 14 11 9 39 96 13 1 85 71 28 95 93 90 57 98 91 26 99 92 72 97 86 10 100 60 12 30 27 78 18 59 51 36 7 2 17 81 29 94 34 55 89 83 58 38 54 44 68 76
46 66 9 90 20 47 60 31 27 72 34 44 30 50 26 77 68 18 29 2 7 43 25 71 57 4 6 23 11 38 80 41 54 22 14 93 49 48 13 62 19 3 67 15 35 32 36 81 70 64 83 85 78 75 24 40 100 42 95 63 96 10 98 55 59 86 39 28 8 91 1 92 97 21 12 33 61 99 5 51 37 53 73 45 17 58 84 76 94 79 56 89 82 69 74 16 65 88 52 87
17 56 64 67 47 42 68 45 11 57 24 10 96 71 2 59 38 7 22 46 44 18 53 19 40 31 48 69 4 37 62 34 16 60 29 52 25 28 33 83 49 55 27 70 36 51 54 58 21 43 13 92 61 30 88 8 1 73 76 3 78 90 26 15 41 81 93 9 100 97 86 84 14 91 66 5 82 95 87 74 12 23 20 65 77 94 79 99 89 80 85 6 39 75 32 98 35 50 63 72
41 18 56 46 94 43 11 53 71 68 79 80 51 16 45 37 36 44 47 31 5 12 57 29 99 38 10 63 34 15 66 77 65 81 17 2 48 54 52 28 69 24 3 73 13 19 20 4 96 14 6 1 98 100 95 49 9 70 78 74 83 85 27 21 23 76 32 84 88 22 60 89 90 50 97 67 87 86 92 40 35 30 26 58 75 91 25 33 42 62 82 61 72 8 55 93 39 59 64 7
93 69 44 66 61 55 17 78 2 38 25 13 71 19 37 24 79 39 63 12 76 34 4 8 7 23 81 5 21 68 18 35 32 49 36 33 80 85 77 47 14 56 84 51 16 88 74 1 40 9 48 90 28 98 3 100 95 91 10 96 11 58 50 73 27 6 31 97 52 82 62 45 29 75 20 22 92 89 86 30 26 83 15 87 94 70 46 59 53 60 54 72 99 64 65 67 42 43 57 41
64 98 96 89 44 49 18 14 66 94 37 28 47 10 8 76 5 70 40 36 80 61 20 58 21 74 95 79 12 34 87 27 30 93 71 56 100 50 31 92 97 91 22 81 24 83 1 39 26 35 19 84 57 15 46 32 42 78 69 55 85 23 29 67 99 25 72 60 86 38 54 51 17 9 90 59 63 11 16 53 3 52 45 7 68 4 73 13 82 75 77 88 6 41 2 62 33 48 43 65
52 89 87 81 1 45 26 72 57 47 77 79 32 36 48 74 49 23 20 13 21 9 58 16 43 7 27 65 46 30 73 97 83 19 4 28 71 55 88 67 84 63 96 31 94 10 95 54 91 38 8 100 93 41 11 98 60 14 90 40 2 33 3 17 64 35 15 61 92 86 22 69 78 99 82 50 29 12 85 37 34 24 44 6 76 68 70 80 51 56 75 62 59 66 42 5 25 53 39 18
28 39 71 25 22 12 32 19 20 36 56 40 11 29 63 73 92 13 15 58 33 76 42 59 23 54 35 77 43 65 67 26 9 55 95 97 75 70 46 44 2 64 52 7 93 1 98 45 41 96 100 37 90 17 5 88 99 27 74 38 14 3 91 50 49 78 79 10 62 83 31 61 82 4 85 84 18 60 68 6 8 89 80 86 24 57 81 94 34 48 21 16 51 87 30 47 53 69 72 66
23 81 86 32 39 3 69 35 100 65 49 12 38 55 14 2 44 28 45 17 20 15 51 36 22 75 79 56 58 61 31 95 6 63 72 85 8 84 97 11 78 29 9 1 96 13 27 42 50 90 98 87 30 10 26 16 62 92 91 82 76 25 94 52 93 33 18 48 83 54 24 19 68 88 89 99 59 67 74 21 4 80 46 40 70 66 7 60 77 5 43 71 64 57 47 34 41 37 53 73
57 74 8 1 37 99 77 80 39 11 95 87 55 17 91 86 59 22 69 81 15 90 12 68 28 78 67 38 88 9 42 92 40 43 49 65 98 56 54 96 61 35 32 100 70 53 97 19 33 73 10 29 20 36 72 4 58 51 89 25 64 76 7 82 2 84 85 21 27 48 94 26 24 13 41 63 23 44 62 5 93 75 3 34 31 30 47 16 79 14 83 66 45 52 46 60 50 18 71 6
80 49 47 4 10 27 48 39 52 83 60 90 67 30 34 42 82 100 93 86 91 22 8 53 31 11 57 45 84 7 20 38 13 51 32 19 43 17 1 23 33 73 44 97 99 15 5 25 37 98 14 70 50 96 79 66 3 61 62 2 18 59 58 78 9 72 26 92 95 68 46 16 81 85 40 88 75 77 12 29 87 41 76 35 74 28 94 6 65 89 64 24 69 21 56 55 36 71 54 63
19 40 67 68 72 8 33 43 42 86 57 61 78 15 16 47 100 37 88 23 85 97 26 69 17 63 53 80 81 18 32 96 64 92 93 1 5 49 73 95 50 62 13 41 34 14 91 98 6 24 3 75 31 89 22 84 48 94 27 21 90 83 38 25 79 82 58 70 2 11 76 99 87 7 52 45 10 39 4 77 20 54 66 9 30 55 74 28 35 44 46 65 71 56 12 59 29 36 51 60
36 4 73 21 58 13 81 70 16 8 68 98 64 78 35 69 17 54 48 89 72 38 39 11 29 84 12 43 80 23 90 5 97 88 31 95 96 1 92 63 77 75 10 24 20 30 59 6 100 82 26 46 41 86 87 33 55 50 3 91 99 93 25 66 18 15 76 85 44 67 32 7 27 79 51 42 83 65 56 28 62 9 2 94 61 45 14 74 52 40 60 53 47 19 71 37 34 22 49 57
96 32 94 45 8 7 84 18 43 25 92 26 19 73 51 6 3 88 68 63 79 30 17 35 71 64 58 82 72 55 85 9 87 97 86 62 61 100 74 41 65 22 1 14 98 12 90 52 95 29 89 76 91 78 21 99 93 40 48 83 10 77 31 27 28 24 81 80 23 20 38 75 15 57 39 34 60 56 69 50 33 66 37 70 54 46 59 47 13 36 49 42 67 44 5 2 16 11 4 53
4 19 43 79 23 14 38 3 47 10 17 77 25 72 55 96 39 12 2 59 6 62 97 64 11 32 33 15 51 1 40 45 7 16 5 92 89 86 90 61 91 83 98 42 29 100 78 94 63 54 20 82 84 99 49 93 35 87 70 41 9 57 44 76 85 28 74 88 69 81 80 67 56 30 68 95 24 58 60 26 75 34 65 66 73 71 50 53 37 22 27 21 13 18 8 36 31 52 46 48
20 44 1 13 59 64 87 63 97 79 90 68 33 56 94 91 96 47 75 11 69 80 71 88 89 100 99 36 95 67 61 93 37 62 53 76 4 31 8 66 17 84 34 98 52 50 86 41 78 83 25 24 70 77 60 85 92 23 7 46 82 72 55 29 21 58 57 12 65 39 45 42 10 32 30 81 73 9 51 22 19 74 38 54 5 35 49 3 27 43 16 40 14 48 6 18 2 15 26 28
90 25 97 49 86 40 91 15 85 35 55 72 84 53 6 20 4 17 79 96 38 92 1 66 70 61 77 76 67 28 60 63 88 100 56 24 34 98 26 9 94 99 73 93 58 64 3 95 82 78 37 81 89 83 2 7 46 62 8 69 54 39 71 13 30 80 5 11 59 12 74 14 19 18 27 47 68 87 57 75 50 65 41 16 52 44 48 22 31 42 32 43 10 45 36 29 21 33 23 51
76 43 90 80 4 52 16 64 75 60 99 17 92 1 77 28 97 62 70 69 95 72 59 83 98 50 66 96 93 40 30 71 100 79 44 91 32 94 67 54 18 53 74 78 85 8 10 24 7 12 82 89 81 87 73 34 15 38 86 61 33 55 57 58 65 37 88 5 68 47 42 31 63 84 9 2 19 22 48 41 56 46 27 13 35 26 36 51 6 49 25 3 11 20 21 23 14 29 45 39
73 77 98 96 95 78 94 86 58 49 69 89 57 70 88 72 8 63 50 62 1 83 11 42 100 40 61 81 87 82 37 68 93 54 66 12 97 91 55 48 64 76 75 16 45 90 21 47 36 79 99 80 26 23 35 92 27 43 84 6 32 22 85 34 74 17 9 52 67 25 53 18 60 71 2 44 65 13 59 7 14 31 30 20 56 39 15 19 46 33 5 51 28 29 4 10 24 41 38 3
48 21 79 87 65 89 95 7 83 84 46 64 82 52 38 34 94 77 61 85 98 56 100 39 88 62 40 97 44 42 70 75 1 12 96 78 69 10 4 91 93 80 81 9 92 55 99 37 86 72 90 59 74 27 58 71 22 76 2 68 51 15 73 11 43 5 63 23 57 8 6 41 13 67 47 66 53 50 54 17 60 26 29 3 16 32 24 49 20 45 33 31 30 14 35 25 18 28 36 19
88 41 95 2 77 75 71 100 92 61 31 73 22 66 1 32 33 91 78 84 56 81 47 98 46 97 50 58 23 96 72 74 82 69 94 54 93 11 57 38 80 48 55 83 90 70 51 89 53 87 76 79 18 52 99 86 85 68 59 13 67 4 8 24 15 65 60 63 21 43 64 39 16 12 45 35 42 26 44 9 30 5 40 14 10 3 27 20 28 25 29 36 62 37 49 19 6 7 34 17
2 68 41 72 15 69 64 99 40 95 1 20 81 92 74 87 50 90 97 32 70 94 65 52 47 79 75 98 100 76 82 21 96 56 91 73 67 93 27 36 88 13 54 43 83 86 84 78 35 8 17 18 44 59 85 61 57 48 60 28 16 80 51 45 6 39 42 77 7 5 71 34 55 66 53 37 46 38 33 62 89 22 49 63 26 24 4 58 23 11 30 29 3 10 19 9 12 25 31 14
91 90 2 83 45 57 55 87 56 92 100 74 39 46 67 62 27 96 84 79 97 1 80 75 26 28 60 95 49 88 93 78 68 98 69 70 42 61 85 76 89 94 99 25 66 81 41 29 65 40 34 71 15 82 86 30 31 3 52 59 77 51 23 44 58 20 54 53 32 6 48 33 21 37 50 12 4 47 43 14 73 13 18 64 72 36 63 10 11 8 9 7 38 35 17 24 19 5 22 16
99 46 89 34 60 1 92 67 76 97 87 95 88 100 19 66 69 98 57 73 59 58 78 74 90 68 93 51 48 44 52 91 39 96 65 71 81 83 94 82 55 54 49 80 61 84 85 12 42 47 86 8 64 4 77 9 70 63 72 50 75 29 43 79 62 26 45 32 24 27 41 30 2 22 10 56 31 35 3 36 6 40 28 53 33 13 18 37 17 38 23 5 25 7 16 14 11 21 20 15
97 80 88 60 50 5 89 91 78 96 53 1 68 94 90 98 73 95 74 82 63 100 87 93 92 56 55 26 61 51 49 54 52 76 58 99 83 59 35 43 42 34 86 77 3 28 72 84 71 45 85 66 46 81 75 70 79 20 65 64 29 30 67 14 44 47 40 57 37 31 16 62 7 69 25 36 33 41 38 18 2 15 23 10 21 22 39 48 4 32 17 9 24 27 11 6 8 12 19 13
68 47 69 100 71 92 88 83 1 99 62 81 85 95 98 79 80 93 90 94 86 96 54 97 78 65 87 59 91 22 46 73 77 89 63 57 84 26 66 34 30 72 36 61 60 52 70 82 17 75 40 53 33 76 18 64 51 58 31 67 50 16 74 37 42 55 44 27 35 29 5 13 28 24 56 19 11 45 39 43 41 20 9 48 6 38 32 21 25 23 4 14 15 12 7 3 10 49 8 2
92 96 100 91 76 93 85 98 84 77 82 78 97 49 95 53 57 71 1 47 61 88 70 99 64 90 5 94 86 48 83 81 34 36 80 38 62 69 68 18 63 87 79 72 23 29 67 43 51 33 75 56 37 55 59 39 52 66 58 73 19 46 22 74 26 45 65 42 54 89 10 44 50 60 35 16 2 32 40 24 27 11 13 28 41 25 21 30 3 7 12 15 9 6 31 20 4 14 17 8
95 100 62 99 89 97 1 37 90 81 59 96 41 98 73 84 46 78 86 93 88 87 94 33 91 45 82 71 77 85 79 60 49 74 92 69 64 65 83 80 48 14 56 40 28 76 50 51 72 61 68 19 75 70 52 63 39 55 53 22 47 27 20 30 38 34 67 16 43 66 57 2 8 54 42 15 17 36 35 44 32 29 6 26 58 23 13 31 21 18 11 25 12 5 3 4 7 24 10 9
