622537 350353 294225 287670 282549 260107 260107 254584 252253 230810 221255 220576 209014 204013 198960 194575 193713 173242 178915 178327 169646 157311 147338 144400 133750 133727 125945 123395 125017 109426 119932 103660 111599 101114 96234 90939 94121 83155 83128 74920 75284 73172 72971 71720 65032 58043 59947 57164 55869 48027 51998 50348 47145 48013 45331 44577 45331 36017 40830 38166 38069 35397 37861 37508 35127 34308 32534 31245 31163 31703 31742 30707 30989 29014 29184 26826 28274 26944 25746 24966 26001 25218 24067 23222 23327 21870 21598 21053 21097 19578 19759 18671 18310 17125 17125 14783 15629 16463 14617 14617 13794 12357 13222 12888 12473 11858 11629 10791 10473 10188 10161 9735 8930 8200 8031 8340 7989 7975 7599 7499 7499 7187 7262 6594 6261 6445 6495 6116 6119 5818 5979 5714 5716 5348 5403 5124 4944 5074 4841 4936 4656 4592 4527 4259 4318 4011 3876 3833 3907 3731 3548 3608 3385 3190 3259 3129 3070 2810 2945 2620 2640 2659 2508 2258 2342 2238 2186 2131 2152 1967 1949 2020 1895 1750 1758 1710 1611 1568 1480 1471 1447 1411 1422 1412 1233 1196 1240 1133 1160 1177 1131 1105 1097 1088 1062 955 1003 966 913 922 917 904 872 856 801 864 805 770 777 779 691 728 623 615 665 639 619 576 594 583 560 517 516 520 479 479 436 469 417 440 399 392 355 392 344 354 335 333 336 302 297 312 303 277 274 257 260 255 255 248 240 216 235 226 226 214 212 199 203 198 192 201 179 175 174 179 169 169 165 158 155 146 152 137 144 130 135 131 127 122 116 113 106 110 107 104 95 97 90 83 89 86 82 80 82 75 73 68 64 66 67 63 60 57 55 56 51 51 51 49 51 47 45 46 43 45 43 40 41 41 39 40 37 37 35 34 35 34 33 33 32 31 29 28 28 28 27 25 26 25 23 23 22 22 23 21 21 20 19 19 18 17 18 16 16 15 16 14 13 14 14 13 12 12 12 11 11 11 10 9 10 9 9 8 8 8 9 8 8 8 7 8 8 7 7 7 7 6 7 6 6 6 6 6 6 6 5 6 5 5 5 5 5 4 4 4 4 4 4 4 4 4 3 3 3 3 3 3 3 3 3 3 3 3 2 2 2 2 2 2 2 2 2 2 2 2 2 2 2 2 2 1 1 1 1 1 1 1 1 1 1 1 1 1 1 1 1 1 1 1 1 1 1 1 1 1 1 1 1 1 1 1 1 1 1 1 1 1 1 1 1 1 1 1 1 1 1 1
56 78 55 69 98 18 65 37 47 29 58 72 85 34 35 93 24 66 33 61 23 81 8 30 100 2 91 95 36 1 9 27 70 82 25 28 10 96 17 46 64 68 31 71 11 49 89 63 41 20 74 32 48 6 42 75 80 83 51 3 44 92 14 21 62 15 53 76 87 60 97 16 12 99 45 22 4 79 50 7 94 38 52 54 86 90 19 84 67 40 39 26 43 77 73 5 88 57 59 13
35 61 91 40 28 75 62 7 99 66 45 46 60 52 93 14 32 27 88 11 68 9 6 86 85 74 17 5 67 94 21 33 70 53 41 71 87 64 58 98 97 3 23 73 38 18 19 24 72 59 30 39 2 8 15 31 42 12 76 55 16 10 25 84 22 26 77 43 82 51 37 50 13 95 54 78 65 89 83 47 56 96 20 1 92 36 34 100 69 29 44 63 79 80 4 81 90 49 57 48
75 27 60 72 2 30 50 78 28 97 57 61 59 13 47 8 93 63 88 62 41 80 32 36 74 100 79 37 87 26 99 67 81 21 91 35 85 53 46 98 56 94 51 58 19 9 16 45 76 48 11 92 29 54 52 42 18 5 20 68 90 7 86 73 4 84 43 64 14 83 15 24 31 71 96 17 10 23 70 77 40 65 22 33 55 6 66 44 82 69 49 89 38 12 34 1 39 95 25 3
49 2 75 86 90 70 81 56 99 80 96 15 44 84 69 61 37 23 8 18 21 88 34 4 57 51 85 14 67 46 58 55 16 36 93 92 76 71 28 63 24 47 87 73 89 26 32 83 41 66 60 91 53 20 78 31 48 27 42 22 52 10 72 6 30 79 62 43 95 5 77 98 40 11 97 13 94 3 39 74 45 12 54 17 29 50 68 33 65 7 1 9 19 82 38 59 64 25 100 35
55 22 35 53 65 82 67 54 97 76 38 62 81 3 46 71 91 1 90 57 23 37 66 5 77 72 56 64 73 69 100 68 98 75 31 89 17 20 11 14 87 44 19 41 80 18 74 43 63 36 94 8 92 78 83 42 9 85 51 4 50 84 52 27 33 40 88 79 21 15 39 61 30 48 29 59 25 12 58 47 13 26 70 60 32 16 45 96 24 28 2 10 95 7 6 93 34 49 99 86
37 6 5 79 44 49 55 94 61 18 88 77 48 62 11 93 36 20 16 95 45 25 84 72 47 90 22 78 21 68 3 31 32 13 76 59 23 64 1 26 34 70 85 71 24 42 65 92 17 80 56 39 46 99 75 51 33 7 63 10 12 14 27 53 43 81 86 91 97 29 73 38 57 30 96 9 100 66 41 8 15 4 67 28 58 35 40 2 69 83 98 74 89 60 19 52 82 54 50 87
4 96 34 12 98 91 62 87 99 90 58 22 80 27 21 89 42 41 15 81 94 49 2 56 88 74 26 23 82 16 9 65 20 53 17 14 38 77 73 45 57 39 100 72 5 83 25 24 60 59 7 92 48 95 97 64 10 61 76 63 33 40 67 78 66 31 68 46 86 18 37 8 50 84 6 29 70 52 30 35 11 3 1 19 93 69 79 43 85 36 71 47 51 55 54 75 28 44 13 32
71 68 54 2 12 73 66 77 70 47 55 19 49 45 41 15 39 27 88 62 26 38 64 90 43 76 17 13 5 74 97 63 83 44 6 52 85 93 80 50 60 11 75 87 32 100 40 10 8 42 57 89 84 3 14 95 18 92 86 33 96 22 4 1 25 67 91 51 56 82 81 21 48 20 69 99 53 31 61 24 46 58 9 29 34 79 16 37 59 94 7 72 28 98 78 65 36 30 23 35
6 98 47 97 39 96 65 11 58 67 20 46 63 93 2 71 81 55 66 31 25 94 68 99 44 100 78 10 76 35 32 89 70 22 41 24 4 85 7 88 48 51 45 37 92 75 79 12 13 61 36 42 16 40 64 87 90 84 52 19 57 33 86 8 21 15 62 56 9 74 95 43 34 23 5 53 38 14 77 29 60 91 27 50 80 54 30 28 82 17 49 18 73 26 69 1 83 59 72 3
85 13 12 27 67 82 30 65 28 96 29 90 92 56 81 80 79 94 57 41 35 77 23 66 63 18 70 93 8 50 89 25 69 1 40 100 42 38 16 64 97 46 37 99 55 72 84 74 43 4 9 61 21 45 2 68 58 53 75 3 14 31 95 19 34 32 11 62 26 88 10 73 6 59 47 15 91 49 7 54 48 44 76 36 17 39 98 87 60 5 52 22 24 78 83 33 71 51 20 86
69 87 63 56 37 15 40 92 21 46 7 61 78 67 68 59 94 65 8 83 57 10 75 45 84 32 97 82 6 33 44 39 36 100 88 47 55 24 99 76 25 26 49 86 11 9 50 22 70 89 73 28 54 5 23 29 79 31 20 98 64 42 66 43 58 35 80 93 12 3 91 71 38 13 48 95 62 19 2 90 17 52 30 14 16 74 1 72 34 4 81 60 18 77 51 53 27 85 41 96
3 81 93 38 73 67 91 71 11 23 95 85 7 83 74 16 43 39 78 22 37 97 26 1 49 20 62 76 13 51 48 44 99 94 77 50 35 40 30 17 56 15 61 66 36 33 58 87 92 9 84 46 96 6 19 59 55 8 63 80 53 60 29 2 47 57 25 64 21 24 70 89 100 72 65 14 5 18 42 34 27 98 54 10 12 68 52 69 79 86 31 90 41 4 45 32 75 82 28 88
35 79 100 86 17 75 37 3 14 5 42 13 97 34 57 12 59 89 11 6 95 80 83 31 7 27 1 38 56 36 52 85 61 91 19 94 40 20 41 58 82 77 8 46 29 70 9 53 72 84 18 62 90 69 43 22 60 87 99 81 30 28 24 15 54 50 88 78 2 76 26 98 23 71 73 92 96 55 74 67 33 21 65 4 63 66 93 48 25 47 44 68 39 45 49 64 10 16 51 32
27 42 21 11 28 13 26 76 1 68 62 58 60 8 94 7 6 9 63 61 49 20 18 25 57 70 72 44 15 19 59 73 10 50 93 66 48 55 64 2 51 3 38 31 30 12 75 83 90 91 87 47 99 23 4 86 33 95 74 45 65 16 54 41 79 43 97 80 29 71 46 100 32 53 78 82 35 85 34 96 40 37 5 92 22 88 89 77 69 36 24 84 67 56 81 17 52 14 39 98
21 71 91 78 8 83 50 33 82 92 97 3 59 35 12 31 93 68 60 1 24 53 72 94 69 14 85 27 81 20 37 67 54 40 44 51 16 10 2 99 46 5 88 56 66 26 6 30 62 79 38 15 43 90 29 89 95 25 42 70 19 11 18 32 13 65 76 23 49 41 87 77 55 17 61 75 58 28 73 98 7 96 22 86 45 36 100 80 48 84 74 9 63 52 47 34 64 4 57 39
73 89 8 74 76 72 79 41 48 70 17 100 46 85 27 75 77 63 28 39 34 7 6 87 88 56 49 98 38 94 35 18 31 59 91 30 83 16 19 68 23 36 47 13 53 65 62 55 25 66 95 57 51 99 33 50 67 14 11 1 45 71 44 5 26 96 20 69 3 97 42 78 43 9 54 37 92 61 80 84 90 10 82 52 86 4 58 22 81 2 32 15 40 64 12 29 60 21 93 24
57 66 20 14 77 36 11 2 13 86 40 32 96 19 61 3 5 51 37 23 15 21 93 4 12 24 89 48 55 58 90 81 88 60 59 98 67 71 9 79 70 27 28 25 16 92 100 82 31 46 10 64 26 7 73 54 63 18 45 84 72 87 8 85 29 30 52 33 22 83 53 62 75 56 80 44 1 68 41 69 76 47 97 43 74 95 78 42 49 50 94 39 65 34 35 38 6 91 99 17
2 35 89 15 41 24 54 90 18 63 33 78 87 80 100 62 37 95 88 82 93 27 5 8 21 47 59 57 14 28 99 43 65 83 79 45 77 67 52 75 64 94 51 74 31 60 91 7 23 36 56 6 17 29 76 12 85 44 1 53 98 84 48 55 4 81 73 50 68 19 39 34 92 22 11 26 40 38 66 10 16 69 70 9 71 20 32 13 61 30 86 25 42 58 96 49 72 97 46 3
33 43 96 94 30 81 60 31 19 27 10 97 77 63 37 91 14 22 6 25 20 65 3 89 70 53 86 46 74 78 72 35 82 24 87 85 50 17 55 13 69 79 5 52 51 23 44 45 18 99 76 9 7 21 98 84 54 75 57 39 100 34 1 73 40 62 2 58 92 59 83 42 16 8 15 61 56 4 93 68 28 11 38 67 88 32 26 90 95 64 66 12 80 47 41 36 48 71 49 29
52 65 58 16 22 26 34 74 86 38 85 64 44 2 49 46 47 33 90 28 77 29 98 9 4 80 15 37 51 97 91 27 24 84 60 73 17 72 8 18 68 31 71 39 62 3 56 6 81 19 83 50 61 59 88 63 11 94 95 55 75 96 93 82 32 54 89 35 78 23 76 40 12 25 7 87 100 45 10 99 67 13 20 66 42 43 41 21 70 69 1 48 79 53 36 92 5 57 30 14
22 40 97 72 54 34 56 23 15 73 35 33 21 65 58 48 99 7 98 38 17 37 70 68 66 9 28 45 80 8 31 62 12 78 69 42 59 86 91 82 41 6 100 1 2 5 74 19 95 24 55 14 79 4 90 25 52 27 49 20 18 51 47 76 16 11 71 13 89 26 61 10 39 96 50 67 64 44 3 46 77 88 85 84 92 81 60 94 53 32 57 63 43 30 75 87 29 36 83 93
100 45 25 5 40 78 22 54 79 17 60 83 61 64 34 4 24 92 19 70 43 41 33 86 96 51 18 36 67 23 57 55 3 71 66 75 20 81 50 21 37 14 90 48 7 93 88 77 1 56 42 26 91 52 65 62 59 38 2 27 74 10 9 53 39 95 44 6 82 99 47 28 85 73 94 30 31 12 29 15 46 16 84 80 97 69 68 32 13 72 98 89 35 49 76 58 87 11 63 8
81 56 18 7 82 10 45 94 77 78 57 24 19 54 95 6 35 71 70 52 21 2 66 58 75 38 32 53 97 93 17 23 76 16 92 28 43 60 74 25 98 42 29 33 22 96 48 90 47 67 46 85 73 13 99 61 14 83 59 65 79 8 88 26 27 84 55 68 87 49 80 39 3 86 41 36 34 89 44 31 15 12 4 1 69 9 63 64 50 40 30 100 20 51 72 11 91 5 37 62
65 75 28 40 18 89 8 56 72 34 68 86 22 96 30 83 60 29 23 35 1 6 76 97 64 90 33 80 2 57 62 13 98 54 63 87 11 53 66 61 49 17 93 51 46 10 16 38 21 7 19 78 27 20 15 45 84 12 58 4 36 31 70 88 95 37 14 26 52 100 74 69 99 47 92 32 25 81 24 44 73 3 9 91 43 67 85 79 59 55 41 94 48 82 5 77 39 42 71 50
20 27 5 36 46 51 69 49 32 76 71 56 64 97 41 73 95 43 7 81 74 1 22 93 44 63 11 72 9 2 67 77 92 68 58 55 45 6 82 70 80 29 19 96 23 52 89 14 48 25 37 18 38 60 16 88 42 66 85 34 39 47 26 61 3 8 78 12 94 62 33 50 10 59 86 100 21 84 53 83 13 4 35 17 98 87 57 65 91 28 79 99 75 90 54 24 40 31 15 30
51 6 37 88 71 82 17 42 99 18 8 62 52 29 48 98 97 24 87 86 41 9 38 2 45 92 10 31 73 66 30 74 81 43 56 59 27 64 85 53 34 39 58 89 78 79 32 12 76 26 1 72 77 91 21 15 61 5 69 68 33 14 4 16 46 23 40 60 55 96 19 49 7 63 44 47 57 3 36 11 84 94 90 22 35 13 95 20 100 83 67 80 93 28 70 54 25 50 75 65
18 20 53 41 47 30 85 40 97 62 96 38 81 5 45 70 32 88 50 7 22 93 87 44 73 77 71 99 10 24 95 82 26 49 6 12 25 66 28 98 17 76 13 75 89 100 63 1 79 48 60 56 69 27 46 52 68 3 51 90 37 92 39 33 2 19 74 57 42 34 65 86 67 21 36 84 94 16 91 59 11 29 23 55 80 64 9 31 78 43 72 58 83 8 4 14 54 15 61 35
9 3 39 12 23 70 35 19 24 80 11 90 75 48 99 61 36 8 51 76 100 25 13 21 74 82 56 52 83 26 78 87 34 69 68 97 65 45 32 63 47 50 85 49 71 22 92 57 41 1 72 93 81 54 17 31 16 2 91 62 77 15 42 6 55 67 60 89 53 30 73 7 66 94 4 38 33 43 96 28 44 18 14 98 40 10 64 95 37 46 84 29 58 20 27 59 79 86 88 5
4 69 99 84 53 33 27 30 95 97 88 14 72 82 60 87 86 93 71 85 91 11 32 46 28 15 83 66 54 59 36 41 16 74 5 43 22 7 94 89 52 44 23 76 21 77 70 3 65 40 34 12 18 80 6 24 9 92 25 48 8 37 2 49 78 31 45 96 98 58 55 61 56 62 51 50 20 64 39 100 1 42 67 35 29 73 81 19 75 90 17 38 68 57 13 10 63 47 26 79
78 5 12 61 89 69 71 20 53 4 45 46 48 47 9 14 31 41 26 74 98 42 49 36 62 30 52 2 82 6 21 34 43 27 75 92 80 35 65 40 15 63 55 97 77 13 7 67 17 16 85 39 87 11 44 64 72 91 60 66 24 93 68 1 22 99 94 25 18 10 3 59 29 90 32 83 8 73 70 79 51 19 28 33 38 76 56 84 86 100 58 37 57 54 23 81 88 95 50 96
49 12 90 71 61 54 75 64 63 79 99 28 58 1 24 100 88 40 5 48 53 16 20 78 68 74 67 30 93 77 9 84 50 11 34 35 72 27 29 26 18 43 80 8 69 86 85 47 6 95 33 60 2 3 52 82 22 21 23 51 83 7 89 10 59 4 39 98 14 42 17 19 36 81 25 31 32 37 38 62 66 44 87 94 15 96 13 91 76 92 55 65 46 56 97 73 57 70 45 41
77 49 85 95 97 53 55 10 40 46 76 20 26 23 35 90 34 1 48 11 65 67 30 100 80 50 54 75 16 82 13 88 15 18 27 37 12 43 21 52 39 81 84 93 4 63 60 36 91 64 89 45 59 94 56 92 96 7 71 41 69 2 72 25 33 9 51 86 5 44 29 24 8 6 87 70 14 66 58 74 47 28 32 42 31 99 38 62 19 57 61 78 17 79 73 3 98 68 22 83
67 59 9 51 98 85 18 12 69 75 4 22 39 84 65 8 82 11 13 91 64 63 71 16 38 34 95 54 89 99 73 36 32 14 46 49 21 96 31 77 88 10 62 40 94 57 53 78 27 35 66 30 68 86 83 7 3 20 93 43 52 17 15 58 87 44 70 45 61 29 37 47 74 41 42 6 48 50 79 5 56 26 25 2 19 80 55 1 92 97 23 24 90 33 28 60 81 76 100 72
99 90 60 35 44 80 93 34 36 87 1 77 62 13 52 26 19 96 20 31 68 69 17 41 37 6 98 64 28 72 18 66 67 47 94 71 3 30 53 23 63 55 9 43 15 74 25 58 89 59 7 91 86 2 92 97 24 22 84 42 88 65 27 57 38 73 54 95 81 5 10 32 70 48 39 16 78 46 11 49 8 82 29 21 61 50 14 40 85 45 100 79 76 12 83 4 56 75 33 51
37 68 34 53 42 22 66 39 96 45 90 52 1 59 15 30 69 74 84 14 75 13 60 67 8 19 4 28 3 63 100 58 17 73 10 95 18 70 78 29 54 57 16 23 5 40 98 51 26 80 92 55 44 88 86 46 38 56 47 6 50 49 35 36 24 97 77 9 12 82 81 27 91 43 83 79 11 31 89 20 62 71 21 48 25 41 61 33 94 93 85 76 7 65 64 2 99 32 72 87
3 96 75 92 94 27 63 14 41 55 66 61 28 11 42 76 91 84 72 49 62 24 34 17 71 79 23 51 85 69 58 29 46 21 15 89 98 19 73 57 97 56 54 22 31 4 10 40 64 50 9 74 32 47 80 44 48 67 7 100 99 53 52 30 65 12 1 37 59 20 38 68 95 5 2 88 70 60 87 77 36 39 33 26 93 8 45 83 90 18 82 35 16 25 86 43 13 81 78 6
39 61 36 56 93 21 98 27 85 1 80 15 33 81 69 35 66 9 16 83 18 94 45 79 51 99 34 14 5 38 44 40 59 20 3 32 28 54 46 60 67 65 10 58 50 90 55 92 11 87 49 63 23 41 25 91 88 43 24 89 31 48 76 70 62 26 82 42 19 47 97 13 72 84 96 17 53 22 68 57 30 64 12 75 6 77 100 29 71 7 8 95 37 4 74 86 73 2 52 78
97 14 68 58 65 73 81 52 90 21 23 30 27 75 79 2 92 85 82 24 5 84 10 28 89 16 53 29 56 7 15 72 70 63 41 100 4 42 22 49 64 74 87 50 19 1 9 98 35 43 94 59 60 57 71 83 8 61 76 44 12 40 86 78 69 39 48 18 93 51 34 31 54 36 6 77 62 20 88 3 45 17 95 96 32 11 66 38 55 37 47 33 91 46 99 67 26 13 25 80
54 38 65 64 2 84 40 58 39 90 67 18 93 10 25 45 7 89 8 55 87 60 61 27 31 43 24 85 69 3 49 44 83 96 81 11 14 80 47 32 56 30 75 29 66 42 68 34 72 5 35 88 92 48 74 36 71 1 94 21 22 13 53 37 19 28 12 4 91 17 26 73 100 20 70 62 41 98 51 6 63 57 79 50 97 33 16 52 9 15 78 86 95 76 46 23 82 77 99 59
82 22 40 66 52 16 73 84 61 65 78 5 87 3 13 97 57 63 1 21 50 12 96 18 35 100 55 93 37 54 45 33 6 36 83 77 39 47 42 51 32 59 27 64 38 91 67 24 71 76 62 58 98 99 75 28 49 31 14 72 11 9 92 85 8 25 68 90 34 7 95 79 41 80 69 60 17 23 56 19 2 74 10 29 4 26 43 46 30 94 89 81 53 88 15 44 70 48 20 86
68 74 100 96 58 56 30 78 87 25 21 37 9 15 28 93 29 12 46 98 16 88 84 55 63 89 43 62 91 61 8 85 36 42 76 79 13 32 35 41 1 99 48 95 92 83 49 17 77 4 11 7 5 90 66 26 80 47 64 22 38 82 45 27 20 40 50 24 54 3 57 18 81 53 97 51 59 14 71 73 75 2 31 86 33 94 70 60 67 19 39 23 10 52 6 69 72 44 65 34
63 32 72 30 12 76 20 28 57 16 86 2 25 62 47 9 11 94 68 18 48 14 79 13 81 64 21 82 27 46 3 60 49 70 31 83 61 59 23 84 24 75 8 41 29 88 80 66 54 42 91 38 58 51 5 77 65 85 34 56 90 22 33 26 44 98 92 53 95 39 15 87 52 96 67 99 10 74 69 78 43 37 1 4 71 6 40 100 45 73 7 50 89 35 17 93 19 97 55 36
59 98 16 3 1 2 47 48 44 96 24 87 46 43 93 81 61 58 89 92 13 97 72 65 100 31 62 78 21 95 90 8 74 33 14 56 99 75 10 71 35 70 32 17 73 45 26 28 85 27 6 86 29 12 37 30 63 11 19 49 40 76 25 84 36 34 22 94 9 38 83 82 50 60 88 41 5 52 64 91 42 4 68 23 66 39 79 51 15 80 53 69 57 7 18 20 67 54 77 55
24 34 45 1 19 93 50 88 84 49 47 69 98 39 17 21 80 20 66 62 81 28 68 71 77 2 57 65 8 55 30 95 73 89 44 78 33 4 58 97 48 46 7 12 32 25 37 56 70 9 14 92 53 79 99 29 90 15 38 10 54 74 67 61 100 27 13 91 3 63 72 52 26 42 43 22 96 85 6 18 60 23 86 36 76 16 35 75 82 41 40 5 87 64 31 51 83 59 94 11
57 28 6 89 38 49 37 3 70 8 82 9 77 68 84 20 54 7 29 90 44 81 85 91 47 67 80 79 88 48 87 63 69 100 51 75 76 71 12 43 25 41 92 94 11 36 66 23 16 61 59 35 73 24 13 42 83 60 62 15 10 33 14 98 74 50 86 26 31 40 78 22 99 56 27 5 39 64 2 45 17 21 32 52 30 46 34 72 65 4 18 53 97 93 58 1 55 96 95 19
6 36 2 18 63 48 62 44 16 35 70 8 82 56 20 84 38 24 11 26 94 71 3 54 40 27 74 42 72 21 65 7 61 98 9 69 87 85 79 39 46 34 37 31 80 67 100 43 92 93 29 51 13 77 60 95 10 45 78 81 14 83 49 89 15 32 41 75 57 99 91 88 33 30 23 66 22 19 96 47 97 68 73 28 55 59 1 53 5 86 4 17 58 50 12 76 64 25 90 52
69 13 27 86 29 44 53 66 56 89 83 21 59 45 68 79 55 43 78 84 72 47 22 31 85 76 52 32 90 30 16 39 20 2 33 91 94 88 82 14 5 11 61 80 3 34 6 49 38 23 64 62 67 50 54 73 40 25 75 63 1 28 19 99 42 35 81 8 24 97 12 60 96 71 26 46 7 4 100 41 57 65 15 37 17 93 48 10 77 95 36 74 9 58 98 18 87 92 51 70
50 71 49 24 25 65 42 7 64 47 54 51 74 4 81 89 94 92 100 41 30 77 35 36 82 22 16 13 87 84 20 31 1 8 18 85 6 93 80 33 37 72 53 96 45 15 14 97 44 17 69 46 99 5 21 23 95 62 9 3 56 32 90 55 88 59 27 66 67 34 68 57 83 73 29 48 43 70 11 76 19 52 60 12 86 38 63 79 28 91 2 26 75 10 78 58 40 61 39 98
61 87 33 11 92 66 67 72 73 63 28 48 23 98 26 27 97 19 91 16 54 49 80 62 42 29 17 38 41 74 37 9 47 4 65 58 60 31 100 5 68 51 3 21 36 82 50 86 79 32 15 2 90 78 10 52 39 95 20 70 24 35 69 13 46 55 43 81 64 71 56 94 89 1 45 59 40 96 53 8 34 7 18 85 12 84 57 76 25 88 6 93 83 75 44 30 22 99 14 77
55 35 30 97 67 99 94 53 20 88 29 19 89 93 3 59 17 68 86 82 31 56 83 25 15 72 60 11 13 40 84 22 66 41 7 51 50 74 32 37 14 92 78 57 24 18 63 42 36 98 80 75 26 81 90 76 58 48 1 95 23 27 65 12 45 49 100 96 70 46 33 21 6 8 10 9 91 43 61 79 5 69 4 62 73 54 85 64 34 52 44 77 47 38 87 2 39 71 28 16
27 64 73 63 28 38 3 82 11 41 96 60 61 36 12 42 18 69 30 95 22 10 94 99 7 32 44 23 43 67 57 46 54 53 40 87 26 39 74 88 85 47 70 4 17 6 19 52 90 89 98 16 59 20 55 51 33 76 80 1 58 71 100 56 2 81 83 50 68 62 65 8 97 9 77 91 79 75 24 86 78 25 21 14 34 66 93 31 15 29 92 72 35 37 49 48 45 84 5 13
85 66 19 60 8 42 26 11 1 94 69 100 80 95 21 5 39 44 65 12 47 50 64 56 49 30 38 86 6 70 63 2 37 93 79 74 90 77 31 16 27 68 45 73 53 41 87 10 25 40 43 71 17 13 59 24 67 55 33 61 62 72 91 3 4 84 97 57 29 18 46 75 48 76 28 98 83 88 14 54 7 36 23 32 58 35 52 96 82 89 51 99 20 78 9 81 34 22 15 92
26 75 8 99 37 88 72 80 98 52 97 42 79 44 16 47 59 30 74 1 90 18 87 29 12 19 22 71 39 10 51 76 53 43 78 66 69 55 94 68 70 3 4 56 65 20 32 36 45 81 23 25 27 84 82 67 28 40 89 96 92 41 95 2 35 6 85 60 7 15 77 100 13 86 11 33 57 38 31 46 50 91 24 83 62 49 64 48 54 5 73 58 63 21 34 14 93 9 61 17
2 18 78 27 39 72 79 75 14 66 64 97 15 8 30 4 3 50 7 23 25 38 44 21 34 17 20 69 49 33 99 45 28 82 91 55 83 42 43 6 60 62 1 74 54 9 84 80 10 36 73 13 70 94 29 68 76 88 86 93 16 81 48 53 26 63 40 58 41 96 87 59 51 95 24 100 32 65 56 35 11 67 89 90 22 12 77 37 98 57 71 47 61 31 19 52 92 5 46 85
21 23 41 52 34 91 100 33 48 74 62 84 7 85 8 86 30 39 12 57 79 5 26 97 53 44 76 94 9 29 59 92 77 56 63 60 35 50 87 99 80 37 24 25 55 69 58 61 49 28 46 89 38 42 78 6 13 75 17 18 93 16 10 19 22 64 15 1 32 45 67 71 20 72 95 36 54 68 66 90 47 96 14 82 43 2 81 70 65 40 31 3 73 98 51 11 27 4 83 88
35 27 54 79 73 26 80 71 92 77 98 13 83 67 100 12 6 28 87 45 89 8 31 84 43 91 63 95 82 17 62 4 99 42 59 50 53 52 7 78 69 16 38 46 93 22 68 57 47 66 39 74 81 60 33 97 61 23 51 41 64 75 3 44 49 37 2 19 55 94 32 86 15 25 58 70 34 76 36 96 10 20 29 11 21 9 56 65 48 14 1 90 40 72 88 24 85 18 30 5
100 15 93 78 3 96 54 52 97 5 48 16 22 61 67 88 71 95 51 6 84 1 81 44 75 58 26 76 63 47 17 42 82 83 24 41 43 68 66 90 72 27 91 55 28 79 89 14 21 62 38 34 10 23 46 98 60 8 99 33 13 80 59 73 7 45 35 25 53 49 19 32 85 40 4 29 70 56 74 57 2 12 87 92 69 11 9 20 94 64 30 37 86 77 65 36 50 31 18 39
88 49 64 54 17 51 60 40 68 13 92 85 95 6 52 61 31 22 24 39 33 35 2 46 11 93 59 84 56 97 70 89 10 36 71 44 55 1 65 73 7 41 15 20 23 63 91 53 4 99 37 8 87 29 69 12 14 81 76 34 67 42 82 5 25 18 47 43 90 26 21 96 38 100 32 78 62 28 83 50 27 58 74 9 77 16 98 80 45 30 66 86 48 19 94 75 79 72 57 3
71 72 59 42 46 29 88 13 79 39 95 65 78 83 34 3 69 76 73 22 21 2 100 5 99 43 11 44 96 24 10 68 85 1 19 8 48 67 52 75 58 64 55 54 30 12 56 87 63 80 86 20 74 4 91 17 97 53 82 40 6 60 84 32 28 62 25 77 18 50 61 47 45 15 92 31 35 41 7 9 51 98 27 66 49 14 26 94 38 36 57 81 37 23 93 33 90 16 70 89
9 39 71 87 56 18 24 83 28 68 93 98 19 70 77 44 32 25 79 31 55 54 49 51 92 82 72 5 67 22 35 23 30 11 86 45 42 17 53 36 41 74 66 99 33 14 75 1 37 7 50 84 69 46 15 64 59 97 16 57 61 43 80 60 81 3 73 62 76 88 6 27 40 13 91 34 65 100 58 21 48 94 85 38 78 4 89 90 29 63 20 10 12 47 2 95 52 8 26 96
75 50 94 13 10 97 55 92 19 70 7 3 96 34 74 49 27 33 90 38 37 62 23 58 72 95 78 57 83 79 31 25 14 63 77 28 20 2 21 17 12 42 100 52 46 18 16 40 43 64 51 22 54 6 68 59 89 87 85 56 73 47 4 9 84 69 44 93 82 65 41 24 29 98 61 88 1 71 60 99 45 11 66 80 48 36 53 32 86 15 39 35 67 30 81 5 91 26 8 76
37 2 97 91 90 83 45 55 18 78 66 93 92 27 13 14 99 26 36 54 41 48 53 88 62 65 9 21 1 31 61 29 43 50 8 94 77 19 64 52 89 57 11 51 42 96 95 46 23 84 60 85 32 7 16 71 44 5 22 4 76 30 38 82 69 87 75 98 40 72 49 17 34 79 15 47 3 33 73 81 86 70 35 24 39 20 12 56 10 28 58 6 68 74 100 59 25 67 63 80
77 53 89 74 2 24 43 10 82 88 14 34 65 96 85 11 36 17 72 46 1 13 47 8 83 18 33 50 76 16 67 40 84 69 64 62 31 20 29 61 51 63 23 71 79 48 5 32 35 26 19 21 25 95 87 44 52 38 66 22 81 59 9 15 27 39 55 12 92 80 70 97 41 57 94 7 58 90 98 56 73 3 28 49 99 37 6 68 60 93 86 100 91 45 4 54 78 42 75 30
81 92 37 38 76 30 17 97 50 27 20 24 3 73 58 7 91 35 94 61 74 25 46 4 95 100 54 82 26 89 5 72 78 68 45 98 32 13 16 64 52 36 49 1 2 57 23 65 31 43 28 55 21 69 56 8 85 83 14 80 99 18 87 75 44 79 71 33 42 10 47 88 12 11 86 62 29 66 70 34 59 90 9 53 40 93 19 6 67 41 60 96 39 22 15 77 48 51 84 63
51 83 3 18 52 27 49 14 24 86 45 1 21 28 91 30 87 81 82 41 32 9 5 100 60 63 70 93 38 7 76 75 65 54 25 73 37 53 99 57 20 69 12 42 89 2 10 90 22 72 95 23 46 98 4 15 96 59 58 44 97 84 66 88 55 36 62 68 94 74 39 19 61 17 47 26 31 48 80 11 33 34 6 67 13 56 50 77 35 78 79 40 43 16 29 64 71 85 92 8
65 40 22 58 94 82 34 4 77 42 85 83 100 52 75 99 62 29 57 18 66 27 33 87 24 50 86 10 30 9 48 67 92 70 93 80 47 96 28 76 23 21 54 60 26 16 46 15 71 25 72 73 64 8 19 61 55 37 2 36 88 91 1 39 3 95 41 59 78 81 74 38 84 7 5 32 14 31 79 68 56 89 53 45 98 6 11 44 12 17 90 63 51 49 69 43 97 20 13 35
73 81 40 5 38 9 18 51 96 67 17 99 64 97 71 93 66 100 6 78 43 12 75 2 4 79 25 31 10 35 92 83 34 20 87 68 85 30 95 49 98 14 16 86 22 72 44 21 48 56 91 54 61 11 65 50 42 70 28 27 53 8 52 33 76 60 80 37 39 19 15 89 36 47 1 23 94 84 88 62 55 13 90 77 63 59 74 57 24 46 82 69 7 26 45 3 29 58 41 32
25 5 63 16 27 69 85 20 52 71 58 17 73 64 9 2 93 50 26 72 51 84 32 66 33 89 53 42 97 8 4 88 15 28 92 6 82 47 19 40 49 94 48 83 7 86 13 98 1 35 74 75 77 67 70 46 38 29 55 62 10 44 96 54 24 78 90 18 14 95 100 12 23 22 87 79 11 81 39 65 30 99 3 60 91 41 68 21 80 43 76 45 56 34 61 31 36 57 37 59
20 43 81 7 61 50 4 19 31 73 76 25 97 60 47 45 26 34 70 49 87 42 6 86 14 99 32 36 55 69 89 1 46 96 84 27 12 35 85 39 83 56 13 33 51 88 98 38 41 48 67 90 28 21 17 37 18 78 71 72 54 77 44 30 40 15 52 64 5 24 53 11 10 91 57 95 66 23 93 74 8 16 79 22 3 68 58 59 9 94 29 65 100 80 63 92 75 82 62 2
91 12 25 9 65 17 56 39 21 22 11 43 60 89 80 77 86 31 99 37 88 82 19 53 93 64 35 78 14 38 95 41 94 16 15 100 67 84 1 45 4 46 81 97 59 13 62 49 75 30 61 26 7 27 73 36 24 44 47 98 52 54 74 20 66 23 58 63 85 69 29 68 5 55 34 76 33 72 87 71 40 57 70 10 42 96 2 3 90 8 18 79 28 51 48 83 6 32 50 92
18 79 68 36 97 15 69 49 93 34 39 27 44 7 42 92 1 88 58 25 24 11 38 72 48 20 85 29 86 63 80 81 31 71 54 2 40 70 55 32 82 35 37 75 96 26 78 77 76 19 30 28 62 52 51 43 4 89 98 6 17 95 45 41 65 90 94 74 56 12 3 61 57 23 73 60 21 99 50 83 13 47 33 84 16 46 8 22 66 59 53 9 10 14 67 100 5 91 64 87
52 100 28 81 14 21 91 58 41 4 51 64 55 54 73 71 60 62 15 90 95 37 27 7 57 16 56 67 99 68 36 86 26 49 53 97 9 94 50 78 47 30 19 77 13 8 40 84 88 1 11 6 79 35 98 34 10 22 69 59 96 82 3 43 33 65 20 75 87 83 80 31 92 38 48 85 25 12 89 70 63 2 72 74 45 39 66 17 5 18 32 29 76 61 23 42 44 46 93 24
82 41 21 62 47 48 35 100 86 97 18 20 8 69 53 90 33 55 28 12 98 24 13 17 64 45 40 79 4 51 88 15 70 72 23 59 80 32 75 29 34 77 71 16 78 74 60 56 50 93 94 36 63 54 76 87 25 96 84 42 68 67 26 6 95 57 91 52 43 73 37 39 3 46 99 1 38 61 81 31 66 85 10 19 92 58 5 9 30 27 89 14 65 83 44 49 2 11 22 7
4 89 35 17 42 13 65 95 39 38 80 69 26 63 2 16 96 41 20 11 62 32 57 1 74 15 24 53 85 54 7 66 90 27 75 81 76 5 8 50 36 34 84 6 83 52 72 47 64 91 97 61 18 88 14 70 68 51 59 21 33 100 49 87 58 43 60 23 98 86 99 79 82 77 19 30 48 22 44 92 46 10 25 31 55 94 37 29 28 45 71 73 93 9 78 67 56 40 12 3
38 47 12 57 62 75 11 48 2 83 79 77 63 23 4 94 19 71 53 24 93 66 82 73 61 33 5 99 28 50 45 16 32 21 58 1 30 9 26 25 15 17 3 13 40 46 70 22 8 59 6 39 86 43 97 31 88 56 68 90 72 87 27 80 54 85 34 20 52 60 92 69 18 35 7 96 100 89 91 84 78 14 37 55 67 51 10 95 81 65 64 49 42 44 74 29 98 36 76 41
45 16 91 61 23 80 27 34 4 33 99 31 10 5 14 26 77 51 21 86 100 92 76 41 84 6 58 65 50 48 52 87 22 18 94 12 39 81 30 43 75 55 85 68 98 67 25 83 56 24 49 47 89 40 64 35 9 17 8 66 7 62 71 57 59 11 78 88 2 90 73 15 70 54 69 38 53 20 63 29 60 37 82 96 28 74 32 13 19 42 72 1 79 36 97 44 46 95 3 93
33 68 96 6 49 40 37 73 32 45 77 46 24 30 64 9 7 8 69 1 26 99 62 79 21 56 98 25 2 90 94 18 13 44 10 89 22 61 60 84 65 81 87 59 16 51 67 19 11 34 35 97 48 31 58 82 28 88 23 15 70 5 83 66 14 54 4 53 71 100 42 50 72 27 36 80 20 3 85 43 17 39 12 76 74 29 95 52 75 55 47 78 41 92 38 57 63 93 91 86
99 22 65 94 3 92 81 30 58 64 86 9 83 87 69 35 82 68 19 14 17 55 29 11 47 49 37 77 54 46 18 44 59 74 42 24 98 60 90 51 56 26 52 66 85 40 7 89 57 4 1 63 96 2 23 91 70 10 25 75 50 27 39 36 79 12 76 13 21 93 38 41 32 80 78 6 8 15 20 100 16 48 34 61 73 95 45 84 71 97 31 33 53 88 5 62 28 43 72 67
46 69 39 35 12 49 87 84 36 41 33 2 61 38 99 80 63 59 13 27 65 88 30 94 8 21 18 71 58 26 78 73 3 47 55 93 11 23 4 37 45 70 90 72 28 42 9 66 52 95 62 64 56 53 6 92 74 48 7 5 22 31 24 76 20 40 14 86 77 29 96 67 98 100 51 89 17 60 34 15 44 91 97 1 32 43 54 16 85 83 81 68 82 50 79 10 57 75 19 25
13 11 16 56 1 25 22 64 20 31 60 54 78 47 35 79 67 65 49 32 6 93 70 68 85 72 34 52 48 58 97 19 66 38 27 37 59 62 77 99 81 4 9 14 41 45 76 12 87 57 83 7 91 82 96 63 80 18 95 10 75 40 5 3 29 61 100 89 36 28 33 98 74 71 39 17 92 55 51 73 50 8 84 42 44 26 30 69 43 2 23 94 90 53 86 21 24 15 88 46
39 45 11 15 93 33 3 57 64 98 21 78 89 35 56 83 81 27 59 26 75 53 34 9 96 1 97 62 74 20 25 92 17 94 13 95 23 54 2 70 7 5 58 91 46 76 79 43 86 16 85 38 51 19 36 28 72 14 77 71 69 32 8 37 90 47 82 42 22 44 55 49 100 63 88 67 84 24 68 10 80 12 30 65 66 99 61 40 41 73 4 50 29 31 18 87 60 48 52 6
54 73 72 2 30 76 63 12 40 47 67 52 53 74 61 15 57 39 23 16 20 41 10 83 35 77 95 27 80 82 91 34 24 37 68 42 13 86 22 79 17 75 5 29 93 98 88 99 26 32 56 46 87 38 44 25 48 84 81 100 55 9 90 70 45 97 11 66 69 58 18 28 7 89 64 51 3 62 71 59 36 65 96 33 31 8 43 19 21 50 1 60 6 78 94 4 92 14 49 85
26 9 75 53 82 64 16 77 87 17 78 33 95 19 70 98 35 28 63 92 50 14 88 18 29 31 73 24 5 10 11 60 68 3 20 56 27 38 42 41 85 79 39 84 80 91 48 58 7 76 100 45 93 4 52 69 37 15 97 49 36 83 47 89 43 34 51 94 54 22 71 13 8 59 6 66 30 74 57 44 62 25 67 21 96 1 90 23 55 72 61 12 46 40 99 86 32 81 2 65
85 56 5 95 89 84 93 94 44 65 35 90 97 13 48 8 34 66 22 57 16 19 83 99 80 73 1 12 3 98 58 82 100 59 11 32 61 43 91 21 92 96 4 79 45 60 42 62 68 86 7 88 40 47 78 26 69 31 63 51 38 41 67 77 52 30 74 50 70 20 10 18 81 72 2 87 64 14 29 49 15 36 76 28 71 17 23 27 37 25 75 24 33 6 46 53 39 54 9 55
50 20 36 51 95 78 47 60 57 9 1 58 96 15 28 81 24 25 48 21 35 7 8 93 37 92 55 70 100 86 99 31 12 73 66 14 65 40 32 71 84 76 97 22 3 33 59 74 91 39 29 18 26 61 2 62 6 13 34 45 11 72 53 27 38 49 77 46 89 43 23 82 75 56 67 41 10 88 30 98 42 83 5 94 80 54 85 64 79 4 52 19 17 63 87 69 68 44 90 16
49 96 99 66 53 81 58 90 56 46 57 19 52 48 15 91 3 24 1 45 39 94 84 54 30 40 36 55 37 6 77 74 88 97 60 79 18 64 17 63 83 59 27 50 14 23 82 7 33 87 44 78 72 41 80 95 11 2 13 65 12 71 100 8 34 9 22 35 93 42 43 26 67 75 25 16 89 28 69 20 5 68 4 29 86 38 70 62 61 32 92 76 47 98 31 73 85 21 10 51
68 32 18 14 39 34 73 41 13 23 88 37 58 56 95 70 55 92 84 52 31 29 96 67 71 78 10 48 16 59 21 77 27 79 5 63 87 33 9 20 26 72 1 93 54 15 74 17 62 61 98 40 2 80 94 7 83 43 24 3 46 65 35 12 8 19 85 90 81 76 57 60 66 99 30 53 4 44 38 28 75 51 11 89 82 64 69 42 49 100 36 25 22 91 6 47 45 50 86 97
56 38 100 99 41 53 50 42 15 62 25 63 7 91 24 75 11 12 2 82 9 80 64 27 79 74 28 84 51 72 13 33 81 52 69 43 94 87 47 58 95 31 10 76 26 5 65 92 4 71 66 57 44 6 86 88 8 77 60 35 39 97 70 78 36 32 83 96 49 30 89 73 55 34 22 14 18 54 3 45 1 19 20 48 61 21 40 46 59 90 85 23 16 37 17 93 67 98 68 29
70 59 20 93 6 36 75 56 73 87 34 72 19 10 27 62 18 82 46 95 57 76 85 77 44 24 29 14 68 5 9 58 83 33 71 11 49 80 64 67 52 50 32 41 53 100 55 1 60 99 63 15 23 8 66 12 79 7 94 30 40 28 92 65 88 3 84 69 26 16 81 35 54 21 42 39 78 97 43 2 90 74 31 17 4 86 48 61 25 37 51 22 89 38 96 91 13 47 45 98
97 14 45 8 44 16 62 76 99 11 40 60 66 21 33 31 29 4 52 55 34 69 61 80 89 42 82 81 91 19 70 96 58 78 56 67 41 10 20 98 37 12 63 43 51 6 2 53 72 77 22 30 27 46 92 83 75 71 64 68 79 49 54 85 39 5 48 15 59 23 17 7 50 25 18 84 90 73 94 13 28 3 88 32 35 87 1 26 74 95 100 38 24 57 47 9 93 86 65 36
48 74 85 3 28 70 66 37 98 35 90 86 87 2 25 54 79 44 56 84 18 67 69 92 45 9 15 32 81 97 19 46 99 24 78 30 50 1 10 77 4 29 14 40 94 38 49 75 27 5 80 71 55 59 63 42 39 11 52 89 100 53 68 64 62 96 65 95 61 26 60 34 91 36 41 57 23 8 16 47 7 17 22 43 12 76 82 33 6 51 73 72 83 21 93 20 88 13 31 58
19 25 58 96 37 56 8 35 1 95 24 15 88 97 11 46 92 74 76 6 5 18 98 78 42 93 71 51 73 99 2 85 61 40 81 53 14 16 52 13 39 22 45 89 47 63 100 34 84 50 33 62 68 91 4 29 49 66 30 48 90 70 64 26 87 27 86 3 31 59 36 21 94 20 10 77 41 75 83 67 32 28 65 79 17 57 38 43 69 80 7 55 44 82 9 60 54 12 23 72
88 65 34 85 67 73 29 54 6 94 55 30 93 81 41 40 83 20 42 74 10 63 3 16 51 38 59 2 17 37 15 39 28 36 46 47 21 45 100 23 18 8 95 48 32 77 53 9 96 98 87 25 90 49 33 84 14 61 57 19 56 86 72 5 97 66 89 24 64 11 78 43 58 13 70 50 1 71 99 69 27 22 92 26 62 79 60 35 91 7 44 4 80 75 12 76 52 68 82 31
78 42 33 40 98 85 26 91 61 92 29 62 81 3 79 73 38 70 5 76 48 21 66 90 69 34 8 72 15 28 100 36 44 89 18 99 17 27 31 97 63 45 47 64 24 41 54 67 51 46 9 11 43 57 74 39 35 20 75 87 30 22 65 58 37 93 12 7 68 82 6 52 88 1 50 2 56 49 10 77 84 4 95 86 94 32 96 60 83 23 16 80 55 19 59 13 25 53 71 14
69 90 78 37 84 44 72 15 29 66 8 14 74 85 65 97 5 19 50 39 77 58 52 31 12 10 4 68 89 61 54 63 67 75 41 33 26 22 59 88 87 43 76 20 36 82 80 23 95 94 42 16 99 45 71 86 13 27 79 53 92 2 55 25 18 35 1 81 91 7 21 40 83 73 28 9 11 46 47 6 57 70 32 62 93 30 98 38 56 48 24 3 51 60 49 17 64 96 100 34
98 61 10 20 46 99 40 83 92 63 28 32 64 6 55 84 14 96 8 62 94 60 44 26 73 76 74 85 93 23 3 9 69 57 17 82 56 18 87 36 70 49 53 58 33 81 22 97 89 79 59 35 100 52 90 45 65 91 1 7 19 11 86 16 15 25 27 80 50 41 34 75 95 47 31 72 68 67 4 24 43 88 54 37 48 66 78 2 30 12 13 5 21 29 42 38 51 71 39 77
27 63 87 41 29 54 71 69 70 21 23 22 100 45 17 20 88 95 68 5 44 83 73 36 40 47 90 86 65 56 49 43 6 58 34 66 25 74 79 18 48 3 80 52 59 93 92 24 81 42 89 2 32 16 46 51 30 12 33 39 60 35 10 31 13 50 7 26 19 37 91 96 78 8 82 99 14 4 64 76 67 94 38 9 77 61 11 15 98 84 55 53 57 72 75 1 97 85 28 62
61 71 2 97 77 22 78 87 63 49 83 8 15 44 52 39 25 93 54 80 64 56 94 62 38 32 26 5 69 84 37 27 53 100 31 75 45 24 1 16 51 7 70 10 65 36 66 28 13 9 34 92 60 11 43 76 95 40 89 4 20 42 14 35 19 59 50 91 67 47 72 57 6 17 29 82 98 96 41 3 30 58 68 85 21 81 79 12 18 86 74 48 73 46 88 23 55 99 33 90
100 36 30 64 92 14 42 88 69 28 81 18 82 57 3 87 41 26 16 23 15 1 35 25 49 90 79 94 97 70 32 89 9 91 12 44 83 66 21 2 46 6 67 80 22 78 85 86 65 74 8 76 39 95 60 77 52 62 93 73 37 75 29 84 4 31 54 51 24 68 56 71 33 58 27 61 53 43 5 17 19 7 13 98 63 50 55 96 45 38 40 99 48 47 34 59 10 72 20 11
21 83 49 89 8 51 94 44 16 52 42 5 23 93 54 27 61 43 75 70 25 48 45 28 15 29 2 46 56 74 72 4 63 98 7 69 62 3 53 82 57 11 78 99 66 14 91 26 17 84 73 65 77 86 10 24 90 60 38 37 1 13 95 32 9 67 68 6 34 71 12 100 39 79 97 22 59 40 96 19 85 20 18 87 76 33 64 31 58 47 41 30 92 35 81 50 36 80 55 88
75 3 6 12 25 65 53 21 22 44 59 38 80 28 57 76 42 63 43 7 68 73 2 29 31 70 60 64 1 36 84 51 47 41 9 78 99 88 71 33 27 24 15 39 79 34 32 10 18 89 69 72 66 81 37 67 54 95 62 20 93 50 23 56 100 98 26 4 90 5 46 94 96 86 45 48 30 16 61 85 74 11 17 35 97 49 58 87 77 91 8 82 19 55 52 83 40 92 14 13
71 11 8 72 54 93 57 23 17 89 96 3 39 66 60 36 37 22 80 98 53 47 31 70 82 67 100 95 83 52 65 13 1 56 76 85 32 46 41 14 68 99 50 97 30 90 38 42 6 88 55 59 73 48 29 64 33 21 40 2 74 15 19 61 16 86 92 9 7 81 87 10 28 43 44 78 62 45 75 18 34 69 27 4 5 84 35 49 24 79 94 26 63 77 51 12 20 58 25 91
9 6 29 92 17 12 98 40 90 75 63 85 32 4 45 95 73 30 71 11 72 35 26 13 66 84 44 21 41 67 20 22 76 28 24 94 52 19 46 8 5 10 62 23 2 3 14 36 61 27 64 91 38 7 87 1 58 47 74 55 89 81 69 59 25 15 37 56 57 51 68 48 93 60 96 83 49 18 31 50 86 33 97 100 39 82 16 53 42 88 78 77 54 65 80 34 99 70 43 79
6 5 64 86 58 66 67 2 53 90 70 100 36 65 20 3 99 94 95 28 63 50 60 42 13 51 25 75 72 40 56 61 10 84 44 71 33 29 7 26 82 32 24 49 38 1 87 55 54 14 15 89 46 21 68 47 98 45 9 43 8 16 91 11 41 73 81 78 52 88 77 85 31 22 23 92 83 37 39 80 97 96 79 12 57 4 93 76 48 19 69 74 35 62 27 18 30 59 34 17
30 81 53 24 71 88 60 67 85 55 44 48 3 52 93 59 80 84 86 91 49 2 72 46 99 27 43 37 39 21 61 98 50 83 33 57 77 31 94 22 14 92 38 45 11 96 64 95 1 23 20 56 69 29 54 73 40 42 65 58 62 76 4 7 78 18 47 8 5 89 41 97 16 15 32 35 66 9 13 36 87 82 51 90 34 12 74 28 19 26 6 17 68 10 100 75 79 25 63 70
55 28 9 54 74 57 84 72 68 25 71 70 79 42 37 89 39 23 36 35 47 8 48 56 11 53 88 83 90 33 16 7 77 4 19 45 20 30 3 52 60 65 22 31 62 12 50 61 58 64 92 86 13 67 14 80 97 85 49 63 24 96 6 99 81 87 46 93 29 40 15 32 21 94 26 1 91 41 100 95 59 98 66 38 43 18 34 10 5 69 2 51 75 76 73 44 82 17 78 27
24 50 15 87 83 72 92 29 49 79 47 21 59 62 8 12 31 11 100 36 90 6 17 97 7 76 80 44 88 55 33 35 37 1 64 28 48 85 65 5 32 68 66 56 42 18 63 51 10 26 46 19 70 77 27 71 22 81 20 74 14 78 82 60 23 99 43 2 40 57 39 53 38 95 54 30 25 98 73 41 45 67 86 16 58 89 13 91 3 75 84 93 9 69 4 52 34 61 94 96
2 39 97 63 11 89 100 66 14 76 10 6 92 98 84 4 95 86 12 81 71 16 18 21 70 91 57 28 96 3 34 1 85 79 58 35 53 47 54 73 41 44 77 46 55 83 37 48 20 30 45 51 61 50 75 52 67 49 5 36 23 93 15 82 74 64 40 59 9 87 32 22 26 90 80 65 94 38 42 99 33 31 60 24 69 88 68 72 13 29 17 56 43 25 19 62 27 8 7 78
3 18 27 40 79 62 24 4 72 16 68 88 65 64 31 21 36 17 37 59 45 71 87 55 97 15 12 38 26 57 96 95 49 14 86 83 6 39 35 34 47 13 61 25 89 9 75 82 92 7 41 52 67 94 22 30 44 100 78 23 77 60 93 73 42 28 70 1 85 99 20 8 56 11 43 5 58 50 63 81 48 90 74 91 33 80 53 32 76 10 66 2 84 54 98 51 29 69 46 19
51 35 59 41 40 16 88 27 95 18 74 93 21 70 46 33 85 81 24 77 4 54 55 84 63 12 11 80 30 2 44 48 15 76 25 50 96 53 73 6 49 39 60 37 99 7 58 78 36 67 23 8 75 69 82 22 71 97 17 62 65 14 42 98 32 94 45 43 100 72 61 87 68 9 1 47 38 64 56 29 10 34 3 66 19 13 89 83 92 5 91 86 20 79 28 31 90 26 57 52
22 16 48 70 97 10 85 3 54 81 82 61 37 11 6 5 94 69 98 46 91 9 32 89 83 63 67 30 13 62 31 2 21 38 77 8 42 40 66 90 72 96 51 1 92 20 84 87 45 17 43 24 65 12 88 23 59 25 19 27 64 74 76 53 28 55 52 60 86 50 49 47 99 41 100 79 57 68 7 15 18 44 73 75 78 36 56 29 34 80 58 95 39 93 35 14 71 4 26 33
81 22 67 78 34 38 96 53 25 69 66 51 73 82 100 42 6 98 15 61 54 45 5 59 23 44 70 10 49 30 62 84 20 50 65 87 74 93 80 68 58 41 29 71 7 4 19 14 16 1 37 13 92 60 17 97 99 76 27 88 28 43 48 55 46 8 75 57 12 18 47 11 52 40 77 33 31 85 90 91 56 21 9 83 3 35 32 86 94 36 39 63 95 26 64 24 72 2 79 89
37 96 41 5 18 26 20 33 47 77 4 97 48 71 32 100 1 34 58 25 22 62 75 65 92 13 53 57 87 94 73 8 43 93 55 51 72 17 99 89 98 79 91 83 23 70 95 45 11 40 86 35 64 27 69 6 85 67 80 15 9 52 84 39 7 36 24 68 14 3 29 44 61 42 74 46 21 56 60 78 2 59 28 50 49 66 12 90 10 31 16 38 82 30 54 88 81 76 19 63
25 93 60 1 56 7 68 13 51 80 92 98 27 83 12 47 32 89 26 31 99 10 53 91 81 79 23 54 6 29 90 21 42 96 8 77 35 71 28 75 66 58 50 15 34 65 82 3 85 43 40 20 74 24 59 46 61 4 63 18 67 33 62 49 39 44 88 97 2 19 73 76 69 84 30 64 17 100 36 5 55 45 87 14 38 16 57 94 9 52 41 22 37 86 72 48 70 11 95 78
32 47 90 37 73 99 45 97 48 74 58 87 72 27 21 61 17 65 29 76 56 13 12 71 62 67 9 20 14 78 8 68 54 53 63 4 84 7 23 28 89 22 11 96 15 52 1 80 25 66 36 42 59 98 5 34 60 75 24 81 31 77 33 69 38 6 2 49 39 94 26 86 85 82 41 88 44 19 93 83 51 16 35 92 30 10 40 100 50 46 3 55 79 64 70 43 91 57 18 95
63 43 71 57 80 25 4 28 97 68 85 22 62 96 49 6 27 33 78 72 30 38 20 88 100 16 32 23 9 17 5 45 46 11 93 60 55 65 12 39 69 51 92 7 77 10 56 52 90 36 50 76 29 42 73 61 84 41 91 66 98 34 1 2 35 26 58 37 94 79 53 24 13 48 95 59 8 81 44 87 40 47 70 82 99 14 19 21 54 64 86 89 67 74 15 3 75 18 83 31
52 32 42 13 19 56 34 65 18 91 12 1 71 53 16 11 54 66 61 24 43 100 68 20 28 64 78 96 94 77 4 83 84 63 88 62 60 9 27 17 23 3 76 57 73 99 25 46 67 81 39 93 7 90 70 36 82 87 86 10 47 48 89 44 37 38 97 33 41 74 95 72 55 30 31 26 35 22 58 49 98 29 85 2 15 69 14 59 80 92 79 6 40 45 75 21 50 51 8 5
43 48 93 60 52 34 63 71 78 8 64 3 56 36 75 14 47 68 7 32 84 81 79 33 53 72 89 11 38 83 10 19 16 35 15 74 85 13 30 40 99 31 100 51 17 62 46 57 44 28 76 58 25 39 91 98 5 55 77 49 18 80 2 92 27 4 21 45 87 65 54 59 97 6 61 96 29 67 88 66 73 23 90 37 22 9 41 69 86 12 20 1 94 24 42 95 26 82 70 50
5 69 73 27 10 53 43 74 28 54 93 42 77 68 26 76 48 7 6 55 41 11 71 8 14 100 99 36 21 3 59 82 34 70 91 92 31 94 85 60 80 49 47 95 23 72 9 4 37 24 38 40 81 84 51 15 63 64 75 56 57 30 25 19 58 35 96 62 18 45 83 17 89 66 2 98 65 16 79 44 46 13 1 22 32 20 50 52 78 33 29 90 86 12 88 67 87 97 61 39
35 79 54 52 61 83 44 78 58 13 97 36 9 95 55 30 41 59 66 1 33 5 19 51 68 80 72 98 10 31 53 87 4 74 94 49 11 50 77 7 88 82 28 24 99 69 40 6 47 25 84 85 21 43 65 17 89 100 57 34 16 22 38 75 26 39 73 15 3 46 86 27 48 62 91 32 18 70 23 96 8 71 14 93 29 63 81 56 60 37 67 64 12 90 92 2 42 45 76 20
73 27 94 96 90 44 56 31 52 97 7 84 75 26 85 88 71 76 74 54 1 65 38 39 95 40 20 50 55 25 35 42 98 49 10 79 69 23 16 61 12 99 8 4 81 86 5 78 43 37 92 9 28 48 21 72 3 59 33 53 13 17 60 30 18 11 14 80 77 93 70 41 66 67 19 62 32 45 87 47 63 89 29 36 91 68 15 6 100 57 82 24 22 34 2 64 83 46 51 58
13 72 19 64 27 22 71 30 40 70 84 28 33 8 3 31 97 79 18 2 51 25 80 4 23 42 85 82 67 24 63 62 14 44 75 32 37 81 39 48 34 55 78 94 41 88 50 96 87 56 54 12 10 20 16 69 86 92 1 5 60 59 35 9 52 45 76 98 21 73 74 49 95 91 53 38 26 17 77 90 47 57 89 11 6 46 100 68 66 43 65 99 61 7 58 29 15 36 93 83
46 74 63 36 14 91 81 51 39 83 17 82 70 34 15 44 11 29 60 49 89 85 23 80 4 43 58 93 71 79 57 25 65 27 59 3 92 38 31 45 20 30 32 73 96 75 22 94 62 90 64 84 54 78 19 35 61 8 50 7 40 12 24 16 21 69 13 18 56 86 99 68 41 28 87 55 5 33 66 9 48 26 53 77 98 2 6 95 1 100 72 76 97 52 10 42 47 67 37 88
71 2 6 17 94 97 93 58 19 9 54 18 46 73 47 99 59 74 70 86 62 27 100 1 77 49 35 34 43 22 48 88 82 42 51 11 30 80 84 33 36 92 79 8 25 41 89 67 63 95 28 83 98 3 56 66 96 85 60 75 90 37 52 61 69 50 87 12 32 24 76 38 45 57 4 91 39 15 68 20 44 64 72 10 7 21 26 40 29 14 78 65 16 23 13 81 5 31 53 55
4 53 82 61 47 49 54 98 96 41 76 85 22 59 35 3 93 39 91 57 32 60 46 11 2 90 56 12 86 66 87 75 25 45 74 97 89 72 95 15 1 34 9 68 83 79 26 19 52 48 51 43 63 88 100 8 33 6 94 38 23 50 18 17 84 27 80 64 30 29 65 37 78 7 5 31 70 55 69 10 16 99 21 67 44 77 71 20 81 28 13 14 42 58 36 92 73 40 62 24
38 40 20 84 63 54 17 94 21 11 98 93 99 89 73 46 19 85 53 14 35 28 6 5 75 47 16 69 50 100 67 81 30 37 83 24 56 52 29 43 41 7 39 77 31 48 62 58 91 42 57 15 79 13 26 59 71 45 97 96 61 44 64 88 68 95 27 4 82 90 8 12 74 55 22 36 92 72 70 2 34 18 10 1 76 87 66 80 65 23 60 3 32 33 51 86 78 9 49 25
99 38 100 20 23 69 11 77 81 1 71 13 2 84 93 32 44 24 51 67 18 80 28 58 43 82 63 31 91 16 74 30 29 94 87 70 90 8 19 25 64 62 27 75 4 40 48 15 68 88 60 56 17 35 76 37 85 3 45 72 92 78 86 21 34 66 22 26 89 42 96 79 14 98 39 95 54 7 46 65 50 52 33 83 73 61 5 57 53 97 6 12 41 49 47 36 9 10 55 59
49 89 81 66 22 9 72 14 31 46 11 48 92 63 77 60 87 44 21 16 88 50 27 40 93 95 33 85 8 58 52 86 94 47 23 1 39 20 74 64 54 12 7 36 71 3 79 45 18 35 80 57 5 2 15 68 99 83 78 59 6 84 96 56 29 62 25 91 43 41 38 19 34 53 69 37 100 61 98 73 67 42 82 4 13 76 30 17 70 90 55 26 28 51 65 10 24 32 75 97
85 68 64 1 38 84 100 73 57 89 40 17 3 7 81 12 37 31 87 27 71 82 47 70 8 22 83 13 99 88 97 66 24 95 42 58 43 5 55 49 67 14 51 33 50 92 10 32 48 72 61 86 28 19 90 63 76 91 93 98 20 11 74 54 79 60 62 56 69 16 80 77 94 23 18 4 41 46 29 21 15 45 25 59 35 39 2 9 52 30 44 96 65 26 34 53 6 75 78 36
45 75 66 58 71 85 22 92 36 4 14 83 39 38 9 27 62 35 73 82 94 42 76 56 72 1 24 29 88 37 3 61 31 97 53 41 28 18 99 91 60 70 26 65 80 68 64 98 57 7 89 51 96 40 25 23 67 5 34 21 46 54 44 33 87 79 74 52 93 95 55 13 20 50 86 17 10 100 30 8 11 43 6 19 12 59 78 77 90 63 81 69 47 84 49 32 48 15 2 16
82 9 71 62 53 87 16 17 24 39 48 100 72 83 18 77 26 27 19 6 45 49 81 31 74 65 23 55 37 56 92 13 73 69 3 47 66 64 43 21 99 46 52 86 7 25 2 42 60 10 30 75 40 41 80 70 54 4 11 93 58 35 91 15 1 84 90 78 36 44 67 61 29 5 50 85 33 89 20 59 51 88 34 76 28 96 63 79 38 32 94 68 98 22 97 57 14 95 12 8
68 76 18 81 82 70 65 91 51 38 20 25 60 30 11 61 69 5 94 22 87 84 66 100 24 34 86 15 27 47 17 73 12 21 92 99 4 35 8 37 72 10 58 6 13 2 1 48 45 46 95 59 62 16 96 39 9 53 64 44 56 49 55 36 88 40 71 3 50 80 97 89 33 28 57 78 7 52 85 43 98 14 63 23 67 74 77 75 79 83 32 19 29 93 31 54 26 42 41 90
33 66 40 7 1 18 26 70 15 47 51 32 48 60 83 86 2 28 57 62 37 24 93 41 84 77 54 72 63 78 11 65 68 8 45 27 3 96 91 53 89 50 87 14 61 67 98 38 92 79 55 16 94 5 97 88 81 21 13 35 39 82 59 31 4 25 10 6 49 58 100 9 43 46 36 34 20 85 80 74 17 69 30 75 99 73 52 19 95 42 23 29 56 76 12 90 44 71 64 22
3 56 99 42 30 67 78 52 93 66 57 43 71 61 14 79 35 8 90 18 53 77 33 21 48 10 22 64 41 9 37 15 50 54 11 63 73 70 26 28 27 5 97 72 69 1 36 17 75 80 44 60 86 82 58 31 74 94 62 89 84 47 4 13 59 96 12 51 98 76 19 39 91 38 65 68 34 20 6 92 45 2 24 29 55 32 95 23 40 7 25 81 46 16 100 49 83 85 88 87
51 49 8 99 62 17 27 10 92 65 28 69 73 47 45 20 63 32 82 64 90 1 31 71 33 14 40 24 93 35 58 29 36 18 84 5 76 68 41 89 97 26 19 54 39 16 44 83 23 50 74 72 67 38 59 95 79 60 100 42 81 13 9 57 2 30 85 86 78 22 3 15 88 77 98 75 48 43 34 11 55 52 12 96 66 4 61 70 37 21 7 94 6 56 46 87 91 53 25 80
39 24 3 56 2 93 40 12 32 94 79 62 27 43 41 34 77 80 49 95 21 69 57 73 30 8 47 52 4 23 65 7 22 60 66 85 82 67 9 55 68 6 91 17 46 42 54 51 86 19 20 63 61 98 36 45 38 87 25 33 11 75 53 74 16 26 100 35 31 83 92 48 50 64 15 99 97 44 89 18 13 59 1 14 78 58 37 84 28 88 76 72 90 10 96 5 70 81 71 29
69 20 45 3 83 15 98 19 86 73 35 1 64 39 68 2 66 41 99 90 82 71 44 28 47 38 5 79 58 33 72 4 56 16 60 93 59 32 85 36 46 81 48 21 22 78 88 61 6 57 14 25 84 30 52 62 97 29 51 70 12 8 26 10 13 63 31 77 7 37 42 67 40 96 24 87 89 49 55 50 43 74 11 100 17 94 23 76 75 95 53 80 18 54 9 65 27 92 34 91
78 44 53 35 89 36 92 64 72 31 86 70 63 74 60 59 34 50 13 52 39 58 3 55 99 18 88 75 82 57 54 96 1 20 6 37 41 2 28 79 66 56 81 83 93 22 49 21 95 87 23 11 16 91 51 43 4 97 65 68 10 40 19 26 62 9 15 29 25 30 24 71 5 90 27 76 69 98 94 38 80 7 67 84 48 33 8 42 12 73 47 45 85 14 17 100 32 61 77 46
91 90 33 2 44 40 60 34 99 5 70 98 49 87 13 94 24 51 65 37 95 97 45 25 61 6 85 28 74 93 21 36 88 43 27 12 47 84 78 18 15 4 63 1 89 23 16 86 8 62 10 71 56 46 66 50 55 42 79 48 38 92 39 77 14 81 11 7 53 69 26 75 67 54 73 72 64 41 57 31 83 68 96 80 82 29 9 3 35 17 30 100 76 52 59 58 19 20 22 32
65 86 68 71 15 80 30 23 44 17 24 27 21 3 95 26 13 12 69 84 57 19 49 36 7 58 78 42 83 67 51 98 100 82 89 91 40 77 39 6 75 45 14 79 29 38 76 74 64 1 59 97 18 54 92 16 11 70 9 87 37 93 5 35 8 32 60 63 22 28 56 88 31 43 34 41 90 99 81 62 66 33 85 94 96 50 10 46 55 48 52 73 53 25 61 47 20 4 72 2
27 41 60 95 56 73 69 39 17 33 4 15 98 5 74 89 43 100 46 21 64 48 96 97 28 24 38 80 85 99 8 77 66 68 13 59 16 86 3 26 81 63 61 35 40 57 72 12 1 32 22 47 58 53 2 82 65 20 49 54 52 87 6 25 78 31 92 90 14 36 34 18 70 7 83 23 84 37 91 67 42 19 76 79 94 88 45 44 62 50 75 51 10 55 29 11 71 30 9 93
37 14 78 15 54 58 87 57 77 32 85 9 44 80 71 75 96 40 26 38 24 94 48 90 35 74 89 65 1 30 61 41 27 73 76 81 12 22 11 29 39 43 45 59 16 82 68 62 70 99 8 19 46 86 88 64 98 25 28 6 97 33 49 7 3 93 34 69 91 17 83 31 36 42 47 66 4 23 50 100 56 67 84 53 92 95 60 13 21 2 18 10 55 79 63 20 5 51 52 72
56 3 11 30 93 81 66 55 2 28 77 64 59 71 57 15 88 95 22 48 91 12 63 18 21 89 49 46 97 29 73 16 76 72 25 78 61 6 17 99 65 94 10 51 14 83 42 53 96 9 19 92 75 80 74 7 44 41 52 90 98 70 23 32 36 86 37 24 26 60 87 35 82 84 67 100 1 4 47 68 5 20 54 31 34 38 69 62 85 40 8 79 58 45 27 33 50 43 39 13
75 73 67 78 97 2 29 7 11 87 90 37 36 70 65 40 38 9 63 74 31 18 82 91 80 21 100 83 69 95 20 44 98 56 41 52 13 4 71 57 32 77 28 45 53 15 6 14 22 94 34 62 89 23 55 86 35 66 8 30 19 43 72 58 24 99 54 1 92 88 46 10 81 27 64 48 39 12 3 76 33 26 5 42 25 51 96 16 49 59 61 17 93 47 79 60 68 50 84 85
50 42 5 53 52 88 67 84 13 34 99 51 25 66 20 36 92 23 59 78 72 6 75 46 97 73 29 2 16 21 9 83 43 41 68 14 85 62 32 71 58 64 4 56 15 12 7 90 54 61 33 65 63 49 94 26 18 11 95 19 93 76 10 3 40 37 77 79 39 100 57 82 98 35 45 89 22 48 38 69 60 96 87 86 74 8 70 27 1 55 24 47 17 80 28 91 81 44 31 30
6 12 10 11 63 27 58 75 53 96 60 2 37 4 54 83 3 22 84 1 17 14 30 26 57 9 18 67 65 70 76 51 32 59 20 68 25 16 82 88 24 72 95 13 45 8 85 97 61 28 69 89 91 52 5 71 42 81 7 100 55 62 47 87 31 43 50 46 34 38 78 40 39 86 94 92 56 66 74 99 19 29 23 21 80 64 90 35 41 79 49 48 44 36 98 73 15 93 33 77
77 25 97 89 42 96 73 88 16 64 23 8 24 65 6 35 61 43 2 41 44 45 79 68 34 99 63 48 87 74 32 60 26 52 40 4 9 46 90 14 70 36 67 91 11 93 55 3 7 86 49 30 13 57 33 12 84 38 81 80 53 71 92 17 15 47 82 95 85 20 37 28 10 66 1 39 21 18 51 98 59 22 29 50 62 56 54 31 78 94 100 58 75 69 19 76 72 5 83 27
20 61 41 9 49 78 35 95 6 62 38 31 79 54 24 91 81 26 48 92 16 56 18 89 85 17 37 32 15 36 4 1 69 63 51 83 94 88 2 73 98 76 53 29 33 90 23 66 72 34 97 39 70 47 46 42 5 75 59 3 99 14 67 12 100 8 84 19 30 11 68 50 58 60 25 7 44 74 71 45 27 10 28 52 40 57 55 22 82 65 64 93 43 77 80 96 87 21 13 86
19 13 36 91 12 92 8 82 4 95 62 63 88 6 27 100 1 20 79 26 10 54 35 59 40 33 90 94 80 55 2 31 3 71 83 56 22 87 46 32 14 11 5 66 85 81 75 7 38 76 72 78 29 45 44 25 49 51 68 37 28 86 69 39 9 34 48 89 64 96 41 42 93 47 58 61 17 84 99 24 97 98 15 60 16 43 30 53 52 18 74 23 21 65 73 77 57 70 50 67
21 71 48 88 19 42 57 90 50 78 67 65 23 28 99 95 33 81 72 39 66 55 26 13 79 29 58 77 17 83 36 74 20 3 18 53 98 10 47 16 37 75 22 4 73 34 32 52 56 27 43 46 59 31 64 87 68 49 85 1 45 2 80 84 25 97 86 96 100 62 61 69 51 6 44 70 8 24 14 54 76 11 38 91 93 41 5 60 15 89 92 40 7 30 94 9 63 12 82 35
63 100 27 72 80 21 94 35 82 81 55 14 65 45 56 33 29 96 76 83 68 47 87 78 13 70 67 53 2 52 34 9 58 97 8 51 99 43 42 39 48 32 1 23 98 6 38 36 89 77 66 64 93 50 60 92 59 17 74 22 73 7 54 19 90 18 41 25 57 10 20 62 28 30 88 26 5 71 75 84 86 3 37 12 31 11 85 49 61 15 40 4 91 24 44 69 46 16 95 79
98 65 25 14 73 64 53 97 87 35 59 28 10 93 100 16 82 4 52 45 26 21 13 84 69 2 55 95 56 61 96 43 54 1 86 6 83 27 80 76 18 17 60 7 66 91 74 9 41 89 11 88 72 67 23 44 37 62 40 39 22 42 68 8 20 5 78 94 29 12 36 85 30 58 70 50 3 19 31 77 63 71 33 32 57 79 48 51 92 47 90 49 24 46 81 38 75 99 15 34
88 45 73 54 65 76 80 28 69 92 96 60 74 98 58 62 86 89 16 61 49 93 55 2 31 50 12 23 72 19 56 34 59 57 9 66 84 5 21 63 25 8 90 39 77 100 70 47 27 71 83 38 81 43 37 29 24 40 30 51 36 95 1 78 97 44 68 13 87 82 10 7 32 11 6 22 33 3 53 46 75 94 18 35 42 99 26 48 67 91 17 15 79 64 52 4 85 14 20 41
25 24 39 8 79 30 62 41 61 27 45 88 33 53 2 4 18 82 50 14 9 32 12 29 96 31 21 81 26 28 15 46 17 70 64 80 35 52 20 22 63 59 16 97 47 77 13 92 84 66 73 36 90 7 69 76 60 67 23 71 89 83 65 5 44 49 94 75 42 51 91 98 72 48 99 1 40 56 10 3 57 37 95 55 19 6 78 87 43 38 85 74 54 58 86 93 34 68 100 11
52 80 16 85 37 14 47 33 1 75 58 97 32 21 4 8 30 55 19 59 81 20 68 44 63 93 98 54 89 2 13 67 92 96 46 42 50 45 22 34 49 29 77 71 24 7 66 10 88 39 9 18 65 79 17 84 70 95 38 40 72 31 100 99 41 28 83 23 76 15 60 94 6 5 26 53 78 73 61 56 36 57 35 74 3 12 82 64 91 27 69 25 48 86 87 43 90 11 51 62
26 11 58 94 41 50 42 37 22 23 68 61 55 19 48 21 79 92 56 12 77 76 53 33 83 45 52 20 14 82 44 27 67 86 63 71 81 60 84 75 1 74 62 15 5 36 65 87 49 16 29 91 2 24 78 46 39 64 47 95 69 96 93 59 66 3 97 88 9 43 17 73 18 40 32 98 70 31 4 85 10 34 13 89 30 80 38 28 54 25 57 35 100 72 6 51 99 8 90 7
81 68 59 92 34 99 88 49 85 76 95 52 66 27 80 93 55 17 23 10 4 29 60 83 100 19 87 86 90 94 77 48 74 53 54 30 45 71 7 8 57 35 11 31 42 26 91 40 20 64 67 22 5 84 98 6 25 47 58 65 79 41 33 15 82 78 44 97 24 46 32 96 12 9 28 51 72 75 16 13 2 18 21 62 39 36 1 38 50 63 89 56 37 61 70 3 73 69 43 14
32 59 29 16 10 12 37 21 28 86 69 19 56 64 79 9 42 94 71 72 65 41 38 17 66 78 82 25 39 62 49 22 84 4 88 33 11 3 54 20 36 24 85 99 83 46 92 89 26 81 1 73 44 34 63 98 80 27 5 57 7 52 95 76 43 61 51 50 2 58 77 60 75 91 23 67 97 68 100 70 18 8 40 90 15 13 14 96 74 45 31 53 87 35 93 48 55 47 30 6
100 83 9 79 46 13 3 60 14 25 10 58 11 15 53 80 31 93 20 82 48 92 69 16 38 32 56 98 96 72 59 39 99 40 87 2 17 35 23 68 47 27 84 94 34 45 37 22 76 26 62 52 74 95 91 63 90 36 55 41 75 97 70 30 65 64 1 81 21 71 12 78 8 57 42 44 29 28 67 6 85 4 89 49 77 18 19 43 66 61 73 50 33 7 54 88 24 86 5 51
9 40 93 12 95 65 50 78 49 22 21 87 46 36 28 54 57 62 8 2 25 73 72 92 11 53 15 44 76 51 19 58 85 16 56 67 6 61 30 5 69 37 13 96 79 20 80 34 31 74 42 45 98 39 75 52 63 71 17 23 68 77 27 64 33 24 89 59 81 3 18 100 7 55 97 60 94 90 41 83 32 47 14 66 86 26 43 10 48 4 1 82 35 29 99 38 88 84 91 70
89 64 34 93 11 66 75 13 84 7 42 99 82 35 17 49 67 88 43 23 6 63 71 65 37 92 20 36 48 10 5 18 28 14 79 97 27 1 73 50 80 21 29 40 62 51 87 26 33 59 45 2 39 94 15 61 58 55 19 4 100 16 83 56 95 12 70 8 32 24 90 44 85 22 60 57 54 9 30 78 46 31 53 98 38 86 81 52 69 72 91 77 68 74 76 41 47 25 3 96
18 34 22 86 25 26 55 76 56 44 78 38 100 68 33 5 60 57 98 36 99 7 46 93 81 27 72 70 28 40 79 8 42 11 58 95 21 74 87 52 12 47 23 16 30 96 53 49 85 17 41 14 64 61 71 67 69 15 89 20 1 91 66 73 84 6 65 54 97 94 39 32 62 80 82 83 31 50 24 19 77 90 88 43 45 35 63 2 13 51 3 37 9 48 4 75 29 59 10 92
4 50 75 38 39 29 49 3 48 88 92 34 62 57 67 87 9 25 51 80 93 16 19 42 70 56 11 14 6 24 18 95 30 47 59 73 37 85 64 82 35 63 15 58 17 74 100 46 21 23 91 83 55 78 86 77 13 12 99 45 31 32 90 89 52 36 7 66 71 68 33 8 54 94 10 5 96 65 79 41 40 44 72 61 43 1 2 26 81 28 84 60 20 53 69 76 22 97 27 98
2 49 72 97 92 24 85 42 90 21 29 77 22 67 34 47 95 86 78 31 75 83 64 88 73 51 33 11 63 25 84 35 46 82 15 45 32 7 50 41 87 39 70 60 3 13 14 99 79 30 38 20 66 69 27 91 40 76 59 55 17 53 48 37 23 98 43 9 18 44 54 19 56 62 96 6 68 8 58 57 74 89 4 16 61 81 93 100 94 52 71 5 80 12 36 1 10 26 28 65
61 6 90 52 14 51 91 71 41 63 44 26 80 22 69 84 99 33 1 98 34 35 20 27 4 38 74 37 73 77 94 89 47 68 31 82 49 32 79 40 42 5 50 57 55 9 67 24 46 43 56 8 25 29 54 36 75 59 97 81 88 18 87 85 76 65 45 93 70 23 72 53 100 95 11 16 58 64 13 86 62 28 3 92 21 17 15 83 10 2 66 30 39 60 48 12 78 96 7 19
48 53 49 87 47 83 79 54 97 8 93 6 77 96 64 70 32 58 12 7 78 11 88 62 1 14 57 68 30 31 10 99 81 91 34 69 20 94 66 51 23 16 80 84 36 63 95 75 13 67 28 85 17 27 4 59 72 5 22 38 74 65 3 44 45 55 46 42 90 19 29 21 61 41 43 2 25 60 56 35 73 92 82 24 33 89 71 15 76 86 98 9 40 37 18 50 39 100 26 52
55 43 51 58 94 89 18 29 47 98 8 36 70 52 42 92 54 30 61 5 100 10 17 9 64 63 60 62 82 22 31 21 37 35 11 57 87 66 75 90 34 76 12 46 28 4 39 77 71 32 85 74 7 81 56 1 14 23 20 2 50 48 84 69 19 67 26 33 68 73 86 59 96 53 24 80 79 88 44 95 15 99 27 45 97 49 16 72 6 83 41 93 3 40 38 13 25 91 65 78
59 2 28 6 40 72 68 15 79 91 80 30 83 42 84 45 39 11 87 24 50 81 73 53 29 76 10 21 13 38 100 92 78 44 33 94 62 31 77 58 54 69 55 12 26 5 60 23 65 25 51 7 27 3 19 97 48 18 98 61 9 67 89 49 16 57 52 74 41 22 70 43 99 82 4 88 32 96 93 34 90 14 20 85 71 66 56 37 86 46 36 1 95 75 35 47 64 17 8 63
49 93 65 2 74 75 20 69 64 71 34 5 63 85 94 42 97 19 29 86 13 53 61 79 60 31 35 99 58 3 90 68 4 50 91 77 80 39 1 84 56 72 24 25 32 76 46 55 10 37 100 6 21 11 73 28 52 83 27 41 70 15 45 98 78 38 88 43 67 47 89 87 26 59 51 9 66 81 7 36 8 16 22 48 82 30 12 17 40 33 44 18 92 62 23 96 54 57 14 95
5 76 54 63 22 10 62 83 20 67 88 24 75 23 25 46 6 44 80 27 15 13 85 86 49 58 34 38 68 97 16 45 90 37 55 89 96 2 35 77 41 32 52 73 92 18 78 43 50 91 7 26 99 60 70 51 82 61 1 59 8 100 29 66 87 19 4 53 12 81 71 31 57 98 48 64 11 40 36 28 84 21 9 65 69 14 95 56 3 30 39 47 94 33 74 93 42 72 79 17
97 96 15 12 8 82 45 66 95 54 74 21 93 11 46 39 71 98 100 16 56 99 62 87 24 79 32 51 2 17 91 19 70 28 69 1 26 50 65 41 20 59 63 42 81 60 25 80 36 35 37 40 10 4 43 73 22 77 94 5 67 30 52 27 55 85 58 68 49 29 6 86 92 76 7 38 23 14 64 44 47 13 31 9 88 84 89 33 34 75 78 53 57 90 72 18 83 48 61 3
30 41 87 84 17 57 96 67 29 90 39 72 9 63 61 7 25 69 75 55 98 8 32 94 62 93 71 27 3 79 53 85 82 76 12 35 18 65 4 23 88 51 97 37 38 70 59 28 58 56 50 21 100 20 6 80 33 13 24 73 83 60 42 43 31 45 81 52 22 99 19 15 16 1 92 77 26 54 68 91 44 64 74 2 49 10 66 40 95 78 47 48 86 34 5 11 14 36 46 89
38 39 35 89 18 33 84 11 25 79 81 3 52 69 14 6 85 59 73 54 1 66 94 51 44 99 24 71 100 7 70 30 9 95 93 50 72 22 27 15 92 42 75 41 4 68 56 82 16 98 86 58 53 12 10 83 88 31 47 96 65 28 62 13 2 87 91 49 36 45 76 37 21 34 80 46 57 74 55 17 78 43 60 26 5 63 40 61 90 8 32 19 67 20 64 29 48 77 23 97
46 48 42 18 61 15 24 27 16 55 66 86 26 91 83 73 59 63 82 28 20 100 2 77 43 22 99 84 49 74 25 33 44 98 17 75 67 81 53 7 85 3 92 64 94 14 19 95 51 36 39 90 32 21 65 30 71 8 69 88 96 5 38 6 68 23 31 58 54 79 47 72 52 50 78 35 10 97 60 11 87 45 70 37 4 12 41 76 29 40 1 89 56 9 13 34 93 80 57 62
43 56 37 41 27 7 4 72 78 18 25 90 87 48 31 32 63 70 86 77 54 85 33 99 12 20 28 76 94 68 62 84 13 89 74 98 55 75 60 67 64 44 47 95 71 79 49 57 52 40 46 61 69 6 21 16 10 2 80 100 14 81 15 36 22 73 35 9 3 26 96 97 82 8 5 91 65 38 88 66 30 42 24 17 34 1 11 59 53 93 29 50 19 83 58 23 51 45 92 39
71 27 85 93 3 48 43 98 70 74 12 54 61 56 8 14 73 22 21 49 51 88 83 7 92 89 53 96 5 84 52 75 6 18 65 28 60 72 10 2 17 64 66 80 42 99 16 4 11 19 15 24 26 90 100 34 35 1 68 36 77 44 25 55 39 94 82 78 50 37 23 79 69 67 41 29 62 9 47 31 76 91 32 87 58 59 13 20 38 95 30 40 97 57 63 81 45 46 86 33
24 69 30 70 67 49 42 80 54 16 83 99 2 13 11 3 96 66 53 32 84 28 10 20 68 9 73 50 74 56 7 34 21 93 77 44 48 64 12 60 51 79 88 8 59 52 63 78 76 62 87 43 92 40 97 17 6 22 23 35 55 27 71 65 15 4 75 37 61 95 38 57 89 46 100 33 91 90 81 5 85 39 25 1 29 86 98 19 45 26 58 72 47 82 31 14 36 18 94 41
70 66 91 37 41 97 50 4 73 52 47 46 89 75 85 48 14 5 6 95 63 62 98 67 53 43 22 86 16 82 99 74 25 54 7 11 42 20 94 32 83 57 61 24 96 3 76 55 26 80 40 35 60 88 29 68 8 10 78 71 33 9 72 92 81 39 21 93 77 30 15 17 31 28 1 65 18 64 34 87 59 58 90 36 44 69 100 12 56 19 49 23 84 38 51 2 79 13 45 27
82 72 89 88 90 16 47 20 52 69 97 84 27 67 37 62 41 35 70 11 79 9 80 1 2 12 83 32 43 66 33 46 15 60 53 24 23 18 59 13 95 58 71 49 3 98 26 99 25 57 36 34 54 30 96 8 42 85 81 44 64 74 93 75 29 63 55 4 94 7 21 76 68 100 91 14 48 31 87 38 45 17 73 28 78 56 6 22 65 10 86 51 39 50 61 77 92 40 19 5
45 75 47 11 58 40 17 48 82 77 42 16 96 59 12 71 44 84 54 57 99 67 8 39 14 100 97 2 21 6 35 31 49 72 78 87 56 80 95 22 26 94 38 20 65 25 55 19 81 61 63 93 79 5 90 24 89 7 74 66 30 37 92 9 28 50 1 15 86 83 73 13 33 91 64 4 34 60 43 41 46 23 10 62 98 51 52 68 70 69 76 3 29 88 27 53 85 32 18 36
55 36 94 56 6 78 54 44 48 13 98 18 3 83 21 30 88 71 37 41 93 5 52 66 47 74 70 34 81 46 91 27 77 24 45 43 53 42 29 17 7 75 100 68 80 40 85 1 4 64 84 28 87 19 25 82 96 38 57 22 99 72 65 33 14 31 73 20 95 39 97 26 12 79 15 59 92 49 89 8 11 51 86 90 63 58 50 16 35 32 61 10 76 23 67 69 60 9 62 2
27 20 93 17 39 96 55 52 2 86 40 64 92 62 26 81 42 65 66 22 47 37 5 72 75 49 9 29 56 69 97 87 24 45 44 60 89 8 16 76 32 77 78 33 50 82 68 30 63 1 14 7 73 35 80 15 85 6 34 10 11 59 48 31 88 12 43 98 19 90 53 61 23 41 95 36 100 3 46 71 28 21 51 38 25 54 57 94 79 84 13 74 18 91 99 4 67 58 70 83
73 90 96 72 38 93 75 58 19 27 33 83 99 23 70 44 66 39 91 46 5 41 29 42 77 40 76 13 54 47 87 9 61 8 92 49 30 17 32 97 48 65 37 36 55 20 67 6 88 14 94 84 68 2 16 1 3 100 85 56 45 34 69 21 62 98 7 50 43 89 95 71 78 15 25 79 35 52 57 18 51 82 63 26 74 11 64 31 80 59 81 4 12 22 86 60 28 10 53 24
33 79 41 35 46 27 3 51 98 32 11 87 81 73 64 97 19 7 36 52 65 25 100 8 30 90 80 57 4 2 70 88 10 75 5 92 31 93 82 16 67 13 22 77 47 78 54 58 37 23 44 20 69 42 14 95 49 53 63 18 56 50 1 61 26 40 24 96 59 72 74 38 28 55 94 84 89 71 39 76 43 83 66 12 62 99 34 91 60 48 85 45 9 21 29 17 6 15 68 86
57 44 48 86 10 53 94 92 41 68 35 17 39 38 81 99 77 32 89 70 25 50 6 11 72 84 43 24 8 100 76 40 29 33 71 58 16 96 19 88 5 45 79 60 26 15 36 23 21 4 54 64 7 13 82 67 95 66 51 1 52 80 3 2 37 27 34 63 56 59 65 62 14 73 30 47 83 75 74 85 18 12 20 55 42 46 61 49 28 97 91 78 22 69 93 9 90 98 31 87
25 28 27 5 12 62 40 19 18 4 21 52 71 8 67 98 35 79 49 91 33 60 34 9 37 92 86 23 93 58 32 72 83 73 94 63 14 38 64 43 1 81 48 59 13 22 88 75 85 84 42 15 55 82 26 66 30 44 45 53 46 51 47 41 24 11 87 56 78 76 80 39 10 89 61 17 20 65 6 57 7 70 68 74 96 95 69 77 100 50 31 2 90 16 97 36 99 54 3 29
22 38 19 85 79 18 73 42 11 62 23 20 64 69 68 4 43 24 58 76 16 80 28 92 66 50 36 30 26 55 3 67 14 83 10 70 47 33 1 53 97 96 8 35 40 74 72 61 31 46 95 63 21 57 27 91 39 29 84 65 100 17 44 54 13 59 15 89 98 12 49 52 75 99 87 34 41 56 94 81 86 88 6 82 7 77 71 48 37 90 25 60 32 51 45 5 9 2 78 93
9 73 29 95 2 58 37 30 22 46 54 85 44 64 60 90 24 26 94 74 48 55 84 53 70 34 4 52 69 33 63 21 31 78 66 100 82 68 42 61 27 56 87 51 11 65 5 89 71 86 41 47 40 39 99 98 59 62 7 57 1 10 8 16 36 67 20 75 93 80 81 12 97 38 45 96 43 18 50 49 13 92 3 17 35 6 77 23 25 88 79 14 91 19 15 83 72 76 28 32
99 89 51 9 92 36 35 14 32 80 1 88 26 10 74 45 7 68 90 67 43 76 57 5 81 21 95 48 15 63 52 25 34 56 3 62 4 16 23 33 72 6 19 8 98 2 79 46 17 50 61 13 28 29 58 37 44 71 11 54 38 12 18 53 100 96 94 59 31 87 24 77 40 75 47 78 64 66 42 73 27 65 70 83 86 41 93 84 82 55 60 39 20 49 69 30 97 91 22 85
48 9 21 91 3 12 57 77 39 83 14 34 49 61 45 11 17 86 95 35 30 38 64 27 31 18 16 85 87 28 7 1 94 59 19 67 92 13 43 50 4 74 51 99 25 93 58 15 65 24 80 56 90 47 22 76 84 97 60 75 70 78 89 69 40 55 41 23 52 62 8 82 36 20 88 68 53 46 29 96 66 2 73 10 71 81 32 6 42 5 100 37 63 54 98 33 44 26 72 79
88 47 11 20 29 2 71 31 1 45 84 78 36 44 35 92 57 85 68 81 74 97 63 51 73 8 25 21 38 37 61 62 22 43 75 42 28 67 60 49 23 41 9 76 54 86 89 66 56 48 7 26 64 16 87 50 18 27 91 3 19 40 82 33 79 95 65 77 5 69 99 24 100 96 53 30 83 15 70 80 90 39 34 98 94 17 55 13 12 14 4 6 46 93 10 58 32 72 52 59
56 74 9 15 65 76 63 53 85 97 51 32 46 2 69 16 83 41 18 25 4 24 93 79 42 6 40 78 27 61 100 81 70 49 60 5 52 29 99 90 68 14 95 54 28 91 84 94 72 34 22 71 98 38 13 62 11 12 50 33 57 67 23 88 8 3 89 1 82 36 43 47 66 48 19 31 7 17 77 20 10 64 30 45 21 26 35 80 75 92 55 96 87 44 59 73 39 86 37 58
78 35 54 61 49 81 79 56 4 23 17 6 72 57 34 9 11 40 7 64 75 65 44 86 100 24 8 20 51 5 33 82 59 27 76 71 90 70 74 99 25 36 58 14 85 46 50 84 43 28 1 45 77 60 2 31 97 41 95 15 67 22 29 98 21 32 39 94 42 88 55 68 93 53 18 37 38 48 63 10 83 89 92 66 16 87 96 62 19 73 69 80 3 52 47 91 30 12 26 13
91 14 72 78 42 73 53 40 97 96 69 61 58 36 41 21 13 51 99 18 9 93 12 4 33 27 28 82 1 62 37 15 68 79 84 3 39 77 75 70 81 29 49 48 16 34 44 87 20 95 35 85 17 59 86 64 83 45 30 90 24 11 19 80 46 6 54 66 89 38 56 67 7 25 22 60 26 8 98 43 74 52 76 31 92 32 23 57 55 94 71 5 10 47 2 65 88 100 63 50
98 63 39 92 67 99 22 65 6 31 71 19 55 30 15 27 37 93 42 62 34 82 76 87 95 53 97 83 41 26 90 2 56 20 14 32 40 84 8 51 18 43 1 72 45 100 64 28 47 94 74 38 61 77 70 52 4 11 49 48 75 5 24 57 59 81 12 25 78 86 91 88 29 17 36 66 79 23 80 50 16 58 60 85 73 33 54 44 9 89 3 68 7 10 96 21 46 69 13 35
13 15 90 14 63 88 91 74 50 21 55 97 53 95 56 2 80 8 1 78 6 71 47 54 82 77 73 98 39 52 10 16 76 58 5 27 59 86 41 29 45 4 85 83 31 12 60 26 79 67 66 89 38 69 23 46 99 94 64 43 36 48 33 70 3 30 11 42 19 100 34 40 81 72 44 75 22 96 20 68 57 28 51 92 61 18 37 35 62 65 24 49 93 84 9 32 87 17 7 25
51 12 2 3 18 85 88 64 68 92 10 25 24 27 77 91 87 96 28 48 72 29 66 56 8 44 79 46 97 35 31 43 32 94 13 45 20 59 54 75 98 50 23 33 78 26 6 83 22 99 57 62 39 4 76 47 86 81 93 30 7 53 100 11 58 65 40 19 67 34 42 89 95 9 73 55 90 84 41 21 36 17 1 61 69 38 60 70 5 37 74 15 80 14 52 49 63 82 71 16
67 61 63 13 44 42 85 3 28 75 57 82 60 93 30 70 38 80 15 37 49 5 81 94 89 47 54 12 65 95 84 22 78 21 7 68 33 52 11 36 24 46 10 86 17 88 39 32 41 74 98 83 99 31 97 45 90 64 40 19 8 76 53 6 4 35 48 51 25 96 26 9 18 62 34 72 69 50 91 59 73 23 27 14 66 79 1 100 71 29 20 58 43 56 87 92 55 16 2 77
26 81 78 94 30 44 20 41 72 1 62 58 66 54 32 42 67 82 24 92 100 88 31 93 11 80 83 53 37 36 59 39 69 33 89 8 76 46 50 57 34 12 4 65 22 7 38 47 27 87 63 51 96 52 98 86 61 55 71 68 17 35 70 64 90 49 2 60 85 16 3 48 5 23 74 95 84 45 73 56 19 99 14 9 13 29 79 75 21 97 18 25 6 77 28 10 15 40 43 91
77 25 59 24 15 92 4 100 69 49 63 26 70 96 54 39 60 31 50 38 78 85 5 62 93 10 99 94 88 19 56 29 42 74 17 73 14 27 22 20 87 11 55 13 66 36 2 80 44 71 30 91 16 81 46 51 65 3 52 23 58 18 90 37 47 64 97 57 7 28 61 35 34 8 67 32 1 12 83 6 40 45 53 48 43 89 9 95 41 84 98 33 75 76 79 86 68 21 82 72
85 13 68 16 17 50 11 73 36 35 64 21 59 45 3 40 61 55 63 84 31 32 27 65 1 33 71 5 86 57 30 48 66 2 42 93 26 53 78 18 15 37 39 56 83 41 87 34 89 72 91 8 54 46 75 12 60 25 38 6 14 47 52 76 7 19 44 95 94 74 92 98 88 22 99 67 23 28 96 9 62 90 4 43 80 82 10 69 70 79 51 77 58 29 49 24 81 97 100 20
63 86 28 36 19 54 58 72 84 76 7 77 56 82 52 93 47 95 70 1 26 73 17 67 40 51 34 15 48 59 25 18 85 100 27 55 66 23 21 98 42 8 81 24 61 60 74 92 33 5 49 9 43 20 69 22 68 91 13 39 53 62 14 89 97 4 71 35 3 41 12 11 83 80 6 99 10 44 38 2 32 37 96 16 31 57 45 46 78 75 94 29 79 65 88 87 64 30 50 90
35 3 25 51 95 38 80 4 14 5 29 15 33 42 17 34 2 94 76 90 68 49 52 39 71 13 26 64 10 9 53 23 81 78 69 47 61 88 87 58 99 30 16 73 77 96 92 22 84 79 55 6 66 45 91 72 98 75 62 7 97 93 67 74 54 63 50 24 70 65 83 28 32 36 86 1 18 19 85 46 56 59 12 89 40 21 43 27 48 41 57 100 37 60 44 20 82 31 8 11
68 69 45 27 82 29 30 20 24 47 38 31 23 63 18 73 94 62 5 26 66 56 70 13 96 2 60 84 83 93 72 86 99 36 6 33 22 43 4 52 46 17 67 1 92 16 7 77 61 81 10 97 48 98 44 35 37 42 25 40 54 71 76 32 9 79 80 12 53 11 78 49 85 57 39 50 59 41 75 3 34 8 28 87 55 88 58 21 74 15 89 95 100 64 65 90 19 51 91 14
6 32 12 97 8 65 44 17 87 67 59 27 74 52 24 100 9 33 80 7 82 45 96 2 13 73 5 77 89 23 58 99 90 42 78 63 3 62 31 14 66 39 29 46 15 51 53 40 35 16 20 22 25 21 64 61 55 76 86 70 93 41 84 10 38 34 26 88 56 83 68 60 50 11 54 57 49 4 71 69 1 36 72 91 48 37 85 79 18 43 92 81 28 19 94 95 75 47 30 98
19 92 75 30 73 87 84 34 44 42 45 1 80 26 53 35 55 9 78 23 32 58 83 88 15 56 47 81 50 29 89 95 46 69 40 59 41 60 2 91 51 21 28 66 79 4 13 74 38 10 11 36 93 7 52 17 24 5 33 72 37 82 49 85 18 61 70 62 12 20 39 27 96 64 57 22 25 68 99 67 8 71 63 77 97 43 14 3 6 31 90 94 16 86 100 54 98 48 76 65
5 42 34 81 76 80 16 21 58 38 18 13 48 89 4 14 79 28 57 6 50 92 33 17 61 45 1 31 99 30 2 60 37 83 94 97 23 68 20 40 54 10 53 91 41 72 65 62 46 39 29 88 59 27 19 26 25 47 55 98 84 8 95 66 32 9 51 86 71 82 70 69 74 77 43 85 35 24 3 90 75 22 11 67 93 64 52 87 49 36 73 63 44 12 78 100 56 96 15 7
32 72 16 5 40 64 60 71 53 41 85 51 79 22 46 61 86 27 56 45 81 47 49 7 38 95 57 70 6 21 19 35 9 54 55 75 74 3 59 39 20 34 90 96 62 13 82 24 10 89 67 30 44 78 68 88 69 4 58 37 98 91 2 92 25 93 77 29 87 50 18 42 26 66 83 76 100 99 31 28 63 14 23 52 33 94 8 1 15 17 84 73 48 36 12 43 97 11 65 80
65 100 81 71 37 25 72 82 15 7 76 2 83 98 13 86 34 84 22 21 77 8 48 20 74 78 53 44 85 99 18 63 6 28 41 69 73 4 79 55 60 70 14 68 33 92 23 52 87 17 39 11 58 54 51 43 80 67 16 93 9 59 66 12 42 24 96 45 31 49 97 75 30 35 29 61 94 88 10 62 50 47 38 32 5 36 57 90 3 91 64 56 89 26 19 1 40 95 27 46
61 15 33 66 25 97 18 91 13 9 96 62 65 5 42 47 99 89 71 12 44 27 85 29 84 32 20 54 90 78 11 92 4 98 19 56 50 30 53 28 82 31 26 95 51 48 10 36 68 59 43 21 63 3 94 73 38 49 1 80 22 60 87 75 35 39 86 46 76 93 100 7 45 67 2 6 40 72 16 83 17 74 24 37 88 14 81 64 77 69 41 79 57 55 70 52 34 58 23 8
75 38 87 8 97 56 29 12 70 25 79 60 32 21 47 54 48 43 16 35 64 99 69 44 85 82 59 28 72 94 4 41 88 18 53 78 67 61 7 73 49 27 91 37 24 83 100 95 13 76 45 46 65 23 66 42 58 92 17 34 89 31 10 36 14 57 74 3 77 63 71 50 62 40 96 98 20 81 51 86 80 68 15 11 39 84 90 9 1 33 52 26 55 30 6 5 2 93 19 22
21 16 40 53 56 24 69 75 90 11 99 43 22 65 28 7 36 29 23 98 62 42 8 33 57 72 10 79 76 50 15 96 67 3 44 30 13 38 73 64 12 49 45 20 93 5 32 97 95 14 84 52 2 94 55 71 70 88 63 89 83 80 68 27 1 87 46 81 59 26 41 100 61 47 77 82 54 37 66 78 60 31 9 19 17 39 74 86 91 4 6 35 85 48 18 58 51 25 92 34
52 71 97 42 93 72 78 94 77 73 28 9 75 60 48 87 81 57 59 39 95 100 82 66 35 64 24 14 5 70 79 4 74 41 88 85 25 33 12 7 37 26 62 84 36 38 91 3 1 43 51 18 89 61 6 83 76 40 8 21 69 65 27 58 34 47 68 13 54 80 90 22 67 30 32 23 96 20 63 92 55 11 86 50 19 16 15 10 56 45 2 17 98 53 46 44 29 99 49 31
37 47 30 62 83 17 45 55 96 71 58 84 77 11 100 12 93 5 75 31 24 53 98 72 34 91 33 99 14 88 13 51 15 8 64 79 32 18 94 48 52 22 70 89 2 81 80 10 7 66 59 19 74 49 36 92 63 23 65 42 28 16 4 61 20 78 60 90 95 38 87 85 39 86 27 41 56 73 69 54 97 44 68 35 3 50 26 43 29 21 40 1 82 25 76 67 57 46 9 6
70 35 22 99 11 30 24 88 49 66 97 98 62 85 27 33 92 69 60 83 23 67 20 59 79 65 44 25 96 63 51 89 73 1 77 52 6 72 91 8 5 7 32 15 34 45 37 9 64 26 40 14 86 50 71 80 75 87 28 95 12 81 54 31 41 36 84 2 93 39 29 10 94 56 58 100 43 61 90 47 78 3 17 4 76 68 53 42 38 19 16 82 21 74 48 57 13 18 46 55
3 63 58 79 77 89 66 52 56 94 20 5 88 47 84 31 82 100 2 46 53 18 71 68 83 1 12 51 28 67 99 8 36 91 33 95 43 81 26 25 69 55 76 57 39 23 42 96 50 9 85 78 87 48 14 29 74 37 75 49 62 13 6 59 24 44 45 54 41 17 73 72 21 98 60 92 11 97 7 70 15 19 10 93 22 4 16 32 61 38 65 86 35 40 34 64 27 80 90 30
89 36 47 1 14 66 27 37 93 87 78 65 52 53 95 60 18 76 73 70 20 12 45 40 48 29 32 67 55 58 34 44 26 72 56 99 30 96 90 82 88 62 7 94 81 77 9 38 6 84 69 39 92 86 4 28 54 8 79 51 74 75 59 11 49 85 22 33 61 10 24 17 15 46 50 80 41 43 100 5 2 83 25 21 91 63 98 19 35 42 23 64 68 16 97 31 71 13 57 3
54 39 15 74 34 70 8 29 78 22 60 36 100 71 2 59 1 88 43 5 63 6 46 58 69 19 80 11 91 83 16 61 12 24 68 81 72 20 55 37 57 82 92 42 89 18 66 51 49 27 28 73 13 79 21 44 67 48 9 87 10 52 35 77 23 62 25 64 90 30 38 97 99 95 98 26 3 76 53 84 33 85 31 65 32 93 56 96 86 47 75 14 40 7 4 41 50 45 94 17
97 56 42 60 62 22 67 78 61 64 48 93 73 4 79 3 5 63 98 57 13 94 38 16 28 70 76 65 71 35 44 58 24 52 91 74 84 9 19 34 85 47 54 31 99 14 46 7 75 90 72 40 68 41 37 6 88 20 100 55 50 49 45 2 39 25 92 69 86 11 32 18 8 1 23 89 66 33 87 29 77 43 21 59 15 80 82 26 81 27 17 12 95 51 36 30 10 53 83 96
69 64 35 54 58 51 56 7 99 95 83 48 37 91 9 46 27 98 12 76 57 20 73 78 14 17 74 55 80 16 77 66 44 97 86 41 85 71 47 26 89 11 50 49 53 10 1 4 36 88 87 92 60 19 29 25 30 96 2 15 31 28 5 82 43 18 90 63 34 59 67 21 52 81 65 62 32 40 38 100 42 94 84 22 45 13 6 68 79 8 72 24 61 33 23 3 70 75 93 39
100 66 82 87 52 75 35 60 20 70 88 86 8 56 55 49 62 50 29 59 89 81 19 77 64 2 43 36 17 10 48 45 25 37 23 98 65 1 71 5 63 68 11 93 4 9 95 12 51 91 76 58 32 40 96 24 6 97 78 27 73 92 38 41 44 28 47 79 18 3 21 34 54 94 26 39 31 85 80 99 84 16 13 42 30 74 61 72 69 7 53 90 33 46 15 83 22 57 14 67
18 44 85 17 71 26 93 67 81 69 92 3 95 59 65 6 31 25 13 11 87 9 55 89 29 84 16 10 38 62 88 36 21 49 20 28 12 7 52 63 14 35 80 75 94 1 22 45 86 98 100 74 91 43 73 39 72 15 5 30 61 2 83 56 40 23 37 8 82 60 57 41 58 27 42 78 33 70 46 34 48 4 97 24 99 76 68 53 50 64 66 96 54 90 51 32 47 77 79 19
24 65 53 15 89 67 34 95 54 44 81 100 10 83 99 84 29 23 6 62 51 28 2 1 4 47 25 69 3 93 9 22 50 56 18 12 16 8 85 71 17 92 75 52 21 90 14 43 45 30 64 76 27 91 58 77 79 60 19 20 68 86 26 35 37 66 88 97 32 42 80 11 98 38 7 5 57 55 41 74 87 13 40 96 63 73 48 33 82 46 39 49 94 31 72 36 78 59 61 70
2 89 37 70 22 84 65 35 86 54 77 24 21 15 71 30 39 34 51 80 98 62 94 11 60 44 85 93 13 72 95 87 28 63 3 1 69 10 9 17 36 16 27 64 32 76 75 82 8 19 56 59 26 53 74 97 40 83 20 68 81 43 47 49 55 73 14 7 100 23 46 96 91 6 4 88 29 52 79 45 67 25 18 33 12 66 50 38 90 78 31 99 92 57 58 48 42 61 41 5
39 75 73 64 98 33 11 90 21 34 95 28 9 66 80 36 30 74 53 32 15 48 61 84 63 24 22 72 67 52 35 40 27 43 71 44 56 87 46 23 83 3 12 25 31 6 70 19 57 86 89 42 79 88 60 8 5 1 81 93 96 37 55 99 69 26 78 91 92 62 10 38 41 58 51 7 4 14 85 13 47 18 29 2 77 49 100 16 94 59 82 68 65 45 76 17 54 50 20 97
4 79 60 52 53 21 17 69 51 81 39 37 82 38 73 80 3 70 48 74 33 19 62 26 68 64 2 66 15 95 49 77 1 71 9 87 94 93 28 97 56 5 63 12 30 42 40 90 54 25 50 72 46 84 16 7 59 11 99 88 18 32 96 55 27 45 100 6 43 29 89 78 20 76 10 44 58 41 23 91 98 34 22 86 35 61 13 31 85 57 36 65 24 83 47 14 67 8 75 92
46 28 36 40 61 83 94 54 52 68 47 42 71 13 25 79 26 58 20 41 1 7 10 31 99 8 70 75 9 90 17 16 49 93 45 66 27 6 35 89 39 14 77 29 73 63 98 48 18 24 86 65 51 34 59 87 11 85 23 44 33 74 15 30 82 43 21 3 91 76 19 22 56 50 5 53 64 100 4 95 32 96 37 80 57 67 12 60 62 72 2 69 97 38 81 88 92 84 55 78
81 43 10 85 94 7 100 98 79 78 66 63 93 28 58 89 6 19 74 55 56 11 3 91 47 82 36 95 8 5 54 73 16 50 46 4 99 42 27 60 80 41 15 39 23 33 38 14 90 77 9 61 53 12 88 68 76 70 97 1 20 72 86 65 13 30 62 18 21 45 37 24 57 34 48 83 44 31 67 87 59 69 32 29 96 35 2 17 40 52 64 26 51 75 92 49 25 71 84 22
3 87 18 78 27 14 81 39 31 8 4 38 61 43 33 88 54 92 72 25 5 84 53 99 21 91 15 71 58 20 73 19 13 47 76 24 82 16 95 6 65 69 60 80 22 70 2 30 67 7 62 12 10 11 56 23 35 36 86 66 79 100 64 9 46 90 83 26 29 44 77 42 51 89 97 48 98 75 94 17 55 57 74 49 28 96 40 52 45 32 41 1 93 37 59 50 85 68 34 63
50 18 65 11 80 40 26 27 47 98 8 72 87 68 83 97 95 12 58 28 71 14 84 5 82 32 9 31 73 46 92 21 100 59 66 2 42 17 10 79 70 24 52 16 29 75 62 49 48 57 23 86 56 35 15 30 55 61 89 45 90 7 39 13 36 99 4 53 64 37 60 94 6 41 78 96 34 54 74 19 44 67 85 38 3 69 63 20 43 25 1 51 22 88 93 81 91 76 77 33
59 42 67 18 28 9 49 97 73 39 25 17 7 75 57 8 71 35 87 77 10 66 72 46 53 21 40 27 93 2 5 99 3 95 34 80 98 54 30 68 1 56 19 45 69 62 78 86 52 37 83 90 23 6 33 36 96 51 11 22 65 44 60 43 38 84 76 74 50 81 20 13 92 79 70 47 48 89 29 24 16 26 88 31 4 82 85 94 100 12 58 15 41 61 63 91 32 14 64 55
20 59 49 95 74 78 98 23 41 16 34 32 25 80 55 81 91 17 54 48 45 83 88 97 93 29 72 76 63 7 94 13 14 27 31 50 9 75 65 67 64 96 66 71 46 57 5 3 22 40 37 24 100 30 82 89 8 44 69 73 39 84 62 21 52 86 85 4 26 87 6 68 43 28 47 33 38 15 70 35 1 42 90 60 58 51 77 12 19 61 92 56 53 79 2 18 99 36 10 11
82 12 89 27 71 10 47 57 95 91 67 31 81 8 85 76 97 66 86 22 41 54 60 93 2 34 100 37 51 84 36 48 92 73 75 58 18 13 3 29 68 72 38 21 5 79 19 99 96 32 46 25 62 24 43 63 14 55 30 53 88 77 42 26 59 94 52 64 9 16 23 49 69 90 11 17 65 7 61 98 56 70 87 1 6 20 35 28 80 50 40 78 39 44 74 4 45 15 33 83
68 9 3 37 23 96 62 49 22 33 90 70 44 74 6 15 38 4 8 91 31 10 80 51 43 45 95 82 1 26 20 65 61 75 59 53 60 24 16 77 41 57 85 79 14 52 56 78 63 42 73 2 84 5 100 47 13 18 55 19 40 50 27 25 66 97 11 88 69 7 99 76 72 71 30 46 21 98 81 36 48 29 54 93 67 58 64 35 34 28 89 94 86 92 17 12 83 32 39 87
35 74 8 42 93 16 87 28 29 18 80 83 63 6 20 5 24 44 68 27 91 13 31 53 11 50 88 62 26 66 96 39 17 2 65 85 37 40 77 76 47 51 97 7 3 99 48 57 58 1 60 22 73 82 10 69 84 21 38 71 72 9 49 54 33 32 55 90 81 79 36 19 70 100 61 4 92 12 30 15 46 98 89 94 78 41 95 59 25 86 67 64 56 34 75 23 14 43 45 52
38 61 99 9 41 58 22 33 11 65 12 69 39 35 48 20 14 82 36 54 49 77 63 90 45 72 4 24 27 98 76 25 84 94 74 6 53 50 55 71 92 79 91 23 7 68 42 67 60 46 34 57 81 13 26 70 10 17 93 18 47 87 44 16 100 37 75 86 52 43 8 40 97 15 19 59 89 62 96 66 85 51 95 83 31 64 1 56 28 30 78 80 32 21 5 29 73 2 88 3
85 73 71 96 6 57 27 76 19 28 35 46 26 84 49 83 63 20 100 52 82 16 34 8 24 56 87 78 30 33 74 68 31 45 12 37 89 39 1 61 58 4 90 17 59 23 91 53 92 50 14 75 7 2 54 15 81 41 98 5 93 42 80 88 47 11 10 69 97 95 3 43 13 60 86 64 70 22 77 38 62 21 79 36 99 94 66 29 67 40 51 25 55 9 48 65 72 44 18 32
32 90 91 35 34 85 40 70 16 55 33 78 96 64 37 2 69 39 49 1 25 63 26 18 12 51 98 99 100 19 21 46 77 60 79 57 87 80 66 13 97 29 5 4 41 8 58 65 61 27 36 84 94 47 17 31 68 6 74 7 22 15 72 73 3 59 81 43 30 89 53 44 48 11 28 14 62 45 20 56 75 10 82 50 93 38 71 83 92 88 23 76 67 24 54 9 52 42 86 95
65 76 22 88 54 15 37 44 17 13 62 14 98 67 94 75 93 71 66 78 84 35 79 83 92 99 86 55 81 51 87 41 20 58 25 100 21 74 85 43 49 39 24 10 11 40 53 1 47 48 97 16 29 8 80 59 33 12 7 34 77 30 82 64 42 60 2 45 36 19 26 57 32 63 27 68 72 56 6 96 50 4 70 91 61 89 38 3 52 95 90 23 18 69 46 73 28 9 5 31
61 14 68 57 90 62 92 84 18 52 64 87 11 81 93 71 27 24 46 95 43 21 6 56 75 20 23 96 89 100 80 33 58 16 10 5 47 70 31 41 35 26 3 77 69 45 74 98 4 36 15 60 40 67 25 86 44 29 65 48 55 51 8 53 79 38 1 7 39 88 72 37 85 73 22 32 97 99 42 2 19 91 30 28 94 12 78 76 66 83 13 17 63 50 49 59 9 54 82 34
43 6 66 24 47 53 42 83 64 74 40 90 2 22 8 93 33 23 21 72 30 37 87 27 34 77 52 32 56 17 97 82 54 44 51 70 55 31 100 15 84 58 45 50 13 12 39 75 85 4 92 35 38 95 63 62 28 94 57 3 69 14 25 60 29 49 26 46 98 41 81 61 99 5 7 16 78 96 71 59 18 88 11 89 91 1 19 80 76 10 65 73 48 20 9 86 79 67 68 36
78 53 18 6 30 76 54 66 25 90 55 52 49 19 47 16 85 31 37 24 35 1 29 72 70 27 21 50 43 97 63 83 82 42 14 11 17 86 32 48 69 74 58 36 26 88 92 15 89 67 38 34 75 41 99 98 61 62 94 40 28 96 4 80 81 23 13 12 5 46 65 73 91 59 44 9 7 71 57 68 87 3 20 100 45 56 79 77 10 51 8 95 84 22 64 33 60 93 2 39
69 20 96 91 39 88 63 10 90 49 74 27 7 3 81 77 2 11 52 64 47 50 28 9 31 78 56 30 94 6 32 1 29 4 92 93 80 5 71 37 15 43 26 97 23 67 66 61 41 16 8 46 21 42 65 84 85 38 62 75 89 83 76 44 45 40 58 68 57 86 34 53 33 82 87 51 22 55 60 18 13 12 35 48 98 59 70 95 54 14 79 100 19 72 73 24 36 99 25 17
75 48 94 56 76 72 45 19 92 1 98 28 53 60 12 11 35 40 61 26 54 24 100 2 97 65 82 52 4 37 62 29 83 79 89 47 31 59 80 51 57 81 88 41 25 15 36 32 46 99 23 63 10 49 78 22 95 66 64 33 30 17 71 70 21 96 87 58 14 73 86 77 68 43 50 84 39 20 91 8 7 69 3 90 38 67 93 27 55 18 16 74 42 6 13 34 44 85 9 5
37 3 10 61 44 99 85 80 96 31 14 8 58 82 27 42 11 81 94 67 79 53 32 66 1 74 26 12 21 25 65 2 47 86 87 83 62 19 39 33 72 75 69 6 40 93 63 17 35 56 41 73 23 48 22 46 71 59 84 4 16 34 45 7 28 64 57 78 89 100 43 88 20 54 15 36 68 9 24 77 60 18 76 92 55 50 30 13 95 5 52 29 98 49 38 51 90 91 70 97
52 45 37 20 83 2 78 13 68 71 51 16 3 4 42 54 10 8 89 49 75 7 44 86 85 73 79 38 39 56 5 15 98 21 60 43 81 29 84 23 99 12 62 58 61 57 100 47 27 91 59 11 18 31 90 66 9 77 95 70 88 97 24 19 87 35 41 80 40 36 17 50 14 96 74 76 1 65 64 92 34 33 67 82 48 26 32 22 53 55 25 72 28 93 94 69 30 46 63 6
25 81 36 94 63 13 71 30 99 77 38 18 22 93 61 48 32 26 7 10 78 41 47 62 69 17 89 53 49 59 8 72 68 84 5 14 40 55 28 88 95 34 1 21 16 92 9 58 79 76 83 23 96 50 64 37 42 3 51 56 52 100 70 87 19 98 15 24 74 90 54 12 57 27 39 31 91 66 73 85 97 82 33 11 29 43 65 44 75 60 86 2 4 80 35 67 6 45 20 46
26 92 8 16 82 17 50 14 32 88 24 30 56 48 100 87 61 41 79 81 21 9 93 89 80 53 35 86 77 28 67 62 65 57 11 94 59 83 70 34 27 46 84 23 73 78 44 6 91 43 72 47 64 29 71 76 97 42 25 54 20 33 3 18 68 66 74 52 2 96 95 39 69 99 1 22 49 60 36 45 40 13 38 4 19 10 55 75 58 31 5 37 85 63 12 90 15 98 7 51
51 95 2 3 38 64 29 87 53 69 85 88 59 44 30 36 47 27 1 18 100 48 13 26 37 6 71 67 65 23 73 4 76 89 81 62 35 77 10 20 32 45 79 97 78 7 25 57 17 66 94 15 82 91 55 34 86 31 68 39 50 54 9 33 8 28 60 98 19 72 56 52 92 21 99 41 83 90 14 80 42 22 74 61 16 46 43 84 12 63 75 5 40 58 96 93 24 11 49 70
70 11 88 13 61 56 55 48 20 79 21 85 87 71 57 44 67 68 84 38 16 80 60 42 30 18 73 69 72 24 17 92 22 35 54 32 45 27 29 5 46 63 78 10 47 83 65 12 43 94 14 19 91 3 4 26 89 2 77 36 1 93 59 15 34 31 39 51 49 74 98 86 6 40 100 95 97 28 75 99 33 25 23 53 7 66 96 62 37 41 81 9 76 82 52 64 50 8 90 58
33 86 78 71 28 38 91 58 70 63 1 3 46 30 9 94 7 25 95 37 34 10 98 59 48 40 49 64 16 47 36 84 32 20 13 68 96 66 11 39 52 6 100 77 17 18 82 22 31 54 60 12 74 61 27 45 99 56 87 90 8 41 19 76 65 93 89 29 97 57 55 35 88 75 14 85 53 4 50 44 67 83 51 42 21 79 5 15 69 43 72 81 73 23 80 92 2 26 62 24
71 32 73 7 52 93 8 55 56 80 44 54 64 2 68 62 77 92 90 36 17 100 72 79 4 95 63 42 99 94 97 18 14 74 83 89 11 3 9 45 66 37 53 40 85 98 84 96 38 39 35 43 70 23 10 51 69 13 49 59 24 27 5 60 15 12 20 19 81 28 61 47 78 22 25 30 50 48 88 31 57 34 1 16 76 21 41 46 65 26 29 58 75 91 6 87 82 86 33 67
13 14 19 63 15 91 66 40 1 97 59 22 24 96 20 31 80 30 82 92 9 47 49 78 38 12 8 28 88 89 48 86 27 41 84 99 75 45 64 70 7 94 95 58 5 81 23 26 56 74 11 51 93 16 36 87 25 53 85 43 65 68 6 32 90 50 46 33 52 69 42 60 67 62 54 79 98 18 39 71 76 2 34 17 44 77 37 61 3 83 73 4 100 35 72 21 55 57 10 29
21 13 53 97 98 34 88 15 2 76 11 100 99 95 56 59 18 32 24 14 90 28 64 1 77 43 38 10 85 61 20 42 74 70 93 51 52 67 3 84 25 17 87 36 96 46 60 45 50 80 69 62 89 39 66 91 65 23 8 81 79 78 83 37 26 55 68 35 41 22 49 48 16 6 92 75 57 33 58 54 30 7 73 12 86 29 9 40 5 27 94 63 82 47 4 44 71 72 31 19
77 71 45 8 40 67 60 41 85 64 7 82 75 34 79 32 19 50 18 2 95 49 30 39 61 13 99 15 69 36 4 23 10 33 42 87 48 94 90 52 37 44 70 9 80 6 86 46 81 35 22 97 27 5 68 93 38 84 91 100 83 11 66 92 58 47 25 59 14 21 96 62 1 53 24 55 3 17 98 65 74 57 54 43 63 73 26 51 28 72 76 12 89 56 88 20 29 31 78 16
67 25 11 92 97 21 16 31 93 46 86 58 36 42 65 47 48 96 20 90 64 2 10 88 32 80 55 98 41 99 9 7 28 14 27 8 49 53 52 57 60 66 51 45 38 26 59 40 76 89 19 18 100 79 43 61 83 75 71 23 62 74 1 85 95 84 94 37 78 15 33 82 72 30 5 29 4 73 13 3 91 44 68 24 22 17 69 70 56 50 6 39 12 54 87 77 63 81 34 35
19 69 59 17 12 26 75 11 63 73 94 37 100 66 35 61 6 93 99 45 48 83 20 16 81 70 62 72 74 9 56 31 42 60 34 55 76 46 43 32 24 77 13 51 92 10 5 89 71 98 30 40 65 38 33 67 90 22 80 57 97 84 53 21 88 25 27 8 68 82 15 28 54 95 2 14 41 50 3 29 36 96 86 85 39 4 23 49 58 7 18 52 44 64 78 1 87 47 79 91
22 27 60 38 53 49 96 56 78 89 42 48 92 6 21 70 54 57 15 86 5 63 23 4 95 33 41 44 76 55 80 61 85 73 71 67 39 32 82 16 20 50 28 17 2 72 37 10 1 9 97 93 51 34 75 83 58 40 52 35 18 77 90 99 62 65 24 13 69 12 47 79 8 84 94 7 29 19 59 81 66 43 88 87 74 30 11 64 100 14 91 3 68 45 98 31 26 36 46 25
18 80 63 86 77 83 20 57 72 62 84 6 27 47 95 40 82 59 22 7 37 54 55 44 8 1 97 94 87 78 45 85 12 71 58 79 69 88 17 75 42 36 16 56 15 38 14 4 21 90 51 39 53 43 60 52 67 64 13 61 19 35 10 98 41 81 73 91 93 34 74 89 50 66 96 70 26 23 31 49 28 11 24 9 25 32 48 100 29 65 3 33 46 76 5 99 68 30 92 2
4 24 85 58 56 70 53 69 40 35 68 97 63 11 32 79 81 43 65 23 26 82 88 100 29 19 34 25 48 50 30 96 78 3 15 41 18 64 42 49 12 22 8 59 54 51 46 67 44 87 7 38 55 6 5 1 74 91 17 10 31 72 2 57 20 27 45 95 36 99 90 9 21 86 60 98 33 84 83 47 73 39 66 62 71 16 89 37 92 94 61 77 80 52 28 13 75 14 76 93
6 96 97 87 1 66 18 29 24 41 60 15 61 70 14 39 26 5 19 98 4 56 27 94 99 100 11 77 67 57 13 81 30 43 75 28 21 84 22 50 63 76 55 35 36 3 32 92 68 59 80 78 16 53 2 88 48 47 9 65 17 7 89 69 54 45 37 62 95 49 23 71 40 20 42 38 34 64 93 74 83 85 72 33 73 86 8 79 25 10 44 82 91 58 31 52 46 12 51 90
55 73 67 62 2 89 44 84 81 8 63 1 11 53 83 99 43 69 59 21 66 32 82 87 15 58 29 85 54 3 79 51 13 76 14 95 60 65 46 7 97 30 49 22 50 90 80 52 33 71 36 88 25 78 94 28 72 27 75 37 64 48 93 6 4 18 35 77 9 5 68 26 39 47 10 61 92 38 56 41 17 98 31 74 40 20 34 23 45 42 24 86 16 12 19 100 57 70 91 96
73 40 90 84 11 25 69 77 15 87 14 83 32 85 46 26 29 98 76 38 74 99 53 68 89 8 60 66 37 70 16 44 43 58 78 27 22 52 94 36 45 64 4 86 21 41 1 51 23 72 28 9 39 59 54 7 75 95 5 42 33 47 18 61 97 62 31 56 50 71 91 100 93 48 67 17 20 49 34 24 63 65 6 35 13 96 12 10 80 57 30 79 3 55 81 2 88 82 19 92
56 72 29 14 46 51 73 23 21 96 28 19 60 62 15 90 86 22 42 6 50 66 71 84 100 85 24 83 5 68 92 89 59 36 55 78 98 87 41 64 67 99 39 12 93 63 40 7 13 61 49 74 79 80 91 16 70 10 45 27 38 82 95 54 25 3 43 97 18 65 76 31 26 77 53 33 94 81 69 34 11 47 9 32 17 88 58 1 52 2 20 35 37 30 44 75 48 4 57 8
88 93 47 99 62 48 67 53 51 70 57 26 25 8 31 12 5 58 54 39 68 38 69 71 44 92 83 20 17 74 11 60 90 78 45 3 35 2 77 22 75 59 37 14 66 16 89 19 7 95 100 65 13 94 46 42 24 76 33 72 73 28 55 27 32 4 82 79 91 50 36 85 81 1 23 34 96 97 43 86 15 10 30 52 6 87 56 9 49 29 98 40 21 80 18 41 64 84 61 63
49 87 64 74 23 82 24 3 77 38 17 63 70 39 41 5 92 34 48 67 93 76 85 58 40 9 59 11 68 30 88 8 99 72 7 52 31 43 35 91 26 27 29 60 4 96 22 97 95 28 1 57 62 90 73 12 18 25 79 6 10 44 54 55 78 94 71 81 98 51 20 75 56 46 83 2 21 61 47 100 84 16 15 80 32 37 45 42 66 86 36 69 33 19 65 53 14 50 13 89
97 38 93 51 74 36 68 94 69 75 54 24 89 13 25 33 34 70 100 31 6 88 76 65 73 20 5 46 86 21 2 43 84 35 41 66 4 85 59 55 23 42 67 80 53 48 64 9 16 62 45 30 99 77 52 82 63 92 28 98 61 22 60 56 7 95 91 96 3 15 71 27 12 81 32 1 58 14 44 11 8 19 37 26 49 18 40 90 50 47 17 78 87 29 79 57 39 10 83 72
20 47 30 66 14 44 63 97 50 86 18 38 23 87 2 8 31 51 36 81 24 92 84 17 83 10 1 57 55 88 53 74 3 82 94 60 27 62 91 99 5 49 9 29 32 22 7 21 75 79 73 52 48 46 25 39 37 71 34 35 58 15 68 80 76 26 77 54 90 96 41 69 98 28 64 4 56 40 89 13 78 70 12 19 33 11 100 72 42 61 85 6 95 93 45 43 67 16 65 59
89 64 12 53 94 18 81 83 61 47 76 42 74 21 28 98 39 55 60 54 10 20 96 40 23 24 38 14 71 31 63 36 58 100 69 91 3 80 2 73 85 8 7 79 34 77 70 95 87 26 50 25 84 27 6 35 52 45 1 41 11 37 33 43 30 57 90 49 32 82 92 67 97 15 88 72 66 44 99 17 86 68 13 59 62 93 16 48 9 46 4 19 29 65 51 5 56 75 22 78
9 34 25 40 8 92 30 7 49 22 67 93 62 91 3 60 73 74 69 16 51 12 18 20 72 38 33 54 63 83 96 15 70 84 66 6 80 31 26 17 36 55 71 13 99 4 68 24 64 81 56 89 46 52 37 43 39 48 50 21 47 76 87 44 1 19 97 75 29 86 10 35 94 98 82 23 32 85 14 78 2 59 11 65 42 61 90 28 41 45 57 58 79 53 100 95 27 5 77 88
39 32 42 38 79 81 72 33 98 66 45 34 10 69 26 88 44 76 8 82 87 25 61 28 71 49 47 48 3 20 31 83 1 63 64 14 11 75 30 18 58 21 12 41 77 91 50 94 37 17 62 24 5 54 23 97 22 100 40 89 6 65 35 9 16 85 70 15 92 73 86 7 51 56 80 99 59 68 90 46 27 36 29 60 57 95 52 2 19 4 74 55 43 84 67 96 78 53 93 13
5 41 39 57 6 33 79 74 44 32 93 36 77 28 99 83 94 29 75 52 84 27 68 97 96 73 54 2 91 22 59 45 56 24 25 49 26 7 12 63 17 31 47 65 71 1 95 78 62 19 46 42 98 69 76 23 14 37 16 55 92 40 67 13 9 11 86 60 100 90 81 72 70 64 34 48 38 88 4 87 80 51 89 21 82 8 53 43 61 30 66 18 58 20 35 3 10 15 50 85
46 3 75 78 29 50 4 28 58 42 38 2 48 89 71 97 9 17 21 35 72 85 80 33 64 90 70 68 73 82 19 67 92 94 10 30 83 40 27 25 54 69 81 8 45 62 76 84 20 7 86 61 66 88 63 36 5 49 100 95 39 16 52 26 24 44 22 1 56 41 6 18 31 11 98 53 65 37 51 91 32 99 96 55 15 74 57 87 13 12 60 14 47 79 34 23 93 59 43 77
24 6 16 70 49 14 3 80 28 11 29 78 81 52 33 86 99 85 66 46 32 45 48 7 79 1 57 23 97 84 44 75 100 50 20 35 37 54 65 53 47 58 61 39 89 9 72 62 36 34 64 13 73 12 74 71 8 4 69 56 98 92 26 31 2 67 96 42 59 93 15 87 43 63 51 83 5 76 60 19 77 94 25 22 88 68 95 21 91 90 55 30 17 82 38 10 40 18 27 41
99 79 15 93 27 22 56 65 97 83 20 61 98 26 11 46 3 66 16 49 1 14 63 77 13 95 28 70 96 29 94 30 21 91 17 42 87 6 19 58 34 57 32 7 33 2 78 80 45 50 85 72 38 24 44 64 82 81 59 51 68 53 92 74 84 73 12 9 31 36 18 41 75 55 4 5 89 8 23 76 90 52 10 37 43 39 35 69 67 25 100 60 54 88 86 48 47 40 71 62
63 18 100 36 89 10 65 17 54 4 71 14 55 27 73 95 96 19 72 78 41 67 81 13 74 42 82 79 8 66 91 58 94 16 11 56 90 24 47 2 68 62 76 25 28 33 75 98 49 64 15 84 26 40 59 92 3 20 60 5 37 32 80 35 39 43 48 6 85 46 12 97 52 34 29 50 23 70 93 9 51 31 87 45 77 57 38 44 1 21 53 99 61 86 69 88 83 22 30 7
81 39 3 1 19 42 58 64 73 44 80 99 37 83 6 34 55 88 46 10 33 16 45 29 49 53 72 51 90 5 32 35 69 27 74 77 56 68 7 97 4 13 14 50 11 70 98 43 18 25 9 85 2 84 86 8 60 36 22 87 75 31 48 89 15 78 40 63 21 79 61 82 41 38 95 59 62 24 57 28 47 67 92 66 12 54 30 96 76 91 71 93 20 26 23 17 52 100 94 65
59 28 40 94 58 73 43 14 13 95 33 51 96 45 80 91 1 89 68 12 53 97 3 11 42 84 36 65 50 67 70 9 17 75 24 74 72 71 78 90 87 47 23 4 98 86 85 34 38 93 55 8 61 19 56 63 49 7 20 27 81 52 29 41 18 99 88 35 76 16 57 32 62 60 26 37 79 46 31 5 30 21 82 77 69 2 66 15 48 64 39 10 6 44 92 54 22 25 100 83
91 61 28 60 37 12 85 54 11 25 4 9 52 43 24 6 59 63 86 1 30 42 73 67 35 77 20 5 14 94 62 66 46 93 18 58 99 70 95 26 56 10 27 71 55 13 88 48 72 57 39 21 92 81 19 50 44 31 47 49 53 75 100 36 23 97 51 2 34 22 87 17 74 8 65 16 78 3 64 69 98 89 40 96 38 76 32 80 79 15 41 82 7 90 29 83 45 68 84 33
45 74 89 16 25 65 100 19 95 94 69 60 39 56 67 3 62 44 50 27 20 6 35 54 28 93 52 38 2 40 21 33 4 8 53 73 12 23 99 82 41 7 48 76 51 75 87 55 10 36 37 91 43 31 80 29 88 64 24 59 9 14 96 84 49 86 92 58 57 81 77 47 5 42 97 30 1 72 70 90 46 26 18 98 66 13 68 22 71 78 85 79 63 83 61 32 34 17 15 11
100 11 51 54 10 24 47 12 87 39 66 17 71 65 16 76 13 79 91 26 62 55 70 5 57 78 35 29 85 69 99 68 25 83 93 45 9 4 84 40 82 3 22 1 42 74 19 14 63 46 89 60 44 21 88 72 38 96 2 33 56 50 23 75 31 6 52 94 30 95 8 86 34 36 48 32 18 43 58 15 59 37 27 49 28 81 77 20 53 97 67 80 90 7 73 41 92 61 64 98
50 20 87 72 22 69 17 71 82 81 99 32 95 7 74 27 83 86 1 25 56 77 12 68 11 91 78 96 28 97 18 85 15 54 9 75 41 10 4 8 89 94 84 46 39 5 79 23 52 88 61 64 59 45 13 44 98 76 19 66 93 2 38 3 14 60 21 80 42 57 29 34 58 67 73 47 40 100 16 35 62 90 53 36 92 6 63 26 43 33 49 24 65 37 70 31 51 48 55 30
48 83 34 5 80 29 49 66 52 68 78 72 73 61 4 35 41 100 37 74 99 71 46 31 38 2 56 75 9 33 7 63 50 18 23 12 47 20 11 32 88 14 77 42 94 25 6 86 51 24 87 59 81 82 21 95 84 22 85 70 54 43 3 30 62 96 65 93 39 19 17 8 15 79 45 89 64 76 53 98 27 92 28 1 16 69 60 91 10 40 55 90 67 57 97 36 44 13 26 58
54 48 49 3 30 7 98 39 79 34 40 46 2 73 53 21 87 62 74 92 64 84 52 83 66 85 100 36 58 16 89 82 88 1 12 11 77 33 50 28 51 37 75 24 22 65 55 56 57 32 44 86 17 4 29 15 81 8 27 61 72 13 25 59 41 38 47 20 26 99 78 19 95 9 18 91 31 68 96 70 5 71 97 67 76 80 6 60 90 93 69 45 94 63 10 14 42 43 23 35
38 2 65 99 71 78 80 44 48 21 79 5 66 68 70 9 63 12 26 95 45 18 47 94 7 17 86 37 83 98 34 41 49 97 59 33 67 13 20 6 92 72 60 31 62 42 10 77 25 1 40 76 87 8 100 73 28 27 23 90 96 30 69 16 55 39 14 3 61 88 19 85 29 82 43 35 11 64 46 50 56 58 4 84 22 36 74 53 81 89 32 15 57 24 54 93 91 51 75 52
30 76 82 20 18 84 57 4 41 27 8 69 72 54 13 80 36 7 53 64 43 21 87 55 60 51 98 62 6 10 35 31 34 28 88 81 59 22 66 16 65 70 71 93 14 100 58 99 96 5 29 26 56 67 15 24 79 47 78 42 46 91 39 12 33 61 83 25 94 89 49 68 38 23 11 92 44 85 75 95 45 74 3 86 97 32 1 52 40 73 2 17 9 48 63 90 19 77 37 50
3 66 9 79 93 57 78 76 4 23 96 65 21 84 60 100 97 35 12 18 25 81 32 91 68 40 44 13 16 47 33 46 24 53 42 59 89 39 80 98 83 51 92 75 38 41 1 90 67 94 34 28 72 11 26 77 10 6 58 20 74 70 55 15 29 87 50 19 5 71 56 62 45 22 69 31 48 52 63 73 43 8 17 2 30 49 82 86 95 88 7 37 85 61 64 99 36 54 14 27
57 50 72 15 42 97 34 67 32 98 64 77 65 59 75 7 30 4 94 37 26 93 5 8 21 79 53 78 13 68 58 2 9 95 91 69 81 17 82 14 1 99 80 52 24 76 38 36 60 23 33 92 40 27 51 25 85 87 84 3 90 62 44 88 19 31 100 56 54 43 55 10 61 89 6 96 35 74 66 83 11 45 70 16 86 63 41 46 18 48 29 73 39 22 49 47 28 71 12 20
98 81 27 56 47 75 92 70 31 67 25 86 9 63 55 45 14 33 61 22 13 19 6 51 53 21 88 30 41 100 3 95 26 37 40 24 17 96 73 64 48 11 97 89 79 34 32 49 58 77 66 7 28 16 87 71 4 1 99 39 36 12 15 65 69 5 10 42 43 83 60 44 82 91 57 62 90 38 59 20 18 23 35 85 78 2 93 84 54 52 94 29 68 46 74 50 72 76 8 80
43 12 99 52 41 54 45 91 39 78 48 25 8 98 94 81 24 95 89 28 23 13 31 86 33 56 4 21 38 63 72 88 37 2 79 71 85 18 1 55 70 65 66 16 83 36 46 74 92 35 67 22 32 30 17 51 6 60 49 10 40 9 47 19 68 90 34 50 53 87 3 27 14 100 15 84 69 96 7 57 42 82 20 29 58 11 61 59 62 75 76 26 97 77 80 64 73 44 5 93
85 65 35 30 95 9 40 52 6 45 1 98 58 10 8 15 33 94 73 24 82 29 19 36 63 99 67 80 71 56 54 89 83 44 46 57 20 50 16 22 18 64 55 37 47 79 91 42 68 27 76 14 77 7 90 69 86 3 81 75 12 59 93 66 87 34 41 62 25 74 72 43 23 5 78 26 70 88 61 31 2 28 21 38 48 51 13 17 60 100 84 39 92 49 96 4 97 11 53 32
35 45 33 41 38 93 26 10 36 91 92 21 83 22 37 20 66 9 87 90 15 8 75 46 85 44 12 24 80 72 49 34 47 52 76 63 53 61 31 2 39 5 50 99 30 14 68 58 27 40 74 16 94 60 69 6 54 67 57 4 7 51 64 73 43 32 78 89 71 28 42 48 18 17 77 100 84 70 88 62 97 29 79 11 3 86 98 56 55 23 81 65 82 25 59 1 13 96 95 19
22 53 58 18 82 40 50 60 29 17 11 31 79 74 46 4 37 28 43 77 68 69 44 92 62 12 41 32 10 7 100 27 61 45 65 5 33 86 8 89 14 76 39 6 85 99 13 15 35 84 54 56 90 38 97 1 96 88 63 23 70 71 49 2 26 9 81 51 64 42 47 98 93 73 94 87 25 72 34 36 55 91 95 83 67 30 78 57 75 19 66 3 24 21 48 59 20 80 52 16
26 90 11 61 54 38 87 78 56 28 97 82 33 23 58 73 88 76 6 48 77 60 93 71 80 19 21 64 55 37 57 62 66 47 31 92 25 8 79 49 85 96 9 68 59 52 89 32 4 39 95 20 10 3 70 22 42 29 98 41 30 27 1 53 81 24 44 13 7 12 67 40 100 72 36 65 43 75 50 84 91 17 63 14 94 16 15 83 34 69 51 2 35 74 46 18 99 86 45 5
89 44 85 86 76 42 16 98 96 33 12 22 26 38 18 84 17 20 71 2 65 94 66 80 30 43 40 81 68 59 95 39 53 79 5 83 92 72 23 99 64 27 54 91 46 60 48 47 6 10 35 63 29 61 82 62 9 97 25 73 67 87 8 70 21 36 58 57 77 45 37 49 7 50 1 88 100 24 13 41 19 69 90 55 4 93 11 32 78 28 74 52 56 34 75 51 15 31 3 14
52 27 42 97 3 87 71 90 93 92 81 20 88 80 32 49 91 55 13 5 47 62 17 56 24 72 10 15 99 25 76 48 44 69 68 98 23 59 53 60 83 12 58 9 29 1 82 75 31 89 63 11 54 95 14 61 33 66 45 18 22 8 65 77 40 35 4 37 67 26 73 21 30 7 43 57 41 100 36 6 34 64 38 28 96 74 19 51 94 79 16 86 84 50 78 2 70 85 39 46
71 59 21 24 67 12 69 27 85 7 44 43 55 30 34 89 95 11 52 72 16 73 33 99 14 6 74 42 76 17 25 29 77 4 81 50 94 9 64 68 26 66 53 83 41 22 62 3 65 56 38 75 60 13 92 84 80 10 51 54 100 97 48 58 37 49 15 1 2 23 39 57 96 90 28 78 8 20 79 47 40 88 32 45 98 35 70 19 86 5 61 63 46 91 36 87 82 93 18 31
78 36 12 81 90 16 54 58 47 52 51 70 44 75 93 26 79 31 23 45 98 37 8 53 71 13 87 34 100 99 77 61 73 41 84 80 28 29 10 15 32 55 19 49 3 2 56 38 1 9 20 35 18 57 96 66 97 21 30 72 14 33 62 25 65 63 11 59 42 69 95 50 83 94 48 39 68 43 24 85 76 4 22 82 5 88 64 6 74 17 91 40 89 92 27 86 60 67 46 7
82 75 29 64 17 58 79 15 25 9 98 87 22 81 69 31 47 80 28 36 48 42 57 93 99 18 63 52 39 46 74 51 67 59 33 44 62 1 41 53 84 24 5 10 13 38 76 30 85 14 91 6 86 2 78 68 71 83 11 65 77 35 4 49 90 43 27 23 70 100 21 73 20 96 45 60 72 7 55 34 66 12 89 26 19 95 50 61 37 8 40 56 32 16 94 92 54 97 88 3
45 100 93 96 1 10 88 30 14 18 34 85 3 44 52 20 35 82 98 84 81 24 83 66 32 74 26 2 56 61 15 19 31 86 60 4 40 5 9 90 80 46 63 58 71 16 95 22 8 37 42 38 7 23 64 43 69 94 91 48 12 17 89 87 28 59 65 29 68 72 97 79 99 41 51 67 50 49 77 11 57 33 53 21 39 6 54 62 70 92 78 55 76 75 13 73 25 47 27 36
2 43 47 63 39 30 37 73 78 23 83 3 65 82 17 92 71 81 7 57 44 45 34 62 61 50 99 27 94 55 52 86 20 56 87 70 76 74 100 67 15 32 16 97 42 48 72 51 54 66 11 90 75 35 58 89 40 59 13 96 1 49 5 33 36 93 68 91 19 21 24 77 28 25 26 46 22 8 6 80 60 85 84 31 29 14 10 12 98 18 4 64 53 38 88 69 9 95 41 79
56 86 78 66 63 24 62 72 1 42 82 13 21 93 12 14 60 19 84 41 75 35 100 18 45 80 23 94 88 9 51 87 81 98 27 47 61 85 29 91 70 92 11 40 89 8 44 53 46 4 55 36 58 20 16 39 99 38 52 7 74 67 2 64 76 30 48 95 5 34 83 37 68 57 50 22 26 54 73 49 10 3 28 65 71 69 96 33 15 59 25 77 79 6 17 43 90 32 31 97
25 92 90 7 15 48 94 87 17 31 68 16 64 5 84 4 32 100 70 14 63 76 28 88 43 27 55 85 81 89 57 72 29 20 6 97 39 3 12 75 65 56 13 23 45 10 37 96 61 79 41 47 99 50 98 93 24 95 38 21 40 83 19 11 66 73 80 78 49 44 53 71 26 59 34 36 54 46 67 91 33 18 1 22 74 8 9 77 35 51 58 69 42 60 52 62 30 82 86 2
75 16 66 17 73 14 72 34 18 54 35 30 8 85 41 93 11 74 49 86 78 21 26 1 31 70 15 50 91 38 7 65 36 89 13 62 82 64 87 28 98 42 37 57 25 9 84 46 47 71 51 83 96 94 22 80 95 56 68 2 53 5 59 99 88 27 60 6 97 3 100 61 43 58 92 77 39 40 20 44 90 10 33 19 63 81 69 29 12 32 24 4 55 23 45 52 79 48 76 67
5 9 34 92 44 65 68 75 19 4 86 18 93 2 35 6 85 66 15 91 57 99 29 79 1 45 25 71 43 52 87 84 24 49 3 100 74 38 39 7 88 81 62 56 31 51 59 78 76 61 8 46 73 48 17 23 11 70 77 36 72 60 14 10 95 26 50 69 41 37 96 53 16 27 97 80 40 98 30 90 13 22 67 94 42 82 89 64 54 55 20 12 28 33 47 58 32 21 63 83
24 63 100 58 61 73 22 37 86 89 94 65 56 15 71 2 69 88 51 80 91 67 30 78 95 34 49 48 5 70 90 13 82 57 19 32 55 35 21 50 45 29 38 64 28 26 6 10 11 76 92 93 43 41 97 42 59 77 9 40 16 96 72 7 52 79 83 18 87 47 54 31 1 99 14 66 4 3 39 74 8 68 20 62 44 84 81 75 85 23 60 33 17 36 12 53 27 46 25 98
9 15 88 13 27 96 29 11 52 21 77 26 53 3 47 100 99 93 82 83 90 38 64 7 37 65 43 66 4 19 97 42 98 71 92 1 45 16 32 73 14 63 76 51 81 20 86 89 70 67 30 58 72 49 69 24 48 91 62 57 36 41 84 85 59 95 46 79 40 60 33 39 78 55 25 44 23 12 56 28 87 2 68 61 80 54 5 94 10 8 18 74 75 35 31 34 50 17 22 6
51 56 25 95 46 15 8 41 69 66 88 1 48 47 30 7 55 39 58 32 17 12 62 16 75 33 71 10 26 78 34 92 54 74 83 94 96 19 27 63 23 44 4 35 2 70 36 28 84 80 22 45 64 59 100 37 90 42 87 43 38 86 24 65 79 40 82 52 93 29 76 89 57 5 73 85 49 99 68 20 77 11 97 50 21 67 98 3 60 31 53 6 18 72 9 13 81 61 14 91
63 69 28 84 83 2 73 100 40 22 58 72 10 71 49 91 38 92 57 62 31 77 27 59 70 47 11 86 30 24 8 18 16 68 44 89 48 32 94 6 81 4 7 45 15 65 67 9 41 95 19 14 39 90 21 98 35 13 97 55 54 93 26 82 3 66 87 53 78 20 43 12 85 80 5 64 34 61 74 50 75 99 17 60 88 96 56 76 1 36 52 25 37 51 79 33 46 42 23 29
88 71 19 74 79 69 91 13 64 5 24 84 59 45 73 12 14 30 29 23 35 50 38 4 63 18 95 53 15 58 61 25 83 21 54 43 32 60 55 33 17 39 28 65 92 46 7 1 72 90 57 42 2 86 99 47 70 40 94 81 93 11 10 77 100 67 76 9 89 49 34 52 56 75 22 68 97 37 87 3 78 16 85 66 31 36 26 27 41 80 8 96 48 62 6 44 20 98 82 51
100 36 2 53 6 51 27 31 73 64 85 42 72 48 68 84 61 29 90 7 9 11 94 41 4 8 62 46 65 63 99 23 50 76 56 93 49 66 22 25 34 75 67 20 83 91 54 87 79 16 43 24 55 45 74 86 89 92 80 37 88 18 82 32 44 78 14 96 12 59 70 13 33 30 39 57 5 97 81 77 15 52 40 10 17 38 71 1 21 28 3 35 98 47 69 60 26 58 19 95
61 14 45 12 65 33 42 55 20 1 62 2 73 52 31 99 36 85 56 38 89 82 49 39 47 100 79 68 93 74 54 4 32 53 51 41 75 83 46 84 92 22 29 21 16 67 63 24 10 59 97 78 77 34 70 72 58 71 64 80 7 81 66 27 8 5 35 15 86 50 26 76 69 96 23 6 18 48 3 98 44 25 87 90 13 37 60 40 43 95 57 94 91 9 19 11 88 30 28 17
19 13 36 62 89 66 96 88 16 46 47 54 27 11 99 61 83 63 5 39 50 56 79 2 42 29 73 65 49 51 72 1 22 78 55 68 52 20 91 40 87 77 3 17 93 33 25 7 23 74 59 60 28 80 76 31 37 44 75 6 9 82 90 18 34 45 94 8 69 97 98 26 12 71 70 48 84 81 43 86 67 14 4 32 35 57 85 10 53 100 30 38 95 24 58 21 64 15 92 41
68 12 81 6 52 64 4 35 63 83 10 62 82 95 77 3 96 22 79 84 49 8 71 25 92 33 89 23 37 90 5 60 44 28 41 27 65 94 70 45 36 50 78 48 66 15 16 74 86 54 1 20 93 98 87 46 39 75 69 30 56 47 53 55 58 85 13 24 34 76 38 11 32 100 42 51 31 14 99 67 7 19 88 80 73 59 61 57 91 18 17 9 21 40 97 29 2 26 43 72
50 93 64 35 11 22 67 82 87 78 39 38 58 96 6 88 27 70 2 52 79 84 12 90 74 21 32 5 3 23 100 73 85 97 66 69 20 55 26 18 54 17 95 41 61 25 14 48 56 30 45 7 63 29 4 16 65 51 71 19 98 68 60 76 47 62 31 43 81 83 46 28 92 42 53 1 8 15 91 57 80 34 10 59 99 94 37 49 9 75 13 72 86 77 44 24 36 40 33 89
39 89 94 14 53 56 75 48 15 35 45 90 49 42 85 30 19 32 99 59 4 27 88 28 97 6 9 83 77 100 91 21 17 11 84 63 73 50 74 41 46 8 12 79 69 93 22 43 71 24 61 72 66 5 96 82 10 2 16 98 31 78 95 58 7 64 20 26 54 65 23 57 34 1 44 76 3 62 29 87 36 47 18 52 25 33 55 38 40 37 86 81 80 60 70 67 68 13 51 92
32 50 96 88 10 89 20 40 4 11 59 60 66 83 2 62 57 12 91 77 95 25 85 84 72 80 90 79 51 6 3 81 1 42 23 98 27 8 65 97 47 35 52 24 55 36 78 14 16 26 94 71 46 39 92 63 22 18 17 53 19 7 9 61 45 37 21 33 82 44 68 15 5 34 87 38 56 67 69 29 73 31 70 76 28 58 74 13 48 41 75 100 43 64 99 49 30 54 93 86
37 20 68 71 3 92 93 56 49 98 42 25 61 91 95 33 10 59 84 36 5 32 31 65 28 64 34 11 90 26 77 96 30 54 15 57 50 46 7 8 35 79 1 12 99 82 39 55 13 86 80 89 48 47 27 17 74 62 24 88 52 22 67 9 2 60 45 97 21 23 41 72 14 76 4 29 69 19 83 78 63 44 66 53 40 87 6 70 18 94 73 51 16 38 81 75 85 43 100 58
49 95 39 72 19 82 55 30 54 34 90 88 46 43 56 32 26 17 28 11 74 18 76 42 7 24 98 93 86 50 21 40 61 83 78 37 66 52 2 57 27 31 51 94 14 63 87 36 67 91 15 62 16 79 71 92 6 85 33 5 81 100 70 25 1 12 75 60 53 3 99 59 13 58 29 41 64 23 89 9 47 65 96 4 97 68 45 35 80 38 44 48 84 69 73 20 10 22 77 8
81 80 97 40 56 62 35 58 51 38 70 93 87 98 27 39 3 41 74 31 37 6 5 13 79 89 22 12 69 21 33 44 67 24 45 85 43 2 20 17 4 26 8 86 30 14 10 19 48 72 28 15 82 77 88 59 75 25 60 71 64 34 68 73 9 11 84 46 61 7 91 100 52 63 47 99 29 66 94 92 1 23 76 96 49 18 65 53 95 32 36 78 54 57 42 50 55 16 83 90
91 41 3 20 74 25 11 92 21 63 76 78 33 39 64 34 86 24 72 70 54 1 2 5 48 13 8 30 97 57 58 77 69 14 71 32 16 47 50 98 67 59 49 31 7 4 80 95 22 28 38 9 18 53 94 26 52 17 79 89 62 42 96 56 46 99 40 68 43 87 60 88 45 23 82 75 66 44 10 83 51 90 37 35 93 29 12 84 65 27 100 19 73 55 15 81 6 36 61 85
54 75 37 87 62 49 18 74 36 81 7 20 32 35 24 90 93 8 76 61 71 60 6 77 96 58 88 51 83 28 15 84 99 59 89 44 22 45 47 14 66 34 70 42 78 3 64 26 25 23 67 92 40 52 10 29 72 55 1 100 46 43 27 11 38 97 39 2 57 5 80 98 48 17 31 82 94 41 85 19 16 21 86 9 30 50 63 91 56 79 69 68 12 33 4 95 73 53 13 65
73 96 15 85 38 26 53 69 95 47 94 19 11 65 14 44 82 89 6 28 66 63 55 97 33 42 1 70 48 22 18 99 25 3 12 80 62 10 75 51 68 49 87 59 34 13 40 23 50 7 64 21 79 46 29 30 61 45 57 20 37 76 100 92 27 4 52 58 74 17 90 24 36 72 88 84 83 56 71 43 86 67 31 77 91 39 93 16 81 60 98 5 41 35 54 9 32 2 8 78
97 16 59 1 49 80 43 23 28 41 78 34 81 36 3 83 29 4 95 46 72 66 8 27 89 91 100 76 74 93 65 45 31 44 64 5 32 7 42 20 51 82 47 77 40 38 2 6 57 84 54 18 26 21 13 70 60 15 86 87 11 53 52 69 35 19 22 63 85 62 71 9 58 94 96 55 17 90 30 73 50 39 12 14 33 61 79 37 75 88 92 99 10 56 67 48 98 25 68 24
13 6 58 91 41 18 66 49 98 90 86 37 89 60 61 21 9 79 53 16 34 55 33 26 57 27 4 69 67 97 70 88 77 2 74 24 72 59 85 52 56 44 15 36 31 78 5 17 45 99 87 51 94 12 19 50 68 23 8 38 96 54 71 30 20 3 92 93 25 81 32 7 40 64 80 14 35 84 47 46 28 42 11 83 43 1 48 29 62 73 82 95 63 75 76 10 39 100 65 22
46 38 16 93 25 36 44 29 2 80 35 24 83 66 26 11 13 40 22 32 23 69 82 54 21 9 15 99 50 98 30 7 34 73 3 1 67 77 84 39 42 65 88 6 53 72 70 45 91 62 56 28 68 43 86 64 63 48 95 33 10 74 87 19 78 47 37 75 76 41 12 94 81 60 61 31 96 89 100 59 85 51 27 17 58 4 8 52 71 92 5 49 20 90 18 57 97 14 79 55
33 40 87 70 2 54 3 12 82 49 62 15 74 89 53 47 1 7 23 24 21 41 29 100 69 56 63 44 38 10 35 43 27 8 77 92 90 18 99 58 75 6 79 22 80 68 50 30 51 64 39 91 32 88 46 45 14 11 20 61 73 16 42 85 25 65 26 81 94 57 17 31 97 86 95 72 78 4 98 66 83 13 9 37 55 76 34 60 52 59 67 93 19 36 28 5 48 84 71 96
99 65 35 5 8 75 24 70 68 95 85 69 9 30 67 46 39 51 15 10 31 97 44 29 60 1 80 36 73 62 11 63 21 86 20 12 17 43 52 79 82 45 61 50 38 90 66 58 64 34 89 19 27 40 14 91 4 53 22 37 6 48 83 84 32 87 55 49 77 88 3 78 23 54 98 2 57 33 56 81 74 59 92 28 7 41 13 94 42 93 71 76 47 16 100 96 72 18 26 25
55 59 53 54 80 38 100 11 99 71 67 9 52 57 70 81 87 65 66 78 93 19 48 16 73 22 60 20 6 36 25 8 15 95 24 94 12 27 90 61 5 68 1 35 3 86 75 92 21 43 49 39 23 31 82 76 83 41 28 56 47 40 18 33 97 98 2 4 26 37 74 10 30 91 32 85 7 45 42 69 84 96 51 89 62 13 14 79 58 17 64 50 29 46 72 77 63 44 34 88
4 74 65 51 40 29 57 52 22 62 71 27 92 26 15 79 2 95 73 86 6 80 87 11 64 47 85 54 17 3 16 31 14 93 75 55 9 42 32 88 18 41 24 25 33 96 98 61 7 77 37 84 81 78 59 97 82 5 23 44 28 72 76 43 30 94 90 66 91 100 89 67 70 21 99 34 53 60 20 38 48 8 35 12 69 46 50 68 19 63 39 1 58 83 10 36 56 45 49 13
48 72 30 27 37 57 63 15 92 16 93 14 71 28 74 95 32 34 12 18 24 85 19 20 38 44 47 75 9 69 2 1 66 41 79 51 82 88 59 21 99 29 97 8 98 81 53 83 11 35 46 13 87 42 56 7 3 61 5 54 50 84 45 49 22 55 96 86 64 90 33 40 39 73 58 60 89 52 36 70 17 43 25 67 78 80 23 62 94 26 6 10 4 76 65 100 91 68 31 77
67 25 73 78 93 81 56 53 79 13 28 83 95 64 48 59 31 43 61 12 44 49 57 17 66 2 24 72 8 7 96 74 20 16 58 97 94 1 71 82 84 21 45 75 26 40 88 98 85 5 9 35 51 91 68 52 18 4 47 55 30 14 29 37 69 36 100 54 39 46 15 34 41 50 86 23 65 22 99 76 32 70 38 33 6 10 90 27 77 19 89 60 3 92 63 11 42 80 62 87
69 35 10 52 95 85 65 7 13 74 99 48 23 61 42 27 80 28 50 82 16 71 45 33 53 72 87 78 63 59 9 34 46 70 19 91 47 54 66 36 32 5 92 29 79 100 84 3 62 81 40 73 89 38 55 83 8 37 58 51 68 41 86 2 44 6 1 12 30 93 56 11 88 67 64 22 25 18 14 24 43 94 15 98 57 26 77 20 76 97 49 96 90 21 31 17 60 4 75 39
20 5 41 79 58 7 47 51 53 27 69 52 77 19 25 45 97 33 68 80 99 88 13 36 83 92 54 14 21 55 74 46 32 49 65 73 26 93 28 76 1 22 81 39 24 18 9 4 60 48 85 64 17 94 37 67 11 56 40 70 75 86 23 87 16 34 71 57 90 43 10 96 8 59 2 95 100 50 29 84 44 89 63 38 12 66 15 6 3 31 72 35 61 62 98 42 82 91 78 30
98 86 40 36 47 97 30 35 90 25 58 17 37 4 11 71 48 27 52 41 75 2 68 83 23 20 44 67 80 72 31 66 100 18 93 6 69 24 8 60 89 10 26 33 21 5 79 38 49 19 62 56 13 54 78 88 76 85 34 45 92 96 74 70 95 57 43 77 14 99 29 50 51 46 65 39 22 73 63 15 1 16 3 42 32 12 53 9 82 55 84 94 87 7 61 91 28 81 64 59
6 27 22 57 54 50 17 20 24 18 82 51 79 8 65 60 35 68 42 91 77 94 46 1 30 40 53 85 28 83 48 9 29 72 25 45 55 16 41 26 37 96 63 71 59 74 19 21 58 88 7 43 86 4 15 12 84 100 2 34 39 11 80 75 87 31 89 64 70 73 97 47 38 62 69 67 44 3 81 99 98 36 32 49 92 56 78 95 66 52 90 14 93 61 23 76 13 10 5 33
32 9 51 8 44 91 94 37 61 76 74 46 62 7 21 97 42 35 13 57 10 14 81 31 49 19 12 25 89 47 87 99 59 33 40 78 77 96 73 43 39 72 58 80 11 75 23 52 41 26 100 2 54 30 22 36 67 84 93 66 24 70 92 88 4 85 86 98 95 28 65 69 15 79 18 53 48 38 68 71 27 83 60 29 82 17 1 64 55 90 16 56 6 50 34 3 45 5 20 63
37 15 72 60 97 58 92 78 48 70 23 99 22 38 4 86 63 5 43 98 81 13 75 89 29 50 11 94 14 17 76 42 68 56 27 62 28 71 30 34 12 32 16 41 73 77 100 66 6 46 83 65 53 3 51 8 35 49 84 36 69 2 82 64 31 96 47 74 52 19 54 87 95 57 10 79 1 9 39 21 45 26 24 91 44 20 85 61 67 40 7 18 33 25 80 88 93 59 90 55
18 68 89 9 28 99 22 27 41 17 29 98 88 11 81 94 73 96 87 25 35 92 3 93 51 79 78 57 2 46 84 39 76 43 60 49 37 23 4 32 85 14 62 13 16 34 42 40 52 36 63 74 75 6 80 95 54 38 7 10 90 12 59 53 100 50 91 20 67 15 8 26 31 56 83 44 72 19 55 65 33 58 82 24 61 21 66 1 5 69 47 48 97 45 86 64 71 77 30 70
57 83 63 62 18 13 55 66 11 31 97 21 2 87 54 15 59 94 49 76 1 47 70 44 82 93 40 77 37 25 95 61 42 45 53 100 99 85 78 41 58 36 48 7 29 12 22 75 92 16 20 38 56 69 23 34 98 60 65 80 33 35 84 26 14 81 24 50 71 72 39 73 74 8 19 88 43 17 89 5 30 28 6 32 96 68 64 46 86 91 79 90 67 52 51 4 27 9 10 3
21 66 9 56 46 15 42 60 72 65 39 36 98 62 28 8 95 69 82 64 63 93 47 40 13 12 2 38 96 88 89 27 73 4 81 99 53 80 3 37 57 30 14 16 85 79 86 77 44 17 34 52 92 35 58 84 71 94 74 18 61 50 25 31 1 90 51 26 100 10 87 97 91 41 24 83 70 48 67 68 75 11 22 43 45 76 19 59 49 5 23 33 7 6 29 54 78 32 55 20
19 81 11 92 14 78 50 55 6 97 25 58 99 54 84 9 24 44 71 49 91 62 10 67 12 17 43 21 48 31 59 86 70 47 33 4 96 61 29 77 27 39 37 52 13 42 56 1 63 94 73 22 98 57 26 76 5 20 100 23 16 8 69 15 28 35 88 68 18 34 53 89 32 90 74 80 41 46 87 95 60 7 85 82 66 79 40 75 45 2 30 38 65 72 64 83 51 93 3 36
99 28 33 58 12 22 27 54 97 39 21 16 60 93 35 73 34 30 46 72 78 20 53 91 100 74 55 71 82 56 80 62 9 98 88 66 75 17 23 64 52 69 38 15 96 41 26 67 4 87 44 63 70 19 90 77 25 81 49 42 18 59 1 32 47 24 57 7 76 51 43 8 85 95 6 65 79 89 3 13 5 45 29 48 94 37 2 83 61 10 86 68 92 31 36 14 40 50 84 11
55 24 27 30 34 70 98 28 31 32 40 77 96 21 79 35 18 26 58 5 47 65 72 8 2 43 62 86 87 66 97 16 53 82 9 83 48 39 19 15 68 56 69 46 17 57 85 49 84 80 95 6 61 67 91 44 88 75 78 81 14 93 4 74 23 64 10 29 50 22 76 71 20 11 60 36 33 37 7 100 13 92 1 94 3 73 52 42 90 45 41 25 51 63 38 59 54 99 12 89
82 92 54 37 23 17 78 75 50 86 66 5 89 80 9 40 11 22 26 74 45 81 64 2 31 10 49 29 72 99 19 95 88 20 44 79 76 6 53 70 48 7 52 58 4 98 38 32 35 93 14 25 60 24 16 73 13 55 30 1 77 68 33 36 59 28 34 46 41 96 61 27 62 47 67 100 90 65 71 8 18 3 21 84 39 63 43 56 69 42 94 51 57 91 87 12 83 97 15 85
68 100 49 38 94 84 58 83 39 69 92 31 70 63 93 16 77 32 19 21 89 11 73 86 14 65 41 13 26 9 45 25 47 79 7 74 6 53 80 55 42 81 10 4 51 22 44 34 96 99 35 8 5 20 75 87 33 88 27 95 97 52 76 66 3 61 62 90 2 29 67 60 98 48 57 64 59 15 43 56 28 18 72 36 71 1 54 17 37 78 85 30 40 82 46 23 24 12 91 50
3 48 99 13 27 64 81 10 68 92 84 8 55 69 30 5 71 98 18 6 20 29 52 70 32 53 72 76 16 61 79 85 54 37 31 50 23 67 26 49 97 43 91 60 93 45 46 56 87 25 66 40 90 86 63 28 96 42 1 4 36 33 19 89 88 38 12 59 9 47 57 39 83 7 77 78 21 100 73 17 80 74 95 11 15 82 41 2 35 14 58 65 24 51 94 44 34 75 22 62
27 53 8 35 29 34 68 4 81 77 47 97 3 67 60 98 30 20 2 14 57 16 17 62 80 73 33 66 10 40 49 83 37 100 46 42 21 86 55 13 95 58 54 56 32 1 92 94 65 59 69 88 44 7 52 25 79 51 64 89 93 82 71 12 36 63 11 23 31 45 72 43 28 9 22 61 38 75 91 6 87 99 84 74 19 39 70 90 76 48 78 24 85 26 5 18 15 96 50 41
43 45 75 81 11 83 29 90 77 67 4 3 93 84 33 32 94 71 98 62 53 10 27 18 34 78 5 28 85 19 73 72 82 91 17 47 92 70 64 2 20 63 76 14 41 16 58 12 8 40 1 59 21 80 65 6 38 7 89 39 79 60 26 54 66 99 97 15 55 69 96 37 61 36 30 87 68 24 50 35 56 22 13 31 42 49 95 48 100 51 25 9 44 23 74 86 46 57 88 52
38 34 67 11 22 44 62 80 99 79 55 63 25 13 85 70 88 58 20 92 90 32 28 72 42 45 83 52 15 33 17 29 4 50 69 71 89 68 43 76 24 35 60 48 47 46 64 97 95 56 86 75 10 81 73 16 37 6 98 49 84 77 8 82 39 23 78 19 59 12 26 41 94 40 2 7 91 96 53 36 66 57 30 87 5 54 9 100 1 21 61 3 65 74 27 31 14 51 18 93
25 3 68 71 30 96 45 98 16 75 42 61 44 70 8 48 5 85 94 95 100 58 26 92 11 31 28 80 49 82 56 19 10 52 87 53 81 72 27 23 41 47 51 93 15 60 36 90 18 14 50 34 65 39 6 46 97 59 38 43 54 9 62 99 24 32 73 12 7 76 83 17 21 35 69 66 20 74 88 2 40 4 79 22 77 84 37 33 78 64 89 63 86 55 13 1 29 67 57 91
91 61 60 18 15 16 54 95 24 96 81 100 56 53 58 87 47 89 48 45 17 5 69 79 40 34 70 11 30 35 52 2 6 63 83 59 39 9 10 28 7 51 77 42 71 92 65 22 1 98 74 46 29 84 99 82 80 13 94 57 38 31 14 3 27 93 85 43 19 49 78 44 50 66 36 68 64 20 90 76 8 88 23 55 67 12 26 21 41 33 73 4 32 37 75 62 25 72 86 97
9 44 18 97 67 30 72 91 22 88 79 86 27 56 99 77 41 31 21 83 43 38 62 53 37 32 57 82 94 20 51 73 65 69 10 70 87 3 17 5 14 75 11 64 46 68 59 84 36 54 33 47 89 49 100 93 48 2 81 71 55 15 6 13 52 8 7 1 42 60 95 61 96 25 78 4 50 98 24 45 90 85 28 92 63 66 16 23 34 80 40 74 35 12 76 58 19 26 39 29
61 39 64 66 17 40 88 73 84 45 14 85 11 75 52 80 60 25 69 26 9 27 23 51 48 99 59 24 58 38 13 67 90 36 34 81 33 87 46 53 35 42 50 57 77 83 37 55 47 91 30 16 68 8 2 31 49 12 63 96 20 71 54 21 79 62 4 56 93 95 6 76 18 43 28 1 92 41 74 5 97 82 89 100 98 94 10 3 29 15 32 19 7 86 78 65 44 70 72 22
78 18 19 3 63 21 71 34 64 68 54 87 46 10 32 75 85 80 51 22 4 82 93 39 1 49 74 96 91 67 88 13 43 89 6 8 40 29 31 14 72 70 66 94 81 62 76 15 20 42 23 36 84 41 27 69 28 48 50 35 17 5 9 60 58 30 44 97 56 59 100 79 16 98 65 92 11 7 77 24 57 47 33 2 38 61 55 26 25 12 52 45 37 53 99 73 90 86 95 83
56 42 51 24 1 88 37 14 58 28 98 30 48 15 41 45 17 93 78 2 25 73 60 80 89 90 21 95 86 5 20 18 36 74 91 3 49 35 87 33 63 66 84 97 99 9 23 57 31 50 22 12 69 29 64 7 68 44 19 59 11 67 65 76 40 39 94 79 32 82 77 52 72 38 61 47 62 81 83 54 46 71 53 26 4 10 96 43 85 27 100 55 16 34 92 13 75 8 70 6
35 90 53 63 73 2 24 87 19 52 20 28 64 3 31 94 66 57 8 54 48 55 83 56 81 84 10 46 43 30 36 4 78 60 13 93 25 40 100 51 98 92 23 12 39 88 62 65 61 74 41 26 59 82 76 37 22 95 5 72 70 91 68 80 42 44 15 6 97 86 99 77 1 27 47 50 49 14 69 21 7 17 34 16 29 11 38 32 79 89 18 58 75 9 96 33 85 71 45 67
73 63 10 64 79 89 34 17 2 44 38 13 61 29 94 8 33 50 16 55 98 1 32 42 77 51 82 48 93 58 90 87 56 84 18 68 74 4 95 39 49 24 3 86 5 52 67 96 81 57 91 11 7 60 23 26 59 45 62 6 53 65 47 27 76 37 12 25 92 83 36 21 75 28 88 99 31 85 66 69 15 14 97 19 80 35 100 72 54 41 71 40 43 20 9 30 70 22 46 78
39 2 16 74 12 72 49 31 87 33 96 6 82 81 57 73 62 23 79 90 71 37 30 41 68 77 67 32 56 78 92 36 94 58 55 27 61 84 22 8 15 4 29 1 24 100 60 80 89 86 7 97 64 47 98 83 40 91 85 75 69 28 66 59 18 25 70 95 3 20 21 13 14 53 10 46 26 99 44 65 51 19 76 45 34 88 11 38 48 50 5 17 93 54 42 52 9 43 63 35
69 43 72 96 89 53 66 13 32 22 34 1 39 27 83 47 7 9 65 38 54 56 63 90 44 70 20 68 76 77 57 60 26 71 51 28 42 5 94 45 12 11 95 40 50 82 14 21 33 67 8 58 62 48 25 35 99 97 80 93 10 37 24 55 2 84 41 3 49 16 18 75 29 15 74 17 78 23 6 46 73 64 4 61 86 30 98 19 92 36 91 81 100 88 59 87 79 85 52 31
52 73 63 17 61 87 8 33 70 94 44 26 32 85 18 31 91 82 60 81 65 35 100 54 62 74 25 34 41 51 7 21 49 57 5 67 14 30 1 84 83 64 19 72 22 40 16 4 46 37 89 42 96 59 97 80 6 71 23 3 28 92 90 10 15 43 27 9 29 36 20 24 45 55 95 48 69 88 79 66 50 98 68 93 12 77 56 76 13 47 75 78 39 38 58 2 99 11 53 86
75 47 42 14 90 66 96 65 44 7 18 70 63 6 27 46 25 62 89 11 37 20 49 59 24 95 29 98 88 26 53 15 16 68 54 60 52 38 9 97 87 55 28 21 94 5 39 3 48 71 19 85 91 13 69 45 81 23 22 30 57 83 72 41 34 73 31 78 40 50 86 12 56 80 64 33 84 43 61 8 36 10 67 1 99 2 58 77 74 32 17 100 4 35 79 93 92 82 76 51
70 71 39 6 83 14 40 100 53 1 57 18 8 44 20 60 99 41 29 67 23 65 94 26 93 85 73 64 21 22 63 33 98 75 11 56 59 32 79 89 4 46 13 51 25 78 7 48 54 30 80 61 17 34 66 91 90 3 95 2 9 47 27 12 19 49 58 88 36 97 38 28 43 84 82 96 35 62 10 86 77 45 87 74 16 50 81 15 42 37 69 72 55 76 5 92 52 31 68 24
50 56 85 61 42 7 35 94 4 91 77 32 75 23 64 97 92 19 1 21 24 88 66 87 8 18 71 62 99 37 67 96 81 11 41 52 31 65 39 20 46 57 80 84 36 90 70 9 76 79 34 93 5 69 51 17 58 83 28 40 22 13 45 16 43 59 10 60 68 26 73 53 78 89 25 55 54 72 100 44 47 33 63 12 74 95 82 86 15 38 98 6 3 48 49 29 2 30 27 14
63 13 65 84 82 67 11 41 72 46 88 38 73 34 68 93 55 39 59 23 79 14 85 4 47 22 56 31 51 52 32 45 3 1 92 75 98 33 16 21 5 77 100 24 2 8 40 99 37 61 10 57 58 27 71 15 76 70 20 19 83 30 60 7 90 26 25 18 86 42 81 9 54 36 97 91 89 66 50 96 78 44 17 62 35 87 6 28 43 94 29 69 48 49 74 53 64 95 12 80
51 64 37 99 29 82 60 72 54 87 24 48 59 73 75 20 81 40 56 12 66 6 79 78 69 100 32 27 39 84 8 92 36 21 14 89 18 13 2 63 23 26 53 91 55 93 95 45 86 90 11 83 25 50 4 70 85 62 71 88 52 22 15 98 35 3 46 80 5 74 68 38 33 1 94 77 97 28 47 43 10 7 65 42 31 96 30 49 9 57 44 76 61 58 19 34 67 16 41 17
46 24 40 1 52 93 91 67 25 73 17 22 58 71 100 39 63 11 37 74 95 69 96 65 53 9 79 99 13 89 62 51 92 36 56 41 45 19 77 60 88 50 12 49 83 6 66 42 90 28 29 30 38 16 44 8 61 87 97 27 72 75 70 57 84 4 81 94 78 21 34 15 48 76 18 35 7 54 59 31 86 2 20 85 55 14 32 33 3 23 82 5 80 64 47 43 26 68 10 98
30 14 3 15 19 26 73 57 18 65 59 62 23 2 80 83 48 100 86 28 49 66 38 27 75 78 52 93 63 90 61 58 84 42 94 33 85 64 11 71 69 79 4 10 17 20 25 46 56 39 36 76 98 95 68 12 44 96 87 7 1 81 53 70 45 67 88 24 82 60 41 72 74 99 92 51 21 40 13 47 16 37 9 31 91 6 89 35 50 43 8 29 97 22 54 32 55 77 5 34
4 11 9 86 23 54 3 88 28 69 33 14 83 5 49 21 79 92 7 37 87 99 34 66 85 64 97 2 90 50 72 40 22 63 68 95 60 31 35 52 80 16 78 45 73 12 55 62 38 1 59 89 43 61 17 51 39 53 84 15 56 76 42 74 29 47 24 91 25 44 19 82 93 96 32 65 100 67 94 18 48 70 27 36 13 26 71 10 98 8 20 77 41 30 6 75 81 46 57 58
100 79 73 8 10 33 75 82 52 9 1 98 60 47 48 76 14 59 99 39 56 94 30 7 35 50 36 12 3 29 91 41 85 54 92 58 80 23 28 18 81 68 32 66 61 77 13 78 16 27 55 65 51 2 87 86 95 21 11 53 24 97 67 6 38 45 57 96 43 34 49 62 26 25 15 89 83 84 46 19 63 42 74 90 22 4 40 17 71 5 72 64 20 93 44 31 70 69 37 88
54 25 22 91 30 51 93 44 86 11 60 36 53 74 16 62 37 4 76 52 13 29 55 46 97 8 26 15 81 6 70 75 43 58 71 14 27 94 99 61 66 59 7 20 92 18 1 83 84 95 38 63 72 79 96 50 89 77 57 65 64 42 100 3 9 19 34 35 87 23 47 88 69 40 98 5 56 31 85 78 67 68 10 24 45 41 48 21 28 73 2 39 33 80 17 49 32 12 82 90
48 87 94 7 34 92 53 64 21 54 8 82 44 59 46 40 27 79 90 5 74 42 18 25 28 1 23 50 97 10 99 81 24 14 78 43 56 13 91 16 17 69 39 76 62 38 32 77 71 72 63 73 60 12 22 88 86 67 65 41 100 49 93 31 33 11 35 52 61 89 98 19 68 30 80 6 66 4 58 70 85 51 37 84 3 29 57 96 75 26 55 2 9 45 36 83 47 15 20 95
59 83 96 70 6 27 87 31 95 33 10 2 9 22 47 11 39 7 91 98 50 41 80 88 72 17 89 21 28 3 44 65 78 20 15 77 84 29 54 25 51 99 49 36 53 74 63 61 18 57 92 23 48 45 55 1 5 66 79 73 19 32 64 60 81 34 82 37 14 71 46 85 100 42 4 75 94 56 93 62 76 52 90 35 43 38 12 16 67 69 13 86 40 24 97 30 68 58 26 8
97 41 91 53 25 56 80 48 90 38 83 77 49 82 17 79 86 55 75 32 64 54 35 20 15 12 95 94 100 69 74 23 1 50 66 85 65 30 42 67 92 27 8 7 3 72 10 89 70 84 45 28 26 46 63 59 98 5 16 22 37 87 52 88 13 40 44 2 31 18 24 78 99 43 58 29 33 71 96 9 11 34 51 76 57 81 68 61 62 93 36 73 6 19 4 21 60 47 14 39
81 28 87 41 14 18 79 97 49 35 68 24 98 84 42 100 82 57 70 61 51 19 20 58 34 29 99 77 55 95 4 44 10 76 31 37 11 33 12 73 54 5 67 23 50 15 72 47 96 66 39 9 21 90 91 63 75 1 8 38 46 17 89 36 7 27 26 13 53 69 71 59 88 22 86 62 43 64 74 85 83 65 30 94 93 16 60 32 80 40 3 52 56 25 92 48 6 45 78 2
88 63 41 36 39 9 43 33 15 64 70 30 87 52 6 86 2 66 57 46 21 71 45 100 83 31 38 37 14 68 94 92 26 97 34 58 50 55 16 99 56 82 5 54 96 51 53 98 17 62 73 8 23 11 80 72 69 40 24 48 61 27 95 35 65 78 22 93 85 28 32 49 20 7 29 76 25 60 75 84 91 89 13 59 44 18 74 19 77 4 67 1 90 47 81 12 10 42 3 79
20 44 93 85 18 73 67 41 97 1 76 19 66 45 95 90 38 63 16 72 15 13 48 28 43 42 5 81 69 30 54 88 56 60 91 50 33 74 4 40 47 62 75 17 21 14 80 26 36 32 46 71 2 52 78 64 3 11 68 98 6 37 10 59 49 86 51 77 89 65 12 7 8 35 24 82 53 22 34 29 55 31 25 92 94 58 61 83 70 100 57 99 87 79 23 9 39 96 84 27
49 95 33 93 28 99 16 34 61 76 57 83 96 91 14 44 60 29 1 84 63 85 10 94 23 72 35 69 54 7 58 30 73 27 89 41 31 19 65 75 64 21 47 79 66 26 78 86 22 24 43 74 55 98 90 97 52 92 59 68 40 62 3 9 46 6 13 4 81 17 37 100 51 71 87 36 8 12 77 38 45 25 11 50 80 20 2 15 5 88 39 82 67 56 18 42 48 53 70 32
13 3 25 30 94 48 4 71 82 42 11 72 81 29 26 35 1 12 84 36 5 93 76 40 74 80 22 83 27 70 18 43 16 98 55 32 85 17 75 88 60 49 87 59 69 33 2 28 8 7 9 14 61 53 21 47 63 41 86 23 58 31 38 56 68 65 78 62 50 79 96 10 6 15 19 37 57 97 67 99 34 39 73 89 77 46 45 51 66 92 64 95 54 90 52 24 44 100 91 20
24 93 35 95 38 91 65 72 31 96 64 51 3 85 2 81 97 69 79 27 41 67 32 71 21 34 1 14 6 28 100 48 99 70 11 12 16 46 39 36 89 17 13 60 45 4 88 19 63 76 94 86 54 84 37 92 74 18 40 20 47 30 83 61 62 9 55 66 26 43 68 44 52 75 42 78 98 90 7 87 57 8 15 80 73 59 58 23 56 25 53 49 82 29 10 33 22 5 50 77
98 35 15 88 77 80 44 13 1 47 45 63 72 66 84 9 62 51 43 16 37 50 73 36 79 40 33 20 71 23 25 7 94 78 56 55 59 64 11 34 82 41 24 22 89 2 5 17 27 48 97 90 93 3 58 52 42 61 75 18 81 65 69 87 54 12 74 53 21 29 91 8 39 67 99 38 32 49 70 95 85 83 86 14 76 57 96 68 60 19 6 26 92 31 100 4 28 10 30 46
71 5 59 60 58 34 85 80 51 90 96 17 77 15 61 99 42 76 37 1 64 62 72 97 84 2 32 79 9 16 92 89 82 52 18 56 21 35 73 98 75 31 50 83 7 86 54 24 88 23 40 6 39 57 26 36 33 10 74 100 68 78 87 27 19 30 47 49 22 3 55 69 12 81 11 41 70 45 91 13 43 94 38 66 67 8 93 20 53 46 4 14 95 63 28 44 29 48 25 65
21 16 34 72 41 78 63 17 93 77 68 69 70 27 73 49 80 24 28 55 82 76 85 5 12 38 56 51 89 97 2 33 83 91 59 45 66 32 1 22 67 44 88 6 26 99 84 7 95 64 62 39 87 4 52 30 14 36 13 15 98 50 23 65 8 79 37 20 100 46 90 48 40 9 53 92 58 61 3 71 19 74 35 43 96 86 11 57 81 31 60 18 47 75 29 10 42 54 94 25
30 92 97 78 47 58 35 94 6 41 69 52 22 21 65 95 26 5 59 48 10 37 71 44 73 27 67 32 38 93 3 15 85 2 13 68 28 61 66 79 99 45 29 56 51 25 50 23 4 9 49 40 46 43 14 24 83 17 7 70 31 54 74 80 20 98 89 81 39 100 77 60 82 64 1 96 72 8 42 57 11 36 88 87 55 33 53 86 91 75 84 12 19 62 63 18 34 76 90 16
37 66 89 5 49 97 100 64 29 92 48 43 88 39 25 61 9 8 56 70 93 47 46 33 71 32 82 53 74 31 34 84 6 3 45 27 69 40 30 17 15 36 19 57 14 96 98 87 1 4 28 51 16 42 2 67 24 20 99 90 75 77 86 41 22 18 62 35 54 10 80 73 13 95 7 83 65 44 85 68 59 11 23 52 58 26 79 12 38 63 81 60 91 21 94 76 78 50 55 72
18 40 58 35 54 38 11 95 56 97 21 85 80 63 24 71 93 17 20 59 77 25 23 84 66 47 26 13 83 100 9 8 90 4 69 74 27 3 31 43 34 30 22 39 79 81 19 14 60 89 87 91 82 29 46 42 70 15 55 41 33 51 44 32 78 36 52 75 68 99 49 94 96 53 57 1 48 76 88 98 16 28 12 86 5 67 37 6 65 45 7 64 10 72 73 62 92 2 61 50
33 100 71 79 56 49 18 84 13 70 51 21 74 35 69 88 34 28 72 7 99 83 60 80 31 89 25 10 67 37 63 82 53 45 41 11 3 75 8 26 57 76 1 52 78 36 6 38 44 27 64 15 92 20 94 86 96 91 9 30 39 48 2 85 46 55 77 98 90 87 81 97 23 66 54 14 40 68 73 17 62 12 29 22 16 32 5 43 58 59 24 93 42 61 65 47 50 4 95 19
77 45 2 51 76 17 96 56 50 46 59 9 25 48 4 15 30 74 98 24 68 1 82 8 99 20 100 52 73 21 84 81 13 11 88 85 12 31 7 57 39 65 32 14 42 91 75 67 72 86 35 55 27 78 54 29 60 44 58 5 62 18 49 19 37 95 71 63 64 41 3 22 16 90 6 87 38 70 53 83 47 43 33 28 40 80 66 26 94 97 92 10 89 69 34 23 93 61 79 36
25 89 21 40 98 62 16 51 77 44 11 99 36 13 28 59 32 50 86 26 56 97 12 67 63 92 57 78 2 24 65 41 37 68 10 69 83 84 47 90 18 22 39 4 34 48 100 58 79 5 42 7 53 88 19 95 8 29 60 27 96 70 64 55 35 66 80 74 91 93 46 85 31 38 73 61 20 71 43 81 76 23 3 9 49 30 52 72 82 17 1 33 94 6 15 54 45 14 75 87
39 61 27 92 11 69 50 100 79 68 23 37 71 89 60 5 35 80 22 62 75 2 53 46 38 91 4 72 17 58 48 29 9 84 42 99 41 93 82 16 45 14 77 31 28 70 87 57 43 10 20 52 13 47 6 59 65 25 34 36 73 12 18 64 15 94 97 54 67 49 86 32 21 8 83 33 3 85 44 56 74 26 24 55 66 81 95 90 19 78 76 30 63 7 51 1 40 98 88 96
57 38 82 12 1 44 29 7 98 78 33 42 26 69 71 89 73 25 76 95 6 32 63 99 64 19 24 54 50 36 21 67 49 75 9 4 13 22 79 48 81 92 15 68 55 3 91 43 20 37 83 88 70 60 100 77 80 56 52 45 65 28 5 53 40 47 86 8 74 96 41 34 72 27 14 39 23 62 87 85 2 90 84 11 35 93 30 59 18 10 66 94 51 16 61 58 97 17 46 31
67 72 8 52 53 36 57 48 73 89 90 78 2 81 16 32 10 65 99 38 49 27 17 83 60 85 70 80 30 74 31 77 68 28 76 1 26 42 22 91 25 6 47 71 29 34 9 66 37 40 61 62 56 94 86 84 88 4 93 51 50 13 96 54 24 97 100 58 69 95 92 87 7 11 44 46 39 33 20 35 15 59 21 82 63 41 43 3 45 79 55 19 12 64 98 14 75 18 23 5
2 64 81 56 93 84 20 67 48 28 44 54 52 7 57 80 83 31 12 45 78 49 68 27 35 51 71 42 4 88 11 1 100 53 87 3 32 24 74 6 36 63 69 65 77 26 82 96 62 30 76 19 79 5 15 34 97 94 33 10 90 47 14 16 58 60 43 86 70 72 89 40 75 41 39 55 92 50 46 59 98 22 66 91 61 17 8 9 95 21 13 23 73 37 38 99 85 25 18 29
6 53 100 58 2 30 37 3 96 31 76 93 7 4 56 42 43 20 94 90 71 81 47 9 40 44 79 65 8 62 57 61 12 83 24 59 52 38 85 77 26 10 49 51 80 63 13 95 16 17 69 45 99 23 5 66 55 84 11 48 74 15 89 82 32 87 75 33 34 19 21 18 1 46 27 68 41 54 14 73 86 92 72 98 28 36 78 70 29 60 39 35 22 50 67 88 25 91 64 97
56 69 85 62 44 25 78 90 20 67 38 3 99 68 54 27 5 70 48 41 51 12 94 31 80 45 9 95 71 33 32 46 66 74 64 81 73 87 23 7 1 8 55 76 13 57 89 34 10 26 60 43 29 24 88 61 72 11 17 75 92 82 84 2 36 37 39 52 86 16 19 59 50 91 96 22 18 49 63 15 97 42 79 4 98 21 14 53 6 28 30 40 58 77 93 100 83 47 65 35
78 39 30 20 97 81 94 14 11 71 74 5 59 8 70 34 85 86 42 25 72 80 69 41 4 93 29 96 56 98 35 63 88 73 6 89 40 1 3 99 54 43 9 46 31 13 79 84 33 48 100 60 44 7 65 51 38 95 2 87 12 53 15 75 27 24 91 57 19 26 23 50 18 21 77 67 68 64 66 36 17 58 28 37 82 16 10 22 61 90 49 55 76 83 45 92 47 32 62 52
22 65 45 13 8 50 75 60 14 74 20 31 92 61 64 3 17 88 24 2 32 84 26 59 29 43 12 25 39 63 15 35 28 89 33 83 4 62 41 58 46 56 70 1 94 98 55 6 23 36 54 16 90 21 99 71 18 97 91 19 67 49 42 66 79 27 85 69 52 73 78 86 81 82 34 80 44 96 47 11 48 37 95 53 7 38 77 100 10 51 72 76 68 40 87 5 9 57 93 30
48 81 28 57 27 85 69 82 41 4 1 8 10 44 30 98 87 94 5 91 13 24 93 89 100 49 59 70 80 35 20 62 14 37 83 75 61 52 84 68 58 74 95 33 39 60 32 36 31 43 51 78 86 54 64 15 67 7 16 66 77 2 55 21 38 11 76 50 18 45 47 19 34 73 42 88 22 12 90 9 46 29 96 17 6 56 26 40 71 65 25 79 53 23 72 3 99 97 63 92
51 2 60 54 17 75 87 12 39 45 28 90 49 70 21 16 77 95 19 10 31 18 27 26 92 6 99 5 96 56 62 34 81 24 53 52 43 80 78 37 65 35 100 89 85 15 36 40 91 61 66 64 94 67 74 73 84 48 47 59 8 76 25 11 14 63 58 93 32 7 42 57 97 98 30 50 1 72 4 3 44 33 82 83 69 13 41 38 55 29 23 68 79 46 88 86 20 9 71 22
32 86 88 18 65 42 4 78 85 66 83 61 58 26 74 33 24 30 29 92 34 10 62 93 7 53 89 38 72 9 52 19 46 82 12 73 23 70 94 50 35 16 11 49 99 1 5 80 6 76 44 56 81 41 43 68 40 71 69 21 64 14 27 77 25 59 45 13 87 51 100 37 98 54 60 47 96 67 79 28 8 3 22 48 97 84 55 95 15 2 36 17 57 91 75 20 90 31 39 63
75 50 18 64 22 15 17 4 36 83 14 46 95 67 42 6 31 44 21 76 66 55 28 39 1 24 34 57 87 25 45 58 20 56 65 43 11 5 71 73 63 72 79 77 54 51 86 53 47 19 30 35 10 16 27 23 59 85 62 40 97 8 29 26 68 93 2 7 92 90 38 49 61 48 99 9 91 81 94 100 84 89 60 32 78 96 70 69 52 37 74 3 98 82 12 13 88 80 41 33
54 9 37 16 95 96 49 53 92 8 45 88 33 75 48 70 61 34 18 78 44 77 52 91 85 99 28 36 82 19 17 25 4 71 51 80 20 2 32 67 89 7 14 72 40 38 22 97 13 66 74 21 73 30 56 1 10 62 63 35 46 60 26 76 3 50 11 94 57 81 87 98 58 55 23 84 90 41 83 47 5 68 6 100 31 29 69 79 12 15 86 39 24 93 27 65 64 42 43 59
100 20 94 11 74 65 40 88 49 17 8 60 9 42 46 91 33 93 6 14 87 63 30 13 82 77 73 23 55 66 76 2 47 43 7 24 25 71 95 75 56 68 5 86 98 45 72 92 89 1 22 38 84 35 16 44 58 41 85 34 18 83 69 99 39 62 48 29 61 12 70 67 32 57 15 53 59 97 64 19 51 96 31 10 21 4 54 37 78 52 90 50 28 26 80 81 79 36 27 3
5 43 89 37 46 22 98 20 81 32 99 97 39 3 35 84 92 85 82 80 25 8 55 16 30 73 2 75 54 83 56 96 65 100 44 95 49 27 52 79 64 12 60 41 38 42 53 47 45 77 15 11 48 59 10 87 4 13 68 93 17 67 62 69 76 61 70 26 9 88 71 31 57 28 36 66 34 74 24 6 33 18 1 29 19 94 23 91 90 14 78 72 21 51 58 50 63 40 86 7
46 74 39 38 63 24 43 66 69 94 64 58 55 83 49 9 27 98 51 57 26 5 79 17 13 56 52 29 100 61 53 75 21 18 14 42 77 54 35 41 80 32 84 93 25 4 78 89 65 34 50 72 28 6 36 22 37 88 59 96 7 16 82 12 97 90 87 45 71 20 10 68 91 62 67 23 31 76 30 92 1 19 11 60 48 73 15 2 40 33 3 86 44 47 99 95 81 85 8 70
3 42 66 9 15 13 56 98 63 25 93 48 65 19 33 71 88 59 58 83 43 11 8 79 2 10 21 28 77 78 99 18 61 72 94 47 39 45 90 34 51 70 12 54 4 92 26 32 35 50 85 22 75 27 82 97 49 40 24 53 20 87 80 74 81 31 1 37 7 5 57 62 36 23 86 95 17 14 68 67 30 64 89 38 29 76 16 52 69 41 6 73 46 84 96 60 55 44 100 91
49 75 36 96 3 16 79 83 47 98 81 15 62 56 68 76 18 43 61 46 74 94 44 78 37 90 20 11 13 82 80 40 69 57 25 70 99 72 9 71 66 34 28 42 41 12 63 22 87 39 1 2 26 8 92 64 35 45 100 88 84 7 4 6 54 23 60 95 77 97 65 52 5 50 32 17 29 73 93 31 10 21 53 33 38 59 19 48 85 27 67 24 89 58 86 91 14 30 51 55
97 34 64 87 80 69 93 49 90 91 18 13 75 10 32 45 47 26 68 81 17 16 38 42 11 21 83 67 14 89 77 44 54 1 84 8 22 53 50 23 20 27 3 48 24 74 37 15 7 71 56 58 66 46 51 39 25 5 99 2 36 33 65 73 52 40 4 96 30 76 60 43 70 100 29 79 62 28 61 86 78 88 12 19 92 35 9 94 41 95 82 63 85 55 31 57 98 59 72 6
71 6 29 97 40 70 45 69 68 75 88 87 82 38 31 77 94 58 89 54 79 60 35 51 48 64 62 27 90 17 30 13 76 8 3 33 92 65 10 61 84 26 91 9 5 72 44 12 21 14 55 46 32 86 66 98 11 37 50 73 100 81 93 43 23 96 7 74 95 42 24 47 28 56 22 2 4 99 59 41 63 57 85 67 34 20 1 49 25 80 53 15 18 36 78 52 19 16 83 39
45 12 16 41 42 57 88 54 52 23 40 25 11 43 34 48 55 66 78 39 91 58 3 7 89 84 97 68 73 26 90 36 27 76 5 14 81 96 17 82 47 64 61 35 93 67 10 1 75 56 33 30 63 38 87 31 85 21 19 22 72 71 8 15 28 32 20 53 2 37 95 13 92 86 94 44 79 18 98 83 80 51 70 65 99 6 100 60 9 50 4 74 29 69 59 77 24 46 49 62
61 18 41 86 67 89 27 91 84 39 48 20 79 60 47 87 3 32 2 22 57 99 6 66 33 70 43 64 5 38 13 7 29 93 54 28 56 10 59 77 85 11 53 25 15 14 16 52 51 88 23 34 65 80 55 24 68 1 94 63 30 97 74 35 4 45 40 49 98 82 8 9 95 42 58 26 50 31 36 71 83 69 90 96 62 46 81 76 75 21 44 100 12 92 19 17 73 72 37 78
43 47 73 27 37 10 30 28 1 22 98 62 63 6 8 14 81 33 50 86 21 92 34 18 44 65 36 48 89 77 61 23 70 97 17 67 42 4 80 88 24 94 45 7 32 41 75 90 52 46 95 84 58 19 25 72 13 60 71 57 38 74 3 49 31 12 35 78 29 59 53 15 56 79 83 99 11 20 100 96 40 85 51 16 39 87 68 64 66 91 2 5 55 76 9 69 54 82 26 93
24 48 11 63 39 76 73 55 70 34 10 27 72 57 53 2 25 12 100 16 33 56 66 71 61 79 8 44 81 69 5 51 50 54 23 37 35 9 29 17 52 75 78 40 46 62 1 65 58 80 30 36 21 82 98 47 28 87 7 6 14 42 92 18 88 19 89 91 43 22 99 38 94 59 4 31 64 3 60 45 90 83 97 85 86 95 32 77 49 26 20 96 84 74 13 67 15 93 68 41
59 90 9 3 79 26 34 65 73 63 77 16 66 64 12 75 91 41 69 31 84 71 49 11 57 100 40 24 28 20 4 74 25 27 81 78 45 47 87 18 7 96 80 13 61 93 54 30 46 98 72 85 62 39 97 89 42 51 8 95 37 5 52 10 33 44 14 2 76 83 36 53 38 94 70 60 23 43 6 99 50 67 21 1 32 88 82 56 92 55 29 58 17 19 35 48 68 15 22 86
35 59 87 61 3 27 44 39 98 52 24 100 93 65 75 99 19 96 7 6 16 38 83 55 95 12 54 30 97 57 67 72 22 79 60 53 74 88 28 33 17 41 26 8 11 2 62 49 76 90 14 20 18 40 70 37 82 23 9 81 73 91 48 13 69 25 15 68 85 71 43 78 21 1 50 89 94 56 58 80 66 34 92 45 42 77 63 29 5 64 32 4 10 86 47 36 46 84 31 51
27 71 67 12 17 72 91 23 61 81 78 84 37 47 100 35 96 39 90 49 98 82 19 92 77 1 95 66 93 40 97 30 15 33 20 6 53 68 54 63 14 69 51 29 22 99 25 55 38 28 11 24 16 13 59 88 79 3 74 42 56 52 83 9 43 5 26 4 94 86 73 21 85 60 64 7 48 8 10 2 45 44 18 89 76 50 65 87 62 32 31 80 41 57 70 75 36 58 34 46
4 15 68 99 8 82 53 73 44 79 17 1 87 28 27 86 41 23 36 48 20 35 88 58 93 33 76 12 51 67 21 66 98 59 19 5 96 85 43 64 97 46 10 50 71 22 60 94 92 91 57 18 40 81 75 63 54 6 77 80 16 9 95 37 7 38 65 25 3 89 83 39 26 84 31 100 32 61 29 62 55 52 30 2 74 14 90 42 13 47 24 78 56 34 69 49 72 70 45 11
88 13 49 15 83 56 3 10 28 9 97 70 32 95 85 11 59 55 66 18 54 8 100 62 14 6 60 99 86 68 72 48 1 44 93 77 87 94 19 22 82 5 7 84 89 16 98 23 71 24 39 25 27 91 63 12 69 81 79 43 47 92 38 21 90 57 31 80 78 74 17 75 41 30 73 29 26 40 96 65 67 2 34 76 33 58 50 46 37 4 61 45 20 35 42 64 52 51 53 36
91 68 21 36 12 44 92 97 50 18 25 32 74 96 17 30 73 89 46 11 53 5 70 65 51 20 87 71 1 72 19 86 16 69 40 93 94 39 42 13 88 47 8 58 3 34 56 26 67 79 37 28 55 2 4 52 76 61 78 38 24 43 100 33 9 49 83 98 82 62 54 41 29 80 7 48 35 66 99 95 60 31 27 59 15 63 85 75 77 10 84 81 6 45 64 23 57 22 14 90
81 56 40 5 77 17 80 70 54 35 84 24 98 53 41 7 9 11 65 37 95 6 96 87 32 29 63 15 27 22 91 99 28 47 68 57 18 60 2 52 49 3 4 16 42 78 14 62 86 94 20 59 51 31 73 8 83 66 38 72 88 100 67 36 13 26 46 64 93 50 74 10 33 89 92 76 44 45 55 43 85 39 23 90 25 82 48 1 34 97 75 12 61 21 79 30 71 69 19 58
63 11 19 74 82 21 47 31 25 49 23 34 60 62 3 5 79 68 26 77 100 54 57 1 15 50 55 2 99 51 8 87 36 14 71 94 80 6 27 91 70 42 24 97 59 18 95 98 56 67 69 9 64 12 33 35 81 53 86 65 61 93 72 58 66 39 41 43 40 7 20 17 48 22 44 85 83 52 75 84 13 10 88 4 30 37 89 16 28 78 92 38 73 90 46 96 32 45 76 29
38 80 97 8 63 29 62 40 6 54 42 28 53 23 15 12 36 19 21 74 50 84 2 17 68 58 10 31 85 16 48 89 24 95 46 66 67 20 70 98 27 45 37 99 33 82 39 56 64 87 83 61 25 49 14 77 86 96 75 5 81 22 1 88 18 35 92 9 55 73 76 26 57 47 34 72 43 4 41 78 44 91 32 94 93 69 71 13 3 79 7 65 90 60 100 59 51 11 52 30
98 45 63 1 14 50 22 87 78 64 71 9 96 82 20 61 13 74 8 52 23 85 31 68 42 70 72 46 41 21 95 88 26 58 60 62 16 43 55 36 32 57 75 66 30 77 92 17 81 25 97 93 54 11 76 83 48 38 49 7 19 27 39 84 2 3 90 79 59 47 6 100 99 34 80 35 33 24 51 44 18 65 73 28 4 10 56 12 67 89 69 37 40 53 94 29 91 86 15 5
68 73 75 95 71 40 60 19 32 38 34 18 77 59 4 31 63 35 53 57 65 20 81 56 62 9 85 37 91 5 74 45 92 78 89 87 47 24 46 70 83 99 67 15 36 79 58 28 54 72 44 97 23 90 69 50 22 2 80 3 52 41 33 25 1 84 27 8 21 88 98 96 30 43 6 64 100 55 39 17 16 7 86 14 66 11 12 61 48 42 51 82 94 29 49 93 26 76 10 13
52 32 90 84 98 83 8 11 16 27 85 6 46 48 55 40 37 79 23 24 35 76 20 4 96 95 53 86 65 29 33 43 3 57 15 60 31 30 21 7 92 58 38 10 14 25 66 51 50 62 73 89 59 61 13 26 71 100 34 39 9 75 47 41 49 78 44 97 5 69 67 88 68 99 19 70 72 17 77 18 56 45 74 42 22 12 64 28 94 93 91 1 63 54 36 87 2 81 82 80
50 41 15 53 49 33 68 37 79 11 54 82 3 36 9 95 14 29 52 67 24 60 84 70 47 89 44 94 83 23 96 16 99 42 66 100 98 55 26 43 69 51 63 64 73 6 85 46 25 7 61 71 38 48 22 80 39 59 97 45 57 86 10 31 65 28 81 62 12 34 18 27 93 58 30 75 17 88 74 90 91 13 1 77 92 2 40 35 21 72 8 56 19 20 4 76 87 5 78 32
70 89 72 85 46 49 58 15 29 88 79 30 100 93 80 39 95 81 13 5 9 92 33 20 28 31 11 62 3 52 36 65 32 41 74 97 60 83 53 6 99 55 69 14 47 96 2 78 4 35 45 75 61 21 71 25 24 17 40 23 22 68 19 59 34 73 94 63 42 57 26 8 50 76 1 37 56 44 16 91 87 82 66 98 77 18 38 84 86 48 64 90 54 7 10 51 67 43 12 27
65 36 59 78 10 97 66 60 85 7 55 31 44 80 52 100 67 92 19 2 15 73 75 88 83 42 23 82 58 90 54 27 94 86 17 71 9 64 12 57 5 81 87 22 77 70 50 24 41 84 46 26 93 79 91 29 89 8 95 4 1 96 53 56 45 34 74 18 25 99 61 11 43 72 14 62 3 37 69 49 28 47 63 35 13 39 6 32 38 40 76 51 33 30 98 21 48 68 20 16
21 18 11 88 15 9 67 35 97 33 80 86 64 54 58 79 99 71 87 82 90 42 48 100 70 43 78 93 74 84 51 95 73 94 27 47 72 13 20 40 23 39 60 45 81 91 19 61 17 32 59 8 46 77 2 76 75 83 30 1 55 44 6 89 62 4 22 3 31 49 34 28 92 50 24 65 66 7 38 29 36 14 37 26 63 57 53 68 56 69 41 25 16 52 96 12 10 85 5 98
20 50 71 30 76 93 26 58 15 62 21 22 83 47 94 49 82 69 75 64 1 11 45 72 99 18 88 57 9 10 73 39 43 2 78 44 14 46 100 25 95 24 77 36 66 3 80 86 65 59 60 85 91 23 27 42 90 12 28 61 89 40 54 92 29 67 55 51 56 41 32 79 70 96 87 6 98 84 13 38 74 4 68 53 16 8 63 17 35 19 5 52 37 33 81 31 34 48 7 97
3 16 2 93 53 64 65 20 31 80 35 43 56 19 26 89 86 76 95 61 45 41 13 94 30 47 74 77 69 46 37 83 21 4 25 12 6 7 99 39 87 59 38 75 11 100 91 14 27 81 49 92 28 40 10 62 84 42 58 55 79 17 23 18 33 9 68 88 22 15 72 34 54 71 82 36 8 90 44 73 98 57 24 85 78 1 70 52 50 5 66 29 32 48 63 60 97 67 51 96
55 34 51 81 11 54 71 7 14 86 69 8 73 57 18 15 48 17 74 12 30 19 61 29 79 13 41 50 49 95 94 42 20 89 40 27 62 47 64 16 37 66 80 23 38 52 6 75 85 4 28 36 96 53 43 84 35 67 87 68 31 59 5 2 100 65 82 24 26 45 33 72 39 25 60 78 92 22 58 46 97 3 76 83 44 21 77 91 10 63 1 99 9 56 70 32 93 98 90 88
19 2 27 96 38 99 72 39 86 87 62 26 61 3 24 70 44 22 58 32 5 10 71 97 45 17 15 76 21 63 59 84 56 53 81 51 90 23 52 28 41 14 54 94 16 48 88 42 43 95 80 7 79 11 68 30 65 18 55 36 83 35 66 69 13 64 25 75 85 29 12 82 20 47 78 50 91 9 89 57 77 37 92 1 40 49 34 33 74 60 98 6 93 31 73 4 46 100 8 67
52 28 53 13 94 48 50 44 82 25 59 38 22 89 79 33 57 30 71 45 41 2 80 54 34 27 35 75 26 55 87 73 12 36 56 95 37 31 23 90 72 4 78 83 29 86 67 10 46 9 64 65 77 5 58 16 99 92 81 21 11 32 68 98 88 8 85 66 43 20 3 69 14 6 70 17 84 15 7 76 47 18 60 62 19 93 74 96 1 51 40 49 91 24 97 42 39 61 100 63
13 43 35 38 2 51 55 71 92 41 58 5 48 21 67 44 39 27 46 10 81 63 76 36 73 56 24 28 37 40 49 68 65 84 33 83 59 3 16 32 4 82 23 80 79 75 7 19 61 50 15 12 53 45 54 6 8 20 52 18 70 34 47 87 22 66 1 57 89 96 60 97 98 90 77 14 31 85 30 11 17 25 29 93 69 86 64 62 91 88 100 26 42 72 74 9 78 99 94 95
85 79 45 37 25 88 29 12 95 52 57 77 81 70 6 3 11 62 16 98 48 58 87 8 71 64 20 55 17 31 84 21 34 28 23 41 4 19 50 15 39 76 66 59 2 46 100 43 72 80 38 14 68 13 96 26 63 51 27 90 93 92 86 7 47 99 78 89 69 44 67 22 91 35 53 83 65 60 42 54 56 74 40 33 32 30 1 10 18 36 94 9 97 49 5 73 82 75 61 24
9 75 54 51 62 58 92 27 19 76 96 83 25 64 33 4 17 7 24 46 63 14 29 99 23 79 2 32 30 6 16 8 44 98 88 85 12 66 77 55 52 65 70 37 78 68 84 67 45 35 50 47 5 31 26 61 18 10 22 20 53 11 49 3 21 43 34 69 74 93 36 89 100 59 39 41 97 40 56 87 1 94 13 91 71 38 82 60 42 73 81 48 95 80 28 90 15 57 86 72
73 27 22 6 89 80 42 52 24 47 67 72 2 5 11 90 62 8 12 84 33 88 18 25 66 44 4 21 63 3 7 96 14 83 93 55 69 17 35 48 45 49 29 64 26 36 40 57 58 77 54 74 43 82 99 91 61 59 20 10 75 68 9 13 37 86 97 56 41 51 39 76 16 1 65 31 38 70 71 98 34 19 15 60 94 81 32 23 100 46 78 95 92 50 87 53 28 30 79 85
59 5 93 72 80 36 81 56 40 42 4 37 27 61 83 21 1 24 29 31 35 16 73 28 12 8 52 25 15 17 3 51 78 18 84 32 85 22 26 89 34 30 76 13 46 7 65 6 11 62 9 55 90 39 23 47 14 100 91 41 69 33 2 64 20 95 70 77 49 10 43 44 97 60 88 82 96 50 53 92 48 99 67 66 86 74 45 19 98 75 71 94 87 38 58 57 63 54 68 79
99 65 8 7 93 30 85 41 39 98 60 3 64 22 21 46 66 40 18 28 57 12 70 16 47 53 49 20 6 50 25 29 9 72 58 37 35 32 91 14 42 79 84 17 45 33 59 74 1 10 19 76 82 34 5 36 95 4 13 96 62 86 52 44 55 63 24 81 97 100 15 71 88 23 43 38 78 48 73 68 2 90 87 11 61 80 56 51 92 94 89 69 67 75 54 83 27 26 31 77
5 74 96 63 47 67 54 3 20 73 12 36 8 87 93 88 10 100 51 27 84 1 98 86 75 32 80 11 4 28 34 9 53 45 69 33 50 18 66 37 60 17 26 40 62 81 38 48 22 89 91 16 94 42 29 46 25 70 65 49 58 52 92 30 78 6 21 35 39 72 99 7 15 57 97 23 41 19 24 56 59 71 95 31 43 61 79 90 85 2 64 77 82 44 76 14 68 13 55 83
35 87 25 24 41 38 96 98 64 69 47 63 92 4 14 81 77 5 73 16 37 18 57 11 21 72 12 29 68 7 58 85 46 3 31 74 65 67 78 26 75 50 27 91 28 9 89 99 20 42 76 90 10 95 6 82 52 44 93 100 39 59 45 66 49 94 71 86 53 19 97 48 62 40 54 51 1 56 60 34 30 8 84 55 88 36 15 83 79 33 32 2 80 22 61 43 13 17 23 70
46 61 3 79 74 53 98 55 56 63 70 14 88 71 35 84 97 4 49 80 17 50 62 40 57 91 21 69 76 24 100 77 6 1 11 99 89 93 7 8 68 36 51 20 25 90 87 66 96 30 41 73 72 78 92 59 37 31 60 19 65 75 18 82 43 27 10 54 81 95 26 94 83 28 48 34 64 23 67 85 32 33 9 86 38 13 16 15 45 29 47 58 39 12 52 5 42 44 22 2
30 76 36 71 95 84 37 78 87 62 68 99 46 66 81 26 33 82 100 1 16 56 72 90 74 24 40 83 10 93 88 92 49 75 55 91 77 61 64 58 12 21 97 79 96 65 42 7 35 23 86 15 39 94 17 70 9 47 63 57 50 48 67 32 44 98 60 20 54 28 18 73 5 8 11 4 89 38 59 69 27 43 85 22 29 41 19 2 80 45 52 14 51 25 13 34 6 53 3 31
82 69 91 94 28 73 88 67 72 76 81 78 71 62 84 93 30 51 60 7 99 65 49 83 13 40 90 14 38 74 79 15 10 100 45 68 92 86 80 53 64 41 3 89 85 20 9 47 48 59 1 26 29 2 70 66 4 77 75 37 17 12 44 27 42 97 50 58 36 22 32 57 23 98 25 5 39 43 87 21 33 52 11 61 55 16 96 35 54 18 31 56 46 63 6 24 19 8 95 34
77 66 34 87 54 78 26 94 96 88 80 42 23 39 69 47 41 32 82 64 25 93 31 92 97 84 62 85 48 57 9 67 13 24 79 4 89 29 100 20 98 70 37 21 83 63 1 46 90 27 35 6 72 49 74 43 5 2 86 30 68 76 95 11 15 59 55 75 14 16 71 12 36 7 18 60 53 52 99 3 8 17 33 38 73 51 81 56 65 28 58 10 44 61 45 50 22 40 91 19
43 72 82 57 65 62 79 87 58 86 84 21 7 80 35 16 42 85 94 92 1 83 76 77 2 19 47 27 54 97 44 41 90 11 68 78 39 33 31 50 15 32 67 24 69 10 55 22 23 46 63 71 70 3 36 34 74 49 100 95 40 37 6 61 18 96 75 51 26 5 56 52 12 99 28 89 25 98 81 13 73 59 38 9 45 17 66 20 53 8 60 30 48 91 29 64 88 4 93 14
100 68 60 71 34 56 67 49 93 89 24 54 79 69 32 62 83 41 48 6 9 66 26 2 51 73 40 80 16 61 31 65 4 63 44 70 27 42 28 5 88 22 39 84 15 57 82 55 25 37 85 58 92 50 94 45 97 13 59 98 8 87 64 53 46 81 52 33 30 90 78 77 74 21 36 95 29 18 38 91 11 12 10 19 7 96 23 3 43 17 75 99 47 86 35 1 72 14 76 20
69 47 42 58 61 22 68 35 53 46 92 86 37 96 26 76 59 65 87 78 41 77 32 18 72 85 54 79 50 38 89 36 83 73 64 11 49 27 55 97 25 14 24 31 4 2 70 75 13 9 94 52 44 30 90 29 98 6 28 45 56 67 84 16 81 39 51 60 40 17 8 62 7 66 57 48 20 99 93 80 43 23 3 82 5 63 15 100 19 12 91 1 21 74 34 95 71 10 88 33
55 24 89 35 40 82 16 31 11 9 18 69 80 84 49 20 33 58 59 7 54 97 28 91 85 45 99 93 94 26 56 13 4 50 14 53 73 67 8 39 37 6 63 75 51 15 36 66 79 25 42 72 48 98 44 92 60 61 74 68 46 71 38 77 52 5 62 23 2 22 21 41 78 27 10 64 34 76 88 81 19 43 70 29 3 1 30 32 90 95 57 96 86 65 47 100 87 12 83 17
82 36 90 84 1 38 35 54 48 27 66 98 7 43 28 79 92 88 49 61 4 69 55 46 64 78 34 10 65 58 5 89 42 20 59 52 67 53 11 13 70 72 47 25 17 40 37 24 63 14 51 22 2 80 21 93 39 29 16 73 33 41 62 19 76 87 81 6 32 71 26 15 75 91 31 99 18 56 68 8 45 96 97 74 12 77 23 94 60 100 3 9 57 83 44 86 85 95 30 50
39 48 30 92 73 16 44 84 77 97 28 27 36 4 15 34 71 50 69 24 20 45 94 26 53 10 5 52 51 25 63 46 22 41 3 78 11 70 43 6 47 58 32 59 54 13 55 65 37 91 66 38 29 12 64 35 42 23 68 75 40 7 19 82 14 49 31 33 81 79 57 60 61 95 98 96 56 72 74 62 87 17 1 9 21 76 100 83 86 80 85 2 89 88 67 99 90 93 18 8
78 11 18 61 56 75 40 53 41 87 54 58 26 48 16 84 27 35 98 36 31 60 30 59 14 77 38 81 43 93 79 68 49 21 92 45 99 9 20 32 4 39 71 65 85 100 82 15 64 23 57 62 69 24 46 34 5 25 80 51 17 91 33 89 44 47 50 97 55 19 37 73 52 72 10 70 22 8 13 66 67 2 76 86 28 94 95 1 6 29 74 90 42 63 88 12 83 96 3 7
46 41 37 57 30 76 62 10 47 80 44 15 81 34 12 49 26 29 13 11 91 25 19 5 31 21 72 64 39 24 65 16 32 75 71 69 18 40 22 28 51 7 27 66 14 98 2 58 8 4 56 23 60 20 100 63 59 42 17 61 67 9 53 33 45 35 73 88 70 74 78 43 94 55 48 1 54 90 89 86 36 83 38 87 97 68 96 6 95 52 82 93 85 79 99 77 92 50 84 3
75 59 42 41 19 70 18 48 21 64 35 32 33 56 52 27 14 98 71 83 30 50 20 90 96 51 60 24 28 22 36 25 76 11 6 8 66 13 10 16 68 49 45 29 53 46 39 9 4 7 85 84 87 61 17 67 74 15 40 34 79 54 5 31 26 38 12 63 100 23 97 94 62 58 82 80 1 65 55 69 57 88 89 43 99 95 2 37 81 72 44 86 3 77 93 47 73 91 78 92
57 83 25 20 97 66 30 55 51 7 70 78 21 26 71 16 24 5 56 41 75 81 44 40 28 31 11 36 8 37 13 18 6 4 34 43 14 33 29 15 63 10 53 58 50 52 32 87 47 99 42 59 27 46 19 23 54 38 9 39 65 62 90 61 49 79 22 68 77 17 95 88 1 100 64 35 94 96 3 73 60 89 85 74 45 12 69 2 76 93 67 72 80 48 86 92 98 84 82 91
6 39 49 18 44 65 3 11 21 22 68 26 99 69 60 71 35 55 23 62 34 94 61 41 15 95 78 70 38 19 54 2 77 24 74 42 28 86 30 5 20 31 7 12 73 93 53 14 51 88 63 45 56 16 36 25 9 64 33 43 37 32 8 27 66 97 4 13 57 59 83 79 81 84 1 85 89 100 47 76 10 29 82 52 96 50 98 48 40 90 72 17 46 58 92 91 67 80 75 87
21 64 30 54 90 24 66 34 29 39 51 14 32 65 27 11 25 33 52 67 10 38 84 56 37 78 15 46 83 20 49 42 16 74 53 3 9 61 59 2 5 44 48 23 47 4 63 62 60 28 40 13 73 8 88 86 55 45 99 72 68 12 93 6 97 19 77 1 7 57 18 26 36 94 95 79 50 22 85 41 91 70 96 100 17 35 43 87 82 69 76 80 98 92 31 58 75 81 71 89
35 15 82 64 6 84 27 66 36 13 86 25 11 29 53 39 31 95 76 14 24 37 8 1 57 33 70 44 74 9 72 58 61 52 54 93 47 10 17 63 67 12 19 16 41 23 26 42 92 40 49 18 68 69 75 45 60 85 7 48 97 77 83 56 4 55 94 2 50 99 21 87 34 46 28 100 20 3 91 5 90 22 32 96 98 73 89 79 38 59 30 78 43 62 80 88 81 71 65 51
32 90 68 81 65 27 45 72 63 11 33 82 39 10 94 8 7 31 43 25 64 80 12 62 83 40 23 69 50 97 100 95 37 93 44 14 21 38 73 53 46 56 58 99 66 22 19 34 91 30 36 75 51 47 78 92 3 77 85 98 1 16 87 55 29 4 35 24 76 5 57 89 18 15 2 9 59 88 96 67 86 28 74 48 13 20 71 26 42 41 61 60 79 84 6 52 54 17 49 70
37 47 3 27 52 87 17 28 18 31 55 46 48 54 2 100 95 68 61 5 6 77 10 70 63 34 21 30 26 88 9 1 42 33 11 58 20 65 19 22 23 8 12 4 69 16 25 56 86 71 41 73 44 91 15 82 24 96 97 35 57 49 29 99 40 50 60 45 93 36 92 53 85 89 32 7 62 75 83 74 13 98 51 76 80 39 90 38 94 14 66 81 84 64 78 43 79 67 72 59
45 38 58 94 54 25 53 98 82 35 14 30 73 71 31 42 29 70 90 16 37 47 17 4 32 93 12 5 81 36 33 34 10 50 9 28 48 96 41 49 65 46 69 79 21 20 13 83 23 56 59 2 64 7 22 43 40 67 63 1 6 18 44 85 19 27 88 15 3 97 100 39 72 11 24 91 26 55 61 99 74 52 66 89 62 84 78 95 80 92 8 76 68 57 75 87 60 51 77 86
4 63 10 53 19 13 20 33 11 23 21 52 71 28 57 47 18 12 6 80 25 82 48 9 95 92 36 54 49 77 97 60 26 43 41 79 31 85 39 40 35 29 100 83 24 96 5 99 67 98 87 88 17 3 91 44 89 94 2 70 22 14 27 78 1 37 15 58 34 16 74 32 56 64 30 66 7 73 69 90 50 8 72 55 42 59 93 86 62 65 84 38 75 61 81 76 51 68 45 46
54 71 60 62 22 26 47 17 87 16 40 19 55 53 85 75 42 34 7 48 43 69 33 13 81 49 83 66 2 57 30 27 25 63 15 5 72 29 12 73 32 70 8 50 61 3 6 45 20 39 10 51 93 84 92 97 11 37 24 88 89 31 1 74 100 9 44 23 94 95 38 86 96 98 99 46 90 52 36 35 78 21 65 82 91 67 68 77 79 28 58 14 76 56 59 18 64 4 41 80
2 89 72 97 56 93 34 40 14 79 29 69 23 7 30 45 85 51 60 18 17 71 3 44 24 91 28 99 27 33 59 92 15 49 5 73 6 8 32 26 12 62 4 22 83 10 67 53 21 74 11 19 16 35 94 37 38 55 1 81 39 75 65 66 42 25 41 20 9 90 96 77 95 86 98 87 68 46 43 100 80 82 63 61 76 88 48 84 78 50 47 58 57 54 13 36 70 31 64 52
61 92 65 9 34 97 69 13 56 77 88 16 10 67 25 91 38 4 20 59 15 32 5 68 93 84 47 71 3 29 18 44 66 42 45 60 83 2 27 17 41 36 11 21 28 99 50 51 62 24 30 78 26 81 52 39 49 1 95 87 7 8 100 12 90 94 43 96 31 86 89 72 82 80 58 33 79 74 98 46 85 23 70 22 6 54 55 76 35 40 57 73 48 37 64 75 14 53 63 19
50 9 81 78 46 34 43 71 4 63 69 93 56 38 58 59 37 25 2 49 26 27 88 55 60 10 8 86 100 51 52 39 85 47 79 6 17 74 87 90 97 75 28 15 99 83 44 7 16 5 94 91 70 48 21 1 72 36 11 40 20 65 80 54 84 24 13 95 14 89 73 98 12 82 96 53 66 45 77 18 76 92 30 42 3 57 41 68 61 31 23 64 19 35 29 67 32 22 62 33
27 69 66 88 15 7 80 64 70 65 25 17 82 93 67 94 19 39 100 1 95 18 2 58 61 72 76 38 41 30 4 74 47 8 13 63 56 35 3 52 99 81 55 14 96 68 62 49 48 86 73 83 92 29 37 42 98 97 77 23 28 22 89 60 31 90 40 26 71 43 91 57 78 79 87 6 53 9 10 36 84 85 11 45 12 21 16 75 5 32 24 51 54 33 34 20 44 59 46 50
71 76 87 24 95 33 78 73 97 94 64 63 62 59 46 40 47 20 99 39 93 49 35 79 74 65 41 53 72 98 37 82 100 86 12 4 92 88 9 18 75 66 14 80 22 26 10 89 90 1 45 21 55 6 16 7 30 5 81 19 8 17 25 11 3 23 96 91 36 83 77 31 68 54 50 84 57 43 70 85 51 34 28 2 15 56 38 42 69 48 60 29 32 52 61 44 13 58 27 67
68 32 34 14 41 54 57 37 64 69 79 31 66 44 65 89 43 28 95 21 81 7 45 11 92 2 22 42 67 47 73 77 50 27 51 100 23 83 99 58 87 26 3 20 80 5 48 97 38 94 1 56 18 4 63 52 85 88 8 6 96 84 49 15 9 78 91 90 25 76 10 82 93 71 86 62 35 98 75 24 30 13 12 29 74 16 61 70 60 33 36 19 39 40 72 59 55 46 53 17
20 40 41 16 6 15 8 91 53 32 17 88 52 36 69 2 61 44 22 95 78 28 38 39 33 24 43 23 10 67 45 35 83 3 19 99 74 30 85 50 7 11 1 60 5 70 66 94 96 54 92 90 81 21 13 89 82 12 93 4 14 97 68 75 62 26 100 25 98 87 86 47 31 76 27 77 72 71 79 59 73 42 84 80 29 37 58 9 55 64 18 56 63 49 46 51 57 48 34 65
30 3 15 11 28 18 56 23 2 34 47 100 44 73 81 9 48 71 75 72 53 97 85 51 43 12 29 94 58 7 99 86 88 20 83 68 96 93 70 21 1 24 22 57 13 25 87 77 35 84 74 42 98 27 33 95 10 91 78 80 90 5 59 41 16 36 82 89 92 62 6 61 26 17 67 76 39 14 60 38 66 64 79 19 55 49 8 69 54 45 32 63 37 46 65 4 50 40 52 31
38 42 28 12 27 48 63 57 16 18 77 21 88 85 14 80 92 69 72 86 5 62 83 20 11 90 53 29 99 100 44 61 3 82 94 89 41 45 7 97 17 55 79 8 93 9 91 1 56 34 76 40 46 59 71 22 70 81 87 30 98 60 96 35 95 31 10 19 64 37 24 78 74 36 54 75 33 84 23 6 43 47 68 67 73 13 66 49 15 26 4 50 58 25 51 65 52 2 39 32
24 66 59 86 61 14 58 90 15 8 10 98 49 63 74 92 99 80 91 22 48 93 53 89 71 38 88 62 68 82 11 30 54 76 7 56 3 94 21 64 69 27 75 6 25 65 1 96 52 19 46 20 84 95 97 73 4 83 60 55 12 100 45 77 79 32 87 37 78 81 72 85 13 40 18 57 29 28 16 31 5 67 33 17 39 36 9 35 41 43 2 23 47 51 44 42 26 70 50 34
22 96 67 66 74 99 4 15 58 28 20 6 63 95 41 83 5 81 26 54 16 35 23 31 97 73 90 14 76 78 17 85 70 56 3 77 84 62 46 60 27 51 91 1 94 57 88 30 71 32 29 25 10 79 59 80 13 87 19 100 92 93 39 43 8 98 45 86 89 82 61 75 33 7 69 72 34 68 42 2 40 36 24 12 38 18 11 64 65 47 53 49 21 9 52 50 48 44 37 55
69 35 16 52 79 53 11 94 85 33 39 61 46 2 68 6 67 43 78 23 49 56 13 93 29 22 44 72 48 62 15 75 82 54 66 91 77 42 95 99 92 34 10 45 40 1 80 26 7 81 100 89 38 86 90 71 97 31 98 57 84 96 70 9 87 73 74 60 12 21 76 8 83 28 4 37 18 17 64 50 63 51 20 65 88 32 19 59 58 55 5 24 41 36 47 3 25 14 30 27
70 13 39 3 40 49 73 74 77 91 98 97 65 60 9 26 30 76 82 37 32 24 79 72 4 99 100 78 16 83 58 48 27 21 10 66 87 1 2 20 14 50 51 94 81 92 85 95 6 93 43 64 75 38 86 88 96 8 84 71 55 42 18 80 28 61 89 7 90 12 68 69 67 41 11 5 23 62 63 47 33 44 31 59 57 46 54 15 53 17 29 52 56 22 45 34 19 36 25 35
88 20 9 40 73 64 91 14 22 83 93 42 72 11 75 32 86 79 74 70 90 65 100 77 21 85 89 67 96 52 57 99 69 71 46 1 81 39 94 25 84 59 5 97 92 8 76 78 10 87 62 35 13 60 68 98 44 17 55 2 16 27 82 19 43 30 58 80 95 47 54 18 6 63 36 61 4 66 34 28 7 26 53 37 31 51 50 29 56 38 3 48 33 24 12 49 45 15 23 41
91 12 64 15 39 78 98 65 81 90 97 2 75 8 95 93 34 11 73 92 99 66 96 71 7 77 9 76 94 89 88 83 1 100 68 24 25 72 53 57 85 16 61 41 32 6 79 47 50 67 14 63 86 30 56 87 80 84 38 54 74 40 48 59 69 28 26 4 82 46 70 27 23 22 19 29 17 31 51 49 62 33 35 36 21 58 60 13 52 37 55 45 44 20 18 10 42 5 43 3
51 61 36 91 44 9 71 70 31 17 45 90 87 52 55 77 97 85 5 32 79 29 27 83 8 100 74 95 13 56 67 81 73 1 42 80 75 46 84 33 82 96 15 93 89 63 60 92 41 76 72 39 99 94 98 12 88 53 58 66 64 78 10 16 24 57 86 54 59 69 49 68 28 62 23 26 48 38 4 20 11 14 18 50 34 2 65 3 37 7 6 30 35 47 19 21 40 43 22 25
77 87 33 79 89 83 72 69 86 75 78 70 93 45 47 73 2 26 66 38 100 42 52 27 62 74 1 96 88 23 53 19 99 91 92 57 94 68 82 43 95 64 97 39 59 90 9 40 44 17 84 11 32 98 80 76 28 56 34 63 54 81 4 10 7 67 71 18 30 41 65 50 58 21 14 60 3 61 6 29 55 12 37 24 5 8 85 46 49 25 13 15 51 31 35 48 36 16 20 22
65 6 71 93 30 96 87 4 13 78 92 51 58 83 61 81 88 89 94 91 77 99 66 100 69 1 55 12 9 90 2 72 67 59 31 97 60 5 74 8 80 76 49 56 7 98 16 84 95 79 35 86 63 19 82 64 75 3 47 22 36 28 14 37 25 85 68 62 54 15 53 48 32 73 57 34 21 44 50 70 46 39 27 38 33 41 40 43 45 18 52 10 24 23 42 17 29 11 26 20
18 53 29 60 49 73 75 78 72 45 85 84 61 66 100 97 96 63 1 76 44 55 82 87 99 42 95 83 69 68 51 31 94 37 24 62 22 80 90 89 81 92 13 77 98 91 54 86 88 36 67 57 58 52 74 70 71 47 79 93 9 59 23 26 65 34 39 50 56 3 17 40 7 8 25 2 64 4 46 15 19 11 6 35 48 33 5 21 43 27 41 12 28 30 38 32 20 10 14 16
49 93 91 30 76 92 100 88 48 96 99 13 95 89 64 35 83 98 50 81 47 73 63 84 70 21 97 85 1 74 77 40 68 57 87 94 53 54 78 55 72 82 52 36 34 75 42 80 33 90 86 43 39 67 6 31 79 60 62 59 10 44 71 65 23 11 46 66 5 28 20 38 69 56 61 51 58 7 41 3 27 45 9 32 22 14 37 16 29 12 17 26 18 19 4 2 24 25 15 8
63 95 85 56 97 72 96 100 69 81 8 99 3 74 80 98 93 57 89 90 45 83 75 94 1 19 87 82 86 84 62 66 59 73 20 70 65 55 79 7 49 47 92 91 71 88 78 38 36 64 33 46 61 43 44 28 68 40 50 42 77 48 54 76 2 60 11 52 67 18 41 37 51 53 26 4 32 23 39 34 15 58 10 21 35 29 30 27 25 5 31 6 22 16 17 24 9 12 13 14
67 56 88 99 58 85 24 83 93 95 90 1 100 81 70 86 91 82 68 55 74 41 64 92 77 45 79 15 97 69 96 43 46 94 76 71 80 75 42 84 98 63 50 35 33 48 89 32 87 57 61 60 62 78 65 59 52 27 30 38 47 72 66 73 54 44 2 3 53 34 23 13 5 9 29 39 40 37 14 21 28 4 22 16 49 26 10 20 19 8 51 25 17 7 36 31 6 18 12 11
97 86 100 92 90 91 93 95 79 1 11 85 83 75 84 99 82 96 36 78 98 67 71 88 38 80 73 68 77 72 94 63 81 89 65 74 45 64 54 48 57 35 87 10 55 62 70 52 76 61 37 24 59 50 51 66 58 44 69 53 18 43 60 32 34 40 14 46 42 49 29 28 41 30 15 47 25 33 20 19 8 31 3 26 7 17 6 56 21 23 39 4 16 12 27 13 22 9 5 2
81 100 99 85 1 57 94 97 96 74 83 60 92 91 73 95 77 59 98 82 62 76 69 78 68 89 63 65 93 46 80 87 90 79 55 67 43 84 71 51 36 21 88 54 31 86 56 61 75 42 39 30 40 41 70 17 37 66 49 27 50 35 72 53 33 18 47 64 52 26 34 12 38 48 22 44 11 24 29 45 32 16 25 10 58 4 14 28 13 15 20 3 9 6 23 5 2 8 19 7
